{"type": "FeatureCollection", "features": [{"type": "Feature", "geometry": {"type": "Point", "coordinates": [78.66, 9.48]}, "properties": {"operator": "vi", "technology": "4G", "tests": 1, "avg_download": 10.1, "avg_quality": 61.73}}, {"type": "Feature", "geometry": {"type": "Point", "coordinates": [92.69, 25.87]}, "properties": {"operator": "vi", "technology": "5G", "tests": 1, "avg_download": 88.3, "avg_quality": 88.12}}, {"type": "Feature", "geometry": {"type": "Point", "coordinates": [71.82, 17.73]}, "properties": {"operator": "jio", "technology": "4G", "tests": 1, "avg_download": 38.21, "avg_quality": 62.48}}, {"type": "Feature", "geometry": {"type": "Point", "coordinates": [89.77, 17.0]}, "properties": {"operator": "vi", "technology": "5G", "tests": 1, "avg_download": 80.83, "avg_quality": 69.77}}, {"type": "Feature", "geometry": {"type": "Point", "coordinates": [92.97, 14.26]}, "properties": {"operator": "vi", "technology": "5G", "tests": 1, "avg_download": 61.25, "avg_quality": 54.16}}, {"type": "Feature", "geometry": {"type": "Point", "coordinates": [70.79, 23.28]}, "properties": {"operator": "vi", "technology": "4G", "tests": 1, "avg_download": 18.02, "avg_quality": 59.54}}, {"type": "Feature", "geometry": {"type": "Point", "coordinates": [73.64, 11.54]}, "properties": {"operator": "jio", "technology": "4G", "tests": 1, "avg_download": 34.1, "avg_quality": 52.71}}, {"type": "Feature", "geometry": {"type": "Point", "coordinates": [69.78, 33.95]}, "properties": {"operator": "vi", "technology": "5G", "tests": 1, "avg_download": 86.98, "avg_quality": 70.75}}, {"type": "Feature", "geometry": {"type": "Point", "coordinates": [75.48, 12.23]}, "properties": {"operator": "jio", "technology": "5G", "tests": 1, "avg_download": 93.65, "avg_quality": 70.6}}, {"type": "Feature", "geometry": {"type": "Point", "coordinates": [88.27, 31.31]}, "properties": {"operator": "vi", "technology": "5G", "tests": 1, "avg_download": 62.96, "avg_quality": 70.98}}, {"type": "Feature", "geometry": {"type": "Point", "coordinates": [70.56, 25.46]}, "properties": {"operator": "vi", "technology": "4G", "tests": 1, "avg_download": 23.23, "avg_quality": 34.12}}, {"type": "Feature", "geometry": {"type": "Point", "coordinates": [70.9, 35.48]}, "properties": {"operator": "vi", "technology": "5G", "tests": 1, "avg_download": 87.41, "avg_quality": 85.24}}, {"type": "Feature", "geometry": {"type": "Point", "coordinates": [82.86, 29.39]}, "properties": {"operator": "jio", "technology": "4G", "tests": 1, "avg_download": 17.46, "avg_quality": 63.29}}, {"type": "Feature", "geometry": {"type": "Point", "coordinates": [91.76, 21.78]}, "properties": {"operator": "airtel", "technology": "5G", "tests": 1, "avg_download": 45.9, "avg_quality": 71.75}}, {"type": "Feature", "geometry": {"type": "Point", "coordinates": [87.89, 30.68]}, "properties": {"operator": "vi", "technology": "5G", "tests": 1, "avg_download": 76.04, "avg_quality": 76.43}}, {"type": "Feature", "geometry": {"type": "Point", "coordinates": [82.68, 26.35]}, "properties": {"operator": "vi", "technology": "5G", "tests": 1, "avg_download": 61.43, "avg_quality": 60.15}}, {"type": "Feature", "geometry": {"type": "Point", "coordinates": [89.54, 24.21]}, "properties": {"operator": "vi", "technology": "4G", "tests": 1, "avg_download": 23.14, "avg_quality": 56.31}}, {"type": "Feature", "geometry": {"type": "Point", "coordinates": [68.2, 22.29]}, "properties": {"operator": "vi", "technology": "5G", "tests": 1, "avg_download": 72.03, "avg_quality": 84.12}}, {"type": "Feature", "geometry": {"type": "Point", "coordinates": [93.28, 28.09]}, "properties": {"operator": "jio", "technology": "5G", "tests": 1, "avg_download": 64.6, "avg_quality": 81.27}}, {"type": "Feature", "geometry": {"type": "Point", "coordinates": [86.58, 23.81]}, "properties": {"operator": "vi", "technology": "5G", "tests": 1, "avg_download": 41.22, "avg_quality": 84.26}}, {"type": "Feature", "geometry": {"type": "Point", "coordinates": [95.66, 35.86]}, "properties": {"operator": "airtel", "technology": "5G", "tests": 1, "avg_download": 88.05, "avg_quality": 80.95}}, {"type": "Feature", "geometry": {"type": "Point", "coordinates": [89.18, 30.19]}, "properties": {"operator": "vi", "technology": "4G", "tests": 1, "avg_download": 19.66, "avg_quality": 66.97}}, {"type": "Feature", "geometry": {"type": "Point", "coordinates": [72.65, 31.3]}, "properties": {"operator": "jio", "technology": "5G", "tests": 1, "avg_download": 131.45, "avg_quality": 96.41}}, {"type": "Feature", "geometry": {"type": "Point", "coordinates": [70.0, 11.91]}, "properties": {"operator": "jio", "technology": "5G", "tests": 1, "avg_download": 86.93, "avg_quality": 65.92}}, {"type": "Feature", "geometry": {"type": "Point", "coordinates": [91.78, 10.82]}, "properties": {"operator": "airtel", "technology": "4G", "tests": 1, "avg_download": 21.71, "avg_quality": 75.47}}, {"type": "Feature", "geometry": {"type": "Point", "coordinates": [76.72, 23.56]}, "properties": {"operator": "jio", "technology": "5G", "tests": 1, "avg_download": 96.36, "avg_quality": 106.32}}, {"type": "Feature", "geometry": {"type": "Point", "coordinates": [84.33, 24.89]}, "properties": {"operator": "vi", "technology": "5G", "tests": 1, "avg_download": 60.25, "avg_quality": 67.92}}, {"type": "Feature", "geometry": {"type": "Point", "coordinates": [83.42, 24.65]}, "properties": {"operator": "vi", "technology": "4G", "tests": 1, "avg_download": 14.31, "avg_quality": 58.04}}, {"type": "Feature", "geometry": {"type": "Point", "coordinates": [88.52, 17.05]}, "properties": {"operator": "vi", "technology": "5G", "tests": 1, "avg_download": 68.44, "avg_quality": 59.65}}, {"type": "Feature", "geometry": {"type": "Point", "coordinates": [74.29, 31.48]}, "properties": {"operator": "jio", "technology": "5G", "tests": 1, "avg_download": 101.29, "avg_quality": 81.37}}, {"type": "Feature", "geometry": {"type": "Point", "coordinates": [93.99, 29.81]}, "properties": {"operator": "airtel", "technology": "5G", "tests": 1, "avg_download": 49.86, "avg_quality": 77.17}}, {"type": "Feature", "geometry": {"type": "Point", "coordinates": [75.24, 11.82]}, "properties": {"operator": "jio", "technology": "4G", "tests": 1, "avg_download": 28.19, "avg_quality": 57.81}}, {"type": "Feature", "geometry": {"type": "Point", "coordinates": [80.64, 10.32]}, "properties": {"operator": "airtel", "technology": "5G", "tests": 1, "avg_download": 137.02, "avg_quality": 91.03}}, {"type": "Feature", "geometry": {"type": "Point", "coordinates": [89.02, 30.76]}, "properties": {"operator": "vi", "technology": "5G", "tests": 1, "avg_download": 61.57, "avg_quality": 85.03}}, {"type": "Feature", "geometry": {"type": "Point", "coordinates": [84.89, 10.41]}, "properties": {"operator": "jio", "technology": "5G", "tests": 1, "avg_download": 63.61, "avg_quality": 65.6}}, {"type": "Feature", "geometry": {"type": "Point", "coordinates": [93.16, 26.87]}, "properties": {"operator": "vi", "technology": "5G", "tests": 1, "avg_download": 30.93, "avg_quality": 71.51}}, {"type": "Feature", "geometry": {"type": "Point", "coordinates": [80.85, 18.9]}, "properties": {"operator": "airtel", "technology": "5G", "tests": 1, "avg_download": 36.07, "avg_quality": 80.61}}, {"type": "Feature", "geometry": {"type": "Point", "coordinates": [74.12, 34.98]}, "properties": {"operator": "jio", "technology": "5G", "tests": 1, "avg_download": 82.55, "avg_quality": 76.28}}, {"type": "Feature", "geometry": {"type": "Point", "coordinates": [84.1, 30.49]}, "properties": {"operator": "vi", "technology": "5G", "tests": 1, "avg_download": 68.78, "avg_quality": 66.18}}, {"type": "Feature", "geometry": {"type": "Point", "coordinates": [80.73, 35.82]}, "properties": {"operator": "vi", "technology": "5G", "tests": 1, "avg_download": 59.55, "avg_quality": 90.2}}, {"type": "Feature", "geometry": {"type": "Point", "coordinates": [83.85, 31.1]}, "properties": {"operator": "airtel", "technology": "4G", "tests": 1, "avg_download": 27.71, "avg_quality": 78.86}}, {"type": "Feature", "geometry": {"type": "Point", "coordinates": [82.71, 28.91]}, "properties": {"operator": "vi", "technology": "4G", "tests": 1, "avg_download": 13.39, "avg_quality": 52.27}}, {"type": "Feature", "geometry": {"type": "Point", "coordinates": [93.21, 14.69]}, "properties": {"operator": "jio", "technology": "5G", "tests": 1, "avg_download": 77.1, "avg_quality": 80.99}}, {"type": "Feature", "geometry": {"type": "Point", "coordinates": [89.97, 19.5]}, "properties": {"operator": "airtel", "technology": "4G", "tests": 1, "avg_download": 23.68, "avg_quality": 63.08}}, {"type": "Feature", "geometry": {"type": "Point", "coordinates": [90.51, 13.36]}, "properties": {"operator": "airtel", "technology": "5G", "tests": 1, "avg_download": 35.76, "avg_quality": 73.22}}, {"type": "Feature", "geometry": {"type": "Point", "coordinates": [91.5, 20.71]}, "properties": {"operator": "airtel", "technology": "4G", "tests": 1, "avg_download": 14.43, "avg_quality": 63.42}}, {"type": "Feature", "geometry": {"type": "Point", "coordinates": [73.68, 20.8]}, "properties": {"operator": "vi", "technology": "5G", "tests": 1, "avg_download": 48.91, "avg_quality": 86.14}}, {"type": "Feature", "geometry": {"type": "Point", "coordinates": [84.38, 16.45]}, "properties": {"operator": "jio", "technology": "5G", "tests": 1, "avg_download": 71.04, "avg_quality": 79.81}}, {"type": "Feature", "geometry": {"type": "Point", "coordinates": [75.57, 23.81]}, "properties": {"operator": "airtel", "technology": "4G", "tests": 1, "avg_download": 21.43, "avg_quality": 72.38}}, {"type": "Feature", "geometry": {"type": "Point", "coordinates": [92.38, 17.49]}, "properties": {"operator": "airtel", "technology": "4G", "tests": 1, "avg_download": 20.8, "avg_quality": 71.7}}, {"type": "Feature", "geometry": {"type": "Point", "coordinates": [75.23, 12.51]}, "properties": {"operator": "vi", "technology": "5G", "tests": 1, "avg_download": 52.83, "avg_quality": 65.23}}, {"type": "Feature", "geometry": {"type": "Point", "coordinates": [77.73, 14.57]}, "properties": {"operator": "jio", "technology": "4G", "tests": 1, "avg_download": 16.52, "avg_quality": 29.6}}, {"type": "Feature", "geometry": {"type": "Point", "coordinates": [80.52, 27.21]}, "properties": {"operator": "vi", "technology": "4G", "tests": 1, "avg_download": 20.34, "avg_quality": 70.45}}, {"type": "Feature", "geometry": {"type": "Point", "coordinates": [75.59, 17.03]}, "properties": {"operator": "jio", "technology": "5G", "tests": 1, "avg_download": 72.81, "avg_quality": 69.77}}, {"type": "Feature", "geometry": {"type": "Point", "coordinates": [89.91, 13.22]}, "properties": {"operator": "jio", "technology": "5G", "tests": 1, "avg_download": 127.42, "avg_quality": 73.43}}, {"type": "Feature", "geometry": {"type": "Point", "coordinates": [78.34, 15.35]}, "properties": {"operator": "vi", "technology": "5G", "tests": 1, "avg_download": 44.43, "avg_quality": 68.03}}, {"type": "Feature", "geometry": {"type": "Point", "coordinates": [90.87, 31.08]}, "properties": {"operator": "vi", "technology": "4G", "tests": 1, "avg_download": 17.96, "avg_quality": 54.5}}, {"type": "Feature", "geometry": {"type": "Point", "coordinates": [81.31, 33.74]}, "properties": {"operator": "jio", "technology": "4G", "tests": 1, "avg_download": 19.56, "avg_quality": 47.8}}, {"type": "Feature", "geometry": {"type": "Point", "coordinates": [86.43, 19.07]}, "properties": {"operator": "airtel", "technology": "5G", "tests": 1, "avg_download": 79.38, "avg_quality": 69.22}}, {"type": "Feature", "geometry": {"type": "Point", "coordinates": [82.53, 24.66]}, "properties": {"operator": "jio", "technology": "5G", "tests": 1, "avg_download": 110.67, "avg_quality": 97.22}}, {"type": "Feature", "geometry": {"type": "Point", "coordinates": [76.55, 23.49]}, "properties": {"operator": "airtel", "technology": "5G", "tests": 1, "avg_download": 78.36, "avg_quality": 103.3}}, {"type": "Feature", "geometry": {"type": "Point", "coordinates": [77.7, 33.47]}, "properties": {"operator": "vi", "technology": "4G", "tests": 1, "avg_download": 29.52, "avg_quality": 55.94}}, {"type": "Feature", "geometry": {"type": "Point", "coordinates": [80.34, 27.05]}, "properties": {"operator": "jio", "technology": "5G", "tests": 1, "avg_download": 105.53, "avg_quality": 73.8}}, {"type": "Feature", "geometry": {"type": "Point", "coordinates": [94.46, 8.2]}, "properties": {"operator": "vi", "technology": "4G", "tests": 1, "avg_download": 19.31, "avg_quality": 68.82}}, {"type": "Feature", "geometry": {"type": "Point", "coordinates": [74.65, 28.28]}, "properties": {"operator": "airtel", "technology": "5G", "tests": 1, "avg_download": 93.2, "avg_quality": 77.72}}, {"type": "Feature", "geometry": {"type": "Point", "coordinates": [72.65, 31.82]}, "properties": {"operator": "airtel", "technology": "4G", "tests": 1, "avg_download": 22.03, "avg_quality": 68.28}}, {"type": "Feature", "geometry": {"type": "Point", "coordinates": [84.07, 11.77]}, "properties": {"operator": "vi", "technology": "4G", "tests": 1, "avg_download": 12.43, "avg_quality": 60.03}}, {"type": "Feature", "geometry": {"type": "Point", "coordinates": [86.21, 9.77]}, "properties": {"operator": "jio", "technology": "4G", "tests": 1, "avg_download": 25.67, "avg_quality": 70.15}}, {"type": "Feature", "geometry": {"type": "Point", "coordinates": [71.81, 15.61]}, "properties": {"operator": "vi", "technology": "4G", "tests": 1, "avg_download": 25.47, "avg_quality": 72.54}}, {"type": "Feature", "geometry": {"type": "Point", "coordinates": [72.38, 16.84]}, "properties": {"operator": "airtel", "technology": "4G", "tests": 1, "avg_download": 18.86, "avg_quality": 52.59}}, {"type": "Feature", "geometry": {"type": "Point", "coordinates": [87.69, 22.14]}, "properties": {"operator": "vi", "technology": "5G", "tests": 1, "avg_download": 65.57, "avg_quality": 82.26}}, {"type": "Feature", "geometry": {"type": "Point", "coordinates": [84.73, 11.87]}, "properties": {"operator": "vi", "technology": "4G", "tests": 1, "avg_download": 21.04, "avg_quality": 53.0}}, {"type": "Feature", "geometry": {"type": "Point", "coordinates": [75.36, 22.71]}, "properties": {"operator": "jio", "technology": "4G", "tests": 1, "avg_download": 23.36, "avg_quality": 71.42}}, {"type": "Feature", "geometry": {"type": "Point", "coordinates": [88.13, 19.19]}, "properties": {"operator": "jio", "technology": "4G", "tests": 1, "avg_download": 39.45, "avg_quality": 76.97}}, {"type": "Feature", "geometry": {"type": "Point", "coordinates": [89.27, 16.69]}, "properties": {"operator": "airtel", "technology": "4G", "tests": 1, "avg_download": 29.92, "avg_quality": 41.9}}, {"type": "Feature", "geometry": {"type": "Point", "coordinates": [77.26, 15.15]}, "properties": {"operator": "vi", "technology": "5G", "tests": 1, "avg_download": 32.88, "avg_quality": 71.37}}, {"type": "Feature", "geometry": {"type": "Point", "coordinates": [72.06, 31.24]}, "properties": {"operator": "vi", "technology": "4G", "tests": 1, "avg_download": 7.53, "avg_quality": 40.94}}, {"type": "Feature", "geometry": {"type": "Point", "coordinates": [74.58, 12.08]}, "properties": {"operator": "vi", "technology": "4G", "tests": 1, "avg_download": 15.8, "avg_quality": 67.09}}, {"type": "Feature", "geometry": {"type": "Point", "coordinates": [81.54, 14.35]}, "properties": {"operator": "jio", "technology": "4G", "tests": 1, "avg_download": 28.63, "avg_quality": 32.13}}, {"type": "Feature", "geometry": {"type": "Point", "coordinates": [83.1, 19.78]}, "properties": {"operator": "jio", "technology": "5G", "tests": 1, "avg_download": 51.2, "avg_quality": 77.24}}, {"type": "Feature", "geometry": {"type": "Point", "coordinates": [82.72, 34.33]}, "properties": {"operator": "vi", "technology": "5G", "tests": 1, "avg_download": 77.43, "avg_quality": 77.57}}, {"type": "Feature", "geometry": {"type": "Point", "coordinates": [81.89, 34.52]}, "properties": {"operator": "jio", "technology": "5G", "tests": 1, "avg_download": 84.71, "avg_quality": 85.1}}, {"type": "Feature", "geometry": {"type": "Point", "coordinates": [88.3, 29.66]}, "properties": {"operator": "jio", "technology": "4G", "tests": 1, "avg_download": 15.09, "avg_quality": 37.2}}, {"type": "Feature", "geometry": {"type": "Point", "coordinates": [87.07, 8.89]}, "properties": {"operator": "vi", "technology": "4G", "tests": 1, "avg_download": 25.92, "avg_quality": 61.9}}, {"type": "Feature", "geometry": {"type": "Point", "coordinates": [90.81, 33.08]}, "properties": {"operator": "vi", "technology": "4G", "tests": 1, "avg_download": 17.97, "avg_quality": 60.69}}, {"type": "Feature", "geometry": {"type": "Point", "coordinates": [87.41, 25.89]}, "properties": {"operator": "airtel", "technology": "4G", "tests": 1, "avg_download": 24.06, "avg_quality": 38.72}}, {"type": "Feature", "geometry": {"type": "Point", "coordinates": [70.93, 18.38]}, "properties": {"operator": "vi", "technology": "4G", "tests": 1, "avg_download": 11.03, "avg_quality": 56.4}}, {"type": "Feature", "geometry": {"type": "Point", "coordinates": [71.0, 16.28]}, "properties": {"operator": "vi", "technology": "5G", "tests": 1, "avg_download": 82.15, "avg_quality": 57.13}}, {"type": "Feature", "geometry": {"type": "Point", "coordinates": [72.03, 28.63]}, "properties": {"operator": "airtel", "technology": "5G", "tests": 1, "avg_download": 28.68, "avg_quality": 72.75}}, {"type": "Feature", "geometry": {"type": "Point", "coordinates": [86.11, 16.57]}, "properties": {"operator": "vi", "technology": "4G", "tests": 1, "avg_download": 17.03, "avg_quality": 51.78}}, {"type": "Feature", "geometry": {"type": "Point", "coordinates": [70.22, 21.16]}, "properties": {"operator": "airtel", "technology": "4G", "tests": 1, "avg_download": 19.62, "avg_quality": 62.7}}, {"type": "Feature", "geometry": {"type": "Point", "coordinates": [80.67, 26.95]}, "properties": {"operator": "jio", "technology": "4G", "tests": 1, "avg_download": 26.32, "avg_quality": 62.86}}, {"type": "Feature", "geometry": {"type": "Point", "coordinates": [68.46, 8.25]}, "properties": {"operator": "jio", "technology": "5G", "tests": 1, "avg_download": 98.87, "avg_quality": 88.43}}, {"type": "Feature", "geometry": {"type": "Point", "coordinates": [74.38, 19.92]}, "properties": {"operator": "vi", "technology": "4G", "tests": 1, "avg_download": 18.03, "avg_quality": 65.51}}, {"type": "Feature", "geometry": {"type": "Point", "coordinates": [86.1, 12.09]}, "properties": {"operator": "airtel", "technology": "4G", "tests": 1, "avg_download": 29.45, "avg_quality": 69.48}}, {"type": "Feature", "geometry": {"type": "Point", "coordinates": [76.27, 13.88]}, "properties": {"operator": "jio", "technology": "4G", "tests": 1, "avg_download": 26.61, "avg_quality": 69.45}}, {"type": "Feature", "geometry": {"type": "Point", "coordinates": [75.11, 34.61]}, "properties": {"operator": "jio", "technology": "4G", "tests": 1, "avg_download": 8.88, "avg_quality": 69.85}}, {"type": "Feature", "geometry": {"type": "Point", "coordinates": [79.39, 9.83]}, "properties": {"operator": "vi", "technology": "4G", "tests": 1, "avg_download": 13.17, "avg_quality": 40.34}}, {"type": "Feature", "geometry": {"type": "Point", "coordinates": [69.19, 14.89]}, "properties": {"operator": "vi", "technology": "4G", "tests": 1, "avg_download": 20.32, "avg_quality": 71.53}}, {"type": "Feature", "geometry": {"type": "Point", "coordinates": [75.13, 13.46]}, "properties": {"operator": "jio", "technology": "4G", "tests": 1, "avg_download": 20.18, "avg_quality": 59.5}}, {"type": "Feature", "geometry": {"type": "Point", "coordinates": [83.64, 25.43]}, "properties": {"operator": "vi", "technology": "4G", "tests": 1, "avg_download": 19.08, "avg_quality": 71.38}}, {"type": "Feature", "geometry": {"type": "Point", "coordinates": [85.71, 22.53]}, "properties": {"operator": "jio", "technology": "5G", "tests": 1, "avg_download": 54.95, "avg_quality": 67.84}}, {"type": "Feature", "geometry": {"type": "Point", "coordinates": [86.72, 14.89]}, "properties": {"operator": "jio", "technology": "4G", "tests": 1, "avg_download": 29.99, "avg_quality": 73.33}}, {"type": "Feature", "geometry": {"type": "Point", "coordinates": [72.49, 13.58]}, "properties": {"operator": "airtel", "technology": "5G", "tests": 1, "avg_download": 62.79, "avg_quality": 82.83}}, {"type": "Feature", "geometry": {"type": "Point", "coordinates": [89.58, 23.25]}, "properties": {"operator": "jio", "technology": "4G", "tests": 1, "avg_download": 13.26, "avg_quality": 50.87}}, {"type": "Feature", "geometry": {"type": "Point", "coordinates": [88.81, 16.85]}, "properties": {"operator": "vi", "technology": "4G", "tests": 1, "avg_download": 20.59, "avg_quality": 52.1}}, {"type": "Feature", "geometry": {"type": "Point", "coordinates": [84.47, 31.28]}, "properties": {"operator": "jio", "technology": "4G", "tests": 1, "avg_download": 23.9, "avg_quality": 70.02}}, {"type": "Feature", "geometry": {"type": "Point", "coordinates": [95.16, 13.21]}, "properties": {"operator": "airtel", "technology": "4G", "tests": 1, "avg_download": 12.84, "avg_quality": 42.11}}, {"type": "Feature", "geometry": {"type": "Point", "coordinates": [81.42, 22.58]}, "properties": {"operator": "airtel", "technology": "5G", "tests": 1, "avg_download": 94.0, "avg_quality": 86.35}}, {"type": "Feature", "geometry": {"type": "Point", "coordinates": [77.91, 27.68]}, "properties": {"operator": "vi", "technology": "5G", "tests": 1, "avg_download": 70.73, "avg_quality": 73.03}}, {"type": "Feature", "geometry": {"type": "Point", "coordinates": [73.35, 32.36]}, "properties": {"operator": "jio", "technology": "4G", "tests": 1, "avg_download": 25.94, "avg_quality": 42.56}}, {"type": "Feature", "geometry": {"type": "Point", "coordinates": [80.62, 31.44]}, "properties": {"operator": "vi", "technology": "5G", "tests": 1, "avg_download": 42.42, "avg_quality": 80.25}}, {"type": "Feature", "geometry": {"type": "Point", "coordinates": [86.55, 8.26]}, "properties": {"operator": "airtel", "technology": "5G", "tests": 1, "avg_download": 80.84, "avg_quality": 71.92}}, {"type": "Feature", "geometry": {"type": "Point", "coordinates": [90.77, 19.18]}, "properties": {"operator": "vi", "technology": "4G", "tests": 1, "avg_download": 20.09, "avg_quality": 71.49}}, {"type": "Feature", "geometry": {"type": "Point", "coordinates": [81.68, 34.66]}, "properties": {"operator": "vi", "technology": "5G", "tests": 1, "avg_download": 42.49, "avg_quality": 71.56}}, {"type": "Feature", "geometry": {"type": "Point", "coordinates": [85.44, 13.75]}, "properties": {"operator": "jio", "technology": "5G", "tests": 1, "avg_download": 68.6, "avg_quality": 74.74}}, {"type": "Feature", "geometry": {"type": "Point", "coordinates": [75.16, 17.2]}, "properties": {"operator": "vi", "technology": "4G", "tests": 1, "avg_download": 16.56, "avg_quality": 56.34}}, {"type": "Feature", "geometry": {"type": "Point", "coordinates": [75.75, 22.51]}, "properties": {"operator": "jio", "technology": "4G", "tests": 1, "avg_download": 22.94, "avg_quality": 51.19}}, {"type": "Feature", "geometry": {"type": "Point", "coordinates": [75.14, 30.45]}, "properties": {"operator": "jio", "technology": "4G", "tests": 1, "avg_download": 26.07, "avg_quality": 70.53}}, {"type": "Feature", "geometry": {"type": "Point", "coordinates": [71.02, 13.71]}, "properties": {"operator": "jio", "technology": "5G", "tests": 1, "avg_download": 117.25, "avg_quality": 83.94}}, {"type": "Feature", "geometry": {"type": "Point", "coordinates": [83.64, 20.74]}, "properties": {"operator": "vi", "technology": "4G", "tests": 1, "avg_download": 10.29, "avg_quality": 50.07}}, {"type": "Feature", "geometry": {"type": "Point", "coordinates": [75.58, 31.79]}, "properties": {"operator": "vi", "technology": "4G", "tests": 1, "avg_download": 28.36, "avg_quality": 73.1}}, {"type": "Feature", "geometry": {"type": "Point", "coordinates": [89.34, 26.28]}, "properties": {"operator": "airtel", "technology": "4G", "tests": 1, "avg_download": 13.79, "avg_quality": 64.92}}, {"type": "Feature", "geometry": {"type": "Point", "coordinates": [92.76, 27.68]}, "properties": {"operator": "airtel", "technology": "4G", "tests": 1, "avg_download": 40.58, "avg_quality": 67.77}}, {"type": "Feature", "geometry": {"type": "Point", "coordinates": [93.68, 23.12]}, "properties": {"operator": "jio", "technology": "5G", "tests": 1, "avg_download": 55.61, "avg_quality": 73.34}}, {"type": "Feature", "geometry": {"type": "Point", "coordinates": [94.94, 22.07]}, "properties": {"operator": "airtel", "technology": "5G", "tests": 1, "avg_download": 71.17, "avg_quality": 58.75}}, {"type": "Feature", "geometry": {"type": "Point", "coordinates": [91.15, 13.76]}, "properties": {"operator": "jio", "technology": "5G", "tests": 1, "avg_download": 58.57, "avg_quality": 68.61}}, {"type": "Feature", "geometry": {"type": "Point", "coordinates": [69.6, 22.32]}, "properties": {"operator": "vi", "technology": "4G", "tests": 1, "avg_download": 15.01, "avg_quality": 57.76}}, {"type": "Feature", "geometry": {"type": "Point", "coordinates": [95.44, 22.64]}, "properties": {"operator": "jio", "technology": "5G", "tests": 1, "avg_download": 68.43, "avg_quality": 98.33}}, {"type": "Feature", "geometry": {"type": "Point", "coordinates": [89.69, 15.57]}, "properties": {"operator": "airtel", "technology": "4G", "tests": 1, "avg_download": 23.72, "avg_quality": 39.17}}, {"type": "Feature", "geometry": {"type": "Point", "coordinates": [85.71, 8.85]}, "properties": {"operator": "airtel", "technology": "4G", "tests": 1, "avg_download": 12.27, "avg_quality": 64.05}}, {"type": "Feature", "geometry": {"type": "Point", "coordinates": [90.58, 22.56]}, "properties": {"operator": "vi", "technology": "5G", "tests": 1, "avg_download": 37.54, "avg_quality": 89.37}}, {"type": "Feature", "geometry": {"type": "Point", "coordinates": [71.68, 20.86]}, "properties": {"operator": "airtel", "technology": "4G", "tests": 1, "avg_download": 19.71, "avg_quality": 62.02}}, {"type": "Feature", "geometry": {"type": "Point", "coordinates": [84.88, 29.31]}, "properties": {"operator": "jio", "technology": "4G", "tests": 1, "avg_download": 21.16, "avg_quality": 48.79}}, {"type": "Feature", "geometry": {"type": "Point", "coordinates": [82.71, 29.37]}, "properties": {"operator": "vi", "technology": "5G", "tests": 1, "avg_download": 50.1, "avg_quality": 81.63}}, {"type": "Feature", "geometry": {"type": "Point", "coordinates": [75.85, 8.67]}, "properties": {"operator": "airtel", "technology": "4G", "tests": 1, "avg_download": 11.39, "avg_quality": 46.82}}, {"type": "Feature", "geometry": {"type": "Point", "coordinates": [76.48, 14.28]}, "properties": {"operator": "airtel", "technology": "4G", "tests": 1, "avg_download": 16.07, "avg_quality": 63.01}}, {"type": "Feature", "geometry": {"type": "Point", "coordinates": [80.56, 29.3]}, "properties": {"operator": "airtel", "technology": "4G", "tests": 1, "avg_download": 24.72, "avg_quality": 71.67}}, {"type": "Feature", "geometry": {"type": "Point", "coordinates": [89.04, 19.59]}, "properties": {"operator": "jio", "technology": "5G", "tests": 1, "avg_download": 142.04, "avg_quality": 93.83}}, {"type": "Feature", "geometry": {"type": "Point", "coordinates": [85.4, 8.54]}, "properties": {"operator": "jio", "technology": "5G", "tests": 1, "avg_download": 73.27, "avg_quality": 90.85}}, {"type": "Feature", "geometry": {"type": "Point", "coordinates": [68.62, 24.18]}, "properties": {"operator": "airtel", "technology": "5G", "tests": 1, "avg_download": 76.7, "avg_quality": 56.79}}, {"type": "Feature", "geometry": {"type": "Point", "coordinates": [83.48, 11.96]}, "properties": {"operator": "airtel", "technology": "4G", "tests": 1, "avg_download": 25.01, "avg_quality": 50.57}}, {"type": "Feature", "geometry": {"type": "Point", "coordinates": [76.49, 25.72]}, "properties": {"operator": "jio", "technology": "5G", "tests": 1, "avg_download": 115.01, "avg_quality": 98.78}}, {"type": "Feature", "geometry": {"type": "Point", "coordinates": [91.63, 16.7]}, "properties": {"operator": "vi", "technology": "4G", "tests": 1, "avg_download": 11.02, "avg_quality": 51.69}}, {"type": "Feature", "geometry": {"type": "Point", "coordinates": [85.8, 33.94]}, "properties": {"operator": "airtel", "technology": "5G", "tests": 1, "avg_download": 90.31, "avg_quality": 87.58}}, {"type": "Feature", "geometry": {"type": "Point", "coordinates": [72.01, 14.78]}, "properties": {"operator": "jio", "technology": "4G", "tests": 1, "avg_download": 22.05, "avg_quality": 61.87}}, {"type": "Feature", "geometry": {"type": "Point", "coordinates": [89.74, 21.73]}, "properties": {"operator": "vi", "technology": "4G", "tests": 1, "avg_download": 12.51, "avg_quality": 57.46}}, {"type": "Feature", "geometry": {"type": "Point", "coordinates": [91.09, 28.41]}, "properties": {"operator": "vi", "technology": "4G", "tests": 1, "avg_download": 20.57, "avg_quality": 51.11}}, {"type": "Feature", "geometry": {"type": "Point", "coordinates": [85.1, 16.12]}, "properties": {"operator": "jio", "technology": "4G", "tests": 1, "avg_download": 7.65, "avg_quality": 50.86}}, {"type": "Feature", "geometry": {"type": "Point", "coordinates": [68.06, 15.03]}, "properties": {"operator": "jio", "technology": "5G", "tests": 1, "avg_download": 116.35, "avg_quality": 93.04}}, {"type": "Feature", "geometry": {"type": "Point", "coordinates": [78.32, 11.94]}, "properties": {"operator": "airtel", "technology": "4G", "tests": 1, "avg_download": 13.48, "avg_quality": 67.46}}, {"type": "Feature", "geometry": {"type": "Point", "coordinates": [73.34, 25.67]}, "properties": {"operator": "jio", "technology": "5G", "tests": 1, "avg_download": 98.76, "avg_quality": 83.82}}, {"type": "Feature", "geometry": {"type": "Point", "coordinates": [73.32, 24.67]}, "properties": {"operator": "vi", "technology": "5G", "tests": 1, "avg_download": 44.89, "avg_quality": 67.42}}, {"type": "Feature", "geometry": {"type": "Point", "coordinates": [79.92, 14.53]}, "properties": {"operator": "jio", "technology": "4G", "tests": 1, "avg_download": 29.13, "avg_quality": 70.35}}, {"type": "Feature", "geometry": {"type": "Point", "coordinates": [81.11, 21.7]}, "properties": {"operator": "jio", "technology": "4G", "tests": 1, "avg_download": 24.29, "avg_quality": 72.7}}, {"type": "Feature", "geometry": {"type": "Point", "coordinates": [80.64, 24.55]}, "properties": {"operator": "vi", "technology": "5G", "tests": 1, "avg_download": 98.75, "avg_quality": 84.31}}, {"type": "Feature", "geometry": {"type": "Point", "coordinates": [88.13, 34.29]}, "properties": {"operator": "jio", "technology": "4G", "tests": 1, "avg_download": 40.36, "avg_quality": 62.23}}, {"type": "Feature", "geometry": {"type": "Point", "coordinates": [72.67, 17.12]}, "properties": {"operator": "airtel", "technology": "4G", "tests": 1, "avg_download": 13.73, "avg_quality": 64.93}}, {"type": "Feature", "geometry": {"type": "Point", "coordinates": [92.71, 14.86]}, "properties": {"operator": "vi", "technology": "5G", "tests": 1, "avg_download": 37.72, "avg_quality": 85.48}}, {"type": "Feature", "geometry": {"type": "Point", "coordinates": [87.01, 8.38]}, "properties": {"operator": "jio", "technology": "5G", "tests": 1, "avg_download": 101.47, "avg_quality": 90.48}}, {"type": "Feature", "geometry": {"type": "Point", "coordinates": [76.0, 18.04]}, "properties": {"operator": "airtel", "technology": "4G", "tests": 1, "avg_download": 20.79, "avg_quality": 74.89}}, {"type": "Feature", "geometry": {"type": "Point", "coordinates": [71.79, 17.23]}, "properties": {"operator": "jio", "technology": "5G", "tests": 1, "avg_download": 49.3, "avg_quality": 47.26}}, {"type": "Feature", "geometry": {"type": "Point", "coordinates": [71.39, 22.63]}, "properties": {"operator": "airtel", "technology": "5G", "tests": 1, "avg_download": 81.8, "avg_quality": 92.36}}, {"type": "Feature", "geometry": {"type": "Point", "coordinates": [90.12, 8.09]}, "properties": {"operator": "airtel", "technology": "4G", "tests": 1, "avg_download": 18.37, "avg_quality": 40.17}}, {"type": "Feature", "geometry": {"type": "Point", "coordinates": [85.93, 15.57]}, "properties": {"operator": "vi", "technology": "5G", "tests": 1, "avg_download": 26.93, "avg_quality": 77.21}}, {"type": "Feature", "geometry": {"type": "Point", "coordinates": [80.1, 26.77]}, "properties": {"operator": "airtel", "technology": "4G", "tests": 1, "avg_download": 32.62, "avg_quality": 52.27}}, {"type": "Feature", "geometry": {"type": "Point", "coordinates": [86.47, 14.81]}, "properties": {"operator": "airtel", "technology": "4G", "tests": 1, "avg_download": 19.59, "avg_quality": 68.41}}, {"type": "Feature", "geometry": {"type": "Point", "coordinates": [80.41, 9.42]}, "properties": {"operator": "vi", "technology": "4G", "tests": 1, "avg_download": 11.84, "avg_quality": 50.83}}, {"type": "Feature", "geometry": {"type": "Point", "coordinates": [69.89, 22.69]}, "properties": {"operator": "vi", "technology": "5G", "tests": 1, "avg_download": 87.28, "avg_quality": 91.77}}, {"type": "Feature", "geometry": {"type": "Point", "coordinates": [72.67, 24.11]}, "properties": {"operator": "jio", "technology": "5G", "tests": 1, "avg_download": 85.87, "avg_quality": 91.07}}, {"type": "Feature", "geometry": {"type": "Point", "coordinates": [72.31, 27.09]}, "properties": {"operator": "jio", "technology": "5G", "tests": 1, "avg_download": 70.46, "avg_quality": 82.32}}, {"type": "Feature", "geometry": {"type": "Point", "coordinates": [77.85, 8.17]}, "properties": {"operator": "vi", "technology": "5G", "tests": 1, "avg_download": 65.6, "avg_quality": 92.09}}, {"type": "Feature", "geometry": {"type": "Point", "coordinates": [77.81, 31.67]}, "properties": {"operator": "jio", "technology": "4G", "tests": 1, "avg_download": 29.46, "avg_quality": 59.08}}, {"type": "Feature", "geometry": {"type": "Point", "coordinates": [84.26, 14.21]}, "properties": {"operator": "jio", "technology": "5G", "tests": 1, "avg_download": 61.29, "avg_quality": 82.44}}, {"type": "Feature", "geometry": {"type": "Point", "coordinates": [83.7, 27.59]}, "properties": {"operator": "vi", "technology": "4G", "tests": 1, "avg_download": 11.64, "avg_quality": 69.09}}, {"type": "Feature", "geometry": {"type": "Point", "coordinates": [89.33, 23.78]}, "properties": {"operator": "vi", "technology": "5G", "tests": 1, "avg_download": 70.6, "avg_quality": 77.98}}, {"type": "Feature", "geometry": {"type": "Point", "coordinates": [79.3, 26.89]}, "properties": {"operator": "jio", "technology": "4G", "tests": 1, "avg_download": 27.01, "avg_quality": 75.88}}, {"type": "Feature", "geometry": {"type": "Point", "coordinates": [92.22, 26.88]}, "properties": {"operator": "jio", "technology": "5G", "tests": 1, "avg_download": 68.69, "avg_quality": 85.35}}, {"type": "Feature", "geometry": {"type": "Point", "coordinates": [93.3, 20.65]}, "properties": {"operator": "vi", "technology": "4G", "tests": 1, "avg_download": 17.02, "avg_quality": 41.75}}, {"type": "Feature", "geometry": {"type": "Point", "coordinates": [75.91, 30.37]}, "properties": {"operator": "vi", "technology": "4G", "tests": 1, "avg_download": 7.31, "avg_quality": 73.58}}, {"type": "Feature", "geometry": {"type": "Point", "coordinates": [78.67, 22.83]}, "properties": {"operator": "airtel", "technology": "4G", "tests": 1, "avg_download": 7.45, "avg_quality": 55.38}}, {"type": "Feature", "geometry": {"type": "Point", "coordinates": [77.76, 31.28]}, "properties": {"operator": "airtel", "technology": "4G", "tests": 1, "avg_download": 29.92, "avg_quality": 59.44}}, {"type": "Feature", "geometry": {"type": "Point", "coordinates": [80.96, 25.56]}, "properties": {"operator": "jio", "technology": "5G", "tests": 1, "avg_download": 54.7, "avg_quality": 66.41}}, {"type": "Feature", "geometry": {"type": "Point", "coordinates": [88.75, 32.44]}, "properties": {"operator": "vi", "technology": "5G", "tests": 1, "avg_download": 57.23, "avg_quality": 59.83}}, {"type": "Feature", "geometry": {"type": "Point", "coordinates": [82.1, 22.42]}, "properties": {"operator": "vi", "technology": "5G", "tests": 1, "avg_download": 76.57, "avg_quality": 84.97}}, {"type": "Feature", "geometry": {"type": "Point", "coordinates": [70.17, 15.92]}, "properties": {"operator": "jio", "technology": "4G", "tests": 1, "avg_download": 22.01, "avg_quality": 63.77}}, {"type": "Feature", "geometry": {"type": "Point", "coordinates": [69.42, 35.45]}, "properties": {"operator": "jio", "technology": "4G", "tests": 1, "avg_download": 24.29, "avg_quality": 71.26}}, {"type": "Feature", "geometry": {"type": "Point", "coordinates": [77.12, 28.59]}, "properties": {"operator": "vi", "technology": "5G", "tests": 1, "avg_download": 65.2, "avg_quality": 61.77}}, {"type": "Feature", "geometry": {"type": "Point", "coordinates": [93.83, 19.86]}, "properties": {"operator": "vi", "technology": "4G", "tests": 1, "avg_download": 27.01, "avg_quality": 70.19}}, {"type": "Feature", "geometry": {"type": "Point", "coordinates": [73.3, 13.43]}, "properties": {"operator": "vi", "technology": "5G", "tests": 1, "avg_download": 42.03, "avg_quality": 49.78}}, {"type": "Feature", "geometry": {"type": "Point", "coordinates": [87.07, 9.16]}, "properties": {"operator": "vi", "technology": "4G", "tests": 1, "avg_download": 12.8, "avg_quality": 47.94}}, {"type": "Feature", "geometry": {"type": "Point", "coordinates": [90.83, 22.95]}, "properties": {"operator": "jio", "technology": "4G", "tests": 1, "avg_download": 17.45, "avg_quality": 44.12}}, {"type": "Feature", "geometry": {"type": "Point", "coordinates": [85.73, 9.27]}, "properties": {"operator": "jio", "technology": "5G", "tests": 1, "avg_download": 97.91, "avg_quality": 75.09}}, {"type": "Feature", "geometry": {"type": "Point", "coordinates": [92.28, 14.32]}, "properties": {"operator": "vi", "technology": "5G", "tests": 1, "avg_download": 72.89, "avg_quality": 79.47}}, {"type": "Feature", "geometry": {"type": "Point", "coordinates": [70.11, 33.08]}, "properties": {"operator": "vi", "technology": "4G", "tests": 1, "avg_download": 25.37, "avg_quality": 74.58}}, {"type": "Feature", "geometry": {"type": "Point", "coordinates": [92.65, 28.91]}, "properties": {"operator": "vi", "technology": "5G", "tests": 1, "avg_download": 42.26, "avg_quality": 50.54}}, {"type": "Feature", "geometry": {"type": "Point", "coordinates": [78.72, 21.89]}, "properties": {"operator": "jio", "technology": "5G", "tests": 1, "avg_download": 92.66, "avg_quality": 78.19}}, {"type": "Feature", "geometry": {"type": "Point", "coordinates": [80.65, 11.3]}, "properties": {"operator": "vi", "technology": "4G", "tests": 1, "avg_download": 15.25, "avg_quality": 31.8}}, {"type": "Feature", "geometry": {"type": "Point", "coordinates": [83.42, 26.71]}, "properties": {"operator": "vi", "technology": "5G", "tests": 1, "avg_download": 64.37, "avg_quality": 73.71}}, {"type": "Feature", "geometry": {"type": "Point", "coordinates": [89.87, 13.38]}, "properties": {"operator": "vi", "technology": "5G", "tests": 1, "avg_download": 56.98, "avg_quality": 80.09}}, {"type": "Feature", "geometry": {"type": "Point", "coordinates": [87.75, 15.42]}, "properties": {"operator": "airtel", "technology": "4G", "tests": 1, "avg_download": 19.71, "avg_quality": 65.31}}, {"type": "Feature", "geometry": {"type": "Point", "coordinates": [77.74, 23.48]}, "properties": {"operator": "airtel", "technology": "4G", "tests": 1, "avg_download": 15.45, "avg_quality": 59.92}}, {"type": "Feature", "geometry": {"type": "Point", "coordinates": [86.35, 20.36]}, "properties": {"operator": "jio", "technology": "5G", "tests": 1, "avg_download": 126.87, "avg_quality": 78.43}}, {"type": "Feature", "geometry": {"type": "Point", "coordinates": [83.03, 32.64]}, "properties": {"operator": "vi", "technology": "5G", "tests": 1, "avg_download": 86.07, "avg_quality": 57.59}}, {"type": "Feature", "geometry": {"type": "Point", "coordinates": [74.65, 17.59]}, "properties": {"operator": "vi", "technology": "5G", "tests": 1, "avg_download": 51.33, "avg_quality": 83.16}}, {"type": "Feature", "geometry": {"type": "Point", "coordinates": [77.09, 14.85]}, "properties": {"operator": "airtel", "technology": "4G", "tests": 1, "avg_download": 17.15, "avg_quality": 66.18}}, {"type": "Feature", "geometry": {"type": "Point", "coordinates": [74.7, 23.54]}, "properties": {"operator": "jio", "technology": "5G", "tests": 1, "avg_download": 69.88, "avg_quality": 89.11}}, {"type": "Feature", "geometry": {"type": "Point", "coordinates": [83.55, 34.81]}, "properties": {"operator": "jio", "technology": "4G", "tests": 1, "avg_download": 13.1, "avg_quality": 62.35}}, {"type": "Feature", "geometry": {"type": "Point", "coordinates": [74.43, 13.82]}, "properties": {"operator": "jio", "technology": "5G", "tests": 1, "avg_download": 60.94, "avg_quality": 69.33}}, {"type": "Feature", "geometry": {"type": "Point", "coordinates": [86.53, 23.58]}, "properties": {"operator": "jio", "technology": "4G", "tests": 1, "avg_download": 17.81, "avg_quality": 54.82}}, {"type": "Feature", "geometry": {"type": "Point", "coordinates": [84.9, 22.55]}, "properties": {"operator": "airtel", "technology": "4G", "tests": 1, "avg_download": 13.03, "avg_quality": 64.95}}, {"type": "Feature", "geometry": {"type": "Point", "coordinates": [85.47, 12.32]}, "properties": {"operator": "jio", "technology": "4G", "tests": 1, "avg_download": 16.72, "avg_quality": 72.8}}, {"type": "Feature", "geometry": {"type": "Point", "coordinates": [78.77, 21.1]}, "properties": {"operator": "airtel", "technology": "5G", "tests": 1, "avg_download": 74.17, "avg_quality": 47.34}}, {"type": "Feature", "geometry": {"type": "Point", "coordinates": [94.43, 9.35]}, "properties": {"operator": "jio", "technology": "4G", "tests": 1, "avg_download": 28.97, "avg_quality": 61.82}}, {"type": "Feature", "geometry": {"type": "Point", "coordinates": [71.87, 32.65]}, "properties": {"operator": "vi", "technology": "4G", "tests": 1, "avg_download": 12.21, "avg_quality": 47.99}}, {"type": "Feature", "geometry": {"type": "Point", "coordinates": [92.67, 12.08]}, "properties": {"operator": "airtel", "technology": "5G", "tests": 1, "avg_download": 66.98, "avg_quality": 84.14}}, {"type": "Feature", "geometry": {"type": "Point", "coordinates": [80.81, 19.36]}, "properties": {"operator": "airtel", "technology": "5G", "tests": 1, "avg_download": 76.35, "avg_quality": 83.63}}, {"type": "Feature", "geometry": {"type": "Point", "coordinates": [69.77, 13.94]}, "properties": {"operator": "vi", "technology": "4G", "tests": 1, "avg_download": 15.17, "avg_quality": 68.74}}, {"type": "Feature", "geometry": {"type": "Point", "coordinates": [87.82, 9.63]}, "properties": {"operator": "airtel", "technology": "5G", "tests": 1, "avg_download": 73.73, "avg_quality": 79.72}}, {"type": "Feature", "geometry": {"type": "Point", "coordinates": [79.12, 30.87]}, "properties": {"operator": "vi", "technology": "5G", "tests": 1, "avg_download": 54.15, "avg_quality": 84.04}}, {"type": "Feature", "geometry": {"type": "Point", "coordinates": [89.17, 17.62]}, "properties": {"operator": "airtel", "technology": "4G", "tests": 1, "avg_download": 16.98, "avg_quality": 68.48}}, {"type": "Feature", "geometry": {"type": "Point", "coordinates": [82.32, 26.87]}, "properties": {"operator": "airtel", "technology": "5G", "tests": 1, "avg_download": 52.02, "avg_quality": 68.72}}, {"type": "Feature", "geometry": {"type": "Point", "coordinates": [73.17, 22.68]}, "properties": {"operator": "airtel", "technology": "4G", "tests": 1, "avg_download": 14.73, "avg_quality": 38.2}}, {"type": "Feature", "geometry": {"type": "Point", "coordinates": [90.25, 32.83]}, "properties": {"operator": "jio", "technology": "4G", "tests": 1, "avg_download": 21.24, "avg_quality": 63.77}}, {"type": "Feature", "geometry": {"type": "Point", "coordinates": [70.43, 29.86]}, "properties": {"operator": "airtel", "technology": "5G", "tests": 1, "avg_download": 20.65, "avg_quality": 57.78}}, {"type": "Feature", "geometry": {"type": "Point", "coordinates": [78.41, 18.09]}, "properties": {"operator": "jio", "technology": "4G", "tests": 1, "avg_download": 29.99, "avg_quality": 71.16}}, {"type": "Feature", "geometry": {"type": "Point", "coordinates": [72.99, 22.67]}, "properties": {"operator": "vi", "technology": "5G", "tests": 1, "avg_download": 88.59, "avg_quality": 73.85}}, {"type": "Feature", "geometry": {"type": "Point", "coordinates": [73.64, 10.08]}, "properties": {"operator": "airtel", "technology": "5G", "tests": 1, "avg_download": 91.32, "avg_quality": 76.91}}, {"type": "Feature", "geometry": {"type": "Point", "coordinates": [94.97, 29.28]}, "properties": {"operator": "vi", "technology": "4G", "tests": 1, "avg_download": 26.41, "avg_quality": 74.17}}, {"type": "Feature", "geometry": {"type": "Point", "coordinates": [69.55, 14.08]}, "properties": {"operator": "airtel", "technology": "4G", "tests": 1, "avg_download": 19.12, "avg_quality": 63.45}}, {"type": "Feature", "geometry": {"type": "Point", "coordinates": [73.72, 25.16]}, "properties": {"operator": "airtel", "technology": "5G", "tests": 1, "avg_download": 116.51, "avg_quality": 97.77}}, {"type": "Feature", "geometry": {"type": "Point", "coordinates": [72.7, 25.75]}, "properties": {"operator": "jio", "technology": "4G", "tests": 1, "avg_download": 34.5, "avg_quality": 77.94}}, {"type": "Feature", "geometry": {"type": "Point", "coordinates": [72.06, 25.61]}, "properties": {"operator": "airtel", "technology": "4G", "tests": 1, "avg_download": 16.38, "avg_quality": 76.12}}, {"type": "Feature", "geometry": {"type": "Point", "coordinates": [76.05, 17.91]}, "properties": {"operator": "airtel", "technology": "5G", "tests": 1, "avg_download": 32.37, "avg_quality": 69.68}}, {"type": "Feature", "geometry": {"type": "Point", "coordinates": [74.99, 10.55]}, "properties": {"operator": "airtel", "technology": "4G", "tests": 1, "avg_download": 26.93, "avg_quality": 54.13}}, {"type": "Feature", "geometry": {"type": "Point", "coordinates": [94.05, 23.23]}, "properties": {"operator": "jio", "technology": "4G", "tests": 1, "avg_download": 30.68, "avg_quality": 54.88}}, {"type": "Feature", "geometry": {"type": "Point", "coordinates": [95.76, 34.19]}, "properties": {"operator": "jio", "technology": "5G", "tests": 1, "avg_download": 113.42, "avg_quality": 74.28}}, {"type": "Feature", "geometry": {"type": "Point", "coordinates": [81.44, 30.45]}, "properties": {"operator": "vi", "technology": "4G", "tests": 1, "avg_download": 15.83, "avg_quality": 54.52}}, {"type": "Feature", "geometry": {"type": "Point", "coordinates": [77.6, 33.99]}, "properties": {"operator": "airtel", "technology": "5G", "tests": 1, "avg_download": 72.13, "avg_quality": 68.86}}, {"type": "Feature", "geometry": {"type": "Point", "coordinates": [88.86, 35.27]}, "properties": {"operator": "vi", "technology": "5G", "tests": 1, "avg_download": 85.46, "avg_quality": 87.79}}, {"type": "Feature", "geometry": {"type": "Point", "coordinates": [83.57, 8.36]}, "properties": {"operator": "jio", "technology": "4G", "tests": 1, "avg_download": 9.07, "avg_quality": 54.74}}, {"type": "Feature", "geometry": {"type": "Point", "coordinates": [76.16, 35.47]}, "properties": {"operator": "vi", "technology": "4G", "tests": 1, "avg_download": 15.63, "avg_quality": 65.46}}, {"type": "Feature", "geometry": {"type": "Point", "coordinates": [70.88, 32.42]}, "properties": {"operator": "vi", "technology": "5G", "tests": 1, "avg_download": 80.67, "avg_quality": 83.63}}, {"type": "Feature", "geometry": {"type": "Point", "coordinates": [77.4, 32.2]}, "properties": {"operator": "airtel", "technology": "4G", "tests": 1, "avg_download": 23.11, "avg_quality": 44.29}}, {"type": "Feature", "geometry": {"type": "Point", "coordinates": [90.38, 28.69]}, "properties": {"operator": "vi", "technology": "4G", "tests": 1, "avg_download": 15.5, "avg_quality": 71.1}}, {"type": "Feature", "geometry": {"type": "Point", "coordinates": [89.69, 13.66]}, "properties": {"operator": "jio", "technology": "4G", "tests": 1, "avg_download": 31.86, "avg_quality": 66.56}}, {"type": "Feature", "geometry": {"type": "Point", "coordinates": [76.28, 12.92]}, "properties": {"operator": "vi", "technology": "5G", "tests": 1, "avg_download": 46.11, "avg_quality": 70.52}}, {"type": "Feature", "geometry": {"type": "Point", "coordinates": [68.59, 35.5]}, "properties": {"operator": "jio", "technology": "5G", "tests": 1, "avg_download": 105.74, "avg_quality": 90.32}}, {"type": "Feature", "geometry": {"type": "Point", "coordinates": [69.42, 31.65]}, "properties": {"operator": "airtel", "technology": "4G", "tests": 1, "avg_download": 28.53, "avg_quality": 65.64}}, {"type": "Feature", "geometry": {"type": "Point", "coordinates": [73.05, 29.01]}, "properties": {"operator": "vi", "technology": "5G", "tests": 1, "avg_download": 85.53, "avg_quality": 80.67}}, {"type": "Feature", "geometry": {"type": "Point", "coordinates": [88.28, 27.62]}, "properties": {"operator": "vi", "technology": "5G", "tests": 1, "avg_download": 68.47, "avg_quality": 84.38}}, {"type": "Feature", "geometry": {"type": "Point", "coordinates": [89.08, 16.33]}, "properties": {"operator": "jio", "technology": "5G", "tests": 1, "avg_download": 103.0, "avg_quality": 77.74}}, {"type": "Feature", "geometry": {"type": "Point", "coordinates": [90.56, 14.51]}, "properties": {"operator": "vi", "technology": "5G", "tests": 1, "avg_download": 56.24, "avg_quality": 61.52}}, {"type": "Feature", "geometry": {"type": "Point", "coordinates": [70.86, 11.22]}, "properties": {"operator": "jio", "technology": "5G", "tests": 1, "avg_download": 85.14, "avg_quality": 91.3}}, {"type": "Feature", "geometry": {"type": "Point", "coordinates": [95.37, 33.9]}, "properties": {"operator": "airtel", "technology": "5G", "tests": 1, "avg_download": 87.0, "avg_quality": 85.06}}, {"type": "Feature", "geometry": {"type": "Point", "coordinates": [79.32, 27.02]}, "properties": {"operator": "airtel", "technology": "5G", "tests": 1, "avg_download": 82.26, "avg_quality": 61.57}}, {"type": "Feature", "geometry": {"type": "Point", "coordinates": [88.0, 13.92]}, "properties": {"operator": "airtel", "technology": "4G", "tests": 1, "avg_download": 32.67, "avg_quality": 72.64}}, {"type": "Feature", "geometry": {"type": "Point", "coordinates": [76.91, 17.11]}, "properties": {"operator": "vi", "technology": "5G", "tests": 1, "avg_download": 85.67, "avg_quality": 61.56}}, {"type": "Feature", "geometry": {"type": "Point", "coordinates": [93.34, 26.85]}, "properties": {"operator": "vi", "technology": "4G", "tests": 1, "avg_download": 21.91, "avg_quality": 61.91}}, {"type": "Feature", "geometry": {"type": "Point", "coordinates": [76.27, 19.52]}, "properties": {"operator": "jio", "technology": "5G", "tests": 1, "avg_download": 92.28, "avg_quality": 91.47}}, {"type": "Feature", "geometry": {"type": "Point", "coordinates": [75.43, 20.92]}, "properties": {"operator": "airtel", "technology": "4G", "tests": 1, "avg_download": 22.74, "avg_quality": 66.97}}, {"type": "Feature", "geometry": {"type": "Point", "coordinates": [92.76, 11.03]}, "properties": {"operator": "jio", "technology": "5G", "tests": 1, "avg_download": 149.9, "avg_quality": 100.87}}, {"type": "Feature", "geometry": {"type": "Point", "coordinates": [83.01, 13.76]}, "properties": {"operator": "jio", "technology": "5G", "tests": 1, "avg_download": 103.58, "avg_quality": 87.56}}, {"type": "Feature", "geometry": {"type": "Point", "coordinates": [88.35, 30.26]}, "properties": {"operator": "jio", "technology": "4G", "tests": 1, "avg_download": 21.18, "avg_quality": 56.02}}, {"type": "Feature", "geometry": {"type": "Point", "coordinates": [94.35, 35.29]}, "properties": {"operator": "airtel", "technology": "4G", "tests": 1, "avg_download": 34.72, "avg_quality": 72.85}}, {"type": "Feature", "geometry": {"type": "Point", "coordinates": [93.49, 27.8]}, "properties": {"operator": "vi", "technology": "5G", "tests": 1, "avg_download": 67.03, "avg_quality": 74.7}}, {"type": "Feature", "geometry": {"type": "Point", "coordinates": [86.97, 31.89]}, "properties": {"operator": "airtel", "technology": "5G", "tests": 1, "avg_download": 90.95, "avg_quality": 64.18}}, {"type": "Feature", "geometry": {"type": "Point", "coordinates": [83.12, 19.69]}, "properties": {"operator": "vi", "technology": "5G", "tests": 1, "avg_download": 96.35, "avg_quality": 65.82}}, {"type": "Feature", "geometry": {"type": "Point", "coordinates": [70.8, 23.64]}, "properties": {"operator": "jio", "technology": "4G", "tests": 1, "avg_download": 22.54, "avg_quality": 67.74}}, {"type": "Feature", "geometry": {"type": "Point", "coordinates": [87.91, 24.14]}, "properties": {"operator": "vi", "technology": "4G", "tests": 1, "avg_download": 19.32, "avg_quality": 62.47}}, {"type": "Feature", "geometry": {"type": "Point", "coordinates": [72.4, 30.27]}, "properties": {"operator": "vi", "technology": "5G", "tests": 1, "avg_download": 52.22, "avg_quality": 56.34}}, {"type": "Feature", "geometry": {"type": "Point", "coordinates": [80.1, 19.82]}, "properties": {"operator": "airtel", "technology": "4G", "tests": 1, "avg_download": 30.91, "avg_quality": 54.12}}, {"type": "Feature", "geometry": {"type": "Point", "coordinates": [91.98, 27.16]}, "properties": {"operator": "airtel", "technology": "5G", "tests": 1, "avg_download": 66.55, "avg_quality": 70.06}}, {"type": "Feature", "geometry": {"type": "Point", "coordinates": [76.05, 24.86]}, "properties": {"operator": "jio", "technology": "4G", "tests": 1, "avg_download": 24.11, "avg_quality": 70.52}}, {"type": "Feature", "geometry": {"type": "Point", "coordinates": [77.05, 17.64]}, "properties": {"operator": "airtel", "technology": "4G", "tests": 1, "avg_download": 17.87, "avg_quality": 38.42}}, {"type": "Feature", "geometry": {"type": "Point", "coordinates": [77.29, 20.7]}, "properties": {"operator": "airtel", "technology": "4G", "tests": 1, "avg_download": 5.99, "avg_quality": 44.33}}, {"type": "Feature", "geometry": {"type": "Point", "coordinates": [95.7, 35.41]}, "properties": {"operator": "airtel", "technology": "5G", "tests": 1, "avg_download": 56.75, "avg_quality": 64.16}}, {"type": "Feature", "geometry": {"type": "Point", "coordinates": [74.75, 24.17]}, "properties": {"operator": "jio", "technology": "4G", "tests": 1, "avg_download": 25.45, "avg_quality": 51.34}}, {"type": "Feature", "geometry": {"type": "Point", "coordinates": [92.7, 10.34]}, "properties": {"operator": "vi", "technology": "4G", "tests": 1, "avg_download": 14.78, "avg_quality": 74.03}}, {"type": "Feature", "geometry": {"type": "Point", "coordinates": [75.55, 27.86]}, "properties": {"operator": "airtel", "technology": "5G", "tests": 1, "avg_download": 63.46, "avg_quality": 83.51}}, {"type": "Feature", "geometry": {"type": "Point", "coordinates": [92.56, 8.09]}, "properties": {"operator": "jio", "technology": "5G", "tests": 1, "avg_download": 58.74, "avg_quality": 89.26}}, {"type": "Feature", "geometry": {"type": "Point", "coordinates": [69.41, 26.61]}, "properties": {"operator": "airtel", "technology": "5G", "tests": 1, "avg_download": 82.35, "avg_quality": 91.75}}, {"type": "Feature", "geometry": {"type": "Point", "coordinates": [82.21, 16.0]}, "properties": {"operator": "airtel", "technology": "5G", "tests": 1, "avg_download": 72.53, "avg_quality": 83.45}}, {"type": "Feature", "geometry": {"type": "Point", "coordinates": [79.45, 25.25]}, "properties": {"operator": "airtel", "technology": "5G", "tests": 1, "avg_download": 61.51, "avg_quality": 91.39}}, {"type": "Feature", "geometry": {"type": "Point", "coordinates": [89.42, 19.1]}, "properties": {"operator": "jio", "technology": "4G", "tests": 1, "avg_download": 31.23, "avg_quality": 42.95}}, {"type": "Feature", "geometry": {"type": "Point", "coordinates": [90.04, 9.93]}, "properties": {"operator": "vi", "technology": "5G", "tests": 1, "avg_download": 66.01, "avg_quality": 54.64}}, {"type": "Feature", "geometry": {"type": "Point", "coordinates": [71.74, 13.92]}, "properties": {"operator": "vi", "technology": "4G", "tests": 1, "avg_download": 17.35, "avg_quality": 73.59}}, {"type": "Feature", "geometry": {"type": "Point", "coordinates": [83.53, 32.21]}, "properties": {"operator": "jio", "technology": "5G", "tests": 1, "avg_download": 81.93, "avg_quality": 84.79}}, {"type": "Feature", "geometry": {"type": "Point", "coordinates": [84.08, 10.19]}, "properties": {"operator": "vi", "technology": "5G", "tests": 1, "avg_download": 76.34, "avg_quality": 72.23}}, {"type": "Feature", "geometry": {"type": "Point", "coordinates": [71.03, 26.28]}, "properties": {"operator": "jio", "technology": "4G", "tests": 1, "avg_download": 30.47, "avg_quality": 77.35}}, {"type": "Feature", "geometry": {"type": "Point", "coordinates": [93.4, 25.11]}, "properties": {"operator": "vi", "technology": "4G", "tests": 1, "avg_download": 11.65, "avg_quality": 65.82}}, {"type": "Feature", "geometry": {"type": "Point", "coordinates": [90.94, 19.53]}, "properties": {"operator": "vi", "technology": "4G", "tests": 1, "avg_download": 20.29, "avg_quality": 42.73}}, {"type": "Feature", "geometry": {"type": "Point", "coordinates": [90.08, 22.26]}, "properties": {"operator": "jio", "technology": "5G", "tests": 1, "avg_download": 41.08, "avg_quality": 72.91}}, {"type": "Feature", "geometry": {"type": "Point", "coordinates": [70.43, 23.39]}, "properties": {"operator": "airtel", "technology": "4G", "tests": 1, "avg_download": 16.87, "avg_quality": 67.3}}, {"type": "Feature", "geometry": {"type": "Point", "coordinates": [75.63, 21.41]}, "properties": {"operator": "vi", "technology": "5G", "tests": 1, "avg_download": 81.88, "avg_quality": 85.53}}, {"type": "Feature", "geometry": {"type": "Point", "coordinates": [72.46, 24.59]}, "properties": {"operator": "vi", "technology": "5G", "tests": 1, "avg_download": 82.06, "avg_quality": 79.59}}, {"type": "Feature", "geometry": {"type": "Point", "coordinates": [83.69, 33.83]}, "properties": {"operator": "jio", "technology": "5G", "tests": 1, "avg_download": 88.71, "avg_quality": 82.39}}, {"type": "Feature", "geometry": {"type": "Point", "coordinates": [91.92, 17.79]}, "properties": {"operator": "airtel", "technology": "4G", "tests": 1, "avg_download": 15.46, "avg_quality": 60.12}}, {"type": "Feature", "geometry": {"type": "Point", "coordinates": [75.26, 15.89]}, "properties": {"operator": "vi", "technology": "4G", "tests": 1, "avg_download": 21.55, "avg_quality": 59.48}}, {"type": "Feature", "geometry": {"type": "Point", "coordinates": [69.79, 15.25]}, "properties": {"operator": "jio", "technology": "5G", "tests": 1, "avg_download": 103.46, "avg_quality": 99.37}}, {"type": "Feature", "geometry": {"type": "Point", "coordinates": [85.01, 9.85]}, "properties": {"operator": "vi", "technology": "5G", "tests": 1, "avg_download": 57.87, "avg_quality": 83.4}}, {"type": "Feature", "geometry": {"type": "Point", "coordinates": [90.19, 17.79]}, "properties": {"operator": "jio", "technology": "4G", "tests": 1, "avg_download": 18.54, "avg_quality": 52.63}}, {"type": "Feature", "geometry": {"type": "Point", "coordinates": [81.83, 12.13]}, "properties": {"operator": "jio", "technology": "4G", "tests": 1, "avg_download": 28.68, "avg_quality": 59.08}}, {"type": "Feature", "geometry": {"type": "Point", "coordinates": [88.58, 34.98]}, "properties": {"operator": "vi", "technology": "5G", "tests": 1, "avg_download": 59.9, "avg_quality": 62.9}}, {"type": "Feature", "geometry": {"type": "Point", "coordinates": [77.72, 27.42]}, "properties": {"operator": "vi", "technology": "5G", "tests": 1, "avg_download": 64.77, "avg_quality": 77.0}}, {"type": "Feature", "geometry": {"type": "Point", "coordinates": [82.19, 34.21]}, "properties": {"operator": "airtel", "technology": "4G", "tests": 1, "avg_download": 18.11, "avg_quality": 43.77}}, {"type": "Feature", "geometry": {"type": "Point", "coordinates": [81.15, 11.06]}, "properties": {"operator": "airtel", "technology": "4G", "tests": 1, "avg_download": 14.12, "avg_quality": 62.08}}, {"type": "Feature", "geometry": {"type": "Point", "coordinates": [79.91, 32.66]}, "properties": {"operator": "jio", "technology": "5G", "tests": 1, "avg_download": 65.31, "avg_quality": 71.64}}, {"type": "Feature", "geometry": {"type": "Point", "coordinates": [69.47, 17.67]}, "properties": {"operator": "airtel", "technology": "5G", "tests": 1, "avg_download": 110.04, "avg_quality": 88.56}}, {"type": "Feature", "geometry": {"type": "Point", "coordinates": [71.45, 31.69]}, "properties": {"operator": "jio", "technology": "5G", "tests": 1, "avg_download": 74.05, "avg_quality": 71.6}}, {"type": "Feature", "geometry": {"type": "Point", "coordinates": [84.51, 25.49]}, "properties": {"operator": "jio", "technology": "4G", "tests": 1, "avg_download": 23.53, "avg_quality": 62.37}}, {"type": "Feature", "geometry": {"type": "Point", "coordinates": [71.33, 30.52]}, "properties": {"operator": "vi", "technology": "4G", "tests": 1, "avg_download": 20.58, "avg_quality": 67.29}}, {"type": "Feature", "geometry": {"type": "Point", "coordinates": [71.44, 27.36]}, "properties": {"operator": "jio", "technology": "5G", "tests": 1, "avg_download": 116.57, "avg_quality": 91.54}}, {"type": "Feature", "geometry": {"type": "Point", "coordinates": [71.62, 27.38]}, "properties": {"operator": "vi", "technology": "5G", "tests": 1, "avg_download": 65.81, "avg_quality": 65.63}}, {"type": "Feature", "geometry": {"type": "Point", "coordinates": [93.22, 8.7]}, "properties": {"operator": "jio", "technology": "4G", "tests": 1, "avg_download": 15.62, "avg_quality": 67.39}}, {"type": "Feature", "geometry": {"type": "Point", "coordinates": [69.68, 19.31]}, "properties": {"operator": "jio", "technology": "4G", "tests": 1, "avg_download": 24.07, "avg_quality": 52.71}}, {"type": "Feature", "geometry": {"type": "Point", "coordinates": [81.0, 31.21]}, "properties": {"operator": "airtel", "technology": "5G", "tests": 1, "avg_download": 66.3, "avg_quality": 70.32}}, {"type": "Feature", "geometry": {"type": "Point", "coordinates": [88.26, 13.63]}, "properties": {"operator": "vi", "technology": "4G", "tests": 1, "avg_download": 25.65, "avg_quality": 43.85}}, {"type": "Feature", "geometry": {"type": "Point", "coordinates": [79.14, 10.87]}, "properties": {"operator": "jio", "technology": "4G", "tests": 1, "avg_download": 29.0, "avg_quality": 55.98}}, {"type": "Feature", "geometry": {"type": "Point", "coordinates": [85.82, 11.63]}, "properties": {"operator": "airtel", "technology": "5G", "tests": 1, "avg_download": 69.74, "avg_quality": 58.17}}, {"type": "Feature", "geometry": {"type": "Point", "coordinates": [71.89, 14.26]}, "properties": {"operator": "jio", "technology": "4G", "tests": 1, "avg_download": 27.24, "avg_quality": 70.02}}, {"type": "Feature", "geometry": {"type": "Point", "coordinates": [86.91, 24.98]}, "properties": {"operator": "jio", "technology": "5G", "tests": 1, "avg_download": 89.31, "avg_quality": 71.58}}, {"type": "Feature", "geometry": {"type": "Point", "coordinates": [85.5, 24.92]}, "properties": {"operator": "airtel", "technology": "5G", "tests": 1, "avg_download": 94.27, "avg_quality": 90.36}}, {"type": "Feature", "geometry": {"type": "Point", "coordinates": [77.03, 27.82]}, "properties": {"operator": "jio", "technology": "5G", "tests": 1, "avg_download": 77.28, "avg_quality": 81.78}}, {"type": "Feature", "geometry": {"type": "Point", "coordinates": [77.86, 14.03]}, "properties": {"operator": "airtel", "technology": "4G", "tests": 1, "avg_download": 20.12, "avg_quality": 58.02}}, {"type": "Feature", "geometry": {"type": "Point", "coordinates": [76.3, 27.07]}, "properties": {"operator": "vi", "technology": "4G", "tests": 1, "avg_download": 11.72, "avg_quality": 45.55}}, {"type": "Feature", "geometry": {"type": "Point", "coordinates": [92.56, 31.0]}, "properties": {"operator": "vi", "technology": "4G", "tests": 1, "avg_download": 12.49, "avg_quality": 63.24}}, {"type": "Feature", "geometry": {"type": "Point", "coordinates": [83.55, 10.08]}, "properties": {"operator": "vi", "technology": "4G", "tests": 1, "avg_download": 13.21, "avg_quality": 65.27}}, {"type": "Feature", "geometry": {"type": "Point", "coordinates": [76.1, 28.65]}, "properties": {"operator": "vi", "technology": "4G", "tests": 1, "avg_download": 11.14, "avg_quality": 41.54}}, {"type": "Feature", "geometry": {"type": "Point", "coordinates": [87.99, 23.82]}, "properties": {"operator": "airtel", "technology": "5G", "tests": 1, "avg_download": 92.88, "avg_quality": 81.88}}, {"type": "Feature", "geometry": {"type": "Point", "coordinates": [88.4, 9.99]}, "properties": {"operator": "vi", "technology": "4G", "tests": 1, "avg_download": 15.98, "avg_quality": 44.54}}, {"type": "Feature", "geometry": {"type": "Point", "coordinates": [85.55, 32.75]}, "properties": {"operator": "airtel", "technology": "4G", "tests": 1, "avg_download": 33.06, "avg_quality": 73.13}}, {"type": "Feature", "geometry": {"type": "Point", "coordinates": [74.81, 9.68]}, "properties": {"operator": "airtel", "technology": "4G", "tests": 1, "avg_download": 26.49, "avg_quality": 75.98}}, {"type": "Feature", "geometry": {"type": "Point", "coordinates": [88.81, 13.78]}, "properties": {"operator": "vi", "technology": "5G", "tests": 1, "avg_download": 63.57, "avg_quality": 67.35}}, {"type": "Feature", "geometry": {"type": "Point", "coordinates": [80.86, 16.59]}, "properties": {"operator": "jio", "technology": "4G", "tests": 1, "avg_download": 36.57, "avg_quality": 71.82}}, {"type": "Feature", "geometry": {"type": "Point", "coordinates": [71.7, 34.17]}, "properties": {"operator": "jio", "technology": "4G", "tests": 1, "avg_download": 33.39, "avg_quality": 63.07}}, {"type": "Feature", "geometry": {"type": "Point", "coordinates": [91.6, 11.68]}, "properties": {"operator": "vi", "technology": "4G", "tests": 1, "avg_download": 22.24, "avg_quality": 52.24}}, {"type": "Feature", "geometry": {"type": "Point", "coordinates": [74.96, 9.35]}, "properties": {"operator": "airtel", "technology": "4G", "tests": 1, "avg_download": 20.24, "avg_quality": 73.23}}, {"type": "Feature", "geometry": {"type": "Point", "coordinates": [88.31, 17.13]}, "properties": {"operator": "airtel", "technology": "4G", "tests": 1, "avg_download": 13.47, "avg_quality": 66.77}}, {"type": "Feature", "geometry": {"type": "Point", "coordinates": [93.6, 15.53]}, "properties": {"operator": "jio", "technology": "4G", "tests": 1, "avg_download": 22.58, "avg_quality": 61.51}}, {"type": "Feature", "geometry": {"type": "Point", "coordinates": [69.88, 33.7]}, "properties": {"operator": "airtel", "technology": "5G", "tests": 1, "avg_download": 71.77, "avg_quality": 70.33}}, {"type": "Feature", "geometry": {"type": "Point", "coordinates": [82.39, 18.07]}, "properties": {"operator": "jio", "technology": "4G", "tests": 1, "avg_download": 25.15, "avg_quality": 54.52}}, {"type": "Feature", "geometry": {"type": "Point", "coordinates": [87.34, 9.44]}, "properties": {"operator": "vi", "technology": "4G", "tests": 1, "avg_download": 19.43, "avg_quality": 42.41}}, {"type": "Feature", "geometry": {"type": "Point", "coordinates": [79.87, 8.43]}, "properties": {"operator": "jio", "technology": "5G", "tests": 1, "avg_download": 111.03, "avg_quality": 81.5}}, {"type": "Feature", "geometry": {"type": "Point", "coordinates": [75.91, 19.98]}, "properties": {"operator": "jio", "technology": "4G", "tests": 1, "avg_download": 19.42, "avg_quality": 73.12}}, {"type": "Feature", "geometry": {"type": "Point", "coordinates": [82.97, 16.45]}, "properties": {"operator": "jio", "technology": "4G", "tests": 1, "avg_download": 30.23, "avg_quality": 50.74}}, {"type": "Feature", "geometry": {"type": "Point", "coordinates": [79.25, 23.41]}, "properties": {"operator": "jio", "technology": "4G", "tests": 1, "avg_download": 17.55, "avg_quality": 63.57}}, {"type": "Feature", "geometry": {"type": "Point", "coordinates": [88.17, 20.83]}, "properties": {"operator": "vi", "technology": "4G", "tests": 1, "avg_download": 17.96, "avg_quality": 54.93}}, {"type": "Feature", "geometry": {"type": "Point", "coordinates": [86.67, 20.98]}, "properties": {"operator": "vi", "technology": "5G", "tests": 1, "avg_download": 53.22, "avg_quality": 63.59}}, {"type": "Feature", "geometry": {"type": "Point", "coordinates": [89.75, 15.86]}, "properties": {"operator": "vi", "technology": "5G", "tests": 1, "avg_download": 61.61, "avg_quality": 81.88}}, {"type": "Feature", "geometry": {"type": "Point", "coordinates": [78.63, 24.21]}, "properties": {"operator": "airtel", "technology": "5G", "tests": 1, "avg_download": 91.77, "avg_quality": 84.66}}, {"type": "Feature", "geometry": {"type": "Point", "coordinates": [78.16, 32.57]}, "properties": {"operator": "airtel", "technology": "5G", "tests": 1, "avg_download": 73.63, "avg_quality": 96.6}}, {"type": "Feature", "geometry": {"type": "Point", "coordinates": [68.6, 35.81]}, "properties": {"operator": "jio", "technology": "5G", "tests": 1, "avg_download": 57.72, "avg_quality": 89.16}}, {"type": "Feature", "geometry": {"type": "Point", "coordinates": [81.13, 21.5]}, "properties": {"operator": "vi", "technology": "5G", "tests": 1, "avg_download": 6.63, "avg_quality": 63.5}}, {"type": "Feature", "geometry": {"type": "Point", "coordinates": [82.71, 15.24]}, "properties": {"operator": "airtel", "technology": "5G", "tests": 1, "avg_download": 64.12, "avg_quality": 84.67}}, {"type": "Feature", "geometry": {"type": "Point", "coordinates": [81.3, 31.34]}, "properties": {"operator": "airtel", "technology": "4G", "tests": 1, "avg_download": 17.72, "avg_quality": 57.63}}, {"type": "Feature", "geometry": {"type": "Point", "coordinates": [92.37, 30.68]}, "properties": {"operator": "jio", "technology": "5G", "tests": 1, "avg_download": 88.96, "avg_quality": 81.88}}, {"type": "Feature", "geometry": {"type": "Point", "coordinates": [71.42, 33.47]}, "properties": {"operator": "airtel", "technology": "4G", "tests": 1, "avg_download": 26.86, "avg_quality": 52.65}}, {"type": "Feature", "geometry": {"type": "Point", "coordinates": [79.02, 35.52]}, "properties": {"operator": "jio", "technology": "4G", "tests": 1, "avg_download": 25.19, "avg_quality": 55.47}}, {"type": "Feature", "geometry": {"type": "Point", "coordinates": [87.24, 18.05]}, "properties": {"operator": "airtel", "technology": "4G", "tests": 1, "avg_download": 27.69, "avg_quality": 80.83}}, {"type": "Feature", "geometry": {"type": "Point", "coordinates": [82.89, 13.6]}, "properties": {"operator": "vi", "technology": "4G", "tests": 1, "avg_download": 15.77, "avg_quality": 57.38}}, {"type": "Feature", "geometry": {"type": "Point", "coordinates": [74.38, 18.21]}, "properties": {"operator": "vi", "technology": "4G", "tests": 1, "avg_download": 5.82, "avg_quality": 74.47}}, {"type": "Feature", "geometry": {"type": "Point", "coordinates": [87.48, 25.71]}, "properties": {"operator": "vi", "technology": "4G", "tests": 1, "avg_download": 30.76, "avg_quality": 43.97}}, {"type": "Feature", "geometry": {"type": "Point", "coordinates": [78.39, 31.07]}, "properties": {"operator": "vi", "technology": "5G", "tests": 1, "avg_download": 84.52, "avg_quality": 87.17}}, {"type": "Feature", "geometry": {"type": "Point", "coordinates": [72.25, 31.76]}, "properties": {"operator": "airtel", "technology": "5G", "tests": 1, "avg_download": 74.15, "avg_quality": 92.72}}, {"type": "Feature", "geometry": {"type": "Point", "coordinates": [70.52, 30.13]}, "properties": {"operator": "jio", "technology": "4G", "tests": 1, "avg_download": 26.23, "avg_quality": 68.8}}, {"type": "Feature", "geometry": {"type": "Point", "coordinates": [94.72, 34.6]}, "properties": {"operator": "jio", "technology": "4G", "tests": 1, "avg_download": 23.78, "avg_quality": 64.9}}, {"type": "Feature", "geometry": {"type": "Point", "coordinates": [78.1, 16.03]}, "properties": {"operator": "vi", "technology": "4G", "tests": 1, "avg_download": 15.39, "avg_quality": 46.85}}, {"type": "Feature", "geometry": {"type": "Point", "coordinates": [71.42, 26.22]}, "properties": {"operator": "jio", "technology": "4G", "tests": 1, "avg_download": 20.21, "avg_quality": 44.5}}, {"type": "Feature", "geometry": {"type": "Point", "coordinates": [92.76, 26.52]}, "properties": {"operator": "vi", "technology": "4G", "tests": 1, "avg_download": 23.26, "avg_quality": 51.6}}, {"type": "Feature", "geometry": {"type": "Point", "coordinates": [73.46, 16.26]}, "properties": {"operator": "airtel", "technology": "5G", "tests": 1, "avg_download": 43.85, "avg_quality": 72.07}}, {"type": "Feature", "geometry": {"type": "Point", "coordinates": [71.59, 21.71]}, "properties": {"operator": "jio", "technology": "5G", "tests": 1, "avg_download": 127.4, "avg_quality": 92.36}}, {"type": "Feature", "geometry": {"type": "Point", "coordinates": [69.47, 20.71]}, "properties": {"operator": "jio", "technology": "4G", "tests": 1, "avg_download": 13.46, "avg_quality": 68.47}}, {"type": "Feature", "geometry": {"type": "Point", "coordinates": [93.93, 28.38]}, "properties": {"operator": "jio", "technology": "4G", "tests": 1, "avg_download": 28.24, "avg_quality": 65.25}}, {"type": "Feature", "geometry": {"type": "Point", "coordinates": [82.71, 18.28]}, "properties": {"operator": "jio", "technology": "5G", "tests": 1, "avg_download": 101.61, "avg_quality": 97.16}}, {"type": "Feature", "geometry": {"type": "Point", "coordinates": [82.14, 18.48]}, "properties": {"operator": "jio", "technology": "5G", "tests": 1, "avg_download": 49.58, "avg_quality": 58.56}}, {"type": "Feature", "geometry": {"type": "Point", "coordinates": [74.25, 15.98]}, "properties": {"operator": "vi", "technology": "5G", "tests": 1, "avg_download": 89.52, "avg_quality": 84.51}}, {"type": "Feature", "geometry": {"type": "Point", "coordinates": [80.73, 20.37]}, "properties": {"operator": "jio", "technology": "5G", "tests": 1, "avg_download": 79.46, "avg_quality": 76.68}}, {"type": "Feature", "geometry": {"type": "Point", "coordinates": [81.73, 18.27]}, "properties": {"operator": "jio", "technology": "4G", "tests": 1, "avg_download": 25.79, "avg_quality": 68.81}}, {"type": "Feature", "geometry": {"type": "Point", "coordinates": [69.62, 23.97]}, "properties": {"operator": "vi", "technology": "4G", "tests": 1, "avg_download": 16.8, "avg_quality": 71.4}}, {"type": "Feature", "geometry": {"type": "Point", "coordinates": [70.71, 13.54]}, "properties": {"operator": "vi", "technology": "4G", "tests": 1, "avg_download": 25.12, "avg_quality": 60.89}}, {"type": "Feature", "geometry": {"type": "Point", "coordinates": [78.74, 27.24]}, "properties": {"operator": "airtel", "technology": "4G", "tests": 1, "avg_download": 22.3, "avg_quality": 61.29}}, {"type": "Feature", "geometry": {"type": "Point", "coordinates": [75.78, 34.54]}, "properties": {"operator": "jio", "technology": "4G", "tests": 1, "avg_download": 35.86, "avg_quality": 66.54}}, {"type": "Feature", "geometry": {"type": "Point", "coordinates": [82.87, 31.5]}, "properties": {"operator": "vi", "technology": "5G", "tests": 1, "avg_download": 87.02, "avg_quality": 71.76}}, {"type": "Feature", "geometry": {"type": "Point", "coordinates": [81.79, 21.42]}, "properties": {"operator": "vi", "technology": "4G", "tests": 1, "avg_download": 17.7, "avg_quality": 41.77}}, {"type": "Feature", "geometry": {"type": "Point", "coordinates": [71.18, 19.33]}, "properties": {"operator": "vi", "technology": "4G", "tests": 1, "avg_download": 11.36, "avg_quality": 52.9}}, {"type": "Feature", "geometry": {"type": "Point", "coordinates": [74.6, 23.53]}, "properties": {"operator": "airtel", "technology": "4G", "tests": 1, "avg_download": 18.63, "avg_quality": 34.85}}, {"type": "Feature", "geometry": {"type": "Point", "coordinates": [70.16, 10.21]}, "properties": {"operator": "jio", "technology": "5G", "tests": 1, "avg_download": 61.78, "avg_quality": 78.39}}, {"type": "Feature", "geometry": {"type": "Point", "coordinates": [72.63, 33.71]}, "properties": {"operator": "vi", "technology": "4G", "tests": 1, "avg_download": 10.44, "avg_quality": 52.11}}, {"type": "Feature", "geometry": {"type": "Point", "coordinates": [75.13, 31.72]}, "properties": {"operator": "jio", "technology": "4G", "tests": 1, "avg_download": 33.36, "avg_quality": 55.61}}, {"type": "Feature", "geometry": {"type": "Point", "coordinates": [69.66, 18.34]}, "properties": {"operator": "airtel", "technology": "5G", "tests": 1, "avg_download": 75.1, "avg_quality": 84.66}}, {"type": "Feature", "geometry": {"type": "Point", "coordinates": [90.26, 34.46]}, "properties": {"operator": "vi", "technology": "4G", "tests": 1, "avg_download": 23.22, "avg_quality": 60.37}}, {"type": "Feature", "geometry": {"type": "Point", "coordinates": [75.83, 31.84]}, "properties": {"operator": "jio", "technology": "4G", "tests": 1, "avg_download": 21.84, "avg_quality": 79.13}}, {"type": "Feature", "geometry": {"type": "Point", "coordinates": [90.27, 15.86]}, "properties": {"operator": "jio", "technology": "5G", "tests": 1, "avg_download": 90.32, "avg_quality": 83.15}}, {"type": "Feature", "geometry": {"type": "Point", "coordinates": [84.09, 21.78]}, "properties": {"operator": "vi", "technology": "5G", "tests": 1, "avg_download": 44.06, "avg_quality": 65.24}}, {"type": "Feature", "geometry": {"type": "Point", "coordinates": [72.11, 9.49]}, "properties": {"operator": "vi", "technology": "5G", "tests": 1, "avg_download": 61.48, "avg_quality": 65.68}}, {"type": "Feature", "geometry": {"type": "Point", "coordinates": [69.34, 33.92]}, "properties": {"operator": "jio", "technology": "4G", "tests": 1, "avg_download": 19.17, "avg_quality": 42.34}}, {"type": "Feature", "geometry": {"type": "Point", "coordinates": [68.67, 32.42]}, "properties": {"operator": "airtel", "technology": "5G", "tests": 1, "avg_download": 100.6, "avg_quality": 86.27}}, {"type": "Feature", "geometry": {"type": "Point", "coordinates": [68.92, 16.75]}, "properties": {"operator": "airtel", "technology": "4G", "tests": 1, "avg_download": 27.2, "avg_quality": 64.84}}, {"type": "Feature", "geometry": {"type": "Point", "coordinates": [69.15, 23.96]}, "properties": {"operator": "vi", "technology": "5G", "tests": 1, "avg_download": 78.88, "avg_quality": 66.22}}, {"type": "Feature", "geometry": {"type": "Point", "coordinates": [81.33, 11.98]}, "properties": {"operator": "jio", "technology": "5G", "tests": 1, "avg_download": 85.5, "avg_quality": 74.5}}, {"type": "Feature", "geometry": {"type": "Point", "coordinates": [81.95, 26.84]}, "properties": {"operator": "vi", "technology": "4G", "tests": 1, "avg_download": 16.99, "avg_quality": 66.5}}, {"type": "Feature", "geometry": {"type": "Point", "coordinates": [88.46, 26.23]}, "properties": {"operator": "vi", "technology": "4G", "tests": 1, "avg_download": 12.12, "avg_quality": 72.24}}, {"type": "Feature", "geometry": {"type": "Point", "coordinates": [82.95, 15.57]}, "properties": {"operator": "jio", "technology": "4G", "tests": 1, "avg_download": 23.26, "avg_quality": 77.68}}, {"type": "Feature", "geometry": {"type": "Point", "coordinates": [77.07, 22.12]}, "properties": {"operator": "airtel", "technology": "5G", "tests": 1, "avg_download": 120.78, "avg_quality": 79.29}}, {"type": "Feature", "geometry": {"type": "Point", "coordinates": [94.98, 32.0]}, "properties": {"operator": "airtel", "technology": "4G", "tests": 1, "avg_download": 22.84, "avg_quality": 57.56}}, {"type": "Feature", "geometry": {"type": "Point", "coordinates": [70.25, 29.3]}, "properties": {"operator": "vi", "technology": "4G", "tests": 1, "avg_download": 14.74, "avg_quality": 67.64}}, {"type": "Feature", "geometry": {"type": "Point", "coordinates": [83.79, 30.13]}, "properties": {"operator": "airtel", "technology": "4G", "tests": 1, "avg_download": 24.31, "avg_quality": 64.72}}, {"type": "Feature", "geometry": {"type": "Point", "coordinates": [95.15, 28.22]}, "properties": {"operator": "airtel", "technology": "4G", "tests": 1, "avg_download": 21.72, "avg_quality": 71.35}}, {"type": "Feature", "geometry": {"type": "Point", "coordinates": [68.65, 29.9]}, "properties": {"operator": "vi", "technology": "4G", "tests": 1, "avg_download": 13.93, "avg_quality": 64.28}}, {"type": "Feature", "geometry": {"type": "Point", "coordinates": [74.43, 28.25]}, "properties": {"operator": "vi", "technology": "5G", "tests": 1, "avg_download": 69.04, "avg_quality": 59.45}}, {"type": "Feature", "geometry": {"type": "Point", "coordinates": [84.68, 25.25]}, "properties": {"operator": "airtel", "technology": "5G", "tests": 1, "avg_download": 107.67, "avg_quality": 87.47}}, {"type": "Feature", "geometry": {"type": "Point", "coordinates": [82.05, 26.14]}, "properties": {"operator": "jio", "technology": "5G", "tests": 1, "avg_download": 112.92, "avg_quality": 73.57}}, {"type": "Feature", "geometry": {"type": "Point", "coordinates": [72.8, 35.03]}, "properties": {"operator": "airtel", "technology": "4G", "tests": 1, "avg_download": 21.55, "avg_quality": 56.73}}, {"type": "Feature", "geometry": {"type": "Point", "coordinates": [74.49, 32.84]}, "properties": {"operator": "vi", "technology": "4G", "tests": 1, "avg_download": 15.78, "avg_quality": 75.13}}, {"type": "Feature", "geometry": {"type": "Point", "coordinates": [70.33, 34.62]}, "properties": {"operator": "jio", "technology": "4G", "tests": 1, "avg_download": 28.83, "avg_quality": 65.19}}, {"type": "Feature", "geometry": {"type": "Point", "coordinates": [78.18, 25.13]}, "properties": {"operator": "vi", "technology": "4G", "tests": 1, "avg_download": 24.77, "avg_quality": 39.02}}, {"type": "Feature", "geometry": {"type": "Point", "coordinates": [84.81, 33.52]}, "properties": {"operator": "jio", "technology": "4G", "tests": 1, "avg_download": 17.74, "avg_quality": 46.43}}, {"type": "Feature", "geometry": {"type": "Point", "coordinates": [80.07, 33.79]}, "properties": {"operator": "jio", "technology": "5G", "tests": 1, "avg_download": 45.94, "avg_quality": 77.93}}, {"type": "Feature", "geometry": {"type": "Point", "coordinates": [69.36, 31.28]}, "properties": {"operator": "vi", "technology": "4G", "tests": 1, "avg_download": 14.0, "avg_quality": 78.64}}, {"type": "Feature", "geometry": {"type": "Point", "coordinates": [91.22, 10.85]}, "properties": {"operator": "vi", "technology": "4G", "tests": 1, "avg_download": 22.62, "avg_quality": 51.56}}, {"type": "Feature", "geometry": {"type": "Point", "coordinates": [74.95, 25.6]}, "properties": {"operator": "airtel", "technology": "4G", "tests": 1, "avg_download": 20.43, "avg_quality": 62.27}}, {"type": "Feature", "geometry": {"type": "Point", "coordinates": [79.24, 9.94]}, "properties": {"operator": "jio", "technology": "5G", "tests": 1, "avg_download": 85.12, "avg_quality": 81.64}}, {"type": "Feature", "geometry": {"type": "Point", "coordinates": [94.73, 30.89]}, "properties": {"operator": "vi", "technology": "5G", "tests": 1, "avg_download": 47.0, "avg_quality": 63.96}}, {"type": "Feature", "geometry": {"type": "Point", "coordinates": [80.79, 16.45]}, "properties": {"operator": "airtel", "technology": "4G", "tests": 1, "avg_download": 28.67, "avg_quality": 38.77}}, {"type": "Feature", "geometry": {"type": "Point", "coordinates": [74.42, 26.22]}, "properties": {"operator": "jio", "technology": "4G", "tests": 1, "avg_download": 28.79, "avg_quality": 80.75}}, {"type": "Feature", "geometry": {"type": "Point", "coordinates": [85.4, 21.38]}, "properties": {"operator": "vi", "technology": "4G", "tests": 1, "avg_download": 24.26, "avg_quality": 57.15}}, {"type": "Feature", "geometry": {"type": "Point", "coordinates": [81.23, 12.56]}, "properties": {"operator": "airtel", "technology": "5G", "tests": 1, "avg_download": 88.92, "avg_quality": 90.5}}, {"type": "Feature", "geometry": {"type": "Point", "coordinates": [70.82, 24.7]}, "properties": {"operator": "airtel", "technology": "4G", "tests": 1, "avg_download": 23.34, "avg_quality": 48.55}}, {"type": "Feature", "geometry": {"type": "Point", "coordinates": [90.9, 32.48]}, "properties": {"operator": "airtel", "technology": "4G", "tests": 1, "avg_download": 12.0, "avg_quality": 71.52}}, {"type": "Feature", "geometry": {"type": "Point", "coordinates": [93.82, 20.28]}, "properties": {"operator": "vi", "technology": "4G", "tests": 1, "avg_download": 17.46, "avg_quality": 63.61}}, {"type": "Feature", "geometry": {"type": "Point", "coordinates": [92.5, 21.58]}, "properties": {"operator": "airtel", "technology": "5G", "tests": 1, "avg_download": 47.92, "avg_quality": 72.59}}, {"type": "Feature", "geometry": {"type": "Point", "coordinates": [75.81, 35.58]}, "properties": {"operator": "airtel", "technology": "4G", "tests": 1, "avg_download": 22.9, "avg_quality": 49.12}}, {"type": "Feature", "geometry": {"type": "Point", "coordinates": [84.07, 12.72]}, "properties": {"operator": "jio", "technology": "5G", "tests": 1, "avg_download": 100.32, "avg_quality": 85.9}}, {"type": "Feature", "geometry": {"type": "Point", "coordinates": [76.53, 19.15]}, "properties": {"operator": "jio", "technology": "5G", "tests": 1, "avg_download": 112.4, "avg_quality": 95.78}}, {"type": "Feature", "geometry": {"type": "Point", "coordinates": [76.73, 25.49]}, "properties": {"operator": "airtel", "technology": "5G", "tests": 1, "avg_download": 74.79, "avg_quality": 84.43}}, {"type": "Feature", "geometry": {"type": "Point", "coordinates": [88.45, 15.6]}, "properties": {"operator": "jio", "technology": "5G", "tests": 1, "avg_download": 103.4, "avg_quality": 83.79}}, {"type": "Feature", "geometry": {"type": "Point", "coordinates": [77.01, 36.0]}, "properties": {"operator": "airtel", "technology": "5G", "tests": 1, "avg_download": 83.94, "avg_quality": 81.51}}, {"type": "Feature", "geometry": {"type": "Point", "coordinates": [68.09, 28.95]}, "properties": {"operator": "vi", "technology": "5G", "tests": 1, "avg_download": 41.15, "avg_quality": 83.05}}, {"type": "Feature", "geometry": {"type": "Point", "coordinates": [87.42, 32.77]}, "properties": {"operator": "jio", "technology": "5G", "tests": 1, "avg_download": 108.13, "avg_quality": 85.6}}, {"type": "Feature", "geometry": {"type": "Point", "coordinates": [90.25, 12.56]}, "properties": {"operator": "jio", "technology": "5G", "tests": 1, "avg_download": 52.37, "avg_quality": 87.99}}, {"type": "Feature", "geometry": {"type": "Point", "coordinates": [83.76, 10.16]}, "properties": {"operator": "vi", "technology": "5G", "tests": 1, "avg_download": 62.7, "avg_quality": 75.86}}, {"type": "Feature", "geometry": {"type": "Point", "coordinates": [89.04, 15.73]}, "properties": {"operator": "jio", "technology": "5G", "tests": 1, "avg_download": 80.48, "avg_quality": 74.99}}, {"type": "Feature", "geometry": {"type": "Point", "coordinates": [93.41, 19.39]}, "properties": {"operator": "jio", "technology": "4G", "tests": 1, "avg_download": 16.91, "avg_quality": 34.9}}, {"type": "Feature", "geometry": {"type": "Point", "coordinates": [71.78, 8.64]}, "properties": {"operator": "vi", "technology": "5G", "tests": 1, "avg_download": 43.88, "avg_quality": 78.49}}, {"type": "Feature", "geometry": {"type": "Point", "coordinates": [92.14, 35.87]}, "properties": {"operator": "vi", "technology": "5G", "tests": 1, "avg_download": 23.15, "avg_quality": 70.83}}, {"type": "Feature", "geometry": {"type": "Point", "coordinates": [85.02, 34.43]}, "properties": {"operator": "jio", "technology": "5G", "tests": 1, "avg_download": 103.08, "avg_quality": 73.54}}, {"type": "Feature", "geometry": {"type": "Point", "coordinates": [79.93, 24.86]}, "properties": {"operator": "jio", "technology": "4G", "tests": 1, "avg_download": 31.22, "avg_quality": 60.18}}, {"type": "Feature", "geometry": {"type": "Point", "coordinates": [71.22, 29.9]}, "properties": {"operator": "vi", "technology": "4G", "tests": 1, "avg_download": 12.17, "avg_quality": 59.17}}, {"type": "Feature", "geometry": {"type": "Point", "coordinates": [76.06, 16.56]}, "properties": {"operator": "vi", "technology": "4G", "tests": 1, "avg_download": 25.23, "avg_quality": 64.2}}, {"type": "Feature", "geometry": {"type": "Point", "coordinates": [79.54, 18.64]}, "properties": {"operator": "vi", "technology": "4G", "tests": 1, "avg_download": 12.89, "avg_quality": 50.9}}, {"type": "Feature", "geometry": {"type": "Point", "coordinates": [94.69, 25.93]}, "properties": {"operator": "vi", "technology": "5G", "tests": 1, "avg_download": 100.33, "avg_quality": 75.44}}, {"type": "Feature", "geometry": {"type": "Point", "coordinates": [94.53, 11.26]}, "properties": {"operator": "vi", "technology": "5G", "tests": 1, "avg_download": 22.92, "avg_quality": 66.8}}, {"type": "Feature", "geometry": {"type": "Point", "coordinates": [83.55, 16.75]}, "properties": {"operator": "vi", "technology": "4G", "tests": 1, "avg_download": 19.57, "avg_quality": 57.32}}, {"type": "Feature", "geometry": {"type": "Point", "coordinates": [73.65, 35.26]}, "properties": {"operator": "vi", "technology": "4G", "tests": 1, "avg_download": 13.74, "avg_quality": 54.15}}, {"type": "Feature", "geometry": {"type": "Point", "coordinates": [69.65, 9.28]}, "properties": {"operator": "airtel", "technology": "4G", "tests": 1, "avg_download": 19.68, "avg_quality": 52.71}}, {"type": "Feature", "geometry": {"type": "Point", "coordinates": [93.96, 29.86]}, "properties": {"operator": "jio", "technology": "4G", "tests": 1, "avg_download": 9.39, "avg_quality": 52.51}}, {"type": "Feature", "geometry": {"type": "Point", "coordinates": [80.66, 18.2]}, "properties": {"operator": "airtel", "technology": "4G", "tests": 1, "avg_download": 29.42, "avg_quality": 56.5}}, {"type": "Feature", "geometry": {"type": "Point", "coordinates": [94.46, 22.4]}, "properties": {"operator": "airtel", "technology": "4G", "tests": 1, "avg_download": 11.01, "avg_quality": 52.21}}, {"type": "Feature", "geometry": {"type": "Point", "coordinates": [82.56, 33.03]}, "properties": {"operator": "vi", "technology": "5G", "tests": 1, "avg_download": 35.68, "avg_quality": 78.79}}, {"type": "Feature", "geometry": {"type": "Point", "coordinates": [91.3, 29.8]}, "properties": {"operator": "jio", "technology": "5G", "tests": 1, "avg_download": 126.36, "avg_quality": 86.12}}, {"type": "Feature", "geometry": {"type": "Point", "coordinates": [71.88, 32.11]}, "properties": {"operator": "airtel", "technology": "4G", "tests": 1, "avg_download": 16.63, "avg_quality": 64.13}}, {"type": "Feature", "geometry": {"type": "Point", "coordinates": [84.2, 28.24]}, "properties": {"operator": "vi", "technology": "4G", "tests": 1, "avg_download": 20.99, "avg_quality": 75.14}}, {"type": "Feature", "geometry": {"type": "Point", "coordinates": [68.78, 18.07]}, "properties": {"operator": "vi", "technology": "4G", "tests": 1, "avg_download": 20.91, "avg_quality": 71.53}}, {"type": "Feature", "geometry": {"type": "Point", "coordinates": [81.53, 26.97]}, "properties": {"operator": "jio", "technology": "5G", "tests": 1, "avg_download": 50.64, "avg_quality": 63.93}}, {"type": "Feature", "geometry": {"type": "Point", "coordinates": [69.24, 26.24]}, "properties": {"operator": "airtel", "technology": "4G", "tests": 1, "avg_download": 26.48, "avg_quality": 45.52}}, {"type": "Feature", "geometry": {"type": "Point", "coordinates": [71.48, 31.38]}, "properties": {"operator": "jio", "technology": "5G", "tests": 1, "avg_download": 46.28, "avg_quality": 86.01}}, {"type": "Feature", "geometry": {"type": "Point", "coordinates": [78.13, 33.82]}, "properties": {"operator": "vi", "technology": "5G", "tests": 1, "avg_download": 74.48, "avg_quality": 74.51}}, {"type": "Feature", "geometry": {"type": "Point", "coordinates": [95.01, 29.5]}, "properties": {"operator": "vi", "technology": "5G", "tests": 1, "avg_download": 51.05, "avg_quality": 94.83}}, {"type": "Feature", "geometry": {"type": "Point", "coordinates": [85.57, 24.17]}, "properties": {"operator": "airtel", "technology": "4G", "tests": 1, "avg_download": 26.78, "avg_quality": 73.18}}, {"type": "Feature", "geometry": {"type": "Point", "coordinates": [75.88, 33.66]}, "properties": {"operator": "airtel", "technology": "5G", "tests": 1, "avg_download": 74.14, "avg_quality": 95.51}}, {"type": "Feature", "geometry": {"type": "Point", "coordinates": [80.66, 8.09]}, "properties": {"operator": "jio", "technology": "5G", "tests": 1, "avg_download": 78.57, "avg_quality": 90.47}}, {"type": "Feature", "geometry": {"type": "Point", "coordinates": [68.19, 19.79]}, "properties": {"operator": "airtel", "technology": "4G", "tests": 1, "avg_download": 18.53, "avg_quality": 57.16}}, {"type": "Feature", "geometry": {"type": "Point", "coordinates": [75.91, 26.05]}, "properties": {"operator": "vi", "technology": "5G", "tests": 1, "avg_download": 67.57, "avg_quality": 75.82}}, {"type": "Feature", "geometry": {"type": "Point", "coordinates": [78.61, 26.28]}, "properties": {"operator": "jio", "technology": "5G", "tests": 1, "avg_download": 92.4, "avg_quality": 86.64}}, {"type": "Feature", "geometry": {"type": "Point", "coordinates": [83.84, 21.45]}, "properties": {"operator": "vi", "technology": "4G", "tests": 1, "avg_download": 9.03, "avg_quality": 51.87}}, {"type": "Feature", "geometry": {"type": "Point", "coordinates": [92.27, 15.83]}, "properties": {"operator": "jio", "technology": "5G", "tests": 1, "avg_download": 104.97, "avg_quality": 88.23}}, {"type": "Feature", "geometry": {"type": "Point", "coordinates": [93.28, 23.14]}, "properties": {"operator": "vi", "technology": "5G", "tests": 1, "avg_download": 71.79, "avg_quality": 48.24}}, {"type": "Feature", "geometry": {"type": "Point", "coordinates": [82.74, 30.38]}, "properties": {"operator": "airtel", "technology": "5G", "tests": 1, "avg_download": 71.55, "avg_quality": 83.78}}, {"type": "Feature", "geometry": {"type": "Point", "coordinates": [89.78, 17.5]}, "properties": {"operator": "vi", "technology": "5G", "tests": 1, "avg_download": 65.35, "avg_quality": 80.95}}, {"type": "Feature", "geometry": {"type": "Point", "coordinates": [90.24, 28.74]}, "properties": {"operator": "vi", "technology": "4G", "tests": 1, "avg_download": 20.56, "avg_quality": 68.04}}, {"type": "Feature", "geometry": {"type": "Point", "coordinates": [76.3, 34.77]}, "properties": {"operator": "vi", "technology": "4G", "tests": 1, "avg_download": 14.0, "avg_quality": 59.54}}, {"type": "Feature", "geometry": {"type": "Point", "coordinates": [91.2, 13.2]}, "properties": {"operator": "jio", "technology": "5G", "tests": 1, "avg_download": 82.21, "avg_quality": 80.8}}, {"type": "Feature", "geometry": {"type": "Point", "coordinates": [77.43, 16.18]}, "properties": {"operator": "jio", "technology": "5G", "tests": 1, "avg_download": 64.64, "avg_quality": 77.1}}, {"type": "Feature", "geometry": {"type": "Point", "coordinates": [88.84, 8.93]}, "properties": {"operator": "airtel", "technology": "4G", "tests": 1, "avg_download": 30.05, "avg_quality": 36.68}}, {"type": "Feature", "geometry": {"type": "Point", "coordinates": [70.7, 14.23]}, "properties": {"operator": "airtel", "technology": "5G", "tests": 1, "avg_download": 35.3, "avg_quality": 84.29}}, {"type": "Feature", "geometry": {"type": "Point", "coordinates": [78.01, 15.55]}, "properties": {"operator": "jio", "technology": "4G", "tests": 1, "avg_download": 26.99, "avg_quality": 72.22}}, {"type": "Feature", "geometry": {"type": "Point", "coordinates": [71.28, 27.69]}, "properties": {"operator": "airtel", "technology": "5G", "tests": 1, "avg_download": 26.51, "avg_quality": 77.82}}, {"type": "Feature", "geometry": {"type": "Point", "coordinates": [92.71, 32.14]}, "properties": {"operator": "jio", "technology": "4G", "tests": 1, "avg_download": 28.68, "avg_quality": 69.46}}, {"type": "Feature", "geometry": {"type": "Point", "coordinates": [75.29, 29.72]}, "properties": {"operator": "airtel", "technology": "5G", "tests": 1, "avg_download": 20.04, "avg_quality": 77.99}}, {"type": "Feature", "geometry": {"type": "Point", "coordinates": [89.78, 33.35]}, "properties": {"operator": "vi", "technology": "4G", "tests": 1, "avg_download": 6.08, "avg_quality": 65.03}}, {"type": "Feature", "geometry": {"type": "Point", "coordinates": [78.48, 11.12]}, "properties": {"operator": "vi", "technology": "4G", "tests": 1, "avg_download": 17.59, "avg_quality": 50.73}}, {"type": "Feature", "geometry": {"type": "Point", "coordinates": [72.85, 9.71]}, "properties": {"operator": "vi", "technology": "5G", "tests": 1, "avg_download": 87.5, "avg_quality": 81.37}}, {"type": "Feature", "geometry": {"type": "Point", "coordinates": [72.39, 18.16]}, "properties": {"operator": "jio", "technology": "4G", "tests": 1, "avg_download": 22.37, "avg_quality": 46.63}}, {"type": "Feature", "geometry": {"type": "Point", "coordinates": [82.25, 17.19]}, "properties": {"operator": "airtel", "technology": "5G", "tests": 1, "avg_download": 73.27, "avg_quality": 77.77}}, {"type": "Feature", "geometry": {"type": "Point", "coordinates": [78.29, 31.49]}, "properties": {"operator": "airtel", "technology": "4G", "tests": 1, "avg_download": 23.75, "avg_quality": 58.18}}, {"type": "Feature", "geometry": {"type": "Point", "coordinates": [82.78, 13.98]}, "properties": {"operator": "vi", "technology": "5G", "tests": 1, "avg_download": 90.92, "avg_quality": 80.74}}, {"type": "Feature", "geometry": {"type": "Point", "coordinates": [74.68, 13.36]}, "properties": {"operator": "airtel", "technology": "4G", "tests": 1, "avg_download": 19.36, "avg_quality": 33.98}}, {"type": "Feature", "geometry": {"type": "Point", "coordinates": [75.92, 34.22]}, "properties": {"operator": "vi", "technology": "4G", "tests": 1, "avg_download": 28.48, "avg_quality": 64.27}}, {"type": "Feature", "geometry": {"type": "Point", "coordinates": [69.08, 27.61]}, "properties": {"operator": "jio", "technology": "4G", "tests": 1, "avg_download": 26.32, "avg_quality": 67.9}}, {"type": "Feature", "geometry": {"type": "Point", "coordinates": [85.5, 23.41]}, "properties": {"operator": "airtel", "technology": "4G", "tests": 1, "avg_download": 29.74, "avg_quality": 71.94}}, {"type": "Feature", "geometry": {"type": "Point", "coordinates": [79.68, 10.79]}, "properties": {"operator": "vi", "technology": "4G", "tests": 1, "avg_download": 23.36, "avg_quality": 46.42}}, {"type": "Feature", "geometry": {"type": "Point", "coordinates": [77.97, 32.04]}, "properties": {"operator": "jio", "technology": "5G", "tests": 1, "avg_download": 69.91, "avg_quality": 85.46}}, {"type": "Feature", "geometry": {"type": "Point", "coordinates": [72.25, 16.31]}, "properties": {"operator": "jio", "technology": "5G", "tests": 1, "avg_download": 100.63, "avg_quality": 83.12}}, {"type": "Feature", "geometry": {"type": "Point", "coordinates": [79.25, 16.89]}, "properties": {"operator": "jio", "technology": "5G", "tests": 1, "avg_download": 80.97, "avg_quality": 86.53}}, {"type": "Feature", "geometry": {"type": "Point", "coordinates": [77.41, 14.7]}, "properties": {"operator": "vi", "technology": "5G", "tests": 1, "avg_download": 67.04, "avg_quality": 70.7}}, {"type": "Feature", "geometry": {"type": "Point", "coordinates": [89.47, 18.15]}, "properties": {"operator": "airtel", "technology": "5G", "tests": 1, "avg_download": 81.81, "avg_quality": 86.02}}, {"type": "Feature", "geometry": {"type": "Point", "coordinates": [68.64, 31.61]}, "properties": {"operator": "airtel", "technology": "4G", "tests": 1, "avg_download": 13.43, "avg_quality": 48.59}}, {"type": "Feature", "geometry": {"type": "Point", "coordinates": [70.67, 8.78]}, "properties": {"operator": "vi", "technology": "5G", "tests": 1, "avg_download": 44.19, "avg_quality": 79.57}}, {"type": "Feature", "geometry": {"type": "Point", "coordinates": [88.44, 14.54]}, "properties": {"operator": "vi", "technology": "5G", "tests": 1, "avg_download": 56.26, "avg_quality": 71.18}}, {"type": "Feature", "geometry": {"type": "Point", "coordinates": [76.62, 9.52]}, "properties": {"operator": "vi", "technology": "4G", "tests": 1, "avg_download": 24.02, "avg_quality": 55.61}}, {"type": "Feature", "geometry": {"type": "Point", "coordinates": [90.9, 23.32]}, "properties": {"operator": "vi", "technology": "5G", "tests": 1, "avg_download": 62.03, "avg_quality": 88.78}}, {"type": "Feature", "geometry": {"type": "Point", "coordinates": [68.02, 18.97]}, "properties": {"operator": "jio", "technology": "5G", "tests": 1, "avg_download": 67.2, "avg_quality": 76.87}}, {"type": "Feature", "geometry": {"type": "Point", "coordinates": [87.65, 33.31]}, "properties": {"operator": "vi", "technology": "5G", "tests": 1, "avg_download": 92.04, "avg_quality": 101.32}}, {"type": "Feature", "geometry": {"type": "Point", "coordinates": [74.09, 31.84]}, "properties": {"operator": "jio", "technology": "4G", "tests": 1, "avg_download": 31.23, "avg_quality": 45.96}}, {"type": "Feature", "geometry": {"type": "Point", "coordinates": [72.38, 18.47]}, "properties": {"operator": "vi", "technology": "5G", "tests": 1, "avg_download": 53.46, "avg_quality": 70.99}}, {"type": "Feature", "geometry": {"type": "Point", "coordinates": [70.22, 9.4]}, "properties": {"operator": "airtel", "technology": "4G", "tests": 1, "avg_download": 5.36, "avg_quality": 70.19}}, {"type": "Feature", "geometry": {"type": "Point", "coordinates": [87.82, 22.02]}, "properties": {"operator": "airtel", "technology": "5G", "tests": 1, "avg_download": 84.27, "avg_quality": 81.65}}, {"type": "Feature", "geometry": {"type": "Point", "coordinates": [74.42, 32.19]}, "properties": {"operator": "airtel", "technology": "4G", "tests": 1, "avg_download": 31.4, "avg_quality": 49.29}}, {"type": "Feature", "geometry": {"type": "Point", "coordinates": [90.82, 19.12]}, "properties": {"operator": "jio", "technology": "4G", "tests": 1, "avg_download": 27.36, "avg_quality": 66.99}}, {"type": "Feature", "geometry": {"type": "Point", "coordinates": [89.9, 18.37]}, "properties": {"operator": "airtel", "technology": "5G", "tests": 1, "avg_download": 69.18, "avg_quality": 90.18}}, {"type": "Feature", "geometry": {"type": "Point", "coordinates": [76.55, 20.61]}, "properties": {"operator": "vi", "technology": "4G", "tests": 1, "avg_download": 21.83, "avg_quality": 70.94}}, {"type": "Feature", "geometry": {"type": "Point", "coordinates": [86.59, 20.18]}, "properties": {"operator": "jio", "technology": "5G", "tests": 1, "avg_download": 64.56, "avg_quality": 69.57}}, {"type": "Feature", "geometry": {"type": "Point", "coordinates": [79.32, 33.92]}, "properties": {"operator": "jio", "technology": "5G", "tests": 1, "avg_download": 79.55, "avg_quality": 63.59}}, {"type": "Feature", "geometry": {"type": "Point", "coordinates": [92.76, 23.36]}, "properties": {"operator": "airtel", "technology": "5G", "tests": 1, "avg_download": 66.04, "avg_quality": 91.85}}, {"type": "Feature", "geometry": {"type": "Point", "coordinates": [69.18, 14.58]}, "properties": {"operator": "airtel", "technology": "5G", "tests": 1, "avg_download": 74.51, "avg_quality": 89.75}}, {"type": "Feature", "geometry": {"type": "Point", "coordinates": [86.03, 26.06]}, "properties": {"operator": "vi", "technology": "5G", "tests": 1, "avg_download": 64.91, "avg_quality": 63.03}}, {"type": "Feature", "geometry": {"type": "Point", "coordinates": [70.05, 24.07]}, "properties": {"operator": "vi", "technology": "5G", "tests": 1, "avg_download": 79.95, "avg_quality": 84.64}}, {"type": "Feature", "geometry": {"type": "Point", "coordinates": [86.75, 21.56]}, "properties": {"operator": "vi", "technology": "5G", "tests": 1, "avg_download": 53.7, "avg_quality": 79.66}}, {"type": "Feature", "geometry": {"type": "Point", "coordinates": [95.79, 22.69]}, "properties": {"operator": "vi", "technology": "5G", "tests": 1, "avg_download": 74.0, "avg_quality": 58.34}}, {"type": "Feature", "geometry": {"type": "Point", "coordinates": [86.15, 22.55]}, "properties": {"operator": "jio", "technology": "5G", "tests": 1, "avg_download": 85.53, "avg_quality": 77.11}}, {"type": "Feature", "geometry": {"type": "Point", "coordinates": [81.91, 32.84]}, "properties": {"operator": "vi", "technology": "5G", "tests": 1, "avg_download": 49.05, "avg_quality": 57.85}}, {"type": "Feature", "geometry": {"type": "Point", "coordinates": [89.7, 12.18]}, "properties": {"operator": "airtel", "technology": "5G", "tests": 1, "avg_download": 55.3, "avg_quality": 80.5}}, {"type": "Feature", "geometry": {"type": "Point", "coordinates": [87.63, 17.72]}, "properties": {"operator": "jio", "technology": "5G", "tests": 1, "avg_download": 145.0, "avg_quality": 85.93}}, {"type": "Feature", "geometry": {"type": "Point", "coordinates": [89.44, 14.74]}, "properties": {"operator": "vi", "technology": "5G", "tests": 1, "avg_download": 74.02, "avg_quality": 84.8}}, {"type": "Feature", "geometry": {"type": "Point", "coordinates": [78.34, 25.4]}, "properties": {"operator": "airtel", "technology": "4G", "tests": 1, "avg_download": 21.61, "avg_quality": 49.99}}, {"type": "Feature", "geometry": {"type": "Point", "coordinates": [75.99, 11.76]}, "properties": {"operator": "jio", "technology": "4G", "tests": 1, "avg_download": 33.69, "avg_quality": 57.47}}, {"type": "Feature", "geometry": {"type": "Point", "coordinates": [82.39, 33.34]}, "properties": {"operator": "airtel", "technology": "4G", "tests": 1, "avg_download": 15.98, "avg_quality": 70.86}}, {"type": "Feature", "geometry": {"type": "Point", "coordinates": [95.77, 19.12]}, "properties": {"operator": "jio", "technology": "5G", "tests": 1, "avg_download": 84.39, "avg_quality": 68.66}}, {"type": "Feature", "geometry": {"type": "Point", "coordinates": [72.33, 23.15]}, "properties": {"operator": "vi", "technology": "5G", "tests": 1, "avg_download": 56.6, "avg_quality": 69.92}}, {"type": "Feature", "geometry": {"type": "Point", "coordinates": [88.96, 23.93]}, "properties": {"operator": "vi", "technology": "5G", "tests": 1, "avg_download": 74.93, "avg_quality": 80.51}}, {"type": "Feature", "geometry": {"type": "Point", "coordinates": [75.68, 22.37]}, "properties": {"operator": "airtel", "technology": "4G", "tests": 1, "avg_download": 16.24, "avg_quality": 52.01}}, {"type": "Feature", "geometry": {"type": "Point", "coordinates": [91.94, 17.18]}, "properties": {"operator": "jio", "technology": "4G", "tests": 1, "avg_download": 24.15, "avg_quality": 76.26}}, {"type": "Feature", "geometry": {"type": "Point", "coordinates": [87.84, 32.73]}, "properties": {"operator": "jio", "technology": "4G", "tests": 1, "avg_download": 21.64, "avg_quality": 57.55}}, {"type": "Feature", "geometry": {"type": "Point", "coordinates": [69.33, 18.01]}, "properties": {"operator": "jio", "technology": "5G", "tests": 1, "avg_download": 106.84, "avg_quality": 83.75}}, {"type": "Feature", "geometry": {"type": "Point", "coordinates": [90.24, 26.6]}, "properties": {"operator": "vi", "technology": "4G", "tests": 1, "avg_download": 13.8, "avg_quality": 45.38}}, {"type": "Feature", "geometry": {"type": "Point", "coordinates": [89.16, 33.97]}, "properties": {"operator": "jio", "technology": "5G", "tests": 1, "avg_download": 68.09, "avg_quality": 76.57}}, {"type": "Feature", "geometry": {"type": "Point", "coordinates": [69.69, 9.4]}, "properties": {"operator": "jio", "technology": "4G", "tests": 1, "avg_download": 18.76, "avg_quality": 63.99}}, {"type": "Feature", "geometry": {"type": "Point", "coordinates": [88.52, 24.87]}, "properties": {"operator": "airtel", "technology": "5G", "tests": 1, "avg_download": 78.15, "avg_quality": 72.28}}, {"type": "Feature", "geometry": {"type": "Point", "coordinates": [94.41, 18.76]}, "properties": {"operator": "airtel", "technology": "4G", "tests": 1, "avg_download": 22.24, "avg_quality": 73.36}}, {"type": "Feature", "geometry": {"type": "Point", "coordinates": [89.54, 33.76]}, "properties": {"operator": "airtel", "technology": "5G", "tests": 1, "avg_download": 74.26, "avg_quality": 71.13}}, {"type": "Feature", "geometry": {"type": "Point", "coordinates": [72.59, 9.37]}, "properties": {"operator": "jio", "technology": "5G", "tests": 1, "avg_download": 105.7, "avg_quality": 99.37}}, {"type": "Feature", "geometry": {"type": "Point", "coordinates": [68.42, 24.29]}, "properties": {"operator": "jio", "technology": "4G", "tests": 1, "avg_download": 32.52, "avg_quality": 64.0}}, {"type": "Feature", "geometry": {"type": "Point", "coordinates": [81.26, 33.47]}, "properties": {"operator": "airtel", "technology": "4G", "tests": 1, "avg_download": 23.28, "avg_quality": 55.34}}, {"type": "Feature", "geometry": {"type": "Point", "coordinates": [77.24, 16.99]}, "properties": {"operator": "jio", "technology": "4G", "tests": 1, "avg_download": 28.79, "avg_quality": 46.88}}, {"type": "Feature", "geometry": {"type": "Point", "coordinates": [71.14, 29.8]}, "properties": {"operator": "jio", "technology": "4G", "tests": 1, "avg_download": 20.2, "avg_quality": 41.65}}, {"type": "Feature", "geometry": {"type": "Point", "coordinates": [70.69, 11.75]}, "properties": {"operator": "airtel", "technology": "5G", "tests": 1, "avg_download": 53.22, "avg_quality": 76.22}}, {"type": "Feature", "geometry": {"type": "Point", "coordinates": [71.09, 21.4]}, "properties": {"operator": "jio", "technology": "5G", "tests": 1, "avg_download": 74.76, "avg_quality": 94.29}}, {"type": "Feature", "geometry": {"type": "Point", "coordinates": [93.99, 10.91]}, "properties": {"operator": "jio", "technology": "5G", "tests": 1, "avg_download": 103.83, "avg_quality": 78.35}}, {"type": "Feature", "geometry": {"type": "Point", "coordinates": [77.63, 35.65]}, "properties": {"operator": "vi", "technology": "4G", "tests": 1, "avg_download": 17.63, "avg_quality": 60.52}}, {"type": "Feature", "geometry": {"type": "Point", "coordinates": [79.56, 33.18]}, "properties": {"operator": "airtel", "technology": "5G", "tests": 1, "avg_download": 62.7, "avg_quality": 76.71}}, {"type": "Feature", "geometry": {"type": "Point", "coordinates": [77.63, 12.14]}, "properties": {"operator": "jio", "technology": "5G", "tests": 1, "avg_download": 99.2, "avg_quality": 74.43}}, {"type": "Feature", "geometry": {"type": "Point", "coordinates": [91.15, 24.36]}, "properties": {"operator": "jio", "technology": "5G", "tests": 1, "avg_download": 88.57, "avg_quality": 72.83}}, {"type": "Feature", "geometry": {"type": "Point", "coordinates": [89.27, 31.23]}, "properties": {"operator": "airtel", "technology": "4G", "tests": 1, "avg_download": 20.54, "avg_quality": 70.02}}, {"type": "Feature", "geometry": {"type": "Point", "coordinates": [85.06, 31.31]}, "properties": {"operator": "jio", "technology": "4G", "tests": 1, "avg_download": 28.21, "avg_quality": 64.05}}, {"type": "Feature", "geometry": {"type": "Point", "coordinates": [71.05, 29.24]}, "properties": {"operator": "airtel", "technology": "5G", "tests": 1, "avg_download": 69.44, "avg_quality": 91.83}}, {"type": "Feature", "geometry": {"type": "Point", "coordinates": [69.8, 18.24]}, "properties": {"operator": "vi", "technology": "4G", "tests": 1, "avg_download": 26.15, "avg_quality": 73.82}}, {"type": "Feature", "geometry": {"type": "Point", "coordinates": [79.27, 8.26]}, "properties": {"operator": "airtel", "technology": "5G", "tests": 1, "avg_download": 50.14, "avg_quality": 75.38}}, {"type": "Feature", "geometry": {"type": "Point", "coordinates": [90.87, 31.55]}, "properties": {"operator": "jio", "technology": "5G", "tests": 1, "avg_download": 58.73, "avg_quality": 72.22}}, {"type": "Feature", "geometry": {"type": "Point", "coordinates": [80.07, 14.19]}, "properties": {"operator": "jio", "technology": "5G", "tests": 1, "avg_download": 98.38, "avg_quality": 85.41}}, {"type": "Feature", "geometry": {"type": "Point", "coordinates": [80.88, 31.83]}, "properties": {"operator": "vi", "technology": "5G", "tests": 1, "avg_download": 53.4, "avg_quality": 77.46}}, {"type": "Feature", "geometry": {"type": "Point", "coordinates": [80.01, 12.34]}, "properties": {"operator": "jio", "technology": "4G", "tests": 1, "avg_download": 17.04, "avg_quality": 55.45}}, {"type": "Feature", "geometry": {"type": "Point", "coordinates": [77.56, 17.82]}, "properties": {"operator": "airtel", "technology": "5G", "tests": 1, "avg_download": 100.03, "avg_quality": 76.83}}, {"type": "Feature", "geometry": {"type": "Point", "coordinates": [78.57, 23.38]}, "properties": {"operator": "jio", "technology": "4G", "tests": 1, "avg_download": 35.16, "avg_quality": 70.25}}, {"type": "Feature", "geometry": {"type": "Point", "coordinates": [75.29, 32.26]}, "properties": {"operator": "airtel", "technology": "5G", "tests": 1, "avg_download": 29.79, "avg_quality": 64.24}}, {"type": "Feature", "geometry": {"type": "Point", "coordinates": [92.03, 8.55]}, "properties": {"operator": "airtel", "technology": "5G", "tests": 1, "avg_download": 56.91, "avg_quality": 66.54}}, {"type": "Feature", "geometry": {"type": "Point", "coordinates": [90.76, 13.87]}, "properties": {"operator": "vi", "technology": "5G", "tests": 1, "avg_download": 95.29, "avg_quality": 90.16}}, {"type": "Feature", "geometry": {"type": "Point", "coordinates": [70.73, 28.66]}, "properties": {"operator": "jio", "technology": "4G", "tests": 1, "avg_download": 24.53, "avg_quality": 50.46}}, {"type": "Feature", "geometry": {"type": "Point", "coordinates": [91.05, 34.75]}, "properties": {"operator": "jio", "technology": "4G", "tests": 1, "avg_download": 19.62, "avg_quality": 55.22}}, {"type": "Feature", "geometry": {"type": "Point", "coordinates": [75.07, 32.29]}, "properties": {"operator": "vi", "technology": "5G", "tests": 1, "avg_download": 42.97, "avg_quality": 67.02}}, {"type": "Feature", "geometry": {"type": "Point", "coordinates": [90.9, 30.81]}, "properties": {"operator": "airtel", "technology": "5G", "tests": 1, "avg_download": 80.31, "avg_quality": 87.83}}, {"type": "Feature", "geometry": {"type": "Point", "coordinates": [79.31, 27.12]}, "properties": {"operator": "jio", "technology": "5G", "tests": 1, "avg_download": 61.57, "avg_quality": 60.92}}, {"type": "Feature", "geometry": {"type": "Point", "coordinates": [73.5, 24.6]}, "properties": {"operator": "vi", "technology": "5G", "tests": 1, "avg_download": 58.44, "avg_quality": 59.88}}, {"type": "Feature", "geometry": {"type": "Point", "coordinates": [93.51, 13.42]}, "properties": {"operator": "vi", "technology": "5G", "tests": 1, "avg_download": 70.54, "avg_quality": 53.7}}, {"type": "Feature", "geometry": {"type": "Point", "coordinates": [82.03, 34.96]}, "properties": {"operator": "airtel", "technology": "5G", "tests": 1, "avg_download": 74.48, "avg_quality": 80.03}}, {"type": "Feature", "geometry": {"type": "Point", "coordinates": [80.8, 15.36]}, "properties": {"operator": "airtel", "technology": "5G", "tests": 1, "avg_download": 127.0, "avg_quality": 85.01}}, {"type": "Feature", "geometry": {"type": "Point", "coordinates": [71.36, 14.72]}, "properties": {"operator": "vi", "technology": "4G", "tests": 1, "avg_download": 29.9, "avg_quality": 54.64}}, {"type": "Feature", "geometry": {"type": "Point", "coordinates": [92.25, 32.2]}, "properties": {"operator": "jio", "technology": "4G", "tests": 1, "avg_download": 14.5, "avg_quality": 49.34}}, {"type": "Feature", "geometry": {"type": "Point", "coordinates": [78.68, 16.66]}, "properties": {"operator": "airtel", "technology": "4G", "tests": 1, "avg_download": 26.26, "avg_quality": 59.45}}, {"type": "Feature", "geometry": {"type": "Point", "coordinates": [77.04, 14.08]}, "properties": {"operator": "airtel", "technology": "5G", "tests": 1, "avg_download": 83.46, "avg_quality": 80.4}}, {"type": "Feature", "geometry": {"type": "Point", "coordinates": [92.58, 8.93]}, "properties": {"operator": "vi", "technology": "5G", "tests": 1, "avg_download": 38.6, "avg_quality": 74.13}}, {"type": "Feature", "geometry": {"type": "Point", "coordinates": [93.45, 23.62]}, "properties": {"operator": "airtel", "technology": "4G", "tests": 1, "avg_download": 23.73, "avg_quality": 67.01}}, {"type": "Feature", "geometry": {"type": "Point", "coordinates": [81.89, 18.93]}, "properties": {"operator": "vi", "technology": "4G", "tests": 1, "avg_download": 19.7, "avg_quality": 65.65}}, {"type": "Feature", "geometry": {"type": "Point", "coordinates": [87.02, 17.65]}, "properties": {"operator": "vi", "technology": "5G", "tests": 1, "avg_download": 40.91, "avg_quality": 64.81}}, {"type": "Feature", "geometry": {"type": "Point", "coordinates": [84.52, 33.94]}, "properties": {"operator": "vi", "technology": "4G", "tests": 1, "avg_download": 18.2, "avg_quality": 55.46}}, {"type": "Feature", "geometry": {"type": "Point", "coordinates": [91.81, 25.65]}, "properties": {"operator": "airtel", "technology": "4G", "tests": 1, "avg_download": 29.38, "avg_quality": 52.13}}, {"type": "Feature", "geometry": {"type": "Point", "coordinates": [91.9, 21.15]}, "properties": {"operator": "airtel", "technology": "5G", "tests": 1, "avg_download": 69.8, "avg_quality": 65.41}}, {"type": "Feature", "geometry": {"type": "Point", "coordinates": [73.13, 20.81]}, "properties": {"operator": "jio", "technology": "4G", "tests": 1, "avg_download": 25.3, "avg_quality": 41.3}}, {"type": "Feature", "geometry": {"type": "Point", "coordinates": [83.81, 35.35]}, "properties": {"operator": "jio", "technology": "5G", "tests": 1, "avg_download": 76.35, "avg_quality": 60.36}}, {"type": "Feature", "geometry": {"type": "Point", "coordinates": [89.36, 24.07]}, "properties": {"operator": "airtel", "technology": "4G", "tests": 1, "avg_download": 21.76, "avg_quality": 34.36}}, {"type": "Feature", "geometry": {"type": "Point", "coordinates": [83.87, 33.73]}, "properties": {"operator": "vi", "technology": "4G", "tests": 1, "avg_download": 15.05, "avg_quality": 70.19}}, {"type": "Feature", "geometry": {"type": "Point", "coordinates": [85.84, 14.3]}, "properties": {"operator": "jio", "technology": "4G", "tests": 1, "avg_download": 23.6, "avg_quality": 73.05}}, {"type": "Feature", "geometry": {"type": "Point", "coordinates": [95.1, 21.1]}, "properties": {"operator": "airtel", "technology": "5G", "tests": 1, "avg_download": 109.13, "avg_quality": 76.6}}, {"type": "Feature", "geometry": {"type": "Point", "coordinates": [73.79, 30.69]}, "properties": {"operator": "vi", "technology": "4G", "tests": 1, "avg_download": 21.37, "avg_quality": 50.49}}, {"type": "Feature", "geometry": {"type": "Point", "coordinates": [93.45, 31.23]}, "properties": {"operator": "jio", "technology": "4G", "tests": 1, "avg_download": 16.13, "avg_quality": 57.32}}, {"type": "Feature", "geometry": {"type": "Point", "coordinates": [95.85, 31.66]}, "properties": {"operator": "airtel", "technology": "5G", "tests": 1, "avg_download": 31.12, "avg_quality": 71.12}}, {"type": "Feature", "geometry": {"type": "Point", "coordinates": [70.62, 32.6]}, "properties": {"operator": "jio", "technology": "4G", "tests": 1, "avg_download": 21.78, "avg_quality": 61.15}}, {"type": "Feature", "geometry": {"type": "Point", "coordinates": [80.6, 9.72]}, "properties": {"operator": "vi", "technology": "5G", "tests": 1, "avg_download": 81.59, "avg_quality": 87.19}}, {"type": "Feature", "geometry": {"type": "Point", "coordinates": [91.7, 34.48]}, "properties": {"operator": "airtel", "technology": "4G", "tests": 1, "avg_download": 18.64, "avg_quality": 55.7}}, {"type": "Feature", "geometry": {"type": "Point", "coordinates": [80.8, 28.68]}, "properties": {"operator": "jio", "technology": "4G", "tests": 1, "avg_download": 30.07, "avg_quality": 70.07}}, {"type": "Feature", "geometry": {"type": "Point", "coordinates": [94.24, 19.88]}, "properties": {"operator": "airtel", "technology": "5G", "tests": 1, "avg_download": 57.45, "avg_quality": 76.82}}, {"type": "Feature", "geometry": {"type": "Point", "coordinates": [79.05, 20.6]}, "properties": {"operator": "jio", "technology": "5G", "tests": 1, "avg_download": 74.8, "avg_quality": 86.31}}, {"type": "Feature", "geometry": {"type": "Point", "coordinates": [94.32, 25.64]}, "properties": {"operator": "airtel", "technology": "5G", "tests": 1, "avg_download": 106.1, "avg_quality": 85.38}}, {"type": "Feature", "geometry": {"type": "Point", "coordinates": [85.18, 17.33]}, "properties": {"operator": "jio", "technology": "4G", "tests": 1, "avg_download": 27.5, "avg_quality": 67.31}}, {"type": "Feature", "geometry": {"type": "Point", "coordinates": [76.14, 18.37]}, "properties": {"operator": "vi", "technology": "4G", "tests": 1, "avg_download": 22.88, "avg_quality": 61.73}}, {"type": "Feature", "geometry": {"type": "Point", "coordinates": [86.06, 19.53]}, "properties": {"operator": "airtel", "technology": "5G", "tests": 1, "avg_download": 69.82, "avg_quality": 74.56}}, {"type": "Feature", "geometry": {"type": "Point", "coordinates": [85.5, 30.9]}, "properties": {"operator": "airtel", "technology": "4G", "tests": 1, "avg_download": 19.62, "avg_quality": 77.2}}, {"type": "Feature", "geometry": {"type": "Point", "coordinates": [70.66, 33.14]}, "properties": {"operator": "airtel", "technology": "4G", "tests": 1, "avg_download": 19.35, "avg_quality": 65.78}}, {"type": "Feature", "geometry": {"type": "Point", "coordinates": [95.01, 9.74]}, "properties": {"operator": "jio", "technology": "5G", "tests": 1, "avg_download": 70.37, "avg_quality": 73.6}}, {"type": "Feature", "geometry": {"type": "Point", "coordinates": [72.76, 26.93]}, "properties": {"operator": "jio", "technology": "5G", "tests": 1, "avg_download": 91.48, "avg_quality": 87.42}}, {"type": "Feature", "geometry": {"type": "Point", "coordinates": [85.51, 28.63]}, "properties": {"operator": "jio", "technology": "5G", "tests": 1, "avg_download": 17.73, "avg_quality": 66.22}}, {"type": "Feature", "geometry": {"type": "Point", "coordinates": [69.56, 15.91]}, "properties": {"operator": "airtel", "technology": "4G", "tests": 1, "avg_download": 14.89, "avg_quality": 53.61}}, {"type": "Feature", "geometry": {"type": "Point", "coordinates": [81.82, 24.56]}, "properties": {"operator": "jio", "technology": "4G", "tests": 1, "avg_download": 23.27, "avg_quality": 59.34}}, {"type": "Feature", "geometry": {"type": "Point", "coordinates": [90.43, 10.54]}, "properties": {"operator": "jio", "technology": "5G", "tests": 1, "avg_download": 46.81, "avg_quality": 57.19}}, {"type": "Feature", "geometry": {"type": "Point", "coordinates": [69.13, 29.12]}, "properties": {"operator": "jio", "technology": "5G", "tests": 1, "avg_download": 66.41, "avg_quality": 77.36}}, {"type": "Feature", "geometry": {"type": "Point", "coordinates": [82.87, 10.29]}, "properties": {"operator": "jio", "technology": "4G", "tests": 1, "avg_download": 16.54, "avg_quality": 54.41}}, {"type": "Feature", "geometry": {"type": "Point", "coordinates": [83.84, 33.05]}, "properties": {"operator": "airtel", "technology": "4G", "tests": 1, "avg_download": 15.57, "avg_quality": 59.24}}, {"type": "Feature", "geometry": {"type": "Point", "coordinates": [70.79, 25.63]}, "properties": {"operator": "jio", "technology": "4G", "tests": 1, "avg_download": 21.38, "avg_quality": 76.22}}, {"type": "Feature", "geometry": {"type": "Point", "coordinates": [91.24, 34.43]}, "properties": {"operator": "vi", "technology": "4G", "tests": 1, "avg_download": 16.31, "avg_quality": 49.28}}, {"type": "Feature", "geometry": {"type": "Point", "coordinates": [84.77, 9.45]}, "properties": {"operator": "jio", "technology": "4G", "tests": 1, "avg_download": 20.9, "avg_quality": 46.74}}, {"type": "Feature", "geometry": {"type": "Point", "coordinates": [74.65, 26.98]}, "properties": {"operator": "jio", "technology": "4G", "tests": 1, "avg_download": 32.26, "avg_quality": 71.84}}, {"type": "Feature", "geometry": {"type": "Point", "coordinates": [82.01, 28.89]}, "properties": {"operator": "airtel", "technology": "5G", "tests": 1, "avg_download": 86.6, "avg_quality": 95.43}}, {"type": "Feature", "geometry": {"type": "Point", "coordinates": [70.13, 29.73]}, "properties": {"operator": "jio", "technology": "4G", "tests": 1, "avg_download": 23.4, "avg_quality": 45.72}}, {"type": "Feature", "geometry": {"type": "Point", "coordinates": [86.32, 32.71]}, "properties": {"operator": "airtel", "technology": "5G", "tests": 1, "avg_download": 123.27, "avg_quality": 75.83}}, {"type": "Feature", "geometry": {"type": "Point", "coordinates": [73.15, 31.92]}, "properties": {"operator": "airtel", "technology": "4G", "tests": 1, "avg_download": 23.06, "avg_quality": 39.24}}, {"type": "Feature", "geometry": {"type": "Point", "coordinates": [71.89, 24.14]}, "properties": {"operator": "jio", "technology": "4G", "tests": 1, "avg_download": 22.97, "avg_quality": 73.64}}, {"type": "Feature", "geometry": {"type": "Point", "coordinates": [85.47, 19.36]}, "properties": {"operator": "airtel", "technology": "4G", "tests": 1, "avg_download": 12.79, "avg_quality": 67.29}}, {"type": "Feature", "geometry": {"type": "Point", "coordinates": [80.59, 9.18]}, "properties": {"operator": "vi", "technology": "5G", "tests": 1, "avg_download": 41.67, "avg_quality": 70.53}}, {"type": "Feature", "geometry": {"type": "Point", "coordinates": [72.9, 27.32]}, "properties": {"operator": "jio", "technology": "4G", "tests": 1, "avg_download": 28.13, "avg_quality": 48.68}}, {"type": "Feature", "geometry": {"type": "Point", "coordinates": [91.88, 20.6]}, "properties": {"operator": "airtel", "technology": "4G", "tests": 1, "avg_download": 24.27, "avg_quality": 74.19}}, {"type": "Feature", "geometry": {"type": "Point", "coordinates": [68.4, 25.12]}, "properties": {"operator": "vi", "technology": "5G", "tests": 1, "avg_download": 72.98, "avg_quality": 71.73}}, {"type": "Feature", "geometry": {"type": "Point", "coordinates": [84.23, 25.57]}, "properties": {"operator": "jio", "technology": "5G", "tests": 1, "avg_download": 53.06, "avg_quality": 59.74}}, {"type": "Feature", "geometry": {"type": "Point", "coordinates": [88.67, 9.95]}, "properties": {"operator": "jio", "technology": "5G", "tests": 1, "avg_download": 79.75, "avg_quality": 79.19}}, {"type": "Feature", "geometry": {"type": "Point", "coordinates": [93.71, 33.36]}, "properties": {"operator": "jio", "technology": "5G", "tests": 1, "avg_download": 51.74, "avg_quality": 79.8}}, {"type": "Feature", "geometry": {"type": "Point", "coordinates": [95.25, 30.57]}, "properties": {"operator": "vi", "technology": "4G", "tests": 1, "avg_download": 19.56, "avg_quality": 61.44}}, {"type": "Feature", "geometry": {"type": "Point", "coordinates": [76.85, 15.77]}, "properties": {"operator": "airtel", "technology": "4G", "tests": 1, "avg_download": 24.56, "avg_quality": 74.81}}, {"type": "Feature", "geometry": {"type": "Point", "coordinates": [94.04, 18.81]}, "properties": {"operator": "airtel", "technology": "5G", "tests": 1, "avg_download": 85.44, "avg_quality": 74.25}}, {"type": "Feature", "geometry": {"type": "Point", "coordinates": [86.4, 8.61]}, "properties": {"operator": "airtel", "technology": "5G", "tests": 1, "avg_download": 115.37, "avg_quality": 87.98}}, {"type": "Feature", "geometry": {"type": "Point", "coordinates": [77.45, 12.48]}, "properties": {"operator": "airtel", "technology": "4G", "tests": 1, "avg_download": 27.61, "avg_quality": 65.0}}, {"type": "Feature", "geometry": {"type": "Point", "coordinates": [68.99, 30.17]}, "properties": {"operator": "jio", "technology": "4G", "tests": 1, "avg_download": 40.37, "avg_quality": 55.2}}, {"type": "Feature", "geometry": {"type": "Point", "coordinates": [83.77, 27.38]}, "properties": {"operator": "airtel", "technology": "4G", "tests": 1, "avg_download": 18.68, "avg_quality": 53.66}}, {"type": "Feature", "geometry": {"type": "Point", "coordinates": [73.01, 27.64]}, "properties": {"operator": "jio", "technology": "5G", "tests": 1, "avg_download": 60.2, "avg_quality": 89.24}}, {"type": "Feature", "geometry": {"type": "Point", "coordinates": [69.25, 12.08]}, "properties": {"operator": "vi", "technology": "4G", "tests": 1, "avg_download": 7.09, "avg_quality": 43.37}}, {"type": "Feature", "geometry": {"type": "Point", "coordinates": [85.96, 11.42]}, "properties": {"operator": "jio", "technology": "4G", "tests": 1, "avg_download": 16.64, "avg_quality": 42.2}}, {"type": "Feature", "geometry": {"type": "Point", "coordinates": [89.66, 12.58]}, "properties": {"operator": "jio", "technology": "5G", "tests": 1, "avg_download": 89.71, "avg_quality": 83.7}}, {"type": "Feature", "geometry": {"type": "Point", "coordinates": [84.23, 33.38]}, "properties": {"operator": "vi", "technology": "4G", "tests": 1, "avg_download": 21.04, "avg_quality": 70.06}}, {"type": "Feature", "geometry": {"type": "Point", "coordinates": [72.26, 35.42]}, "properties": {"operator": "jio", "technology": "4G", "tests": 1, "avg_download": 23.81, "avg_quality": 69.92}}, {"type": "Feature", "geometry": {"type": "Point", "coordinates": [80.25, 13.77]}, "properties": {"operator": "vi", "technology": "4G", "tests": 1, "avg_download": 13.85, "avg_quality": 54.19}}, {"type": "Feature", "geometry": {"type": "Point", "coordinates": [79.01, 27.47]}, "properties": {"operator": "jio", "technology": "5G", "tests": 1, "avg_download": 93.06, "avg_quality": 93.62}}, {"type": "Feature", "geometry": {"type": "Point", "coordinates": [81.8, 34.93]}, "properties": {"operator": "vi", "technology": "4G", "tests": 1, "avg_download": 13.01, "avg_quality": 66.22}}, {"type": "Feature", "geometry": {"type": "Point", "coordinates": [86.6, 27.18]}, "properties": {"operator": "vi", "technology": "4G", "tests": 1, "avg_download": 24.56, "avg_quality": 63.91}}, {"type": "Feature", "geometry": {"type": "Point", "coordinates": [85.93, 29.87]}, "properties": {"operator": "airtel", "technology": "4G", "tests": 1, "avg_download": 29.35, "avg_quality": 68.57}}, {"type": "Feature", "geometry": {"type": "Point", "coordinates": [74.1, 27.97]}, "properties": {"operator": "vi", "technology": "5G", "tests": 1, "avg_download": 51.96, "avg_quality": 80.15}}, {"type": "Feature", "geometry": {"type": "Point", "coordinates": [91.86, 19.4]}, "properties": {"operator": "jio", "technology": "5G", "tests": 1, "avg_download": 114.05, "avg_quality": 98.09}}, {"type": "Feature", "geometry": {"type": "Point", "coordinates": [69.89, 21.95]}, "properties": {"operator": "jio", "technology": "4G", "tests": 1, "avg_download": 23.6, "avg_quality": 63.08}}, {"type": "Feature", "geometry": {"type": "Point", "coordinates": [78.52, 30.17]}, "properties": {"operator": "jio", "technology": "4G", "tests": 1, "avg_download": 27.69, "avg_quality": 63.23}}, {"type": "Feature", "geometry": {"type": "Point", "coordinates": [92.2, 29.57]}, "properties": {"operator": "airtel", "technology": "4G", "tests": 1, "avg_download": 19.46, "avg_quality": 54.49}}, {"type": "Feature", "geometry": {"type": "Point", "coordinates": [78.25, 18.15]}, "properties": {"operator": "airtel", "technology": "4G", "tests": 1, "avg_download": 21.71, "avg_quality": 65.58}}, {"type": "Feature", "geometry": {"type": "Point", "coordinates": [74.47, 15.0]}, "properties": {"operator": "vi", "technology": "4G", "tests": 1, "avg_download": 32.12, "avg_quality": 43.87}}, {"type": "Feature", "geometry": {"type": "Point", "coordinates": [81.18, 16.75]}, "properties": {"operator": "jio", "technology": "4G", "tests": 1, "avg_download": 23.46, "avg_quality": 65.1}}, {"type": "Feature", "geometry": {"type": "Point", "coordinates": [79.32, 19.14]}, "properties": {"operator": "jio", "technology": "4G", "tests": 1, "avg_download": 18.79, "avg_quality": 55.64}}, {"type": "Feature", "geometry": {"type": "Point", "coordinates": [91.99, 26.49]}, "properties": {"operator": "airtel", "technology": "4G", "tests": 1, "avg_download": 14.48, "avg_quality": 64.99}}, {"type": "Feature", "geometry": {"type": "Point", "coordinates": [95.89, 15.53]}, "properties": {"operator": "jio", "technology": "5G", "tests": 1, "avg_download": 86.5, "avg_quality": 68.01}}, {"type": "Feature", "geometry": {"type": "Point", "coordinates": [88.65, 21.81]}, "properties": {"operator": "jio", "technology": "4G", "tests": 1, "avg_download": 21.71, "avg_quality": 49.34}}, {"type": "Feature", "geometry": {"type": "Point", "coordinates": [85.76, 35.6]}, "properties": {"operator": "vi", "technology": "4G", "tests": 1, "avg_download": 24.55, "avg_quality": 74.68}}, {"type": "Feature", "geometry": {"type": "Point", "coordinates": [73.1, 30.73]}, "properties": {"operator": "vi", "technology": "4G", "tests": 1, "avg_download": 23.25, "avg_quality": 59.17}}, {"type": "Feature", "geometry": {"type": "Point", "coordinates": [76.98, 15.76]}, "properties": {"operator": "vi", "technology": "4G", "tests": 1, "avg_download": 10.57, "avg_quality": 64.61}}, {"type": "Feature", "geometry": {"type": "Point", "coordinates": [70.97, 27.15]}, "properties": {"operator": "airtel", "technology": "5G", "tests": 1, "avg_download": 64.95, "avg_quality": 83.15}}, {"type": "Feature", "geometry": {"type": "Point", "coordinates": [91.52, 33.51]}, "properties": {"operator": "vi", "technology": "4G", "tests": 1, "avg_download": 12.65, "avg_quality": 56.14}}, {"type": "Feature", "geometry": {"type": "Point", "coordinates": [75.42, 9.58]}, "properties": {"operator": "vi", "technology": "5G", "tests": 1, "avg_download": 65.56, "avg_quality": 67.74}}, {"type": "Feature", "geometry": {"type": "Point", "coordinates": [68.86, 35.39]}, "properties": {"operator": "airtel", "technology": "5G", "tests": 1, "avg_download": 40.92, "avg_quality": 69.25}}, {"type": "Feature", "geometry": {"type": "Point", "coordinates": [92.1, 33.78]}, "properties": {"operator": "airtel", "technology": "4G", "tests": 1, "avg_download": 27.52, "avg_quality": 58.99}}, {"type": "Feature", "geometry": {"type": "Point", "coordinates": [72.68, 22.71]}, "properties": {"operator": "jio", "technology": "5G", "tests": 1, "avg_download": 104.61, "avg_quality": 97.91}}, {"type": "Feature", "geometry": {"type": "Point", "coordinates": [87.92, 33.49]}, "properties": {"operator": "airtel", "technology": "5G", "tests": 1, "avg_download": 84.78, "avg_quality": 90.79}}, {"type": "Feature", "geometry": {"type": "Point", "coordinates": [82.5, 23.17]}, "properties": {"operator": "airtel", "technology": "4G", "tests": 1, "avg_download": 17.92, "avg_quality": 75.08}}, {"type": "Feature", "geometry": {"type": "Point", "coordinates": [92.69, 13.15]}, "properties": {"operator": "jio", "technology": "5G", "tests": 1, "avg_download": 139.59, "avg_quality": 103.12}}, {"type": "Feature", "geometry": {"type": "Point", "coordinates": [95.92, 9.41]}, "properties": {"operator": "jio", "technology": "5G", "tests": 1, "avg_download": 84.84, "avg_quality": 77.85}}, {"type": "Feature", "geometry": {"type": "Point", "coordinates": [73.98, 21.92]}, "properties": {"operator": "vi", "technology": "4G", "tests": 1, "avg_download": 17.25, "avg_quality": 64.96}}, {"type": "Feature", "geometry": {"type": "Point", "coordinates": [82.83, 27.17]}, "properties": {"operator": "vi", "technology": "4G", "tests": 1, "avg_download": 19.67, "avg_quality": 45.21}}, {"type": "Feature", "geometry": {"type": "Point", "coordinates": [77.1, 23.17]}, "properties": {"operator": "jio", "technology": "4G", "tests": 1, "avg_download": 22.11, "avg_quality": 60.3}}, {"type": "Feature", "geometry": {"type": "Point", "coordinates": [86.45, 26.82]}, "properties": {"operator": "jio", "technology": "4G", "tests": 1, "avg_download": 21.39, "avg_quality": 69.55}}, {"type": "Feature", "geometry": {"type": "Point", "coordinates": [81.47, 22.23]}, "properties": {"operator": "vi", "technology": "4G", "tests": 1, "avg_download": 16.52, "avg_quality": 68.93}}, {"type": "Feature", "geometry": {"type": "Point", "coordinates": [74.57, 8.9]}, "properties": {"operator": "airtel", "technology": "4G", "tests": 1, "avg_download": 28.94, "avg_quality": 73.49}}, {"type": "Feature", "geometry": {"type": "Point", "coordinates": [74.21, 20.16]}, "properties": {"operator": "jio", "technology": "5G", "tests": 1, "avg_download": 107.7, "avg_quality": 83.33}}, {"type": "Feature", "geometry": {"type": "Point", "coordinates": [74.42, 14.96]}, "properties": {"operator": "vi", "technology": "4G", "tests": 1, "avg_download": 9.55, "avg_quality": 71.84}}, {"type": "Feature", "geometry": {"type": "Point", "coordinates": [84.88, 19.29]}, "properties": {"operator": "vi", "technology": "4G", "tests": 1, "avg_download": 12.73, "avg_quality": 64.6}}, {"type": "Feature", "geometry": {"type": "Point", "coordinates": [85.01, 34.61]}, "properties": {"operator": "vi", "technology": "5G", "tests": 1, "avg_download": 62.46, "avg_quality": 71.65}}, {"type": "Feature", "geometry": {"type": "Point", "coordinates": [72.73, 25.73]}, "properties": {"operator": "vi", "technology": "4G", "tests": 1, "avg_download": 20.56, "avg_quality": 72.31}}, {"type": "Feature", "geometry": {"type": "Point", "coordinates": [70.77, 14.28]}, "properties": {"operator": "jio", "technology": "4G", "tests": 1, "avg_download": 22.06, "avg_quality": 74.52}}, {"type": "Feature", "geometry": {"type": "Point", "coordinates": [70.98, 12.05]}, "properties": {"operator": "vi", "technology": "4G", "tests": 1, "avg_download": 26.2, "avg_quality": 69.25}}, {"type": "Feature", "geometry": {"type": "Point", "coordinates": [92.7, 27.73]}, "properties": {"operator": "jio", "technology": "5G", "tests": 1, "avg_download": 113.12, "avg_quality": 102.7}}, {"type": "Feature", "geometry": {"type": "Point", "coordinates": [70.9, 26.35]}, "properties": {"operator": "jio", "technology": "5G", "tests": 1, "avg_download": 53.53, "avg_quality": 70.74}}, {"type": "Feature", "geometry": {"type": "Point", "coordinates": [72.88, 24.68]}, "properties": {"operator": "airtel", "technology": "4G", "tests": 1, "avg_download": 29.41, "avg_quality": 66.69}}, {"type": "Feature", "geometry": {"type": "Point", "coordinates": [91.75, 10.82]}, "properties": {"operator": "vi", "technology": "5G", "tests": 1, "avg_download": 74.17, "avg_quality": 53.59}}, {"type": "Feature", "geometry": {"type": "Point", "coordinates": [89.68, 16.53]}, "properties": {"operator": "vi", "technology": "4G", "tests": 1, "avg_download": 19.28, "avg_quality": 46.09}}, {"type": "Feature", "geometry": {"type": "Point", "coordinates": [80.82, 16.73]}, "properties": {"operator": "vi", "technology": "4G", "tests": 1, "avg_download": 24.99, "avg_quality": 52.35}}, {"type": "Feature", "geometry": {"type": "Point", "coordinates": [84.36, 9.6]}, "properties": {"operator": "vi", "technology": "4G", "tests": 1, "avg_download": 20.56, "avg_quality": 65.01}}, {"type": "Feature", "geometry": {"type": "Point", "coordinates": [90.03, 13.37]}, "properties": {"operator": "jio", "technology": "5G", "tests": 1, "avg_download": 87.21, "avg_quality": 83.63}}, {"type": "Feature", "geometry": {"type": "Point", "coordinates": [84.1, 26.0]}, "properties": {"operator": "jio", "technology": "5G", "tests": 1, "avg_download": 62.32, "avg_quality": 92.71}}, {"type": "Feature", "geometry": {"type": "Point", "coordinates": [73.91, 18.72]}, "properties": {"operator": "jio", "technology": "4G", "tests": 1, "avg_download": 22.24, "avg_quality": 69.94}}, {"type": "Feature", "geometry": {"type": "Point", "coordinates": [71.96, 22.13]}, "properties": {"operator": "vi", "technology": "4G", "tests": 1, "avg_download": 26.19, "avg_quality": 34.07}}, {"type": "Feature", "geometry": {"type": "Point", "coordinates": [80.69, 13.91]}, "properties": {"operator": "vi", "technology": "4G", "tests": 1, "avg_download": 23.14, "avg_quality": 50.75}}, {"type": "Feature", "geometry": {"type": "Point", "coordinates": [77.44, 23.31]}, "properties": {"operator": "airtel", "technology": "4G", "tests": 1, "avg_download": 30.26, "avg_quality": 50.13}}, {"type": "Feature", "geometry": {"type": "Point", "coordinates": [84.64, 28.23]}, "properties": {"operator": "vi", "technology": "5G", "tests": 1, "avg_download": 72.6, "avg_quality": 89.98}}, {"type": "Feature", "geometry": {"type": "Point", "coordinates": [70.95, 29.09]}, "properties": {"operator": "airtel", "technology": "4G", "tests": 1, "avg_download": 26.84, "avg_quality": 68.34}}, {"type": "Feature", "geometry": {"type": "Point", "coordinates": [74.94, 18.27]}, "properties": {"operator": "airtel", "technology": "5G", "tests": 1, "avg_download": 76.19, "avg_quality": 63.37}}, {"type": "Feature", "geometry": {"type": "Point", "coordinates": [80.1, 23.7]}, "properties": {"operator": "jio", "technology": "4G", "tests": 1, "avg_download": 21.97, "avg_quality": 59.3}}, {"type": "Feature", "geometry": {"type": "Point", "coordinates": [84.77, 27.95]}, "properties": {"operator": "vi", "technology": "4G", "tests": 1, "avg_download": 21.95, "avg_quality": 56.54}}, {"type": "Feature", "geometry": {"type": "Point", "coordinates": [69.9, 31.68]}, "properties": {"operator": "airtel", "technology": "5G", "tests": 1, "avg_download": 54.63, "avg_quality": 65.39}}, {"type": "Feature", "geometry": {"type": "Point", "coordinates": [86.23, 26.25]}, "properties": {"operator": "jio", "technology": "5G", "tests": 1, "avg_download": 56.9, "avg_quality": 88.68}}, {"type": "Feature", "geometry": {"type": "Point", "coordinates": [73.56, 26.64]}, "properties": {"operator": "vi", "technology": "5G", "tests": 1, "avg_download": 61.23, "avg_quality": 71.48}}, {"type": "Feature", "geometry": {"type": "Point", "coordinates": [89.44, 32.25]}, "properties": {"operator": "airtel", "technology": "5G", "tests": 1, "avg_download": 79.79, "avg_quality": 94.47}}, {"type": "Feature", "geometry": {"type": "Point", "coordinates": [68.21, 17.01]}, "properties": {"operator": "jio", "technology": "5G", "tests": 1, "avg_download": 123.69, "avg_quality": 94.61}}, {"type": "Feature", "geometry": {"type": "Point", "coordinates": [95.91, 12.4]}, "properties": {"operator": "jio", "technology": "4G", "tests": 1, "avg_download": 31.64, "avg_quality": 78.19}}, {"type": "Feature", "geometry": {"type": "Point", "coordinates": [90.23, 20.49]}, "properties": {"operator": "airtel", "technology": "5G", "tests": 1, "avg_download": 72.65, "avg_quality": 66.49}}, {"type": "Feature", "geometry": {"type": "Point", "coordinates": [91.89, 35.03]}, "properties": {"operator": "airtel", "technology": "4G", "tests": 1, "avg_download": 30.62, "avg_quality": 69.56}}, {"type": "Feature", "geometry": {"type": "Point", "coordinates": [73.45, 32.84]}, "properties": {"operator": "vi", "technology": "5G", "tests": 1, "avg_download": 54.48, "avg_quality": 77.78}}, {"type": "Feature", "geometry": {"type": "Point", "coordinates": [69.85, 13.36]}, "properties": {"operator": "airtel", "technology": "4G", "tests": 1, "avg_download": 22.07, "avg_quality": 62.46}}, {"type": "Feature", "geometry": {"type": "Point", "coordinates": [87.22, 35.5]}, "properties": {"operator": "vi", "technology": "5G", "tests": 1, "avg_download": 59.46, "avg_quality": 85.21}}, {"type": "Feature", "geometry": {"type": "Point", "coordinates": [75.39, 10.35]}, "properties": {"operator": "airtel", "technology": "5G", "tests": 1, "avg_download": 73.56, "avg_quality": 79.32}}, {"type": "Feature", "geometry": {"type": "Point", "coordinates": [81.12, 15.94]}, "properties": {"operator": "airtel", "technology": "4G", "tests": 1, "avg_download": 21.45, "avg_quality": 73.66}}, {"type": "Feature", "geometry": {"type": "Point", "coordinates": [91.21, 35.76]}, "properties": {"operator": "vi", "technology": "4G", "tests": 1, "avg_download": 29.29, "avg_quality": 60.42}}, {"type": "Feature", "geometry": {"type": "Point", "coordinates": [92.38, 25.6]}, "properties": {"operator": "jio", "technology": "4G", "tests": 1, "avg_download": 19.67, "avg_quality": 52.95}}, {"type": "Feature", "geometry": {"type": "Point", "coordinates": [77.26, 11.1]}, "properties": {"operator": "jio", "technology": "5G", "tests": 1, "avg_download": 92.24, "avg_quality": 89.42}}, {"type": "Feature", "geometry": {"type": "Point", "coordinates": [72.16, 24.35]}, "properties": {"operator": "airtel", "technology": "4G", "tests": 1, "avg_download": 22.44, "avg_quality": 58.6}}, {"type": "Feature", "geometry": {"type": "Point", "coordinates": [84.83, 29.95]}, "properties": {"operator": "jio", "technology": "4G", "tests": 1, "avg_download": 35.94, "avg_quality": 61.41}}, {"type": "Feature", "geometry": {"type": "Point", "coordinates": [90.7, 16.87]}, "properties": {"operator": "vi", "technology": "5G", "tests": 1, "avg_download": 30.47, "avg_quality": 38.74}}, {"type": "Feature", "geometry": {"type": "Point", "coordinates": [92.6, 29.2]}, "properties": {"operator": "vi", "technology": "5G", "tests": 1, "avg_download": 105.76, "avg_quality": 73.76}}, {"type": "Feature", "geometry": {"type": "Point", "coordinates": [75.18, 14.72]}, "properties": {"operator": "vi", "technology": "4G", "tests": 1, "avg_download": 26.86, "avg_quality": 66.16}}, {"type": "Feature", "geometry": {"type": "Point", "coordinates": [73.75, 8.94]}, "properties": {"operator": "vi", "technology": "5G", "tests": 1, "avg_download": 37.22, "avg_quality": 82.55}}, {"type": "Feature", "geometry": {"type": "Point", "coordinates": [92.97, 19.88]}, "properties": {"operator": "jio", "technology": "4G", "tests": 1, "avg_download": 34.73, "avg_quality": 80.82}}, {"type": "Feature", "geometry": {"type": "Point", "coordinates": [72.28, 19.4]}, "properties": {"operator": "airtel", "technology": "4G", "tests": 1, "avg_download": 19.53, "avg_quality": 73.51}}, {"type": "Feature", "geometry": {"type": "Point", "coordinates": [79.75, 17.44]}, "properties": {"operator": "vi", "technology": "4G", "tests": 1, "avg_download": 22.39, "avg_quality": 71.18}}, {"type": "Feature", "geometry": {"type": "Point", "coordinates": [84.24, 27.05]}, "properties": {"operator": "vi", "technology": "4G", "tests": 1, "avg_download": 16.73, "avg_quality": 59.24}}, {"type": "Feature", "geometry": {"type": "Point", "coordinates": [76.42, 17.82]}, "properties": {"operator": "jio", "technology": "5G", "tests": 1, "avg_download": 54.53, "avg_quality": 50.47}}, {"type": "Feature", "geometry": {"type": "Point", "coordinates": [70.81, 13.55]}, "properties": {"operator": "vi", "technology": "5G", "tests": 1, "avg_download": 57.62, "avg_quality": 58.02}}, {"type": "Feature", "geometry": {"type": "Point", "coordinates": [85.17, 19.73]}, "properties": {"operator": "airtel", "technology": "4G", "tests": 1, "avg_download": 18.26, "avg_quality": 61.2}}, {"type": "Feature", "geometry": {"type": "Point", "coordinates": [91.52, 35.11]}, "properties": {"operator": "jio", "technology": "5G", "tests": 1, "avg_download": 72.38, "avg_quality": 80.0}}, {"type": "Feature", "geometry": {"type": "Point", "coordinates": [80.03, 17.24]}, "properties": {"operator": "airtel", "technology": "5G", "tests": 1, "avg_download": 67.62, "avg_quality": 77.3}}, {"type": "Feature", "geometry": {"type": "Point", "coordinates": [80.28, 29.0]}, "properties": {"operator": "jio", "technology": "5G", "tests": 1, "avg_download": 76.24, "avg_quality": 96.02}}, {"type": "Feature", "geometry": {"type": "Point", "coordinates": [95.28, 18.64]}, "properties": {"operator": "vi", "technology": "5G", "tests": 1, "avg_download": 62.24, "avg_quality": 54.49}}, {"type": "Feature", "geometry": {"type": "Point", "coordinates": [88.13, 14.85]}, "properties": {"operator": "vi", "technology": "5G", "tests": 1, "avg_download": 59.47, "avg_quality": 70.59}}, {"type": "Feature", "geometry": {"type": "Point", "coordinates": [91.54, 21.42]}, "properties": {"operator": "airtel", "technology": "5G", "tests": 1, "avg_download": 100.63, "avg_quality": 83.64}}, {"type": "Feature", "geometry": {"type": "Point", "coordinates": [93.22, 21.33]}, "properties": {"operator": "jio", "technology": "5G", "tests": 1, "avg_download": 119.9, "avg_quality": 78.74}}, {"type": "Feature", "geometry": {"type": "Point", "coordinates": [70.52, 28.74]}, "properties": {"operator": "jio", "technology": "4G", "tests": 1, "avg_download": 29.0, "avg_quality": 53.07}}, {"type": "Feature", "geometry": {"type": "Point", "coordinates": [94.09, 24.38]}, "properties": {"operator": "jio", "technology": "4G", "tests": 1, "avg_download": 30.62, "avg_quality": 65.57}}, {"type": "Feature", "geometry": {"type": "Point", "coordinates": [90.11, 32.03]}, "properties": {"operator": "jio", "technology": "5G", "tests": 1, "avg_download": 107.66, "avg_quality": 73.63}}, {"type": "Feature", "geometry": {"type": "Point", "coordinates": [91.96, 32.75]}, "properties": {"operator": "jio", "technology": "5G", "tests": 1, "avg_download": 83.55, "avg_quality": 89.85}}, {"type": "Feature", "geometry": {"type": "Point", "coordinates": [73.31, 11.37]}, "properties": {"operator": "vi", "technology": "4G", "tests": 1, "avg_download": 13.6, "avg_quality": 75.8}}, {"type": "Feature", "geometry": {"type": "Point", "coordinates": [72.75, 10.68]}, "properties": {"operator": "jio", "technology": "4G", "tests": 1, "avg_download": 24.75, "avg_quality": 77.88}}, {"type": "Feature", "geometry": {"type": "Point", "coordinates": [70.81, 26.38]}, "properties": {"operator": "airtel", "technology": "5G", "tests": 1, "avg_download": 116.3, "avg_quality": 88.73}}, {"type": "Feature", "geometry": {"type": "Point", "coordinates": [81.8, 12.37]}, "properties": {"operator": "vi", "technology": "5G", "tests": 1, "avg_download": 60.19, "avg_quality": 74.95}}, {"type": "Feature", "geometry": {"type": "Point", "coordinates": [70.58, 22.58]}, "properties": {"operator": "airtel", "technology": "5G", "tests": 1, "avg_download": 104.83, "avg_quality": 72.22}}, {"type": "Feature", "geometry": {"type": "Point", "coordinates": [69.12, 10.93]}, "properties": {"operator": "airtel", "technology": "4G", "tests": 1, "avg_download": 8.47, "avg_quality": 66.9}}, {"type": "Feature", "geometry": {"type": "Point", "coordinates": [72.3, 23.26]}, "properties": {"operator": "jio", "technology": "5G", "tests": 1, "avg_download": 62.39, "avg_quality": 84.0}}, {"type": "Feature", "geometry": {"type": "Point", "coordinates": [87.58, 19.17]}, "properties": {"operator": "vi", "technology": "5G", "tests": 1, "avg_download": 18.4, "avg_quality": 76.26}}, {"type": "Feature", "geometry": {"type": "Point", "coordinates": [70.73, 27.09]}, "properties": {"operator": "airtel", "technology": "4G", "tests": 1, "avg_download": 19.02, "avg_quality": 59.78}}, {"type": "Feature", "geometry": {"type": "Point", "coordinates": [75.97, 11.17]}, "properties": {"operator": "vi", "technology": "5G", "tests": 1, "avg_download": 91.05, "avg_quality": 91.3}}, {"type": "Feature", "geometry": {"type": "Point", "coordinates": [90.8, 8.35]}, "properties": {"operator": "vi", "technology": "4G", "tests": 1, "avg_download": 19.24, "avg_quality": 60.62}}, {"type": "Feature", "geometry": {"type": "Point", "coordinates": [91.76, 23.09]}, "properties": {"operator": "airtel", "technology": "5G", "tests": 1, "avg_download": 23.72, "avg_quality": 59.13}}, {"type": "Feature", "geometry": {"type": "Point", "coordinates": [70.41, 28.09]}, "properties": {"operator": "jio", "technology": "4G", "tests": 1, "avg_download": 35.54, "avg_quality": 78.39}}, {"type": "Feature", "geometry": {"type": "Point", "coordinates": [90.97, 18.11]}, "properties": {"operator": "airtel", "technology": "5G", "tests": 1, "avg_download": 18.98, "avg_quality": 42.58}}, {"type": "Feature", "geometry": {"type": "Point", "coordinates": [73.35, 27.73]}, "properties": {"operator": "airtel", "technology": "5G", "tests": 1, "avg_download": 70.46, "avg_quality": 84.53}}, {"type": "Feature", "geometry": {"type": "Point", "coordinates": [92.76, 28.94]}, "properties": {"operator": "airtel", "technology": "5G", "tests": 1, "avg_download": 64.87, "avg_quality": 61.18}}, {"type": "Feature", "geometry": {"type": "Point", "coordinates": [70.86, 27.49]}, "properties": {"operator": "jio", "technology": "4G", "tests": 1, "avg_download": 35.46, "avg_quality": 83.3}}, {"type": "Feature", "geometry": {"type": "Point", "coordinates": [86.37, 15.85]}, "properties": {"operator": "airtel", "technology": "5G", "tests": 1, "avg_download": 59.94, "avg_quality": 82.31}}, {"type": "Feature", "geometry": {"type": "Point", "coordinates": [72.54, 17.95]}, "properties": {"operator": "vi", "technology": "4G", "tests": 1, "avg_download": 19.02, "avg_quality": 69.31}}, {"type": "Feature", "geometry": {"type": "Point", "coordinates": [79.4, 34.56]}, "properties": {"operator": "airtel", "technology": "5G", "tests": 1, "avg_download": 80.16, "avg_quality": 65.39}}, {"type": "Feature", "geometry": {"type": "Point", "coordinates": [85.66, 23.13]}, "properties": {"operator": "vi", "technology": "4G", "tests": 1, "avg_download": 21.14, "avg_quality": 50.16}}, {"type": "Feature", "geometry": {"type": "Point", "coordinates": [72.85, 10.65]}, "properties": {"operator": "vi", "technology": "4G", "tests": 1, "avg_download": 27.36, "avg_quality": 69.12}}, {"type": "Feature", "geometry": {"type": "Point", "coordinates": [78.12, 33.67]}, "properties": {"operator": "airtel", "technology": "4G", "tests": 1, "avg_download": 28.39, "avg_quality": 60.82}}, {"type": "Feature", "geometry": {"type": "Point", "coordinates": [73.5, 17.94]}, "properties": {"operator": "airtel", "technology": "4G", "tests": 1, "avg_download": 17.58, "avg_quality": 67.32}}, {"type": "Feature", "geometry": {"type": "Point", "coordinates": [81.5, 23.75]}, "properties": {"operator": "vi", "technology": "4G", "tests": 1, "avg_download": 12.99, "avg_quality": 44.57}}, {"type": "Feature", "geometry": {"type": "Point", "coordinates": [80.98, 30.75]}, "properties": {"operator": "airtel", "technology": "5G", "tests": 1, "avg_download": 84.06, "avg_quality": 87.69}}, {"type": "Feature", "geometry": {"type": "Point", "coordinates": [78.76, 32.76]}, "properties": {"operator": "jio", "technology": "5G", "tests": 1, "avg_download": 74.15, "avg_quality": 79.59}}, {"type": "Feature", "geometry": {"type": "Point", "coordinates": [84.61, 21.95]}, "properties": {"operator": "airtel", "technology": "5G", "tests": 1, "avg_download": 79.85, "avg_quality": 75.05}}, {"type": "Feature", "geometry": {"type": "Point", "coordinates": [79.42, 31.19]}, "properties": {"operator": "vi", "technology": "5G", "tests": 1, "avg_download": 59.99, "avg_quality": 87.42}}, {"type": "Feature", "geometry": {"type": "Point", "coordinates": [81.92, 10.33]}, "properties": {"operator": "vi", "technology": "5G", "tests": 1, "avg_download": 19.42, "avg_quality": 45.71}}, {"type": "Feature", "geometry": {"type": "Point", "coordinates": [80.08, 26.06]}, "properties": {"operator": "vi", "technology": "5G", "tests": 1, "avg_download": 52.88, "avg_quality": 71.12}}, {"type": "Feature", "geometry": {"type": "Point", "coordinates": [69.19, 11.88]}, "properties": {"operator": "jio", "technology": "5G", "tests": 1, "avg_download": 106.16, "avg_quality": 96.08}}, {"type": "Feature", "geometry": {"type": "Point", "coordinates": [68.24, 19.08]}, "properties": {"operator": "airtel", "technology": "5G", "tests": 1, "avg_download": 46.08, "avg_quality": 61.26}}, {"type": "Feature", "geometry": {"type": "Point", "coordinates": [76.93, 24.43]}, "properties": {"operator": "airtel", "technology": "5G", "tests": 1, "avg_download": 87.36, "avg_quality": 67.52}}, {"type": "Feature", "geometry": {"type": "Point", "coordinates": [75.19, 33.19]}, "properties": {"operator": "airtel", "technology": "5G", "tests": 1, "avg_download": 78.91, "avg_quality": 56.99}}, {"type": "Feature", "geometry": {"type": "Point", "coordinates": [68.76, 29.35]}, "properties": {"operator": "jio", "technology": "5G", "tests": 1, "avg_download": 57.77, "avg_quality": 81.09}}, {"type": "Feature", "geometry": {"type": "Point", "coordinates": [79.45, 29.55]}, "properties": {"operator": "jio", "technology": "5G", "tests": 1, "avg_download": 114.19, "avg_quality": 75.31}}, {"type": "Feature", "geometry": {"type": "Point", "coordinates": [95.39, 11.76]}, "properties": {"operator": "jio", "technology": "4G", "tests": 1, "avg_download": 21.95, "avg_quality": 71.37}}, {"type": "Feature", "geometry": {"type": "Point", "coordinates": [79.55, 31.25]}, "properties": {"operator": "jio", "technology": "5G", "tests": 1, "avg_download": 57.41, "avg_quality": 80.23}}, {"type": "Feature", "geometry": {"type": "Point", "coordinates": [71.38, 13.04]}, "properties": {"operator": "jio", "technology": "4G", "tests": 1, "avg_download": 31.06, "avg_quality": 50.39}}, {"type": "Feature", "geometry": {"type": "Point", "coordinates": [91.51, 28.35]}, "properties": {"operator": "jio", "technology": "5G", "tests": 1, "avg_download": 109.33, "avg_quality": 96.63}}, {"type": "Feature", "geometry": {"type": "Point", "coordinates": [83.14, 16.44]}, "properties": {"operator": "vi", "technology": "5G", "tests": 1, "avg_download": 70.56, "avg_quality": 81.99}}, {"type": "Feature", "geometry": {"type": "Point", "coordinates": [95.45, 27.34]}, "properties": {"operator": "jio", "technology": "4G", "tests": 1, "avg_download": 23.07, "avg_quality": 69.79}}, {"type": "Feature", "geometry": {"type": "Point", "coordinates": [86.16, 13.86]}, "properties": {"operator": "vi", "technology": "4G", "tests": 1, "avg_download": 26.98, "avg_quality": 74.03}}, {"type": "Feature", "geometry": {"type": "Point", "coordinates": [84.09, 15.55]}, "properties": {"operator": "jio", "technology": "4G", "tests": 1, "avg_download": 30.72, "avg_quality": 79.49}}, {"type": "Feature", "geometry": {"type": "Point", "coordinates": [94.21, 29.73]}, "properties": {"operator": "vi", "technology": "5G", "tests": 1, "avg_download": 75.09, "avg_quality": 60.7}}, {"type": "Feature", "geometry": {"type": "Point", "coordinates": [89.85, 33.71]}, "properties": {"operator": "jio", "technology": "4G", "tests": 1, "avg_download": 8.89, "avg_quality": 45.98}}, {"type": "Feature", "geometry": {"type": "Point", "coordinates": [81.18, 28.61]}, "properties": {"operator": "jio", "technology": "5G", "tests": 1, "avg_download": 115.18, "avg_quality": 87.4}}, {"type": "Feature", "geometry": {"type": "Point", "coordinates": [72.87, 34.72]}, "properties": {"operator": "jio", "technology": "5G", "tests": 1, "avg_download": 67.23, "avg_quality": 94.92}}, {"type": "Feature", "geometry": {"type": "Point", "coordinates": [75.85, 32.62]}, "properties": {"operator": "jio", "technology": "4G", "tests": 1, "avg_download": 23.32, "avg_quality": 59.01}}, {"type": "Feature", "geometry": {"type": "Point", "coordinates": [92.22, 16.67]}, "properties": {"operator": "airtel", "technology": "4G", "tests": 1, "avg_download": 30.35, "avg_quality": 42.57}}, {"type": "Feature", "geometry": {"type": "Point", "coordinates": [89.31, 22.36]}, "properties": {"operator": "vi", "technology": "4G", "tests": 1, "avg_download": 17.39, "avg_quality": 58.45}}, {"type": "Feature", "geometry": {"type": "Point", "coordinates": [70.97, 14.3]}, "properties": {"operator": "jio", "technology": "5G", "tests": 1, "avg_download": 56.53, "avg_quality": 79.92}}, {"type": "Feature", "geometry": {"type": "Point", "coordinates": [90.06, 10.8]}, "properties": {"operator": "jio", "technology": "5G", "tests": 1, "avg_download": 83.35, "avg_quality": 75.34}}, {"type": "Feature", "geometry": {"type": "Point", "coordinates": [85.24, 22.37]}, "properties": {"operator": "jio", "technology": "4G", "tests": 1, "avg_download": 32.01, "avg_quality": 63.2}}, {"type": "Feature", "geometry": {"type": "Point", "coordinates": [84.44, 16.33]}, "properties": {"operator": "jio", "technology": "5G", "tests": 1, "avg_download": 81.84, "avg_quality": 81.49}}, {"type": "Feature", "geometry": {"type": "Point", "coordinates": [68.76, 27.93]}, "properties": {"operator": "vi", "technology": "5G", "tests": 1, "avg_download": 71.6, "avg_quality": 89.28}}, {"type": "Feature", "geometry": {"type": "Point", "coordinates": [85.59, 30.98]}, "properties": {"operator": "vi", "technology": "5G", "tests": 1, "avg_download": 53.78, "avg_quality": 59.31}}, {"type": "Feature", "geometry": {"type": "Point", "coordinates": [83.45, 22.88]}, "properties": {"operator": "airtel", "technology": "4G", "tests": 1, "avg_download": 20.61, "avg_quality": 43.0}}, {"type": "Feature", "geometry": {"type": "Point", "coordinates": [78.22, 23.6]}, "properties": {"operator": "vi", "technology": "5G", "tests": 1, "avg_download": 61.42, "avg_quality": 91.6}}, {"type": "Feature", "geometry": {"type": "Point", "coordinates": [79.82, 14.39]}, "properties": {"operator": "airtel", "technology": "4G", "tests": 1, "avg_download": 17.92, "avg_quality": 63.87}}, {"type": "Feature", "geometry": {"type": "Point", "coordinates": [95.88, 16.51]}, "properties": {"operator": "jio", "technology": "4G", "tests": 1, "avg_download": 29.38, "avg_quality": 70.03}}, {"type": "Feature", "geometry": {"type": "Point", "coordinates": [77.69, 13.44]}, "properties": {"operator": "airtel", "technology": "5G", "tests": 1, "avg_download": 77.15, "avg_quality": 92.58}}, {"type": "Feature", "geometry": {"type": "Point", "coordinates": [83.64, 8.17]}, "properties": {"operator": "airtel", "technology": "5G", "tests": 1, "avg_download": 100.68, "avg_quality": 83.11}}, {"type": "Feature", "geometry": {"type": "Point", "coordinates": [92.27, 33.02]}, "properties": {"operator": "airtel", "technology": "4G", "tests": 1, "avg_download": 37.13, "avg_quality": 59.52}}, {"type": "Feature", "geometry": {"type": "Point", "coordinates": [70.64, 20.14]}, "properties": {"operator": "airtel", "technology": "4G", "tests": 1, "avg_download": 14.97, "avg_quality": 60.09}}, {"type": "Feature", "geometry": {"type": "Point", "coordinates": [89.28, 26.22]}, "properties": {"operator": "airtel", "technology": "4G", "tests": 1, "avg_download": 23.77, "avg_quality": 47.39}}, {"type": "Feature", "geometry": {"type": "Point", "coordinates": [74.12, 25.27]}, "properties": {"operator": "jio", "technology": "4G", "tests": 1, "avg_download": 9.45, "avg_quality": 47.68}}, {"type": "Feature", "geometry": {"type": "Point", "coordinates": [94.48, 31.04]}, "properties": {"operator": "jio", "technology": "4G", "tests": 1, "avg_download": 21.98, "avg_quality": 53.79}}, {"type": "Feature", "geometry": {"type": "Point", "coordinates": [71.55, 11.33]}, "properties": {"operator": "airtel", "technology": "5G", "tests": 1, "avg_download": 74.2, "avg_quality": 68.9}}, {"type": "Feature", "geometry": {"type": "Point", "coordinates": [75.86, 16.77]}, "properties": {"operator": "jio", "technology": "4G", "tests": 1, "avg_download": 39.52, "avg_quality": 75.99}}, {"type": "Feature", "geometry": {"type": "Point", "coordinates": [82.17, 25.48]}, "properties": {"operator": "jio", "technology": "4G", "tests": 1, "avg_download": 19.23, "avg_quality": 62.68}}, {"type": "Feature", "geometry": {"type": "Point", "coordinates": [93.16, 33.91]}, "properties": {"operator": "jio", "technology": "5G", "tests": 1, "avg_download": 63.06, "avg_quality": 78.07}}, {"type": "Feature", "geometry": {"type": "Point", "coordinates": [86.09, 23.12]}, "properties": {"operator": "jio", "technology": "5G", "tests": 1, "avg_download": 93.48, "avg_quality": 84.88}}, {"type": "Feature", "geometry": {"type": "Point", "coordinates": [95.14, 32.55]}, "properties": {"operator": "airtel", "technology": "4G", "tests": 1, "avg_download": 14.49, "avg_quality": 70.35}}, {"type": "Feature", "geometry": {"type": "Point", "coordinates": [81.99, 31.05]}, "properties": {"operator": "jio", "technology": "4G", "tests": 1, "avg_download": 30.94, "avg_quality": 68.78}}, {"type": "Feature", "geometry": {"type": "Point", "coordinates": [75.6, 12.07]}, "properties": {"operator": "airtel", "technology": "5G", "tests": 1, "avg_download": 70.2, "avg_quality": 71.63}}, {"type": "Feature", "geometry": {"type": "Point", "coordinates": [94.96, 34.63]}, "properties": {"operator": "jio", "technology": "4G", "tests": 1, "avg_download": 28.62, "avg_quality": 74.49}}, {"type": "Feature", "geometry": {"type": "Point", "coordinates": [77.71, 18.29]}, "properties": {"operator": "vi", "technology": "4G", "tests": 1, "avg_download": 13.92, "avg_quality": 77.46}}, {"type": "Feature", "geometry": {"type": "Point", "coordinates": [86.6, 19.22]}, "properties": {"operator": "vi", "technology": "5G", "tests": 1, "avg_download": 67.15, "avg_quality": 77.12}}, {"type": "Feature", "geometry": {"type": "Point", "coordinates": [89.15, 9.25]}, "properties": {"operator": "airtel", "technology": "5G", "tests": 1, "avg_download": 123.93, "avg_quality": 98.46}}, {"type": "Feature", "geometry": {"type": "Point", "coordinates": [91.97, 23.17]}, "properties": {"operator": "vi", "technology": "4G", "tests": 1, "avg_download": 22.67, "avg_quality": 59.45}}, {"type": "Feature", "geometry": {"type": "Point", "coordinates": [77.19, 31.96]}, "properties": {"operator": "airtel", "technology": "5G", "tests": 1, "avg_download": 76.98, "avg_quality": 87.56}}, {"type": "Feature", "geometry": {"type": "Point", "coordinates": [89.51, 14.69]}, "properties": {"operator": "jio", "technology": "4G", "tests": 1, "avg_download": 28.25, "avg_quality": 48.07}}, {"type": "Feature", "geometry": {"type": "Point", "coordinates": [81.7, 26.39]}, "properties": {"operator": "airtel", "technology": "4G", "tests": 1, "avg_download": 21.09, "avg_quality": 30.57}}, {"type": "Feature", "geometry": {"type": "Point", "coordinates": [81.97, 20.33]}, "properties": {"operator": "vi", "technology": "5G", "tests": 1, "avg_download": 75.62, "avg_quality": 70.92}}, {"type": "Feature", "geometry": {"type": "Point", "coordinates": [95.93, 12.93]}, "properties": {"operator": "vi", "technology": "5G", "tests": 1, "avg_download": 56.58, "avg_quality": 69.08}}, {"type": "Feature", "geometry": {"type": "Point", "coordinates": [80.31, 20.07]}, "properties": {"operator": "jio", "technology": "4G", "tests": 1, "avg_download": 36.14, "avg_quality": 65.73}}, {"type": "Feature", "geometry": {"type": "Point", "coordinates": [80.07, 10.37]}, "properties": {"operator": "jio", "technology": "5G", "tests": 1, "avg_download": 101.72, "avg_quality": 92.98}}, {"type": "Feature", "geometry": {"type": "Point", "coordinates": [73.53, 25.27]}, "properties": {"operator": "jio", "technology": "4G", "tests": 1, "avg_download": 28.75, "avg_quality": 60.48}}, {"type": "Feature", "geometry": {"type": "Point", "coordinates": [74.94, 33.12]}, "properties": {"operator": "jio", "technology": "4G", "tests": 1, "avg_download": 31.62, "avg_quality": 67.13}}, {"type": "Feature", "geometry": {"type": "Point", "coordinates": [74.97, 22.35]}, "properties": {"operator": "airtel", "technology": "4G", "tests": 1, "avg_download": 23.85, "avg_quality": 46.46}}, {"type": "Feature", "geometry": {"type": "Point", "coordinates": [75.35, 21.35]}, "properties": {"operator": "vi", "technology": "4G", "tests": 1, "avg_download": 24.23, "avg_quality": 57.8}}, {"type": "Feature", "geometry": {"type": "Point", "coordinates": [92.77, 19.36]}, "properties": {"operator": "vi", "technology": "4G", "tests": 1, "avg_download": 19.18, "avg_quality": 36.29}}, {"type": "Feature", "geometry": {"type": "Point", "coordinates": [79.35, 30.58]}, "properties": {"operator": "vi", "technology": "5G", "tests": 1, "avg_download": 20.84, "avg_quality": 67.31}}, {"type": "Feature", "geometry": {"type": "Point", "coordinates": [81.57, 16.67]}, "properties": {"operator": "airtel", "technology": "5G", "tests": 1, "avg_download": 97.43, "avg_quality": 68.65}}, {"type": "Feature", "geometry": {"type": "Point", "coordinates": [71.94, 9.65]}, "properties": {"operator": "airtel", "technology": "5G", "tests": 1, "avg_download": 76.63, "avg_quality": 79.62}}, {"type": "Feature", "geometry": {"type": "Point", "coordinates": [79.13, 18.24]}, "properties": {"operator": "jio", "technology": "4G", "tests": 1, "avg_download": 27.84, "avg_quality": 60.47}}, {"type": "Feature", "geometry": {"type": "Point", "coordinates": [77.6, 13.92]}, "properties": {"operator": "vi", "technology": "4G", "tests": 1, "avg_download": 11.96, "avg_quality": 49.79}}, {"type": "Feature", "geometry": {"type": "Point", "coordinates": [92.8, 26.54]}, "properties": {"operator": "vi", "technology": "4G", "tests": 1, "avg_download": 13.41, "avg_quality": 44.16}}, {"type": "Feature", "geometry": {"type": "Point", "coordinates": [73.95, 18.78]}, "properties": {"operator": "jio", "technology": "5G", "tests": 1, "avg_download": 97.36, "avg_quality": 80.19}}, {"type": "Feature", "geometry": {"type": "Point", "coordinates": [74.63, 12.02]}, "properties": {"operator": "airtel", "technology": "4G", "tests": 1, "avg_download": 30.09, "avg_quality": 41.04}}, {"type": "Feature", "geometry": {"type": "Point", "coordinates": [73.32, 20.59]}, "properties": {"operator": "airtel", "technology": "5G", "tests": 1, "avg_download": 73.69, "avg_quality": 72.58}}, {"type": "Feature", "geometry": {"type": "Point", "coordinates": [93.72, 35.66]}, "properties": {"operator": "jio", "technology": "4G", "tests": 1, "avg_download": 22.64, "avg_quality": 47.85}}, {"type": "Feature", "geometry": {"type": "Point", "coordinates": [86.73, 23.96]}, "properties": {"operator": "airtel", "technology": "4G", "tests": 1, "avg_download": 15.27, "avg_quality": 59.8}}, {"type": "Feature", "geometry": {"type": "Point", "coordinates": [71.37, 24.09]}, "properties": {"operator": "vi", "technology": "4G", "tests": 1, "avg_download": 26.85, "avg_quality": 70.42}}, {"type": "Feature", "geometry": {"type": "Point", "coordinates": [79.03, 27.74]}, "properties": {"operator": "jio", "technology": "5G", "tests": 1, "avg_download": 92.7, "avg_quality": 88.24}}, {"type": "Feature", "geometry": {"type": "Point", "coordinates": [93.56, 12.73]}, "properties": {"operator": "vi", "technology": "5G", "tests": 1, "avg_download": 37.82, "avg_quality": 57.56}}, {"type": "Feature", "geometry": {"type": "Point", "coordinates": [84.33, 28.84]}, "properties": {"operator": "jio", "technology": "5G", "tests": 1, "avg_download": 105.71, "avg_quality": 77.93}}, {"type": "Feature", "geometry": {"type": "Point", "coordinates": [80.9, 35.1]}, "properties": {"operator": "vi", "technology": "4G", "tests": 1, "avg_download": 16.04, "avg_quality": 57.56}}, {"type": "Feature", "geometry": {"type": "Point", "coordinates": [77.37, 9.23]}, "properties": {"operator": "airtel", "technology": "5G", "tests": 1, "avg_download": 58.22, "avg_quality": 76.04}}, {"type": "Feature", "geometry": {"type": "Point", "coordinates": [88.21, 19.8]}, "properties": {"operator": "jio", "technology": "4G", "tests": 1, "avg_download": 33.57, "avg_quality": 69.72}}, {"type": "Feature", "geometry": {"type": "Point", "coordinates": [69.47, 21.03]}, "properties": {"operator": "airtel", "technology": "5G", "tests": 1, "avg_download": 92.42, "avg_quality": 88.27}}, {"type": "Feature", "geometry": {"type": "Point", "coordinates": [95.25, 18.73]}, "properties": {"operator": "vi", "technology": "5G", "tests": 1, "avg_download": 72.35, "avg_quality": 63.01}}, {"type": "Feature", "geometry": {"type": "Point", "coordinates": [86.68, 25.88]}, "properties": {"operator": "airtel", "technology": "5G", "tests": 1, "avg_download": 68.84, "avg_quality": 86.48}}, {"type": "Feature", "geometry": {"type": "Point", "coordinates": [91.49, 31.23]}, "properties": {"operator": "airtel", "technology": "4G", "tests": 1, "avg_download": 13.59, "avg_quality": 55.67}}, {"type": "Feature", "geometry": {"type": "Point", "coordinates": [89.72, 18.32]}, "properties": {"operator": "jio", "technology": "5G", "tests": 1, "avg_download": 87.92, "avg_quality": 87.33}}, {"type": "Feature", "geometry": {"type": "Point", "coordinates": [79.71, 30.24]}, "properties": {"operator": "vi", "technology": "4G", "tests": 1, "avg_download": 12.48, "avg_quality": 46.67}}, {"type": "Feature", "geometry": {"type": "Point", "coordinates": [82.76, 26.15]}, "properties": {"operator": "jio", "technology": "4G", "tests": 1, "avg_download": 33.86, "avg_quality": 73.31}}, {"type": "Feature", "geometry": {"type": "Point", "coordinates": [80.12, 17.38]}, "properties": {"operator": "vi", "technology": "5G", "tests": 1, "avg_download": 68.35, "avg_quality": 77.06}}, {"type": "Feature", "geometry": {"type": "Point", "coordinates": [75.48, 8.92]}, "properties": {"operator": "jio", "technology": "4G", "tests": 1, "avg_download": 20.86, "avg_quality": 72.89}}, {"type": "Feature", "geometry": {"type": "Point", "coordinates": [83.69, 12.32]}, "properties": {"operator": "vi", "technology": "5G", "tests": 1, "avg_download": 52.85, "avg_quality": 57.55}}, {"type": "Feature", "geometry": {"type": "Point", "coordinates": [87.32, 34.0]}, "properties": {"operator": "airtel", "technology": "4G", "tests": 1, "avg_download": 28.5, "avg_quality": 72.49}}, {"type": "Feature", "geometry": {"type": "Point", "coordinates": [68.09, 30.42]}, "properties": {"operator": "jio", "technology": "4G", "tests": 1, "avg_download": 13.27, "avg_quality": 43.68}}, {"type": "Feature", "geometry": {"type": "Point", "coordinates": [68.79, 14.42]}, "properties": {"operator": "airtel", "technology": "4G", "tests": 1, "avg_download": 30.77, "avg_quality": 67.54}}, {"type": "Feature", "geometry": {"type": "Point", "coordinates": [92.93, 9.49]}, "properties": {"operator": "airtel", "technology": "4G", "tests": 1, "avg_download": 22.32, "avg_quality": 66.69}}, {"type": "Feature", "geometry": {"type": "Point", "coordinates": [85.37, 21.99]}, "properties": {"operator": "vi", "technology": "4G", "tests": 1, "avg_download": 26.43, "avg_quality": 57.38}}, {"type": "Feature", "geometry": {"type": "Point", "coordinates": [77.4, 21.17]}, "properties": {"operator": "jio", "technology": "4G", "tests": 1, "avg_download": 20.38, "avg_quality": 60.44}}, {"type": "Feature", "geometry": {"type": "Point", "coordinates": [74.08, 26.02]}, "properties": {"operator": "jio", "technology": "4G", "tests": 1, "avg_download": 31.9, "avg_quality": 72.91}}, {"type": "Feature", "geometry": {"type": "Point", "coordinates": [95.77, 32.37]}, "properties": {"operator": "airtel", "technology": "4G", "tests": 1, "avg_download": 13.49, "avg_quality": 59.02}}, {"type": "Feature", "geometry": {"type": "Point", "coordinates": [72.81, 25.1]}, "properties": {"operator": "vi", "technology": "5G", "tests": 1, "avg_download": 72.31, "avg_quality": 85.92}}, {"type": "Feature", "geometry": {"type": "Point", "coordinates": [92.71, 31.07]}, "properties": {"operator": "vi", "technology": "4G", "tests": 1, "avg_download": 20.29, "avg_quality": 53.04}}, {"type": "Feature", "geometry": {"type": "Point", "coordinates": [69.06, 11.24]}, "properties": {"operator": "jio", "technology": "5G", "tests": 1, "avg_download": 99.36, "avg_quality": 75.01}}, {"type": "Feature", "geometry": {"type": "Point", "coordinates": [90.64, 25.54]}, "properties": {"operator": "jio", "technology": "4G", "tests": 1, "avg_download": 12.56, "avg_quality": 59.27}}, {"type": "Feature", "geometry": {"type": "Point", "coordinates": [88.44, 17.76]}, "properties": {"operator": "jio", "technology": "5G", "tests": 1, "avg_download": 80.68, "avg_quality": 85.06}}, {"type": "Feature", "geometry": {"type": "Point", "coordinates": [74.81, 19.59]}, "properties": {"operator": "jio", "technology": "4G", "tests": 1, "avg_download": 32.19, "avg_quality": 65.64}}, {"type": "Feature", "geometry": {"type": "Point", "coordinates": [81.29, 8.51]}, "properties": {"operator": "jio", "technology": "5G", "tests": 1, "avg_download": 121.42, "avg_quality": 96.96}}, {"type": "Feature", "geometry": {"type": "Point", "coordinates": [84.45, 17.85]}, "properties": {"operator": "airtel", "technology": "4G", "tests": 1, "avg_download": 12.75, "avg_quality": 75.07}}, {"type": "Feature", "geometry": {"type": "Point", "coordinates": [88.61, 21.63]}, "properties": {"operator": "vi", "technology": "5G", "tests": 1, "avg_download": 51.14, "avg_quality": 80.84}}, {"type": "Feature", "geometry": {"type": "Point", "coordinates": [88.89, 28.73]}, "properties": {"operator": "jio", "technology": "5G", "tests": 1, "avg_download": 58.99, "avg_quality": 84.53}}, {"type": "Feature", "geometry": {"type": "Point", "coordinates": [91.01, 35.01]}, "properties": {"operator": "vi", "technology": "5G", "tests": 1, "avg_download": 55.14, "avg_quality": 85.28}}, {"type": "Feature", "geometry": {"type": "Point", "coordinates": [89.82, 12.9]}, "properties": {"operator": "airtel", "technology": "5G", "tests": 1, "avg_download": 108.22, "avg_quality": 81.01}}, {"type": "Feature", "geometry": {"type": "Point", "coordinates": [82.69, 22.47]}, "properties": {"operator": "vi", "technology": "4G", "tests": 1, "avg_download": 18.41, "avg_quality": 48.67}}, {"type": "Feature", "geometry": {"type": "Point", "coordinates": [84.35, 33.34]}, "properties": {"operator": "jio", "technology": "5G", "tests": 1, "avg_download": 49.11, "avg_quality": 88.92}}, {"type": "Feature", "geometry": {"type": "Point", "coordinates": [74.55, 28.55]}, "properties": {"operator": "airtel", "technology": "4G", "tests": 1, "avg_download": 32.49, "avg_quality": 52.46}}, {"type": "Feature", "geometry": {"type": "Point", "coordinates": [70.84, 25.17]}, "properties": {"operator": "vi", "technology": "4G", "tests": 1, "avg_download": 11.65, "avg_quality": 48.33}}, {"type": "Feature", "geometry": {"type": "Point", "coordinates": [78.81, 18.14]}, "properties": {"operator": "jio", "technology": "4G", "tests": 1, "avg_download": 25.05, "avg_quality": 55.24}}, {"type": "Feature", "geometry": {"type": "Point", "coordinates": [82.97, 34.44]}, "properties": {"operator": "vi", "technology": "5G", "tests": 1, "avg_download": 40.07, "avg_quality": 72.86}}, {"type": "Feature", "geometry": {"type": "Point", "coordinates": [86.61, 27.78]}, "properties": {"operator": "vi", "technology": "5G", "tests": 1, "avg_download": 53.41, "avg_quality": 75.0}}, {"type": "Feature", "geometry": {"type": "Point", "coordinates": [76.92, 17.98]}, "properties": {"operator": "jio", "technology": "5G", "tests": 1, "avg_download": 81.5, "avg_quality": 90.16}}, {"type": "Feature", "geometry": {"type": "Point", "coordinates": [68.71, 30.58]}, "properties": {"operator": "jio", "technology": "5G", "tests": 1, "avg_download": 94.39, "avg_quality": 87.31}}, {"type": "Feature", "geometry": {"type": "Point", "coordinates": [89.95, 23.97]}, "properties": {"operator": "vi", "technology": "5G", "tests": 1, "avg_download": 53.46, "avg_quality": 80.54}}, {"type": "Feature", "geometry": {"type": "Point", "coordinates": [82.16, 34.97]}, "properties": {"operator": "airtel", "technology": "5G", "tests": 1, "avg_download": 69.17, "avg_quality": 64.44}}, {"type": "Feature", "geometry": {"type": "Point", "coordinates": [87.19, 19.05]}, "properties": {"operator": "airtel", "technology": "4G", "tests": 1, "avg_download": 13.83, "avg_quality": 58.92}}, {"type": "Feature", "geometry": {"type": "Point", "coordinates": [73.34, 13.26]}, "properties": {"operator": "jio", "technology": "5G", "tests": 1, "avg_download": 84.65, "avg_quality": 82.56}}, {"type": "Feature", "geometry": {"type": "Point", "coordinates": [70.0, 13.39]}, "properties": {"operator": "airtel", "technology": "4G", "tests": 1, "avg_download": 22.83, "avg_quality": 69.99}}, {"type": "Feature", "geometry": {"type": "Point", "coordinates": [75.02, 23.14]}, "properties": {"operator": "vi", "technology": "4G", "tests": 1, "avg_download": 14.46, "avg_quality": 51.8}}, {"type": "Feature", "geometry": {"type": "Point", "coordinates": [78.15, 10.26]}, "properties": {"operator": "jio", "technology": "5G", "tests": 1, "avg_download": 107.68, "avg_quality": 90.14}}, {"type": "Feature", "geometry": {"type": "Point", "coordinates": [93.08, 19.96]}, "properties": {"operator": "vi", "technology": "5G", "tests": 1, "avg_download": 79.77, "avg_quality": 81.62}}, {"type": "Feature", "geometry": {"type": "Point", "coordinates": [69.41, 18.64]}, "properties": {"operator": "airtel", "technology": "5G", "tests": 1, "avg_download": 73.6, "avg_quality": 76.12}}, {"type": "Feature", "geometry": {"type": "Point", "coordinates": [91.5, 16.46]}, "properties": {"operator": "jio", "technology": "5G", "tests": 1, "avg_download": 78.34, "avg_quality": 89.97}}, {"type": "Feature", "geometry": {"type": "Point", "coordinates": [93.34, 27.77]}, "properties": {"operator": "vi", "technology": "4G", "tests": 1, "avg_download": 24.05, "avg_quality": 72.63}}, {"type": "Feature", "geometry": {"type": "Point", "coordinates": [92.49, 30.42]}, "properties": {"operator": "vi", "technology": "5G", "tests": 1, "avg_download": 61.44, "avg_quality": 75.71}}, {"type": "Feature", "geometry": {"type": "Point", "coordinates": [78.61, 18.32]}, "properties": {"operator": "jio", "technology": "5G", "tests": 1, "avg_download": 91.8, "avg_quality": 86.56}}, {"type": "Feature", "geometry": {"type": "Point", "coordinates": [82.41, 23.11]}, "properties": {"operator": "vi", "technology": "4G", "tests": 1, "avg_download": 30.22, "avg_quality": 68.83}}, {"type": "Feature", "geometry": {"type": "Point", "coordinates": [93.78, 23.34]}, "properties": {"operator": "airtel", "technology": "4G", "tests": 1, "avg_download": 16.71, "avg_quality": 63.94}}, {"type": "Feature", "geometry": {"type": "Point", "coordinates": [90.72, 29.44]}, "properties": {"operator": "airtel", "technology": "5G", "tests": 1, "avg_download": 65.93, "avg_quality": 75.0}}, {"type": "Feature", "geometry": {"type": "Point", "coordinates": [79.95, 30.66]}, "properties": {"operator": "jio", "technology": "5G", "tests": 1, "avg_download": 86.2, "avg_quality": 87.78}}, {"type": "Feature", "geometry": {"type": "Point", "coordinates": [85.22, 27.22]}, "properties": {"operator": "vi", "technology": "5G", "tests": 1, "avg_download": 42.72, "avg_quality": 68.53}}, {"type": "Feature", "geometry": {"type": "Point", "coordinates": [92.21, 18.64]}, "properties": {"operator": "airtel", "technology": "5G", "tests": 1, "avg_download": 67.59, "avg_quality": 82.16}}, {"type": "Feature", "geometry": {"type": "Point", "coordinates": [69.95, 18.88]}, "properties": {"operator": "airtel", "technology": "4G", "tests": 1, "avg_download": 11.79, "avg_quality": 58.77}}, {"type": "Feature", "geometry": {"type": "Point", "coordinates": [68.66, 28.49]}, "properties": {"operator": "vi", "technology": "5G", "tests": 1, "avg_download": 94.66, "avg_quality": 71.9}}, {"type": "Feature", "geometry": {"type": "Point", "coordinates": [92.55, 30.08]}, "properties": {"operator": "jio", "technology": "4G", "tests": 1, "avg_download": 29.7, "avg_quality": 64.11}}, {"type": "Feature", "geometry": {"type": "Point", "coordinates": [83.27, 28.59]}, "properties": {"operator": "jio", "technology": "4G", "tests": 1, "avg_download": 22.28, "avg_quality": 82.73}}, {"type": "Feature", "geometry": {"type": "Point", "coordinates": [93.33, 17.78]}, "properties": {"operator": "airtel", "technology": "4G", "tests": 1, "avg_download": 21.38, "avg_quality": 66.39}}, {"type": "Feature", "geometry": {"type": "Point", "coordinates": [76.46, 35.9]}, "properties": {"operator": "vi", "technology": "4G", "tests": 1, "avg_download": 26.94, "avg_quality": 50.35}}, {"type": "Feature", "geometry": {"type": "Point", "coordinates": [75.11, 25.86]}, "properties": {"operator": "jio", "technology": "5G", "tests": 1, "avg_download": 81.24, "avg_quality": 80.32}}, {"type": "Feature", "geometry": {"type": "Point", "coordinates": [94.22, 27.53]}, "properties": {"operator": "vi", "technology": "4G", "tests": 1, "avg_download": 14.66, "avg_quality": 56.63}}, {"type": "Feature", "geometry": {"type": "Point", "coordinates": [68.77, 30.56]}, "properties": {"operator": "jio", "technology": "5G", "tests": 1, "avg_download": 121.01, "avg_quality": 92.07}}, {"type": "Feature", "geometry": {"type": "Point", "coordinates": [87.61, 21.09]}, "properties": {"operator": "jio", "technology": "5G", "tests": 1, "avg_download": 72.56, "avg_quality": 58.88}}, {"type": "Feature", "geometry": {"type": "Point", "coordinates": [72.37, 10.83]}, "properties": {"operator": "jio", "technology": "4G", "tests": 1, "avg_download": 22.02, "avg_quality": 69.03}}, {"type": "Feature", "geometry": {"type": "Point", "coordinates": [81.48, 34.53]}, "properties": {"operator": "vi", "technology": "5G", "tests": 1, "avg_download": 74.68, "avg_quality": 92.25}}, {"type": "Feature", "geometry": {"type": "Point", "coordinates": [70.75, 14.14]}, "properties": {"operator": "jio", "technology": "5G", "tests": 1, "avg_download": 128.54, "avg_quality": 99.21}}, {"type": "Feature", "geometry": {"type": "Point", "coordinates": [86.39, 10.9]}, "properties": {"operator": "jio", "technology": "5G", "tests": 1, "avg_download": 108.72, "avg_quality": 63.57}}, {"type": "Feature", "geometry": {"type": "Point", "coordinates": [84.28, 11.79]}, "properties": {"operator": "airtel", "technology": "5G", "tests": 1, "avg_download": 35.93, "avg_quality": 54.25}}, {"type": "Feature", "geometry": {"type": "Point", "coordinates": [69.83, 17.99]}, "properties": {"operator": "airtel", "technology": "4G", "tests": 1, "avg_download": 28.08, "avg_quality": 47.31}}, {"type": "Feature", "geometry": {"type": "Point", "coordinates": [84.66, 22.14]}, "properties": {"operator": "airtel", "technology": "4G", "tests": 1, "avg_download": 26.98, "avg_quality": 35.6}}, {"type": "Feature", "geometry": {"type": "Point", "coordinates": [73.25, 22.97]}, "properties": {"operator": "airtel", "technology": "5G", "tests": 1, "avg_download": 69.56, "avg_quality": 85.77}}, {"type": "Feature", "geometry": {"type": "Point", "coordinates": [75.7, 26.97]}, "properties": {"operator": "vi", "technology": "4G", "tests": 1, "avg_download": 15.48, "avg_quality": 63.26}}, {"type": "Feature", "geometry": {"type": "Point", "coordinates": [72.51, 19.77]}, "properties": {"operator": "vi", "technology": "4G", "tests": 1, "avg_download": 17.74, "avg_quality": 64.38}}, {"type": "Feature", "geometry": {"type": "Point", "coordinates": [86.31, 13.73]}, "properties": {"operator": "airtel", "technology": "4G", "tests": 1, "avg_download": 26.96, "avg_quality": 72.49}}, {"type": "Feature", "geometry": {"type": "Point", "coordinates": [91.1, 16.08]}, "properties": {"operator": "vi", "technology": "5G", "tests": 1, "avg_download": 63.29, "avg_quality": 55.61}}, {"type": "Feature", "geometry": {"type": "Point", "coordinates": [90.1, 35.02]}, "properties": {"operator": "vi", "technology": "4G", "tests": 1, "avg_download": 22.33, "avg_quality": 55.67}}, {"type": "Feature", "geometry": {"type": "Point", "coordinates": [89.48, 23.73]}, "properties": {"operator": "airtel", "technology": "5G", "tests": 1, "avg_download": 51.57, "avg_quality": 61.5}}, {"type": "Feature", "geometry": {"type": "Point", "coordinates": [71.75, 11.37]}, "properties": {"operator": "vi", "technology": "4G", "tests": 1, "avg_download": 11.89, "avg_quality": 46.66}}, {"type": "Feature", "geometry": {"type": "Point", "coordinates": [80.89, 19.82]}, "properties": {"operator": "vi", "technology": "4G", "tests": 1, "avg_download": 18.62, "avg_quality": 74.18}}, {"type": "Feature", "geometry": {"type": "Point", "coordinates": [85.69, 27.47]}, "properties": {"operator": "airtel", "technology": "4G", "tests": 1, "avg_download": 15.72, "avg_quality": 46.22}}, {"type": "Feature", "geometry": {"type": "Point", "coordinates": [95.19, 25.56]}, "properties": {"operator": "vi", "technology": "4G", "tests": 1, "avg_download": 16.27, "avg_quality": 46.0}}, {"type": "Feature", "geometry": {"type": "Point", "coordinates": [69.25, 32.92]}, "properties": {"operator": "jio", "technology": "5G", "tests": 1, "avg_download": 117.03, "avg_quality": 93.65}}, {"type": "Feature", "geometry": {"type": "Point", "coordinates": [93.62, 33.1]}, "properties": {"operator": "vi", "technology": "5G", "tests": 1, "avg_download": 72.58, "avg_quality": 69.19}}, {"type": "Feature", "geometry": {"type": "Point", "coordinates": [71.89, 21.03]}, "properties": {"operator": "airtel", "technology": "5G", "tests": 1, "avg_download": 75.32, "avg_quality": 93.92}}, {"type": "Feature", "geometry": {"type": "Point", "coordinates": [84.85, 23.21]}, "properties": {"operator": "vi", "technology": "4G", "tests": 1, "avg_download": 25.67, "avg_quality": 61.66}}, {"type": "Feature", "geometry": {"type": "Point", "coordinates": [74.45, 8.16]}, "properties": {"operator": "vi", "technology": "5G", "tests": 1, "avg_download": 59.74, "avg_quality": 59.39}}, {"type": "Feature", "geometry": {"type": "Point", "coordinates": [84.12, 33.41]}, "properties": {"operator": "jio", "technology": "4G", "tests": 1, "avg_download": 25.04, "avg_quality": 64.01}}, {"type": "Feature", "geometry": {"type": "Point", "coordinates": [73.14, 16.47]}, "properties": {"operator": "airtel", "technology": "5G", "tests": 1, "avg_download": 90.69, "avg_quality": 94.29}}, {"type": "Feature", "geometry": {"type": "Point", "coordinates": [69.24, 20.08]}, "properties": {"operator": "airtel", "technology": "5G", "tests": 1, "avg_download": 84.89, "avg_quality": 74.41}}, {"type": "Feature", "geometry": {"type": "Point", "coordinates": [84.34, 29.99]}, "properties": {"operator": "airtel", "technology": "5G", "tests": 1, "avg_download": 56.18, "avg_quality": 89.13}}, {"type": "Feature", "geometry": {"type": "Point", "coordinates": [83.68, 26.27]}, "properties": {"operator": "jio", "technology": "4G", "tests": 1, "avg_download": 28.49, "avg_quality": 55.83}}, {"type": "Feature", "geometry": {"type": "Point", "coordinates": [92.03, 21.25]}, "properties": {"operator": "airtel", "technology": "5G", "tests": 1, "avg_download": 58.16, "avg_quality": 84.27}}, {"type": "Feature", "geometry": {"type": "Point", "coordinates": [82.88, 24.14]}, "properties": {"operator": "jio", "technology": "5G", "tests": 1, "avg_download": 55.02, "avg_quality": 69.12}}, {"type": "Feature", "geometry": {"type": "Point", "coordinates": [68.45, 14.34]}, "properties": {"operator": "airtel", "technology": "4G", "tests": 1, "avg_download": 17.25, "avg_quality": 54.89}}, {"type": "Feature", "geometry": {"type": "Point", "coordinates": [87.21, 15.64]}, "properties": {"operator": "jio", "technology": "5G", "tests": 1, "avg_download": 70.19, "avg_quality": 92.46}}, {"type": "Feature", "geometry": {"type": "Point", "coordinates": [70.24, 28.94]}, "properties": {"operator": "airtel", "technology": "4G", "tests": 1, "avg_download": 22.17, "avg_quality": 59.17}}, {"type": "Feature", "geometry": {"type": "Point", "coordinates": [69.96, 17.65]}, "properties": {"operator": "jio", "technology": "5G", "tests": 1, "avg_download": 112.29, "avg_quality": 89.85}}, {"type": "Feature", "geometry": {"type": "Point", "coordinates": [76.6, 22.01]}, "properties": {"operator": "jio", "technology": "4G", "tests": 1, "avg_download": 17.44, "avg_quality": 61.05}}, {"type": "Feature", "geometry": {"type": "Point", "coordinates": [78.54, 28.75]}, "properties": {"operator": "jio", "technology": "5G", "tests": 1, "avg_download": 51.69, "avg_quality": 72.19}}, {"type": "Feature", "geometry": {"type": "Point", "coordinates": [85.92, 18.38]}, "properties": {"operator": "airtel", "technology": "4G", "tests": 1, "avg_download": 30.39, "avg_quality": 76.73}}, {"type": "Feature", "geometry": {"type": "Point", "coordinates": [79.95, 8.21]}, "properties": {"operator": "jio", "technology": "5G", "tests": 1, "avg_download": 67.05, "avg_quality": 80.56}}, {"type": "Feature", "geometry": {"type": "Point", "coordinates": [78.09, 12.26]}, "properties": {"operator": "jio", "technology": "4G", "tests": 1, "avg_download": 26.96, "avg_quality": 68.16}}, {"type": "Feature", "geometry": {"type": "Point", "coordinates": [79.74, 34.09]}, "properties": {"operator": "vi", "technology": "5G", "tests": 1, "avg_download": 75.6, "avg_quality": 71.57}}, {"type": "Feature", "geometry": {"type": "Point", "coordinates": [70.76, 11.23]}, "properties": {"operator": "airtel", "technology": "4G", "tests": 1, "avg_download": 17.68, "avg_quality": 42.08}}, {"type": "Feature", "geometry": {"type": "Point", "coordinates": [90.52, 31.06]}, "properties": {"operator": "vi", "technology": "4G", "tests": 1, "avg_download": 21.62, "avg_quality": 47.49}}, {"type": "Feature", "geometry": {"type": "Point", "coordinates": [74.36, 12.24]}, "properties": {"operator": "airtel", "technology": "5G", "tests": 1, "avg_download": 86.68, "avg_quality": 64.3}}, {"type": "Feature", "geometry": {"type": "Point", "coordinates": [75.3, 23.75]}, "properties": {"operator": "airtel", "technology": "4G", "tests": 1, "avg_download": 26.68, "avg_quality": 61.79}}, {"type": "Feature", "geometry": {"type": "Point", "coordinates": [76.77, 35.59]}, "properties": {"operator": "jio", "technology": "5G", "tests": 1, "avg_download": 54.57, "avg_quality": 61.1}}, {"type": "Feature", "geometry": {"type": "Point", "coordinates": [85.04, 9.49]}, "properties": {"operator": "vi", "technology": "4G", "tests": 1, "avg_download": 14.39, "avg_quality": 54.53}}, {"type": "Feature", "geometry": {"type": "Point", "coordinates": [80.01, 15.74]}, "properties": {"operator": "airtel", "technology": "4G", "tests": 1, "avg_download": 16.1, "avg_quality": 66.86}}, {"type": "Feature", "geometry": {"type": "Point", "coordinates": [88.89, 16.17]}, "properties": {"operator": "jio", "technology": "4G", "tests": 1, "avg_download": 33.95, "avg_quality": 72.05}}, {"type": "Feature", "geometry": {"type": "Point", "coordinates": [84.47, 34.11]}, "properties": {"operator": "vi", "technology": "5G", "tests": 1, "avg_download": 38.94, "avg_quality": 50.74}}, {"type": "Feature", "geometry": {"type": "Point", "coordinates": [68.44, 32.55]}, "properties": {"operator": "jio", "technology": "5G", "tests": 1, "avg_download": 92.96, "avg_quality": 91.99}}, {"type": "Feature", "geometry": {"type": "Point", "coordinates": [77.75, 27.11]}, "properties": {"operator": "vi", "technology": "5G", "tests": 1, "avg_download": 67.82, "avg_quality": 75.25}}, {"type": "Feature", "geometry": {"type": "Point", "coordinates": [82.18, 28.86]}, "properties": {"operator": "airtel", "technology": "5G", "tests": 1, "avg_download": 65.14, "avg_quality": 76.63}}, {"type": "Feature", "geometry": {"type": "Point", "coordinates": [92.61, 22.06]}, "properties": {"operator": "airtel", "technology": "4G", "tests": 1, "avg_download": 23.05, "avg_quality": 40.3}}, {"type": "Feature", "geometry": {"type": "Point", "coordinates": [81.65, 12.29]}, "properties": {"operator": "jio", "technology": "5G", "tests": 1, "avg_download": 97.29, "avg_quality": 82.86}}, {"type": "Feature", "geometry": {"type": "Point", "coordinates": [68.92, 30.88]}, "properties": {"operator": "jio", "technology": "5G", "tests": 1, "avg_download": 59.37, "avg_quality": 80.94}}, {"type": "Feature", "geometry": {"type": "Point", "coordinates": [91.76, 21.86]}, "properties": {"operator": "jio", "technology": "5G", "tests": 1, "avg_download": 114.46, "avg_quality": 86.01}}, {"type": "Feature", "geometry": {"type": "Point", "coordinates": [95.03, 10.33]}, "properties": {"operator": "airtel", "technology": "4G", "tests": 1, "avg_download": 25.86, "avg_quality": 72.44}}, {"type": "Feature", "geometry": {"type": "Point", "coordinates": [87.75, 8.95]}, "properties": {"operator": "jio", "technology": "5G", "tests": 1, "avg_download": 86.86, "avg_quality": 77.12}}, {"type": "Feature", "geometry": {"type": "Point", "coordinates": [72.47, 15.71]}, "properties": {"operator": "airtel", "technology": "5G", "tests": 1, "avg_download": 74.49, "avg_quality": 72.02}}, {"type": "Feature", "geometry": {"type": "Point", "coordinates": [85.16, 33.33]}, "properties": {"operator": "airtel", "technology": "5G", "tests": 1, "avg_download": 103.99, "avg_quality": 98.49}}, {"type": "Feature", "geometry": {"type": "Point", "coordinates": [71.37, 16.37]}, "properties": {"operator": "airtel", "technology": "4G", "tests": 1, "avg_download": 38.03, "avg_quality": 61.02}}, {"type": "Feature", "geometry": {"type": "Point", "coordinates": [86.74, 28.02]}, "properties": {"operator": "airtel", "technology": "5G", "tests": 1, "avg_download": 99.66, "avg_quality": 64.5}}, {"type": "Feature", "geometry": {"type": "Point", "coordinates": [90.32, 25.02]}, "properties": {"operator": "jio", "technology": "4G", "tests": 1, "avg_download": 19.74, "avg_quality": 69.26}}, {"type": "Feature", "geometry": {"type": "Point", "coordinates": [79.98, 24.48]}, "properties": {"operator": "vi", "technology": "5G", "tests": 1, "avg_download": 62.01, "avg_quality": 80.51}}, {"type": "Feature", "geometry": {"type": "Point", "coordinates": [86.56, 10.92]}, "properties": {"operator": "airtel", "technology": "4G", "tests": 1, "avg_download": 23.46, "avg_quality": 53.15}}, {"type": "Feature", "geometry": {"type": "Point", "coordinates": [71.88, 26.61]}, "properties": {"operator": "jio", "technology": "4G", "tests": 1, "avg_download": 24.78, "avg_quality": 68.68}}, {"type": "Feature", "geometry": {"type": "Point", "coordinates": [70.86, 18.15]}, "properties": {"operator": "vi", "technology": "4G", "tests": 1, "avg_download": 14.04, "avg_quality": 72.35}}, {"type": "Feature", "geometry": {"type": "Point", "coordinates": [78.01, 10.75]}, "properties": {"operator": "jio", "technology": "5G", "tests": 1, "avg_download": 44.62, "avg_quality": 69.7}}, {"type": "Feature", "geometry": {"type": "Point", "coordinates": [87.43, 19.37]}, "properties": {"operator": "airtel", "technology": "4G", "tests": 1, "avg_download": 16.65, "avg_quality": 61.89}}, {"type": "Feature", "geometry": {"type": "Point", "coordinates": [72.25, 13.9]}, "properties": {"operator": "jio", "technology": "4G", "tests": 1, "avg_download": 31.23, "avg_quality": 79.13}}, {"type": "Feature", "geometry": {"type": "Point", "coordinates": [74.39, 9.64]}, "properties": {"operator": "airtel", "technology": "4G", "tests": 1, "avg_download": 25.19, "avg_quality": 81.28}}, {"type": "Feature", "geometry": {"type": "Point", "coordinates": [84.45, 9.06]}, "properties": {"operator": "jio", "technology": "4G", "tests": 1, "avg_download": 32.29, "avg_quality": 75.65}}, {"type": "Feature", "geometry": {"type": "Point", "coordinates": [88.55, 23.23]}, "properties": {"operator": "vi", "technology": "4G", "tests": 1, "avg_download": 14.24, "avg_quality": 59.26}}, {"type": "Feature", "geometry": {"type": "Point", "coordinates": [89.51, 23.49]}, "properties": {"operator": "vi", "technology": "5G", "tests": 1, "avg_download": 67.39, "avg_quality": 83.64}}, {"type": "Feature", "geometry": {"type": "Point", "coordinates": [93.8, 23.57]}, "properties": {"operator": "airtel", "technology": "4G", "tests": 1, "avg_download": 29.68, "avg_quality": 67.99}}, {"type": "Feature", "geometry": {"type": "Point", "coordinates": [72.68, 13.7]}, "properties": {"operator": "vi", "technology": "5G", "tests": 1, "avg_download": 45.54, "avg_quality": 54.19}}, {"type": "Feature", "geometry": {"type": "Point", "coordinates": [91.83, 23.41]}, "properties": {"operator": "vi", "technology": "5G", "tests": 1, "avg_download": 50.81, "avg_quality": 82.15}}, {"type": "Feature", "geometry": {"type": "Point", "coordinates": [83.23, 18.21]}, "properties": {"operator": "jio", "technology": "5G", "tests": 1, "avg_download": 73.96, "avg_quality": 85.26}}, {"type": "Feature", "geometry": {"type": "Point", "coordinates": [84.57, 13.77]}, "properties": {"operator": "vi", "technology": "4G", "tests": 1, "avg_download": 16.47, "avg_quality": 30.33}}, {"type": "Feature", "geometry": {"type": "Point", "coordinates": [91.6, 34.13]}, "properties": {"operator": "vi", "technology": "5G", "tests": 1, "avg_download": 74.18, "avg_quality": 79.44}}, {"type": "Feature", "geometry": {"type": "Point", "coordinates": [95.97, 14.31]}, "properties": {"operator": "jio", "technology": "5G", "tests": 1, "avg_download": 84.74, "avg_quality": 68.15}}, {"type": "Feature", "geometry": {"type": "Point", "coordinates": [91.95, 31.41]}, "properties": {"operator": "airtel", "technology": "4G", "tests": 1, "avg_download": 21.95, "avg_quality": 68.38}}, {"type": "Feature", "geometry": {"type": "Point", "coordinates": [71.03, 19.74]}, "properties": {"operator": "airtel", "technology": "5G", "tests": 1, "avg_download": 87.49, "avg_quality": 74.04}}, {"type": "Feature", "geometry": {"type": "Point", "coordinates": [85.35, 9.41]}, "properties": {"operator": "airtel", "technology": "5G", "tests": 1, "avg_download": 72.7, "avg_quality": 80.05}}, {"type": "Feature", "geometry": {"type": "Point", "coordinates": [77.23, 20.26]}, "properties": {"operator": "vi", "technology": "4G", "tests": 1, "avg_download": 5.81, "avg_quality": 38.0}}, {"type": "Feature", "geometry": {"type": "Point", "coordinates": [90.58, 26.28]}, "properties": {"operator": "jio", "technology": "4G", "tests": 1, "avg_download": 26.29, "avg_quality": 68.67}}, {"type": "Feature", "geometry": {"type": "Point", "coordinates": [80.81, 13.5]}, "properties": {"operator": "jio", "technology": "5G", "tests": 1, "avg_download": 73.29, "avg_quality": 88.85}}, {"type": "Feature", "geometry": {"type": "Point", "coordinates": [94.99, 9.96]}, "properties": {"operator": "jio", "technology": "5G", "tests": 1, "avg_download": 88.35, "avg_quality": 91.68}}, {"type": "Feature", "geometry": {"type": "Point", "coordinates": [74.68, 8.48]}, "properties": {"operator": "airtel", "technology": "4G", "tests": 1, "avg_download": 32.09, "avg_quality": 72.59}}, {"type": "Feature", "geometry": {"type": "Point", "coordinates": [78.79, 31.77]}, "properties": {"operator": "vi", "technology": "5G", "tests": 1, "avg_download": 46.85, "avg_quality": 69.54}}, {"type": "Feature", "geometry": {"type": "Point", "coordinates": [95.25, 9.8]}, "properties": {"operator": "jio", "technology": "4G", "tests": 1, "avg_download": 17.82, "avg_quality": 57.36}}, {"type": "Feature", "geometry": {"type": "Point", "coordinates": [82.16, 35.92]}, "properties": {"operator": "vi", "technology": "5G", "tests": 1, "avg_download": 49.74, "avg_quality": 62.6}}, {"type": "Feature", "geometry": {"type": "Point", "coordinates": [78.29, 12.12]}, "properties": {"operator": "jio", "technology": "4G", "tests": 1, "avg_download": 22.45, "avg_quality": 64.01}}, {"type": "Feature", "geometry": {"type": "Point", "coordinates": [85.56, 31.18]}, "properties": {"operator": "airtel", "technology": "4G", "tests": 1, "avg_download": 20.52, "avg_quality": 70.35}}, {"type": "Feature", "geometry": {"type": "Point", "coordinates": [77.2, 16.81]}, "properties": {"operator": "airtel", "technology": "4G", "tests": 1, "avg_download": 12.72, "avg_quality": 46.74}}, {"type": "Feature", "geometry": {"type": "Point", "coordinates": [68.16, 22.73]}, "properties": {"operator": "jio", "technology": "5G", "tests": 2, "avg_download": 85.73, "avg_quality": 86.83}}, {"type": "Feature", "geometry": {"type": "Point", "coordinates": [84.49, 29.46]}, "properties": {"operator": "airtel", "technology": "4G", "tests": 1, "avg_download": 28.5, "avg_quality": 46.91}}, {"type": "Feature", "geometry": {"type": "Point", "coordinates": [88.6, 23.14]}, "properties": {"operator": "vi", "technology": "5G", "tests": 1, "avg_download": 69.43, "avg_quality": 84.98}}, {"type": "Feature", "geometry": {"type": "Point", "coordinates": [93.6, 21.61]}, "properties": {"operator": "jio", "technology": "4G", "tests": 1, "avg_download": 21.58, "avg_quality": 57.35}}, {"type": "Feature", "geometry": {"type": "Point", "coordinates": [89.37, 14.41]}, "properties": {"operator": "vi", "technology": "4G", "tests": 1, "avg_download": 21.85, "avg_quality": 67.67}}, {"type": "Feature", "geometry": {"type": "Point", "coordinates": [69.89, 29.29]}, "properties": {"operator": "vi", "technology": "5G", "tests": 1, "avg_download": 61.24, "avg_quality": 69.42}}, {"type": "Feature", "geometry": {"type": "Point", "coordinates": [94.14, 9.13]}, "properties": {"operator": "airtel", "technology": "5G", "tests": 1, "avg_download": 108.03, "avg_quality": 82.25}}, {"type": "Feature", "geometry": {"type": "Point", "coordinates": [92.29, 13.49]}, "properties": {"operator": "jio", "technology": "5G", "tests": 1, "avg_download": 108.22, "avg_quality": 69.07}}, {"type": "Feature", "geometry": {"type": "Point", "coordinates": [85.04, 11.38]}, "properties": {"operator": "vi", "technology": "5G", "tests": 1, "avg_download": 31.82, "avg_quality": 75.89}}, {"type": "Feature", "geometry": {"type": "Point", "coordinates": [90.79, 10.32]}, "properties": {"operator": "vi", "technology": "4G", "tests": 1, "avg_download": 14.3, "avg_quality": 54.82}}, {"type": "Feature", "geometry": {"type": "Point", "coordinates": [86.69, 30.11]}, "properties": {"operator": "vi", "technology": "5G", "tests": 1, "avg_download": 38.67, "avg_quality": 57.44}}, {"type": "Feature", "geometry": {"type": "Point", "coordinates": [95.5, 28.19]}, "properties": {"operator": "airtel", "technology": "4G", "tests": 1, "avg_download": 30.31, "avg_quality": 50.37}}, {"type": "Feature", "geometry": {"type": "Point", "coordinates": [75.5, 13.08]}, "properties": {"operator": "jio", "technology": "5G", "tests": 1, "avg_download": 76.47, "avg_quality": 90.07}}, {"type": "Feature", "geometry": {"type": "Point", "coordinates": [69.27, 23.37]}, "properties": {"operator": "vi", "technology": "5G", "tests": 1, "avg_download": 54.44, "avg_quality": 62.71}}, {"type": "Feature", "geometry": {"type": "Point", "coordinates": [94.61, 18.93]}, "properties": {"operator": "jio", "technology": "4G", "tests": 1, "avg_download": 21.18, "avg_quality": 68.83}}, {"type": "Feature", "geometry": {"type": "Point", "coordinates": [71.26, 34.55]}, "properties": {"operator": "vi", "technology": "5G", "tests": 1, "avg_download": 64.78, "avg_quality": 72.08}}, {"type": "Feature", "geometry": {"type": "Point", "coordinates": [94.03, 26.87]}, "properties": {"operator": "vi", "technology": "5G", "tests": 1, "avg_download": 40.09, "avg_quality": 69.42}}, {"type": "Feature", "geometry": {"type": "Point", "coordinates": [68.61, 21.13]}, "properties": {"operator": "jio", "technology": "4G", "tests": 1, "avg_download": 20.26, "avg_quality": 48.95}}, {"type": "Feature", "geometry": {"type": "Point", "coordinates": [73.98, 14.26]}, "properties": {"operator": "airtel", "technology": "4G", "tests": 1, "avg_download": 15.23, "avg_quality": 47.91}}, {"type": "Feature", "geometry": {"type": "Point", "coordinates": [81.53, 15.58]}, "properties": {"operator": "airtel", "technology": "4G", "tests": 1, "avg_download": 25.39, "avg_quality": 67.32}}, {"type": "Feature", "geometry": {"type": "Point", "coordinates": [77.94, 32.54]}, "properties": {"operator": "vi", "technology": "5G", "tests": 1, "avg_download": 10.22, "avg_quality": 59.26}}, {"type": "Feature", "geometry": {"type": "Point", "coordinates": [79.61, 33.81]}, "properties": {"operator": "jio", "technology": "5G", "tests": 1, "avg_download": 117.67, "avg_quality": 77.57}}, {"type": "Feature", "geometry": {"type": "Point", "coordinates": [93.07, 14.45]}, "properties": {"operator": "jio", "technology": "4G", "tests": 1, "avg_download": 20.13, "avg_quality": 48.65}}, {"type": "Feature", "geometry": {"type": "Point", "coordinates": [88.84, 34.12]}, "properties": {"operator": "vi", "technology": "4G", "tests": 1, "avg_download": 19.0, "avg_quality": 56.43}}, {"type": "Feature", "geometry": {"type": "Point", "coordinates": [85.98, 14.73]}, "properties": {"operator": "jio", "technology": "5G", "tests": 1, "avg_download": 94.38, "avg_quality": 78.96}}, {"type": "Feature", "geometry": {"type": "Point", "coordinates": [91.05, 22.16]}, "properties": {"operator": "airtel", "technology": "4G", "tests": 1, "avg_download": 23.98, "avg_quality": 54.33}}, {"type": "Feature", "geometry": {"type": "Point", "coordinates": [72.74, 14.02]}, "properties": {"operator": "vi", "technology": "4G", "tests": 1, "avg_download": 25.12, "avg_quality": 54.54}}, {"type": "Feature", "geometry": {"type": "Point", "coordinates": [71.11, 19.32]}, "properties": {"operator": "jio", "technology": "4G", "tests": 1, "avg_download": 29.82, "avg_quality": 72.84}}, {"type": "Feature", "geometry": {"type": "Point", "coordinates": [81.26, 22.57]}, "properties": {"operator": "vi", "technology": "4G", "tests": 1, "avg_download": 27.1, "avg_quality": 71.74}}, {"type": "Feature", "geometry": {"type": "Point", "coordinates": [71.0, 16.35]}, "properties": {"operator": "vi", "technology": "5G", "tests": 1, "avg_download": 32.41, "avg_quality": 62.25}}, {"type": "Feature", "geometry": {"type": "Point", "coordinates": [90.53, 34.4]}, "properties": {"operator": "jio", "technology": "5G", "tests": 1, "avg_download": 79.13, "avg_quality": 58.3}}, {"type": "Feature", "geometry": {"type": "Point", "coordinates": [70.77, 17.39]}, "properties": {"operator": "airtel", "technology": "5G", "tests": 1, "avg_download": 90.69, "avg_quality": 85.18}}, {"type": "Feature", "geometry": {"type": "Point", "coordinates": [72.97, 30.88]}, "properties": {"operator": "vi", "technology": "5G", "tests": 1, "avg_download": 72.32, "avg_quality": 74.8}}, {"type": "Feature", "geometry": {"type": "Point", "coordinates": [90.73, 14.3]}, "properties": {"operator": "airtel", "technology": "5G", "tests": 1, "avg_download": 66.47, "avg_quality": 75.29}}, {"type": "Feature", "geometry": {"type": "Point", "coordinates": [76.01, 25.47]}, "properties": {"operator": "airtel", "technology": "5G", "tests": 1, "avg_download": 61.91, "avg_quality": 88.62}}, {"type": "Feature", "geometry": {"type": "Point", "coordinates": [75.11, 33.75]}, "properties": {"operator": "jio", "technology": "5G", "tests": 1, "avg_download": 82.87, "avg_quality": 75.08}}, {"type": "Feature", "geometry": {"type": "Point", "coordinates": [87.08, 14.67]}, "properties": {"operator": "vi", "technology": "5G", "tests": 1, "avg_download": 76.2, "avg_quality": 81.35}}, {"type": "Feature", "geometry": {"type": "Point", "coordinates": [73.12, 24.68]}, "properties": {"operator": "vi", "technology": "4G", "tests": 1, "avg_download": 11.11, "avg_quality": 73.85}}, {"type": "Feature", "geometry": {"type": "Point", "coordinates": [85.65, 23.32]}, "properties": {"operator": "jio", "technology": "4G", "tests": 1, "avg_download": 44.51, "avg_quality": 69.94}}, {"type": "Feature", "geometry": {"type": "Point", "coordinates": [79.85, 25.25]}, "properties": {"operator": "airtel", "technology": "5G", "tests": 1, "avg_download": 56.04, "avg_quality": 52.61}}, {"type": "Feature", "geometry": {"type": "Point", "coordinates": [93.78, 10.62]}, "properties": {"operator": "jio", "technology": "4G", "tests": 1, "avg_download": 41.85, "avg_quality": 77.86}}, {"type": "Feature", "geometry": {"type": "Point", "coordinates": [91.02, 26.41]}, "properties": {"operator": "vi", "technology": "5G", "tests": 1, "avg_download": 56.11, "avg_quality": 66.99}}, {"type": "Feature", "geometry": {"type": "Point", "coordinates": [82.73, 20.64]}, "properties": {"operator": "jio", "technology": "4G", "tests": 1, "avg_download": 12.92, "avg_quality": 55.29}}, {"type": "Feature", "geometry": {"type": "Point", "coordinates": [85.33, 29.69]}, "properties": {"operator": "airtel", "technology": "5G", "tests": 1, "avg_download": 71.51, "avg_quality": 86.94}}, {"type": "Feature", "geometry": {"type": "Point", "coordinates": [69.71, 13.19]}, "properties": {"operator": "vi", "technology": "4G", "tests": 1, "avg_download": 19.9, "avg_quality": 48.09}}, {"type": "Feature", "geometry": {"type": "Point", "coordinates": [95.57, 24.19]}, "properties": {"operator": "airtel", "technology": "4G", "tests": 1, "avg_download": 16.22, "avg_quality": 69.49}}, {"type": "Feature", "geometry": {"type": "Point", "coordinates": [76.76, 21.32]}, "properties": {"operator": "jio", "technology": "5G", "tests": 1, "avg_download": 100.77, "avg_quality": 73.63}}, {"type": "Feature", "geometry": {"type": "Point", "coordinates": [87.93, 8.57]}, "properties": {"operator": "vi", "technology": "5G", "tests": 1, "avg_download": 80.66, "avg_quality": 89.13}}, {"type": "Feature", "geometry": {"type": "Point", "coordinates": [70.92, 29.44]}, "properties": {"operator": "jio", "technology": "5G", "tests": 1, "avg_download": 136.34, "avg_quality": 86.9}}, {"type": "Feature", "geometry": {"type": "Point", "coordinates": [74.97, 9.24]}, "properties": {"operator": "jio", "technology": "4G", "tests": 1, "avg_download": 18.57, "avg_quality": 68.95}}, {"type": "Feature", "geometry": {"type": "Point", "coordinates": [80.11, 15.02]}, "properties": {"operator": "vi", "technology": "5G", "tests": 1, "avg_download": 60.32, "avg_quality": 70.87}}, {"type": "Feature", "geometry": {"type": "Point", "coordinates": [73.14, 26.97]}, "properties": {"operator": "vi", "technology": "5G", "tests": 1, "avg_download": 67.23, "avg_quality": 82.1}}, {"type": "Feature", "geometry": {"type": "Point", "coordinates": [75.78, 33.47]}, "properties": {"operator": "airtel", "technology": "4G", "tests": 1, "avg_download": 25.77, "avg_quality": 56.17}}, {"type": "Feature", "geometry": {"type": "Point", "coordinates": [94.4, 18.18]}, "properties": {"operator": "airtel", "technology": "4G", "tests": 1, "avg_download": 26.24, "avg_quality": 68.46}}, {"type": "Feature", "geometry": {"type": "Point", "coordinates": [69.58, 26.39]}, "properties": {"operator": "vi", "technology": "4G", "tests": 1, "avg_download": 19.53, "avg_quality": 56.16}}, {"type": "Feature", "geometry": {"type": "Point", "coordinates": [69.02, 35.33]}, "properties": {"operator": "airtel", "technology": "5G", "tests": 1, "avg_download": 80.46, "avg_quality": 83.1}}, {"type": "Feature", "geometry": {"type": "Point", "coordinates": [85.43, 10.72]}, "properties": {"operator": "vi", "technology": "5G", "tests": 1, "avg_download": 72.89, "avg_quality": 74.08}}, {"type": "Feature", "geometry": {"type": "Point", "coordinates": [94.19, 16.51]}, "properties": {"operator": "airtel", "technology": "4G", "tests": 1, "avg_download": 17.4, "avg_quality": 66.43}}, {"type": "Feature", "geometry": {"type": "Point", "coordinates": [86.74, 20.31]}, "properties": {"operator": "vi", "technology": "4G", "tests": 1, "avg_download": 19.49, "avg_quality": 56.23}}, {"type": "Feature", "geometry": {"type": "Point", "coordinates": [81.94, 25.47]}, "properties": {"operator": "vi", "technology": "5G", "tests": 1, "avg_download": 82.27, "avg_quality": 80.47}}, {"type": "Feature", "geometry": {"type": "Point", "coordinates": [73.83, 33.72]}, "properties": {"operator": "jio", "technology": "5G", "tests": 1, "avg_download": 68.33, "avg_quality": 75.67}}, {"type": "Feature", "geometry": {"type": "Point", "coordinates": [73.33, 30.73]}, "properties": {"operator": "airtel", "technology": "4G", "tests": 1, "avg_download": 19.86, "avg_quality": 55.73}}, {"type": "Feature", "geometry": {"type": "Point", "coordinates": [70.33, 10.79]}, "properties": {"operator": "vi", "technology": "4G", "tests": 1, "avg_download": 13.03, "avg_quality": 67.87}}, {"type": "Feature", "geometry": {"type": "Point", "coordinates": [94.94, 22.82]}, "properties": {"operator": "jio", "technology": "5G", "tests": 1, "avg_download": 69.6, "avg_quality": 91.4}}, {"type": "Feature", "geometry": {"type": "Point", "coordinates": [91.73, 12.19]}, "properties": {"operator": "airtel", "technology": "5G", "tests": 1, "avg_download": 70.08, "avg_quality": 75.03}}, {"type": "Feature", "geometry": {"type": "Point", "coordinates": [94.38, 33.25]}, "properties": {"operator": "vi", "technology": "4G", "tests": 1, "avg_download": 24.17, "avg_quality": 61.11}}, {"type": "Feature", "geometry": {"type": "Point", "coordinates": [76.58, 8.09]}, "properties": {"operator": "jio", "technology": "4G", "tests": 1, "avg_download": 32.17, "avg_quality": 63.85}}, {"type": "Feature", "geometry": {"type": "Point", "coordinates": [79.73, 32.23]}, "properties": {"operator": "vi", "technology": "5G", "tests": 1, "avg_download": 37.15, "avg_quality": 68.33}}, {"type": "Feature", "geometry": {"type": "Point", "coordinates": [92.56, 30.94]}, "properties": {"operator": "airtel", "technology": "5G", "tests": 1, "avg_download": 83.46, "avg_quality": 69.02}}, {"type": "Feature", "geometry": {"type": "Point", "coordinates": [88.46, 31.31]}, "properties": {"operator": "vi", "technology": "4G", "tests": 1, "avg_download": 18.55, "avg_quality": 74.2}}, {"type": "Feature", "geometry": {"type": "Point", "coordinates": [87.99, 14.02]}, "properties": {"operator": "jio", "technology": "5G", "tests": 1, "avg_download": 84.66, "avg_quality": 93.81}}, {"type": "Feature", "geometry": {"type": "Point", "coordinates": [85.6, 20.5]}, "properties": {"operator": "jio", "technology": "5G", "tests": 1, "avg_download": 86.21, "avg_quality": 62.83}}, {"type": "Feature", "geometry": {"type": "Point", "coordinates": [80.55, 35.0]}, "properties": {"operator": "vi", "technology": "4G", "tests": 1, "avg_download": 24.13, "avg_quality": 77.56}}, {"type": "Feature", "geometry": {"type": "Point", "coordinates": [91.5, 10.59]}, "properties": {"operator": "airtel", "technology": "5G", "tests": 1, "avg_download": 96.38, "avg_quality": 69.35}}, {"type": "Feature", "geometry": {"type": "Point", "coordinates": [94.16, 32.18]}, "properties": {"operator": "vi", "technology": "4G", "tests": 1, "avg_download": 15.84, "avg_quality": 72.48}}, {"type": "Feature", "geometry": {"type": "Point", "coordinates": [74.13, 28.04]}, "properties": {"operator": "airtel", "technology": "5G", "tests": 1, "avg_download": 98.58, "avg_quality": 67.66}}, {"type": "Feature", "geometry": {"type": "Point", "coordinates": [68.41, 17.09]}, "properties": {"operator": "vi", "technology": "5G", "tests": 1, "avg_download": 48.25, "avg_quality": 55.82}}, {"type": "Feature", "geometry": {"type": "Point", "coordinates": [87.77, 28.67]}, "properties": {"operator": "jio", "technology": "5G", "tests": 1, "avg_download": 122.66, "avg_quality": 96.14}}, {"type": "Feature", "geometry": {"type": "Point", "coordinates": [75.81, 35.28]}, "properties": {"operator": "jio", "technology": "5G", "tests": 1, "avg_download": 42.47, "avg_quality": 66.8}}, {"type": "Feature", "geometry": {"type": "Point", "coordinates": [85.32, 32.89]}, "properties": {"operator": "airtel", "technology": "4G", "tests": 1, "avg_download": 19.58, "avg_quality": 60.35}}, {"type": "Feature", "geometry": {"type": "Point", "coordinates": [77.93, 16.58]}, "properties": {"operator": "jio", "technology": "4G", "tests": 1, "avg_download": 41.83, "avg_quality": 67.87}}, {"type": "Feature", "geometry": {"type": "Point", "coordinates": [76.99, 27.61]}, "properties": {"operator": "vi", "technology": "5G", "tests": 1, "avg_download": 89.79, "avg_quality": 71.9}}, {"type": "Feature", "geometry": {"type": "Point", "coordinates": [95.26, 27.55]}, "properties": {"operator": "airtel", "technology": "4G", "tests": 1, "avg_download": 18.57, "avg_quality": 73.86}}, {"type": "Feature", "geometry": {"type": "Point", "coordinates": [72.46, 34.47]}, "properties": {"operator": "airtel", "technology": "4G", "tests": 1, "avg_download": 16.06, "avg_quality": 49.63}}, {"type": "Feature", "geometry": {"type": "Point", "coordinates": [69.61, 10.66]}, "properties": {"operator": "airtel", "technology": "4G", "tests": 1, "avg_download": 25.09, "avg_quality": 58.39}}, {"type": "Feature", "geometry": {"type": "Point", "coordinates": [78.59, 21.65]}, "properties": {"operator": "vi", "technology": "5G", "tests": 1, "avg_download": 68.78, "avg_quality": 81.7}}, {"type": "Feature", "geometry": {"type": "Point", "coordinates": [88.84, 25.61]}, "properties": {"operator": "airtel", "technology": "5G", "tests": 1, "avg_download": 112.94, "avg_quality": 92.09}}, {"type": "Feature", "geometry": {"type": "Point", "coordinates": [72.8, 22.05]}, "properties": {"operator": "airtel", "technology": "5G", "tests": 1, "avg_download": 24.5, "avg_quality": 50.05}}, {"type": "Feature", "geometry": {"type": "Point", "coordinates": [86.97, 30.93]}, "properties": {"operator": "vi", "technology": "4G", "tests": 1, "avg_download": 25.86, "avg_quality": 41.51}}, {"type": "Feature", "geometry": {"type": "Point", "coordinates": [81.57, 32.92]}, "properties": {"operator": "airtel", "technology": "4G", "tests": 1, "avg_download": 28.82, "avg_quality": 50.73}}, {"type": "Feature", "geometry": {"type": "Point", "coordinates": [92.39, 20.89]}, "properties": {"operator": "airtel", "technology": "4G", "tests": 1, "avg_download": 20.75, "avg_quality": 68.62}}, {"type": "Feature", "geometry": {"type": "Point", "coordinates": [89.25, 12.7]}, "properties": {"operator": "airtel", "technology": "4G", "tests": 1, "avg_download": 33.42, "avg_quality": 53.66}}, {"type": "Feature", "geometry": {"type": "Point", "coordinates": [92.81, 20.72]}, "properties": {"operator": "vi", "technology": "5G", "tests": 1, "avg_download": 70.44, "avg_quality": 71.1}}, {"type": "Feature", "geometry": {"type": "Point", "coordinates": [89.0, 22.83]}, "properties": {"operator": "jio", "technology": "4G", "tests": 1, "avg_download": 25.33, "avg_quality": 67.01}}, {"type": "Feature", "geometry": {"type": "Point", "coordinates": [79.14, 21.24]}, "properties": {"operator": "airtel", "technology": "4G", "tests": 1, "avg_download": 15.1, "avg_quality": 58.01}}, {"type": "Feature", "geometry": {"type": "Point", "coordinates": [80.73, 33.98]}, "properties": {"operator": "jio", "technology": "4G", "tests": 1, "avg_download": 24.78, "avg_quality": 42.17}}, {"type": "Feature", "geometry": {"type": "Point", "coordinates": [87.97, 15.25]}, "properties": {"operator": "airtel", "technology": "4G", "tests": 1, "avg_download": 23.17, "avg_quality": 37.65}}, {"type": "Feature", "geometry": {"type": "Point", "coordinates": [75.94, 30.84]}, "properties": {"operator": "jio", "technology": "4G", "tests": 1, "avg_download": 39.3, "avg_quality": 74.64}}, {"type": "Feature", "geometry": {"type": "Point", "coordinates": [79.48, 29.25]}, "properties": {"operator": "jio", "technology": "5G", "tests": 1, "avg_download": 63.64, "avg_quality": 59.99}}, {"type": "Feature", "geometry": {"type": "Point", "coordinates": [86.26, 25.09]}, "properties": {"operator": "jio", "technology": "5G", "tests": 1, "avg_download": 52.38, "avg_quality": 79.73}}, {"type": "Feature", "geometry": {"type": "Point", "coordinates": [75.08, 27.54]}, "properties": {"operator": "vi", "technology": "5G", "tests": 1, "avg_download": 71.68, "avg_quality": 56.13}}, {"type": "Feature", "geometry": {"type": "Point", "coordinates": [90.55, 27.71]}, "properties": {"operator": "jio", "technology": "4G", "tests": 1, "avg_download": 28.36, "avg_quality": 51.47}}, {"type": "Feature", "geometry": {"type": "Point", "coordinates": [85.63, 31.37]}, "properties": {"operator": "airtel", "technology": "4G", "tests": 1, "avg_download": 17.87, "avg_quality": 59.63}}, {"type": "Feature", "geometry": {"type": "Point", "coordinates": [71.69, 14.33]}, "properties": {"operator": "airtel", "technology": "5G", "tests": 1, "avg_download": 42.78, "avg_quality": 61.8}}, {"type": "Feature", "geometry": {"type": "Point", "coordinates": [73.01, 21.88]}, "properties": {"operator": "airtel", "technology": "5G", "tests": 1, "avg_download": 62.94, "avg_quality": 89.21}}, {"type": "Feature", "geometry": {"type": "Point", "coordinates": [89.62, 9.87]}, "properties": {"operator": "jio", "technology": "4G", "tests": 1, "avg_download": 27.63, "avg_quality": 81.1}}, {"type": "Feature", "geometry": {"type": "Point", "coordinates": [78.19, 20.84]}, "properties": {"operator": "airtel", "technology": "4G", "tests": 1, "avg_download": 17.83, "avg_quality": 50.68}}, {"type": "Feature", "geometry": {"type": "Point", "coordinates": [82.22, 33.49]}, "properties": {"operator": "vi", "technology": "4G", "tests": 1, "avg_download": 15.15, "avg_quality": 59.65}}, {"type": "Feature", "geometry": {"type": "Point", "coordinates": [95.88, 13.92]}, "properties": {"operator": "airtel", "technology": "4G", "tests": 1, "avg_download": 19.04, "avg_quality": 82.65}}, {"type": "Feature", "geometry": {"type": "Point", "coordinates": [92.42, 29.21]}, "properties": {"operator": "jio", "technology": "5G", "tests": 1, "avg_download": 55.77, "avg_quality": 89.29}}, {"type": "Feature", "geometry": {"type": "Point", "coordinates": [76.1, 17.17]}, "properties": {"operator": "airtel", "technology": "4G", "tests": 1, "avg_download": 18.22, "avg_quality": 68.54}}, {"type": "Feature", "geometry": {"type": "Point", "coordinates": [91.66, 16.69]}, "properties": {"operator": "jio", "technology": "4G", "tests": 1, "avg_download": 17.3, "avg_quality": 57.91}}, {"type": "Feature", "geometry": {"type": "Point", "coordinates": [78.2, 9.55]}, "properties": {"operator": "vi", "technology": "5G", "tests": 1, "avg_download": 45.52, "avg_quality": 60.26}}, {"type": "Feature", "geometry": {"type": "Point", "coordinates": [88.65, 15.93]}, "properties": {"operator": "airtel", "technology": "4G", "tests": 1, "avg_download": 12.86, "avg_quality": 59.81}}, {"type": "Feature", "geometry": {"type": "Point", "coordinates": [88.03, 15.91]}, "properties": {"operator": "airtel", "technology": "5G", "tests": 1, "avg_download": 59.49, "avg_quality": 69.99}}, {"type": "Feature", "geometry": {"type": "Point", "coordinates": [83.55, 20.14]}, "properties": {"operator": "vi", "technology": "4G", "tests": 1, "avg_download": 17.54, "avg_quality": 53.16}}, {"type": "Feature", "geometry": {"type": "Point", "coordinates": [73.59, 34.06]}, "properties": {"operator": "jio", "technology": "4G", "tests": 1, "avg_download": 34.46, "avg_quality": 42.9}}, {"type": "Feature", "geometry": {"type": "Point", "coordinates": [81.82, 10.72]}, "properties": {"operator": "airtel", "technology": "5G", "tests": 1, "avg_download": 147.3, "avg_quality": 101.03}}, {"type": "Feature", "geometry": {"type": "Point", "coordinates": [89.09, 9.96]}, "properties": {"operator": "vi", "technology": "4G", "tests": 1, "avg_download": 10.33, "avg_quality": 65.38}}, {"type": "Feature", "geometry": {"type": "Point", "coordinates": [91.0, 11.45]}, "properties": {"operator": "airtel", "technology": "5G", "tests": 1, "avg_download": 47.14, "avg_quality": 65.25}}, {"type": "Feature", "geometry": {"type": "Point", "coordinates": [81.78, 24.28]}, "properties": {"operator": "airtel", "technology": "5G", "tests": 1, "avg_download": 48.66, "avg_quality": 64.24}}, {"type": "Feature", "geometry": {"type": "Point", "coordinates": [90.82, 16.67]}, "properties": {"operator": "jio", "technology": "5G", "tests": 1, "avg_download": 121.28, "avg_quality": 83.3}}, {"type": "Feature", "geometry": {"type": "Point", "coordinates": [85.29, 14.82]}, "properties": {"operator": "jio", "technology": "4G", "tests": 1, "avg_download": 32.92, "avg_quality": 79.82}}, {"type": "Feature", "geometry": {"type": "Point", "coordinates": [88.5, 10.0]}, "properties": {"operator": "jio", "technology": "4G", "tests": 1, "avg_download": 40.1, "avg_quality": 70.19}}, {"type": "Feature", "geometry": {"type": "Point", "coordinates": [90.22, 10.74]}, "properties": {"operator": "airtel", "technology": "4G", "tests": 1, "avg_download": 11.94, "avg_quality": 55.44}}, {"type": "Feature", "geometry": {"type": "Point", "coordinates": [75.12, 26.18]}, "properties": {"operator": "vi", "technology": "5G", "tests": 1, "avg_download": 76.01, "avg_quality": 88.56}}, {"type": "Feature", "geometry": {"type": "Point", "coordinates": [90.62, 34.64]}, "properties": {"operator": "vi", "technology": "5G", "tests": 1, "avg_download": 70.9, "avg_quality": 88.5}}, {"type": "Feature", "geometry": {"type": "Point", "coordinates": [90.92, 14.05]}, "properties": {"operator": "jio", "technology": "4G", "tests": 1, "avg_download": 33.02, "avg_quality": 59.68}}, {"type": "Feature", "geometry": {"type": "Point", "coordinates": [93.89, 21.51]}, "properties": {"operator": "jio", "technology": "4G", "tests": 1, "avg_download": 29.64, "avg_quality": 54.25}}, {"type": "Feature", "geometry": {"type": "Point", "coordinates": [86.77, 19.06]}, "properties": {"operator": "vi", "technology": "5G", "tests": 1, "avg_download": 52.1, "avg_quality": 67.57}}, {"type": "Feature", "geometry": {"type": "Point", "coordinates": [84.08, 20.14]}, "properties": {"operator": "airtel", "technology": "5G", "tests": 1, "avg_download": 43.31, "avg_quality": 88.08}}, {"type": "Feature", "geometry": {"type": "Point", "coordinates": [70.2, 12.63]}, "properties": {"operator": "airtel", "technology": "4G", "tests": 1, "avg_download": 26.4, "avg_quality": 66.02}}, {"type": "Feature", "geometry": {"type": "Point", "coordinates": [95.05, 27.01]}, "properties": {"operator": "vi", "technology": "4G", "tests": 1, "avg_download": 28.81, "avg_quality": 63.48}}, {"type": "Feature", "geometry": {"type": "Point", "coordinates": [88.3, 11.74]}, "properties": {"operator": "airtel", "technology": "4G", "tests": 1, "avg_download": 30.04, "avg_quality": 67.63}}, {"type": "Feature", "geometry": {"type": "Point", "coordinates": [92.77, 25.7]}, "properties": {"operator": "airtel", "technology": "5G", "tests": 1, "avg_download": 32.89, "avg_quality": 91.8}}, {"type": "Feature", "geometry": {"type": "Point", "coordinates": [90.1, 15.95]}, "properties": {"operator": "airtel", "technology": "4G", "tests": 1, "avg_download": 21.16, "avg_quality": 53.08}}, {"type": "Feature", "geometry": {"type": "Point", "coordinates": [89.62, 26.6]}, "properties": {"operator": "jio", "technology": "4G", "tests": 1, "avg_download": 9.1, "avg_quality": 43.49}}, {"type": "Feature", "geometry": {"type": "Point", "coordinates": [81.04, 31.53]}, "properties": {"operator": "airtel", "technology": "4G", "tests": 1, "avg_download": 32.35, "avg_quality": 62.37}}, {"type": "Feature", "geometry": {"type": "Point", "coordinates": [94.13, 27.25]}, "properties": {"operator": "vi", "technology": "5G", "tests": 1, "avg_download": 68.11, "avg_quality": 73.63}}, {"type": "Feature", "geometry": {"type": "Point", "coordinates": [73.08, 16.16]}, "properties": {"operator": "jio", "technology": "5G", "tests": 1, "avg_download": 38.86, "avg_quality": 73.96}}, {"type": "Feature", "geometry": {"type": "Point", "coordinates": [71.92, 10.88]}, "properties": {"operator": "jio", "technology": "5G", "tests": 1, "avg_download": 103.93, "avg_quality": 96.56}}, {"type": "Feature", "geometry": {"type": "Point", "coordinates": [94.99, 34.66]}, "properties": {"operator": "airtel", "technology": "4G", "tests": 1, "avg_download": 10.45, "avg_quality": 34.89}}, {"type": "Feature", "geometry": {"type": "Point", "coordinates": [75.86, 17.73]}, "properties": {"operator": "jio", "technology": "4G", "tests": 1, "avg_download": 33.22, "avg_quality": 39.63}}, {"type": "Feature", "geometry": {"type": "Point", "coordinates": [73.96, 34.54]}, "properties": {"operator": "jio", "technology": "4G", "tests": 1, "avg_download": 41.92, "avg_quality": 56.87}}, {"type": "Feature", "geometry": {"type": "Point", "coordinates": [72.2, 31.84]}, "properties": {"operator": "airtel", "technology": "4G", "tests": 1, "avg_download": 15.66, "avg_quality": 64.21}}, {"type": "Feature", "geometry": {"type": "Point", "coordinates": [80.24, 11.03]}, "properties": {"operator": "airtel", "technology": "5G", "tests": 1, "avg_download": 106.29, "avg_quality": 84.32}}, {"type": "Feature", "geometry": {"type": "Point", "coordinates": [83.17, 20.4]}, "properties": {"operator": "jio", "technology": "4G", "tests": 1, "avg_download": 22.09, "avg_quality": 41.64}}, {"type": "Feature", "geometry": {"type": "Point", "coordinates": [95.37, 18.54]}, "properties": {"operator": "airtel", "technology": "4G", "tests": 1, "avg_download": 22.8, "avg_quality": 54.71}}, {"type": "Feature", "geometry": {"type": "Point", "coordinates": [87.49, 8.06]}, "properties": {"operator": "airtel", "technology": "4G", "tests": 1, "avg_download": 13.99, "avg_quality": 43.42}}, {"type": "Feature", "geometry": {"type": "Point", "coordinates": [72.24, 23.13]}, "properties": {"operator": "vi", "technology": "5G", "tests": 1, "avg_download": 46.16, "avg_quality": 60.26}}, {"type": "Feature", "geometry": {"type": "Point", "coordinates": [93.06, 28.92]}, "properties": {"operator": "vi", "technology": "5G", "tests": 1, "avg_download": 63.3, "avg_quality": 72.98}}, {"type": "Feature", "geometry": {"type": "Point", "coordinates": [91.02, 29.46]}, "properties": {"operator": "vi", "technology": "4G", "tests": 1, "avg_download": 16.41, "avg_quality": 65.0}}, {"type": "Feature", "geometry": {"type": "Point", "coordinates": [85.27, 28.67]}, "properties": {"operator": "jio", "technology": "5G", "tests": 1, "avg_download": 67.54, "avg_quality": 77.28}}, {"type": "Feature", "geometry": {"type": "Point", "coordinates": [90.8, 27.26]}, "properties": {"operator": "airtel", "technology": "4G", "tests": 1, "avg_download": 18.5, "avg_quality": 58.1}}, {"type": "Feature", "geometry": {"type": "Point", "coordinates": [94.99, 30.83]}, "properties": {"operator": "airtel", "technology": "4G", "tests": 1, "avg_download": 26.43, "avg_quality": 67.72}}, {"type": "Feature", "geometry": {"type": "Point", "coordinates": [83.99, 24.85]}, "properties": {"operator": "jio", "technology": "5G", "tests": 1, "avg_download": 55.49, "avg_quality": 88.7}}, {"type": "Feature", "geometry": {"type": "Point", "coordinates": [70.74, 33.73]}, "properties": {"operator": "jio", "technology": "5G", "tests": 1, "avg_download": 101.8, "avg_quality": 76.68}}, {"type": "Feature", "geometry": {"type": "Point", "coordinates": [69.3, 30.69]}, "properties": {"operator": "airtel", "technology": "5G", "tests": 1, "avg_download": 36.37, "avg_quality": 63.65}}, {"type": "Feature", "geometry": {"type": "Point", "coordinates": [82.51, 29.7]}, "properties": {"operator": "jio", "technology": "4G", "tests": 1, "avg_download": 29.06, "avg_quality": 65.93}}, {"type": "Feature", "geometry": {"type": "Point", "coordinates": [94.32, 11.75]}, "properties": {"operator": "jio", "technology": "4G", "tests": 1, "avg_download": 13.41, "avg_quality": 51.43}}, {"type": "Feature", "geometry": {"type": "Point", "coordinates": [83.47, 25.18]}, "properties": {"operator": "airtel", "technology": "5G", "tests": 1, "avg_download": 31.04, "avg_quality": 68.98}}, {"type": "Feature", "geometry": {"type": "Point", "coordinates": [83.12, 18.91]}, "properties": {"operator": "jio", "technology": "4G", "tests": 1, "avg_download": 13.33, "avg_quality": 63.18}}, {"type": "Feature", "geometry": {"type": "Point", "coordinates": [70.63, 35.43]}, "properties": {"operator": "airtel", "technology": "4G", "tests": 1, "avg_download": 12.34, "avg_quality": 65.74}}, {"type": "Feature", "geometry": {"type": "Point", "coordinates": [79.98, 33.63]}, "properties": {"operator": "jio", "technology": "5G", "tests": 1, "avg_download": 104.76, "avg_quality": 73.11}}, {"type": "Feature", "geometry": {"type": "Point", "coordinates": [72.82, 28.46]}, "properties": {"operator": "vi", "technology": "4G", "tests": 1, "avg_download": 11.05, "avg_quality": 66.82}}, {"type": "Feature", "geometry": {"type": "Point", "coordinates": [78.75, 32.98]}, "properties": {"operator": "airtel", "technology": "5G", "tests": 1, "avg_download": 85.54, "avg_quality": 72.59}}, {"type": "Feature", "geometry": {"type": "Point", "coordinates": [76.17, 22.07]}, "properties": {"operator": "airtel", "technology": "5G", "tests": 1, "avg_download": 69.81, "avg_quality": 60.32}}, {"type": "Feature", "geometry": {"type": "Point", "coordinates": [93.44, 16.61]}, "properties": {"operator": "jio", "technology": "5G", "tests": 1, "avg_download": 74.54, "avg_quality": 56.96}}, {"type": "Feature", "geometry": {"type": "Point", "coordinates": [76.83, 21.98]}, "properties": {"operator": "jio", "technology": "5G", "tests": 1, "avg_download": 103.13, "avg_quality": 87.62}}, {"type": "Feature", "geometry": {"type": "Point", "coordinates": [70.62, 11.88]}, "properties": {"operator": "airtel", "technology": "5G", "tests": 1, "avg_download": 58.46, "avg_quality": 84.01}}, {"type": "Feature", "geometry": {"type": "Point", "coordinates": [77.7, 24.36]}, "properties": {"operator": "jio", "technology": "5G", "tests": 1, "avg_download": 57.59, "avg_quality": 87.81}}, {"type": "Feature", "geometry": {"type": "Point", "coordinates": [88.28, 18.19]}, "properties": {"operator": "airtel", "technology": "5G", "tests": 1, "avg_download": 63.51, "avg_quality": 97.08}}, {"type": "Feature", "geometry": {"type": "Point", "coordinates": [94.58, 31.6]}, "properties": {"operator": "vi", "technology": "4G", "tests": 1, "avg_download": 18.89, "avg_quality": 75.11}}, {"type": "Feature", "geometry": {"type": "Point", "coordinates": [79.44, 22.03]}, "properties": {"operator": "airtel", "technology": "5G", "tests": 1, "avg_download": 71.74, "avg_quality": 86.05}}, {"type": "Feature", "geometry": {"type": "Point", "coordinates": [85.9, 21.31]}, "properties": {"operator": "jio", "technology": "5G", "tests": 1, "avg_download": 82.91, "avg_quality": 76.24}}, {"type": "Feature", "geometry": {"type": "Point", "coordinates": [91.24, 33.37]}, "properties": {"operator": "jio", "technology": "5G", "tests": 1, "avg_download": 91.97, "avg_quality": 79.66}}, {"type": "Feature", "geometry": {"type": "Point", "coordinates": [70.36, 23.3]}, "properties": {"operator": "airtel", "technology": "5G", "tests": 1, "avg_download": 59.95, "avg_quality": 63.7}}, {"type": "Feature", "geometry": {"type": "Point", "coordinates": [89.9, 18.26]}, "properties": {"operator": "airtel", "technology": "4G", "tests": 1, "avg_download": 9.62, "avg_quality": 56.08}}, {"type": "Feature", "geometry": {"type": "Point", "coordinates": [85.96, 16.96]}, "properties": {"operator": "vi", "technology": "4G", "tests": 1, "avg_download": 11.2, "avg_quality": 45.51}}, {"type": "Feature", "geometry": {"type": "Point", "coordinates": [81.59, 13.66]}, "properties": {"operator": "jio", "technology": "4G", "tests": 1, "avg_download": 25.0, "avg_quality": 52.47}}, {"type": "Feature", "geometry": {"type": "Point", "coordinates": [78.74, 23.3]}, "properties": {"operator": "jio", "technology": "5G", "tests": 1, "avg_download": 105.35, "avg_quality": 95.89}}, {"type": "Feature", "geometry": {"type": "Point", "coordinates": [94.82, 26.42]}, "properties": {"operator": "vi", "technology": "5G", "tests": 1, "avg_download": 68.45, "avg_quality": 76.04}}, {"type": "Feature", "geometry": {"type": "Point", "coordinates": [89.51, 25.33]}, "properties": {"operator": "jio", "technology": "5G", "tests": 1, "avg_download": 109.77, "avg_quality": 81.99}}, {"type": "Feature", "geometry": {"type": "Point", "coordinates": [94.4, 9.42]}, "properties": {"operator": "vi", "technology": "5G", "tests": 1, "avg_download": 89.72, "avg_quality": 93.62}}, {"type": "Feature", "geometry": {"type": "Point", "coordinates": [89.46, 20.94]}, "properties": {"operator": "airtel", "technology": "5G", "tests": 1, "avg_download": 68.73, "avg_quality": 77.5}}, {"type": "Feature", "geometry": {"type": "Point", "coordinates": [74.81, 26.42]}, "properties": {"operator": "vi", "technology": "4G", "tests": 1, "avg_download": 24.36, "avg_quality": 46.24}}, {"type": "Feature", "geometry": {"type": "Point", "coordinates": [88.75, 28.7]}, "properties": {"operator": "airtel", "technology": "5G", "tests": 1, "avg_download": 114.28, "avg_quality": 74.22}}, {"type": "Feature", "geometry": {"type": "Point", "coordinates": [85.07, 33.84]}, "properties": {"operator": "vi", "technology": "5G", "tests": 1, "avg_download": 78.53, "avg_quality": 87.49}}, {"type": "Feature", "geometry": {"type": "Point", "coordinates": [78.84, 30.5]}, "properties": {"operator": "airtel", "technology": "4G", "tests": 1, "avg_download": 20.63, "avg_quality": 71.69}}, {"type": "Feature", "geometry": {"type": "Point", "coordinates": [86.06, 32.59]}, "properties": {"operator": "airtel", "technology": "5G", "tests": 1, "avg_download": 152.96, "avg_quality": 113.13}}, {"type": "Feature", "geometry": {"type": "Point", "coordinates": [73.86, 33.57]}, "properties": {"operator": "vi", "technology": "5G", "tests": 1, "avg_download": 43.74, "avg_quality": 69.51}}, {"type": "Feature", "geometry": {"type": "Point", "coordinates": [89.99, 32.6]}, "properties": {"operator": "airtel", "technology": "4G", "tests": 1, "avg_download": 25.94, "avg_quality": 75.17}}, {"type": "Feature", "geometry": {"type": "Point", "coordinates": [88.92, 16.8]}, "properties": {"operator": "vi", "technology": "4G", "tests": 1, "avg_download": 5.2, "avg_quality": 67.89}}, {"type": "Feature", "geometry": {"type": "Point", "coordinates": [74.57, 25.44]}, "properties": {"operator": "jio", "technology": "5G", "tests": 1, "avg_download": 64.61, "avg_quality": 70.92}}, {"type": "Feature", "geometry": {"type": "Point", "coordinates": [72.87, 9.59]}, "properties": {"operator": "vi", "technology": "5G", "tests": 1, "avg_download": 82.68, "avg_quality": 85.42}}, {"type": "Feature", "geometry": {"type": "Point", "coordinates": [79.74, 20.49]}, "properties": {"operator": "vi", "technology": "5G", "tests": 1, "avg_download": 65.66, "avg_quality": 56.45}}, {"type": "Feature", "geometry": {"type": "Point", "coordinates": [94.0, 24.85]}, "properties": {"operator": "jio", "technology": "4G", "tests": 1, "avg_download": 34.25, "avg_quality": 63.75}}, {"type": "Feature", "geometry": {"type": "Point", "coordinates": [95.3, 26.29]}, "properties": {"operator": "airtel", "technology": "5G", "tests": 1, "avg_download": 92.37, "avg_quality": 89.15}}, {"type": "Feature", "geometry": {"type": "Point", "coordinates": [83.18, 35.56]}, "properties": {"operator": "airtel", "technology": "5G", "tests": 1, "avg_download": 72.99, "avg_quality": 76.87}}, {"type": "Feature", "geometry": {"type": "Point", "coordinates": [73.25, 28.52]}, "properties": {"operator": "jio", "technology": "5G", "tests": 1, "avg_download": 65.68, "avg_quality": 81.91}}, {"type": "Feature", "geometry": {"type": "Point", "coordinates": [80.47, 21.95]}, "properties": {"operator": "airtel", "technology": "5G", "tests": 1, "avg_download": 73.46, "avg_quality": 68.02}}, {"type": "Feature", "geometry": {"type": "Point", "coordinates": [90.25, 18.84]}, "properties": {"operator": "vi", "technology": "5G", "tests": 1, "avg_download": 74.01, "avg_quality": 48.03}}, {"type": "Feature", "geometry": {"type": "Point", "coordinates": [94.42, 23.26]}, "properties": {"operator": "vi", "technology": "5G", "tests": 1, "avg_download": 37.0, "avg_quality": 75.57}}, {"type": "Feature", "geometry": {"type": "Point", "coordinates": [76.57, 27.5]}, "properties": {"operator": "jio", "technology": "5G", "tests": 1, "avg_download": 70.19, "avg_quality": 79.25}}, {"type": "Feature", "geometry": {"type": "Point", "coordinates": [71.68, 15.44]}, "properties": {"operator": "vi", "technology": "5G", "tests": 1, "avg_download": 35.3, "avg_quality": 83.35}}, {"type": "Feature", "geometry": {"type": "Point", "coordinates": [91.86, 29.64]}, "properties": {"operator": "jio", "technology": "5G", "tests": 1, "avg_download": 58.97, "avg_quality": 81.5}}, {"type": "Feature", "geometry": {"type": "Point", "coordinates": [95.96, 33.36]}, "properties": {"operator": "airtel", "technology": "5G", "tests": 1, "avg_download": 56.49, "avg_quality": 76.79}}, {"type": "Feature", "geometry": {"type": "Point", "coordinates": [76.81, 22.01]}, "properties": {"operator": "airtel", "technology": "5G", "tests": 1, "avg_download": 88.03, "avg_quality": 101.43}}, {"type": "Feature", "geometry": {"type": "Point", "coordinates": [88.56, 19.98]}, "properties": {"operator": "airtel", "technology": "5G", "tests": 1, "avg_download": 62.79, "avg_quality": 77.51}}, {"type": "Feature", "geometry": {"type": "Point", "coordinates": [85.89, 23.96]}, "properties": {"operator": "jio", "technology": "4G", "tests": 1, "avg_download": 18.76, "avg_quality": 53.63}}, {"type": "Feature", "geometry": {"type": "Point", "coordinates": [91.83, 31.05]}, "properties": {"operator": "airtel", "technology": "5G", "tests": 1, "avg_download": 80.55, "avg_quality": 61.19}}, {"type": "Feature", "geometry": {"type": "Point", "coordinates": [71.2, 9.81]}, "properties": {"operator": "vi", "technology": "5G", "tests": 1, "avg_download": 64.11, "avg_quality": 62.11}}, {"type": "Feature", "geometry": {"type": "Point", "coordinates": [94.12, 33.18]}, "properties": {"operator": "vi", "technology": "5G", "tests": 1, "avg_download": 68.03, "avg_quality": 69.37}}, {"type": "Feature", "geometry": {"type": "Point", "coordinates": [86.62, 12.71]}, "properties": {"operator": "airtel", "technology": "5G", "tests": 1, "avg_download": 72.97, "avg_quality": 63.44}}, {"type": "Feature", "geometry": {"type": "Point", "coordinates": [71.24, 18.5]}, "properties": {"operator": "vi", "technology": "4G", "tests": 1, "avg_download": 14.59, "avg_quality": 46.01}}, {"type": "Feature", "geometry": {"type": "Point", "coordinates": [73.03, 24.89]}, "properties": {"operator": "vi", "technology": "5G", "tests": 1, "avg_download": 41.44, "avg_quality": 83.66}}, {"type": "Feature", "geometry": {"type": "Point", "coordinates": [70.67, 18.47]}, "properties": {"operator": "vi", "technology": "5G", "tests": 1, "avg_download": 64.46, "avg_quality": 59.68}}, {"type": "Feature", "geometry": {"type": "Point", "coordinates": [72.73, 13.81]}, "properties": {"operator": "airtel", "technology": "4G", "tests": 1, "avg_download": 25.17, "avg_quality": 74.53}}, {"type": "Feature", "geometry": {"type": "Point", "coordinates": [93.09, 34.02]}, "properties": {"operator": "jio", "technology": "5G", "tests": 1, "avg_download": 51.92, "avg_quality": 69.19}}, {"type": "Feature", "geometry": {"type": "Point", "coordinates": [71.76, 24.48]}, "properties": {"operator": "jio", "technology": "5G", "tests": 1, "avg_download": 55.13, "avg_quality": 67.55}}, {"type": "Feature", "geometry": {"type": "Point", "coordinates": [94.91, 22.41]}, "properties": {"operator": "airtel", "technology": "5G", "tests": 1, "avg_download": 103.17, "avg_quality": 85.14}}, {"type": "Feature", "geometry": {"type": "Point", "coordinates": [83.04, 34.11]}, "properties": {"operator": "jio", "technology": "5G", "tests": 1, "avg_download": 137.74, "avg_quality": 81.71}}, {"type": "Feature", "geometry": {"type": "Point", "coordinates": [95.47, 23.85]}, "properties": {"operator": "airtel", "technology": "5G", "tests": 1, "avg_download": 55.61, "avg_quality": 74.36}}, {"type": "Feature", "geometry": {"type": "Point", "coordinates": [78.55, 27.42]}, "properties": {"operator": "airtel", "technology": "5G", "tests": 1, "avg_download": 80.89, "avg_quality": 88.65}}, {"type": "Feature", "geometry": {"type": "Point", "coordinates": [76.77, 31.87]}, "properties": {"operator": "jio", "technology": "4G", "tests": 1, "avg_download": 23.72, "avg_quality": 67.0}}, {"type": "Feature", "geometry": {"type": "Point", "coordinates": [73.55, 34.36]}, "properties": {"operator": "airtel", "technology": "5G", "tests": 1, "avg_download": 36.45, "avg_quality": 75.97}}, {"type": "Feature", "geometry": {"type": "Point", "coordinates": [75.13, 8.26]}, "properties": {"operator": "jio", "technology": "4G", "tests": 1, "avg_download": 30.86, "avg_quality": 51.78}}, {"type": "Feature", "geometry": {"type": "Point", "coordinates": [86.53, 9.15]}, "properties": {"operator": "airtel", "technology": "5G", "tests": 1, "avg_download": 90.54, "avg_quality": 80.13}}, {"type": "Feature", "geometry": {"type": "Point", "coordinates": [93.24, 28.46]}, "properties": {"operator": "vi", "technology": "4G", "tests": 1, "avg_download": 22.34, "avg_quality": 66.99}}, {"type": "Feature", "geometry": {"type": "Point", "coordinates": [80.27, 28.55]}, "properties": {"operator": "jio", "technology": "5G", "tests": 1, "avg_download": 136.37, "avg_quality": 86.29}}, {"type": "Feature", "geometry": {"type": "Point", "coordinates": [75.74, 9.3]}, "properties": {"operator": "airtel", "technology": "4G", "tests": 1, "avg_download": 26.98, "avg_quality": 68.31}}, {"type": "Feature", "geometry": {"type": "Point", "coordinates": [92.81, 35.72]}, "properties": {"operator": "vi", "technology": "4G", "tests": 1, "avg_download": 11.93, "avg_quality": 37.66}}, {"type": "Feature", "geometry": {"type": "Point", "coordinates": [95.9, 25.74]}, "properties": {"operator": "jio", "technology": "5G", "tests": 1, "avg_download": 87.5, "avg_quality": 82.73}}, {"type": "Feature", "geometry": {"type": "Point", "coordinates": [68.22, 25.54]}, "properties": {"operator": "airtel", "technology": "4G", "tests": 1, "avg_download": 23.89, "avg_quality": 69.74}}, {"type": "Feature", "geometry": {"type": "Point", "coordinates": [78.82, 17.73]}, "properties": {"operator": "airtel", "technology": "5G", "tests": 1, "avg_download": 117.04, "avg_quality": 95.3}}, {"type": "Feature", "geometry": {"type": "Point", "coordinates": [71.85, 19.44]}, "properties": {"operator": "vi", "technology": "4G", "tests": 1, "avg_download": 15.0, "avg_quality": 67.03}}, {"type": "Feature", "geometry": {"type": "Point", "coordinates": [77.22, 10.1]}, "properties": {"operator": "jio", "technology": "4G", "tests": 1, "avg_download": 51.47, "avg_quality": 73.8}}, {"type": "Feature", "geometry": {"type": "Point", "coordinates": [74.35, 26.93]}, "properties": {"operator": "vi", "technology": "4G", "tests": 1, "avg_download": 16.37, "avg_quality": 64.78}}, {"type": "Feature", "geometry": {"type": "Point", "coordinates": [86.25, 34.58]}, "properties": {"operator": "vi", "technology": "4G", "tests": 1, "avg_download": 22.72, "avg_quality": 72.48}}, {"type": "Feature", "geometry": {"type": "Point", "coordinates": [90.96, 30.0]}, "properties": {"operator": "jio", "technology": "4G", "tests": 1, "avg_download": 26.81, "avg_quality": 49.82}}, {"type": "Feature", "geometry": {"type": "Point", "coordinates": [81.9, 18.16]}, "properties": {"operator": "airtel", "technology": "4G", "tests": 1, "avg_download": 19.89, "avg_quality": 66.74}}, {"type": "Feature", "geometry": {"type": "Point", "coordinates": [83.31, 9.65]}, "properties": {"operator": "airtel", "technology": "5G", "tests": 1, "avg_download": 94.45, "avg_quality": 88.68}}, {"type": "Feature", "geometry": {"type": "Point", "coordinates": [84.31, 13.91]}, "properties": {"operator": "vi", "technology": "4G", "tests": 1, "avg_download": 17.88, "avg_quality": 61.21}}, {"type": "Feature", "geometry": {"type": "Point", "coordinates": [91.82, 15.56]}, "properties": {"operator": "vi", "technology": "5G", "tests": 1, "avg_download": 54.14, "avg_quality": 61.5}}, {"type": "Feature", "geometry": {"type": "Point", "coordinates": [88.36, 33.51]}, "properties": {"operator": "airtel", "technology": "5G", "tests": 1, "avg_download": 68.28, "avg_quality": 68.09}}, {"type": "Feature", "geometry": {"type": "Point", "coordinates": [76.59, 30.03]}, "properties": {"operator": "airtel", "technology": "5G", "tests": 1, "avg_download": 84.79, "avg_quality": 80.35}}, {"type": "Feature", "geometry": {"type": "Point", "coordinates": [92.33, 30.32]}, "properties": {"operator": "jio", "technology": "4G", "tests": 1, "avg_download": 25.62, "avg_quality": 66.64}}, {"type": "Feature", "geometry": {"type": "Point", "coordinates": [73.97, 11.52]}, "properties": {"operator": "jio", "technology": "4G", "tests": 1, "avg_download": 32.26, "avg_quality": 49.26}}, {"type": "Feature", "geometry": {"type": "Point", "coordinates": [68.94, 35.38]}, "properties": {"operator": "jio", "technology": "4G", "tests": 1, "avg_download": 25.77, "avg_quality": 66.96}}, {"type": "Feature", "geometry": {"type": "Point", "coordinates": [72.83, 23.89]}, "properties": {"operator": "vi", "technology": "4G", "tests": 1, "avg_download": 19.47, "avg_quality": 64.48}}, {"type": "Feature", "geometry": {"type": "Point", "coordinates": [81.09, 32.73]}, "properties": {"operator": "airtel", "technology": "4G", "tests": 1, "avg_download": 18.27, "avg_quality": 67.63}}, {"type": "Feature", "geometry": {"type": "Point", "coordinates": [68.8, 30.54]}, "properties": {"operator": "jio", "technology": "4G", "tests": 1, "avg_download": 21.22, "avg_quality": 62.26}}, {"type": "Feature", "geometry": {"type": "Point", "coordinates": [76.26, 14.89]}, "properties": {"operator": "airtel", "technology": "4G", "tests": 1, "avg_download": 27.15, "avg_quality": 63.84}}, {"type": "Feature", "geometry": {"type": "Point", "coordinates": [93.6, 15.58]}, "properties": {"operator": "airtel", "technology": "5G", "tests": 1, "avg_download": 99.8, "avg_quality": 92.57}}, {"type": "Feature", "geometry": {"type": "Point", "coordinates": [72.89, 21.94]}, "properties": {"operator": "jio", "technology": "4G", "tests": 1, "avg_download": 25.91, "avg_quality": 70.08}}, {"type": "Feature", "geometry": {"type": "Point", "coordinates": [84.89, 30.68]}, "properties": {"operator": "jio", "technology": "5G", "tests": 1, "avg_download": 68.47, "avg_quality": 90.71}}, {"type": "Feature", "geometry": {"type": "Point", "coordinates": [70.36, 18.35]}, "properties": {"operator": "vi", "technology": "4G", "tests": 1, "avg_download": 13.59, "avg_quality": 54.09}}, {"type": "Feature", "geometry": {"type": "Point", "coordinates": [83.61, 16.13]}, "properties": {"operator": "vi", "technology": "5G", "tests": 1, "avg_download": 91.33, "avg_quality": 90.72}}, {"type": "Feature", "geometry": {"type": "Point", "coordinates": [74.38, 12.65]}, "properties": {"operator": "vi", "technology": "5G", "tests": 1, "avg_download": 42.12, "avg_quality": 63.67}}, {"type": "Feature", "geometry": {"type": "Point", "coordinates": [73.77, 27.88]}, "properties": {"operator": "airtel", "technology": "5G", "tests": 1, "avg_download": 91.59, "avg_quality": 84.46}}, {"type": "Feature", "geometry": {"type": "Point", "coordinates": [75.81, 30.41]}, "properties": {"operator": "vi", "technology": "4G", "tests": 1, "avg_download": 18.81, "avg_quality": 74.12}}, {"type": "Feature", "geometry": {"type": "Point", "coordinates": [91.8, 14.04]}, "properties": {"operator": "vi", "technology": "4G", "tests": 1, "avg_download": 14.47, "avg_quality": 53.11}}, {"type": "Feature", "geometry": {"type": "Point", "coordinates": [78.67, 9.91]}, "properties": {"operator": "vi", "technology": "5G", "tests": 1, "avg_download": 48.37, "avg_quality": 80.57}}, {"type": "Feature", "geometry": {"type": "Point", "coordinates": [87.76, 32.6]}, "properties": {"operator": "vi", "technology": "5G", "tests": 1, "avg_download": 58.04, "avg_quality": 65.25}}, {"type": "Feature", "geometry": {"type": "Point", "coordinates": [85.04, 8.79]}, "properties": {"operator": "airtel", "technology": "4G", "tests": 1, "avg_download": 17.29, "avg_quality": 58.84}}, {"type": "Feature", "geometry": {"type": "Point", "coordinates": [75.03, 8.16]}, "properties": {"operator": "vi", "technology": "5G", "tests": 1, "avg_download": 59.13, "avg_quality": 69.61}}, {"type": "Feature", "geometry": {"type": "Point", "coordinates": [69.84, 18.88]}, "properties": {"operator": "jio", "technology": "5G", "tests": 1, "avg_download": 77.18, "avg_quality": 61.89}}, {"type": "Feature", "geometry": {"type": "Point", "coordinates": [84.52, 13.64]}, "properties": {"operator": "airtel", "technology": "4G", "tests": 1, "avg_download": 21.26, "avg_quality": 66.69}}, {"type": "Feature", "geometry": {"type": "Point", "coordinates": [69.32, 12.72]}, "properties": {"operator": "jio", "technology": "5G", "tests": 1, "avg_download": 88.63, "avg_quality": 92.3}}, {"type": "Feature", "geometry": {"type": "Point", "coordinates": [86.89, 10.29]}, "properties": {"operator": "airtel", "technology": "4G", "tests": 1, "avg_download": 20.22, "avg_quality": 68.59}}, {"type": "Feature", "geometry": {"type": "Point", "coordinates": [71.13, 30.55]}, "properties": {"operator": "airtel", "technology": "5G", "tests": 1, "avg_download": 70.53, "avg_quality": 81.85}}, {"type": "Feature", "geometry": {"type": "Point", "coordinates": [79.09, 8.88]}, "properties": {"operator": "jio", "technology": "4G", "tests": 1, "avg_download": 27.02, "avg_quality": 42.37}}, {"type": "Feature", "geometry": {"type": "Point", "coordinates": [78.61, 10.32]}, "properties": {"operator": "vi", "technology": "5G", "tests": 1, "avg_download": 48.09, "avg_quality": 82.82}}, {"type": "Feature", "geometry": {"type": "Point", "coordinates": [93.85, 20.26]}, "properties": {"operator": "jio", "technology": "5G", "tests": 1, "avg_download": 58.06, "avg_quality": 90.98}}, {"type": "Feature", "geometry": {"type": "Point", "coordinates": [93.94, 33.74]}, "properties": {"operator": "airtel", "technology": "4G", "tests": 1, "avg_download": 9.45, "avg_quality": 45.48}}, {"type": "Feature", "geometry": {"type": "Point", "coordinates": [91.02, 32.18]}, "properties": {"operator": "airtel", "technology": "4G", "tests": 1, "avg_download": 21.73, "avg_quality": 51.24}}, {"type": "Feature", "geometry": {"type": "Point", "coordinates": [82.33, 25.53]}, "properties": {"operator": "vi", "technology": "5G", "tests": 1, "avg_download": 82.54, "avg_quality": 74.54}}, {"type": "Feature", "geometry": {"type": "Point", "coordinates": [94.05, 12.39]}, "properties": {"operator": "jio", "technology": "4G", "tests": 1, "avg_download": 33.0, "avg_quality": 55.66}}, {"type": "Feature", "geometry": {"type": "Point", "coordinates": [68.68, 22.59]}, "properties": {"operator": "jio", "technology": "4G", "tests": 1, "avg_download": 14.2, "avg_quality": 63.92}}, {"type": "Feature", "geometry": {"type": "Point", "coordinates": [90.81, 10.12]}, "properties": {"operator": "airtel", "technology": "4G", "tests": 1, "avg_download": 10.88, "avg_quality": 54.92}}, {"type": "Feature", "geometry": {"type": "Point", "coordinates": [75.66, 30.6]}, "properties": {"operator": "jio", "technology": "5G", "tests": 1, "avg_download": 75.82, "avg_quality": 79.29}}, {"type": "Feature", "geometry": {"type": "Point", "coordinates": [93.34, 16.63]}, "properties": {"operator": "jio", "technology": "4G", "tests": 1, "avg_download": 27.89, "avg_quality": 74.6}}, {"type": "Feature", "geometry": {"type": "Point", "coordinates": [91.8, 28.46]}, "properties": {"operator": "vi", "technology": "4G", "tests": 1, "avg_download": 18.07, "avg_quality": 71.1}}, {"type": "Feature", "geometry": {"type": "Point", "coordinates": [80.41, 24.34]}, "properties": {"operator": "jio", "technology": "4G", "tests": 1, "avg_download": 28.11, "avg_quality": 50.13}}, {"type": "Feature", "geometry": {"type": "Point", "coordinates": [77.11, 24.27]}, "properties": {"operator": "jio", "technology": "4G", "tests": 1, "avg_download": 23.61, "avg_quality": 62.58}}, {"type": "Feature", "geometry": {"type": "Point", "coordinates": [93.57, 13.27]}, "properties": {"operator": "jio", "technology": "5G", "tests": 1, "avg_download": 65.34, "avg_quality": 70.09}}, {"type": "Feature", "geometry": {"type": "Point", "coordinates": [85.99, 12.28]}, "properties": {"operator": "vi", "technology": "5G", "tests": 1, "avg_download": 85.84, "avg_quality": 81.4}}, {"type": "Feature", "geometry": {"type": "Point", "coordinates": [75.75, 23.75]}, "properties": {"operator": "vi", "technology": "4G", "tests": 1, "avg_download": 23.15, "avg_quality": 61.49}}, {"type": "Feature", "geometry": {"type": "Point", "coordinates": [93.2, 11.56]}, "properties": {"operator": "jio", "technology": "5G", "tests": 1, "avg_download": 61.29, "avg_quality": 48.63}}, {"type": "Feature", "geometry": {"type": "Point", "coordinates": [74.96, 24.22]}, "properties": {"operator": "vi", "technology": "5G", "tests": 1, "avg_download": 68.26, "avg_quality": 69.87}}, {"type": "Feature", "geometry": {"type": "Point", "coordinates": [86.14, 12.62]}, "properties": {"operator": "vi", "technology": "4G", "tests": 1, "avg_download": 20.3, "avg_quality": 76.6}}, {"type": "Feature", "geometry": {"type": "Point", "coordinates": [76.36, 34.7]}, "properties": {"operator": "vi", "technology": "4G", "tests": 1, "avg_download": 6.26, "avg_quality": 36.7}}, {"type": "Feature", "geometry": {"type": "Point", "coordinates": [73.85, 33.66]}, "properties": {"operator": "airtel", "technology": "4G", "tests": 1, "avg_download": 30.9, "avg_quality": 78.11}}, {"type": "Feature", "geometry": {"type": "Point", "coordinates": [95.87, 19.44]}, "properties": {"operator": "vi", "technology": "4G", "tests": 1, "avg_download": 18.42, "avg_quality": 48.78}}, {"type": "Feature", "geometry": {"type": "Point", "coordinates": [68.59, 23.22]}, "properties": {"operator": "vi", "technology": "5G", "tests": 1, "avg_download": 75.17, "avg_quality": 50.73}}, {"type": "Feature", "geometry": {"type": "Point", "coordinates": [82.51, 11.44]}, "properties": {"operator": "vi", "technology": "5G", "tests": 1, "avg_download": 49.52, "avg_quality": 67.87}}, {"type": "Feature", "geometry": {"type": "Point", "coordinates": [89.18, 8.38]}, "properties": {"operator": "jio", "technology": "5G", "tests": 1, "avg_download": 80.17, "avg_quality": 80.11}}, {"type": "Feature", "geometry": {"type": "Point", "coordinates": [72.86, 27.21]}, "properties": {"operator": "airtel", "technology": "5G", "tests": 1, "avg_download": 72.71, "avg_quality": 85.18}}, {"type": "Feature", "geometry": {"type": "Point", "coordinates": [81.09, 22.17]}, "properties": {"operator": "jio", "technology": "4G", "tests": 1, "avg_download": 35.38, "avg_quality": 54.53}}, {"type": "Feature", "geometry": {"type": "Point", "coordinates": [88.88, 26.59]}, "properties": {"operator": "vi", "technology": "5G", "tests": 1, "avg_download": 49.28, "avg_quality": 47.64}}, {"type": "Feature", "geometry": {"type": "Point", "coordinates": [87.38, 29.13]}, "properties": {"operator": "vi", "technology": "5G", "tests": 1, "avg_download": 65.92, "avg_quality": 73.71}}, {"type": "Feature", "geometry": {"type": "Point", "coordinates": [92.15, 35.57]}, "properties": {"operator": "vi", "technology": "5G", "tests": 1, "avg_download": 76.76, "avg_quality": 63.53}}, {"type": "Feature", "geometry": {"type": "Point", "coordinates": [92.11, 8.5]}, "properties": {"operator": "jio", "technology": "4G", "tests": 1, "avg_download": 14.93, "avg_quality": 64.83}}, {"type": "Feature", "geometry": {"type": "Point", "coordinates": [92.03, 34.34]}, "properties": {"operator": "jio", "technology": "4G", "tests": 1, "avg_download": 13.87, "avg_quality": 66.49}}, {"type": "Feature", "geometry": {"type": "Point", "coordinates": [93.0, 24.87]}, "properties": {"operator": "jio", "technology": "5G", "tests": 1, "avg_download": 107.26, "avg_quality": 89.67}}, {"type": "Feature", "geometry": {"type": "Point", "coordinates": [82.51, 35.59]}, "properties": {"operator": "vi", "technology": "5G", "tests": 1, "avg_download": 46.79, "avg_quality": 80.15}}, {"type": "Feature", "geometry": {"type": "Point", "coordinates": [74.18, 26.73]}, "properties": {"operator": "airtel", "technology": "4G", "tests": 1, "avg_download": 28.67, "avg_quality": 79.37}}, {"type": "Feature", "geometry": {"type": "Point", "coordinates": [80.15, 22.0]}, "properties": {"operator": "vi", "technology": "4G", "tests": 1, "avg_download": 13.53, "avg_quality": 64.28}}, {"type": "Feature", "geometry": {"type": "Point", "coordinates": [95.77, 16.63]}, "properties": {"operator": "jio", "technology": "4G", "tests": 1, "avg_download": 24.12, "avg_quality": 52.63}}, {"type": "Feature", "geometry": {"type": "Point", "coordinates": [92.1, 8.94]}, "properties": {"operator": "vi", "technology": "4G", "tests": 1, "avg_download": 12.04, "avg_quality": 67.85}}, {"type": "Feature", "geometry": {"type": "Point", "coordinates": [86.44, 14.41]}, "properties": {"operator": "airtel", "technology": "5G", "tests": 1, "avg_download": 81.88, "avg_quality": 84.63}}, {"type": "Feature", "geometry": {"type": "Point", "coordinates": [92.01, 18.23]}, "properties": {"operator": "airtel", "technology": "4G", "tests": 1, "avg_download": 26.54, "avg_quality": 74.92}}, {"type": "Feature", "geometry": {"type": "Point", "coordinates": [68.96, 14.37]}, "properties": {"operator": "airtel", "technology": "4G", "tests": 1, "avg_download": 31.4, "avg_quality": 71.54}}, {"type": "Feature", "geometry": {"type": "Point", "coordinates": [72.21, 22.95]}, "properties": {"operator": "airtel", "technology": "5G", "tests": 1, "avg_download": 79.41, "avg_quality": 77.98}}, {"type": "Feature", "geometry": {"type": "Point", "coordinates": [92.76, 8.01]}, "properties": {"operator": "airtel", "technology": "5G", "tests": 1, "avg_download": 28.65, "avg_quality": 64.11}}, {"type": "Feature", "geometry": {"type": "Point", "coordinates": [94.62, 20.77]}, "properties": {"operator": "vi", "technology": "5G", "tests": 1, "avg_download": 58.65, "avg_quality": 47.17}}, {"type": "Feature", "geometry": {"type": "Point", "coordinates": [93.26, 19.52]}, "properties": {"operator": "vi", "technology": "5G", "tests": 1, "avg_download": 59.97, "avg_quality": 87.43}}, {"type": "Feature", "geometry": {"type": "Point", "coordinates": [88.4, 24.73]}, "properties": {"operator": "vi", "technology": "5G", "tests": 1, "avg_download": 46.43, "avg_quality": 59.04}}, {"type": "Feature", "geometry": {"type": "Point", "coordinates": [86.19, 24.33]}, "properties": {"operator": "jio", "technology": "5G", "tests": 1, "avg_download": 62.15, "avg_quality": 82.22}}, {"type": "Feature", "geometry": {"type": "Point", "coordinates": [89.24, 35.15]}, "properties": {"operator": "jio", "technology": "4G", "tests": 1, "avg_download": 26.25, "avg_quality": 67.59}}, {"type": "Feature", "geometry": {"type": "Point", "coordinates": [87.7, 25.08]}, "properties": {"operator": "airtel", "technology": "4G", "tests": 1, "avg_download": 24.52, "avg_quality": 64.13}}, {"type": "Feature", "geometry": {"type": "Point", "coordinates": [72.93, 16.88]}, "properties": {"operator": "jio", "technology": "5G", "tests": 1, "avg_download": 83.68, "avg_quality": 88.64}}, {"type": "Feature", "geometry": {"type": "Point", "coordinates": [90.91, 16.77]}, "properties": {"operator": "jio", "technology": "5G", "tests": 1, "avg_download": 169.09, "avg_quality": 103.08}}, {"type": "Feature", "geometry": {"type": "Point", "coordinates": [68.94, 10.83]}, "properties": {"operator": "jio", "technology": "4G", "tests": 1, "avg_download": 34.67, "avg_quality": 77.67}}, {"type": "Feature", "geometry": {"type": "Point", "coordinates": [84.71, 13.35]}, "properties": {"operator": "vi", "technology": "5G", "tests": 1, "avg_download": 29.55, "avg_quality": 67.55}}, {"type": "Feature", "geometry": {"type": "Point", "coordinates": [80.81, 28.37]}, "properties": {"operator": "vi", "technology": "5G", "tests": 1, "avg_download": 42.59, "avg_quality": 59.82}}, {"type": "Feature", "geometry": {"type": "Point", "coordinates": [77.96, 30.17]}, "properties": {"operator": "jio", "technology": "4G", "tests": 1, "avg_download": 28.27, "avg_quality": 69.07}}, {"type": "Feature", "geometry": {"type": "Point", "coordinates": [84.77, 19.37]}, "properties": {"operator": "vi", "technology": "5G", "tests": 1, "avg_download": 90.25, "avg_quality": 70.7}}, {"type": "Feature", "geometry": {"type": "Point", "coordinates": [71.99, 34.4]}, "properties": {"operator": "airtel", "technology": "4G", "tests": 1, "avg_download": 31.01, "avg_quality": 64.55}}, {"type": "Feature", "geometry": {"type": "Point", "coordinates": [89.16, 9.28]}, "properties": {"operator": "jio", "technology": "4G", "tests": 1, "avg_download": 26.11, "avg_quality": 66.71}}, {"type": "Feature", "geometry": {"type": "Point", "coordinates": [94.91, 13.01]}, "properties": {"operator": "vi", "technology": "4G", "tests": 1, "avg_download": 21.22, "avg_quality": 81.13}}, {"type": "Feature", "geometry": {"type": "Point", "coordinates": [83.82, 25.15]}, "properties": {"operator": "jio", "technology": "4G", "tests": 1, "avg_download": 28.39, "avg_quality": 60.12}}, {"type": "Feature", "geometry": {"type": "Point", "coordinates": [92.35, 13.53]}, "properties": {"operator": "jio", "technology": "4G", "tests": 1, "avg_download": 14.45, "avg_quality": 59.63}}, {"type": "Feature", "geometry": {"type": "Point", "coordinates": [77.38, 33.13]}, "properties": {"operator": "jio", "technology": "5G", "tests": 1, "avg_download": 129.53, "avg_quality": 89.11}}, {"type": "Feature", "geometry": {"type": "Point", "coordinates": [95.02, 18.54]}, "properties": {"operator": "airtel", "technology": "5G", "tests": 1, "avg_download": 78.48, "avg_quality": 72.92}}, {"type": "Feature", "geometry": {"type": "Point", "coordinates": [85.48, 27.14]}, "properties": {"operator": "jio", "technology": "5G", "tests": 1, "avg_download": 179.55, "avg_quality": 102.93}}, {"type": "Feature", "geometry": {"type": "Point", "coordinates": [71.59, 21.59]}, "properties": {"operator": "vi", "technology": "4G", "tests": 1, "avg_download": 13.81, "avg_quality": 59.02}}, {"type": "Feature", "geometry": {"type": "Point", "coordinates": [83.53, 18.02]}, "properties": {"operator": "airtel", "technology": "4G", "tests": 1, "avg_download": 16.96, "avg_quality": 63.64}}, {"type": "Feature", "geometry": {"type": "Point", "coordinates": [91.25, 11.94]}, "properties": {"operator": "airtel", "technology": "5G", "tests": 1, "avg_download": 29.88, "avg_quality": 73.57}}, {"type": "Feature", "geometry": {"type": "Point", "coordinates": [79.07, 35.2]}, "properties": {"operator": "airtel", "technology": "5G", "tests": 1, "avg_download": 62.13, "avg_quality": 81.53}}, {"type": "Feature", "geometry": {"type": "Point", "coordinates": [75.08, 29.63]}, "properties": {"operator": "jio", "technology": "4G", "tests": 1, "avg_download": 30.07, "avg_quality": 79.41}}, {"type": "Feature", "geometry": {"type": "Point", "coordinates": [89.05, 29.57]}, "properties": {"operator": "jio", "technology": "5G", "tests": 1, "avg_download": 56.28, "avg_quality": 80.67}}, {"type": "Feature", "geometry": {"type": "Point", "coordinates": [93.99, 33.27]}, "properties": {"operator": "jio", "technology": "5G", "tests": 1, "avg_download": 83.55, "avg_quality": 85.33}}, {"type": "Feature", "geometry": {"type": "Point", "coordinates": [68.05, 12.38]}, "properties": {"operator": "airtel", "technology": "4G", "tests": 1, "avg_download": 15.82, "avg_quality": 73.92}}, {"type": "Feature", "geometry": {"type": "Point", "coordinates": [90.74, 32.47]}, "properties": {"operator": "airtel", "technology": "5G", "tests": 1, "avg_download": 66.73, "avg_quality": 64.35}}, {"type": "Feature", "geometry": {"type": "Point", "coordinates": [72.55, 9.99]}, "properties": {"operator": "vi", "technology": "5G", "tests": 1, "avg_download": 73.54, "avg_quality": 84.19}}, {"type": "Feature", "geometry": {"type": "Point", "coordinates": [73.41, 23.48]}, "properties": {"operator": "vi", "technology": "4G", "tests": 1, "avg_download": 12.3, "avg_quality": 68.69}}, {"type": "Feature", "geometry": {"type": "Point", "coordinates": [86.71, 22.4]}, "properties": {"operator": "vi", "technology": "5G", "tests": 1, "avg_download": 47.58, "avg_quality": 74.99}}, {"type": "Feature", "geometry": {"type": "Point", "coordinates": [95.93, 29.46]}, "properties": {"operator": "airtel", "technology": "4G", "tests": 1, "avg_download": 18.18, "avg_quality": 42.18}}, {"type": "Feature", "geometry": {"type": "Point", "coordinates": [89.42, 35.1]}, "properties": {"operator": "jio", "technology": "4G", "tests": 1, "avg_download": 15.09, "avg_quality": 67.12}}, {"type": "Feature", "geometry": {"type": "Point", "coordinates": [85.72, 13.38]}, "properties": {"operator": "jio", "technology": "5G", "tests": 1, "avg_download": 70.92, "avg_quality": 81.72}}, {"type": "Feature", "geometry": {"type": "Point", "coordinates": [68.19, 27.76]}, "properties": {"operator": "vi", "technology": "4G", "tests": 1, "avg_download": 15.54, "avg_quality": 53.31}}, {"type": "Feature", "geometry": {"type": "Point", "coordinates": [86.97, 22.93]}, "properties": {"operator": "airtel", "technology": "5G", "tests": 1, "avg_download": 94.23, "avg_quality": 67.64}}, {"type": "Feature", "geometry": {"type": "Point", "coordinates": [88.18, 8.2]}, "properties": {"operator": "jio", "technology": "4G", "tests": 1, "avg_download": 11.54, "avg_quality": 68.38}}, {"type": "Feature", "geometry": {"type": "Point", "coordinates": [93.74, 9.46]}, "properties": {"operator": "vi", "technology": "4G", "tests": 1, "avg_download": 21.14, "avg_quality": 59.02}}, {"type": "Feature", "geometry": {"type": "Point", "coordinates": [92.29, 33.09]}, "properties": {"operator": "jio", "technology": "4G", "tests": 1, "avg_download": 25.59, "avg_quality": 62.83}}, {"type": "Feature", "geometry": {"type": "Point", "coordinates": [81.84, 14.56]}, "properties": {"operator": "jio", "technology": "5G", "tests": 1, "avg_download": 103.7, "avg_quality": 87.7}}, {"type": "Feature", "geometry": {"type": "Point", "coordinates": [71.64, 13.85]}, "properties": {"operator": "jio", "technology": "4G", "tests": 1, "avg_download": 20.5, "avg_quality": 55.18}}, {"type": "Feature", "geometry": {"type": "Point", "coordinates": [82.06, 11.35]}, "properties": {"operator": "vi", "technology": "4G", "tests": 1, "avg_download": 9.13, "avg_quality": 56.48}}, {"type": "Feature", "geometry": {"type": "Point", "coordinates": [79.68, 16.21]}, "properties": {"operator": "vi", "technology": "5G", "tests": 1, "avg_download": 53.48, "avg_quality": 80.53}}, {"type": "Feature", "geometry": {"type": "Point", "coordinates": [77.52, 33.19]}, "properties": {"operator": "vi", "technology": "5G", "tests": 1, "avg_download": 58.88, "avg_quality": 76.76}}, {"type": "Feature", "geometry": {"type": "Point", "coordinates": [69.11, 10.59]}, "properties": {"operator": "vi", "technology": "5G", "tests": 1, "avg_download": 46.88, "avg_quality": 83.83}}, {"type": "Feature", "geometry": {"type": "Point", "coordinates": [95.3, 22.47]}, "properties": {"operator": "jio", "technology": "4G", "tests": 1, "avg_download": 34.74, "avg_quality": 81.23}}, {"type": "Feature", "geometry": {"type": "Point", "coordinates": [80.63, 35.0]}, "properties": {"operator": "jio", "technology": "4G", "tests": 1, "avg_download": 29.78, "avg_quality": 61.54}}, {"type": "Feature", "geometry": {"type": "Point", "coordinates": [91.71, 31.52]}, "properties": {"operator": "vi", "technology": "4G", "tests": 1, "avg_download": 26.72, "avg_quality": 50.1}}, {"type": "Feature", "geometry": {"type": "Point", "coordinates": [87.8, 14.45]}, "properties": {"operator": "jio", "technology": "5G", "tests": 1, "avg_download": 86.78, "avg_quality": 72.12}}, {"type": "Feature", "geometry": {"type": "Point", "coordinates": [70.23, 13.98]}, "properties": {"operator": "vi", "technology": "4G", "tests": 1, "avg_download": 16.84, "avg_quality": 60.82}}, {"type": "Feature", "geometry": {"type": "Point", "coordinates": [78.55, 9.6]}, "properties": {"operator": "jio", "technology": "5G", "tests": 1, "avg_download": 96.54, "avg_quality": 85.11}}, {"type": "Feature", "geometry": {"type": "Point", "coordinates": [84.36, 35.93]}, "properties": {"operator": "jio", "technology": "5G", "tests": 1, "avg_download": 136.39, "avg_quality": 81.36}}, {"type": "Feature", "geometry": {"type": "Point", "coordinates": [80.2, 9.2]}, "properties": {"operator": "vi", "technology": "4G", "tests": 1, "avg_download": 17.92, "avg_quality": 66.3}}, {"type": "Feature", "geometry": {"type": "Point", "coordinates": [94.17, 34.12]}, "properties": {"operator": "airtel", "technology": "5G", "tests": 1, "avg_download": 68.25, "avg_quality": 77.91}}, {"type": "Feature", "geometry": {"type": "Point", "coordinates": [68.37, 35.16]}, "properties": {"operator": "vi", "technology": "5G", "tests": 1, "avg_download": 85.23, "avg_quality": 79.35}}, {"type": "Feature", "geometry": {"type": "Point", "coordinates": [80.52, 8.21]}, "properties": {"operator": "airtel", "technology": "5G", "tests": 1, "avg_download": 83.02, "avg_quality": 90.07}}, {"type": "Feature", "geometry": {"type": "Point", "coordinates": [94.1, 31.54]}, "properties": {"operator": "airtel", "technology": "4G", "tests": 1, "avg_download": 30.43, "avg_quality": 55.12}}, {"type": "Feature", "geometry": {"type": "Point", "coordinates": [73.37, 34.79]}, "properties": {"operator": "airtel", "technology": "4G", "tests": 1, "avg_download": 19.8, "avg_quality": 65.98}}, {"type": "Feature", "geometry": {"type": "Point", "coordinates": [69.07, 13.18]}, "properties": {"operator": "airtel", "technology": "5G", "tests": 1, "avg_download": 97.74, "avg_quality": 68.24}}, {"type": "Feature", "geometry": {"type": "Point", "coordinates": [70.96, 10.19]}, "properties": {"operator": "airtel", "technology": "5G", "tests": 1, "avg_download": 85.53, "avg_quality": 75.42}}, {"type": "Feature", "geometry": {"type": "Point", "coordinates": [75.33, 15.88]}, "properties": {"operator": "airtel", "technology": "5G", "tests": 1, "avg_download": 77.33, "avg_quality": 71.21}}, {"type": "Feature", "geometry": {"type": "Point", "coordinates": [70.46, 27.7]}, "properties": {"operator": "jio", "technology": "4G", "tests": 1, "avg_download": 29.31, "avg_quality": 64.23}}, {"type": "Feature", "geometry": {"type": "Point", "coordinates": [86.24, 29.36]}, "properties": {"operator": "airtel", "technology": "4G", "tests": 1, "avg_download": 23.92, "avg_quality": 60.15}}, {"type": "Feature", "geometry": {"type": "Point", "coordinates": [85.27, 8.96]}, "properties": {"operator": "jio", "technology": "4G", "tests": 1, "avg_download": 33.77, "avg_quality": 65.03}}, {"type": "Feature", "geometry": {"type": "Point", "coordinates": [72.67, 24.82]}, "properties": {"operator": "vi", "technology": "5G", "tests": 1, "avg_download": 47.42, "avg_quality": 84.06}}, {"type": "Feature", "geometry": {"type": "Point", "coordinates": [90.13, 28.71]}, "properties": {"operator": "airtel", "technology": "5G", "tests": 1, "avg_download": 55.98, "avg_quality": 92.57}}, {"type": "Feature", "geometry": {"type": "Point", "coordinates": [73.28, 21.71]}, "properties": {"operator": "jio", "technology": "4G", "tests": 1, "avg_download": 16.28, "avg_quality": 42.1}}, {"type": "Feature", "geometry": {"type": "Point", "coordinates": [82.15, 21.04]}, "properties": {"operator": "airtel", "technology": "4G", "tests": 1, "avg_download": 28.83, "avg_quality": 56.78}}, {"type": "Feature", "geometry": {"type": "Point", "coordinates": [93.5, 8.59]}, "properties": {"operator": "vi", "technology": "4G", "tests": 1, "avg_download": 13.49, "avg_quality": 67.76}}, {"type": "Feature", "geometry": {"type": "Point", "coordinates": [75.8, 15.12]}, "properties": {"operator": "jio", "technology": "4G", "tests": 1, "avg_download": 24.11, "avg_quality": 61.0}}, {"type": "Feature", "geometry": {"type": "Point", "coordinates": [83.86, 26.06]}, "properties": {"operator": "airtel", "technology": "4G", "tests": 1, "avg_download": 25.85, "avg_quality": 59.95}}, {"type": "Feature", "geometry": {"type": "Point", "coordinates": [77.4, 21.91]}, "properties": {"operator": "airtel", "technology": "5G", "tests": 1, "avg_download": 101.92, "avg_quality": 94.24}}, {"type": "Feature", "geometry": {"type": "Point", "coordinates": [84.54, 15.77]}, "properties": {"operator": "vi", "technology": "5G", "tests": 1, "avg_download": 46.95, "avg_quality": 65.87}}, {"type": "Feature", "geometry": {"type": "Point", "coordinates": [85.41, 25.22]}, "properties": {"operator": "jio", "technology": "4G", "tests": 1, "avg_download": 18.74, "avg_quality": 67.81}}, {"type": "Feature", "geometry": {"type": "Point", "coordinates": [93.06, 9.12]}, "properties": {"operator": "vi", "technology": "4G", "tests": 1, "avg_download": 17.13, "avg_quality": 70.56}}, {"type": "Feature", "geometry": {"type": "Point", "coordinates": [79.18, 10.26]}, "properties": {"operator": "jio", "technology": "4G", "tests": 1, "avg_download": 35.33, "avg_quality": 68.75}}, {"type": "Feature", "geometry": {"type": "Point", "coordinates": [79.37, 20.29]}, "properties": {"operator": "vi", "technology": "5G", "tests": 1, "avg_download": 70.84, "avg_quality": 68.57}}, {"type": "Feature", "geometry": {"type": "Point", "coordinates": [79.31, 18.35]}, "properties": {"operator": "airtel", "technology": "5G", "tests": 1, "avg_download": 64.04, "avg_quality": 62.04}}, {"type": "Feature", "geometry": {"type": "Point", "coordinates": [88.35, 10.56]}, "properties": {"operator": "jio", "technology": "5G", "tests": 1, "avg_download": 41.78, "avg_quality": 73.95}}, {"type": "Feature", "geometry": {"type": "Point", "coordinates": [83.45, 11.79]}, "properties": {"operator": "vi", "technology": "5G", "tests": 1, "avg_download": 49.31, "avg_quality": 69.99}}, {"type": "Feature", "geometry": {"type": "Point", "coordinates": [91.78, 29.48]}, "properties": {"operator": "jio", "technology": "5G", "tests": 1, "avg_download": 51.27, "avg_quality": 95.58}}, {"type": "Feature", "geometry": {"type": "Point", "coordinates": [76.02, 24.93]}, "properties": {"operator": "jio", "technology": "5G", "tests": 1, "avg_download": 105.52, "avg_quality": 71.51}}, {"type": "Feature", "geometry": {"type": "Point", "coordinates": [83.7, 28.86]}, "properties": {"operator": "airtel", "technology": "5G", "tests": 1, "avg_download": 67.87, "avg_quality": 91.28}}, {"type": "Feature", "geometry": {"type": "Point", "coordinates": [72.05, 30.71]}, "properties": {"operator": "vi", "technology": "5G", "tests": 1, "avg_download": 28.69, "avg_quality": 51.6}}, {"type": "Feature", "geometry": {"type": "Point", "coordinates": [81.08, 15.84]}, "properties": {"operator": "vi", "technology": "5G", "tests": 1, "avg_download": 64.28, "avg_quality": 77.4}}, {"type": "Feature", "geometry": {"type": "Point", "coordinates": [86.17, 27.56]}, "properties": {"operator": "airtel", "technology": "4G", "tests": 1, "avg_download": 23.27, "avg_quality": 61.97}}, {"type": "Feature", "geometry": {"type": "Point", "coordinates": [70.43, 29.54]}, "properties": {"operator": "jio", "technology": "5G", "tests": 1, "avg_download": 71.01, "avg_quality": 67.79}}, {"type": "Feature", "geometry": {"type": "Point", "coordinates": [84.75, 20.95]}, "properties": {"operator": "jio", "technology": "5G", "tests": 1, "avg_download": 67.36, "avg_quality": 72.22}}, {"type": "Feature", "geometry": {"type": "Point", "coordinates": [87.97, 8.14]}, "properties": {"operator": "airtel", "technology": "5G", "tests": 1, "avg_download": 82.12, "avg_quality": 83.53}}, {"type": "Feature", "geometry": {"type": "Point", "coordinates": [81.32, 18.03]}, "properties": {"operator": "jio", "technology": "4G", "tests": 1, "avg_download": 15.88, "avg_quality": 68.93}}, {"type": "Feature", "geometry": {"type": "Point", "coordinates": [72.66, 15.32]}, "properties": {"operator": "vi", "technology": "4G", "tests": 1, "avg_download": 14.78, "avg_quality": 40.1}}, {"type": "Feature", "geometry": {"type": "Point", "coordinates": [95.06, 15.53]}, "properties": {"operator": "airtel", "technology": "4G", "tests": 1, "avg_download": 28.14, "avg_quality": 59.69}}, {"type": "Feature", "geometry": {"type": "Point", "coordinates": [92.67, 28.6]}, "properties": {"operator": "jio", "technology": "4G", "tests": 1, "avg_download": 26.85, "avg_quality": 67.59}}, {"type": "Feature", "geometry": {"type": "Point", "coordinates": [80.91, 11.78]}, "properties": {"operator": "airtel", "technology": "4G", "tests": 1, "avg_download": 14.07, "avg_quality": 65.21}}, {"type": "Feature", "geometry": {"type": "Point", "coordinates": [81.39, 32.94]}, "properties": {"operator": "vi", "technology": "5G", "tests": 1, "avg_download": 71.86, "avg_quality": 69.33}}, {"type": "Feature", "geometry": {"type": "Point", "coordinates": [92.92, 21.81]}, "properties": {"operator": "airtel", "technology": "4G", "tests": 1, "avg_download": 26.44, "avg_quality": 67.83}}, {"type": "Feature", "geometry": {"type": "Point", "coordinates": [92.44, 29.93]}, "properties": {"operator": "jio", "technology": "4G", "tests": 1, "avg_download": 28.32, "avg_quality": 61.98}}, {"type": "Feature", "geometry": {"type": "Point", "coordinates": [75.08, 35.23]}, "properties": {"operator": "vi", "technology": "5G", "tests": 1, "avg_download": 73.91, "avg_quality": 88.97}}, {"type": "Feature", "geometry": {"type": "Point", "coordinates": [85.15, 16.41]}, "properties": {"operator": "jio", "technology": "4G", "tests": 1, "avg_download": 21.11, "avg_quality": 73.89}}, {"type": "Feature", "geometry": {"type": "Point", "coordinates": [89.44, 31.61]}, "properties": {"operator": "jio", "technology": "5G", "tests": 1, "avg_download": 61.18, "avg_quality": 87.91}}, {"type": "Feature", "geometry": {"type": "Point", "coordinates": [72.47, 20.84]}, "properties": {"operator": "jio", "technology": "4G", "tests": 1, "avg_download": 21.66, "avg_quality": 59.05}}, {"type": "Feature", "geometry": {"type": "Point", "coordinates": [75.2, 30.84]}, "properties": {"operator": "jio", "technology": "4G", "tests": 1, "avg_download": 35.02, "avg_quality": 64.74}}, {"type": "Feature", "geometry": {"type": "Point", "coordinates": [77.63, 22.53]}, "properties": {"operator": "airtel", "technology": "5G", "tests": 1, "avg_download": 69.39, "avg_quality": 79.34}}, {"type": "Feature", "geometry": {"type": "Point", "coordinates": [91.21, 20.34]}, "properties": {"operator": "airtel", "technology": "5G", "tests": 1, "avg_download": 35.01, "avg_quality": 50.48}}, {"type": "Feature", "geometry": {"type": "Point", "coordinates": [89.8, 13.95]}, "properties": {"operator": "airtel", "technology": "5G", "tests": 1, "avg_download": 66.56, "avg_quality": 78.21}}, {"type": "Feature", "geometry": {"type": "Point", "coordinates": [86.92, 22.67]}, "properties": {"operator": "vi", "technology": "5G", "tests": 1, "avg_download": 35.28, "avg_quality": 68.29}}, {"type": "Feature", "geometry": {"type": "Point", "coordinates": [71.9, 10.38]}, "properties": {"operator": "jio", "technology": "5G", "tests": 1, "avg_download": 137.47, "avg_quality": 78.59}}, {"type": "Feature", "geometry": {"type": "Point", "coordinates": [95.27, 26.73]}, "properties": {"operator": "vi", "technology": "4G", "tests": 1, "avg_download": 16.21, "avg_quality": 56.78}}, {"type": "Feature", "geometry": {"type": "Point", "coordinates": [77.04, 26.34]}, "properties": {"operator": "vi", "technology": "5G", "tests": 1, "avg_download": 55.63, "avg_quality": 66.85}}, {"type": "Feature", "geometry": {"type": "Point", "coordinates": [89.46, 19.08]}, "properties": {"operator": "jio", "technology": "5G", "tests": 1, "avg_download": 80.92, "avg_quality": 87.28}}, {"type": "Feature", "geometry": {"type": "Point", "coordinates": [75.91, 18.32]}, "properties": {"operator": "airtel", "technology": "4G", "tests": 1, "avg_download": 24.65, "avg_quality": 66.25}}, {"type": "Feature", "geometry": {"type": "Point", "coordinates": [77.15, 25.18]}, "properties": {"operator": "jio", "technology": "4G", "tests": 1, "avg_download": 26.21, "avg_quality": 64.5}}, {"type": "Feature", "geometry": {"type": "Point", "coordinates": [68.93, 8.66]}, "properties": {"operator": "airtel", "technology": "4G", "tests": 1, "avg_download": 26.55, "avg_quality": 56.58}}, {"type": "Feature", "geometry": {"type": "Point", "coordinates": [76.09, 17.0]}, "properties": {"operator": "airtel", "technology": "4G", "tests": 1, "avg_download": 8.23, "avg_quality": 70.7}}, {"type": "Feature", "geometry": {"type": "Point", "coordinates": [68.11, 23.2]}, "properties": {"operator": "vi", "technology": "4G", "tests": 1, "avg_download": 34.2, "avg_quality": 58.43}}, {"type": "Feature", "geometry": {"type": "Point", "coordinates": [70.82, 20.34]}, "properties": {"operator": "vi", "technology": "4G", "tests": 1, "avg_download": 20.25, "avg_quality": 64.18}}, {"type": "Feature", "geometry": {"type": "Point", "coordinates": [69.15, 10.39]}, "properties": {"operator": "vi", "technology": "5G", "tests": 1, "avg_download": 34.32, "avg_quality": 58.8}}, {"type": "Feature", "geometry": {"type": "Point", "coordinates": [81.63, 33.82]}, "properties": {"operator": "airtel", "technology": "4G", "tests": 1, "avg_download": 29.57, "avg_quality": 57.17}}, {"type": "Feature", "geometry": {"type": "Point", "coordinates": [91.93, 29.76]}, "properties": {"operator": "airtel", "technology": "5G", "tests": 1, "avg_download": 75.15, "avg_quality": 81.87}}, {"type": "Feature", "geometry": {"type": "Point", "coordinates": [77.47, 28.61]}, "properties": {"operator": "jio", "technology": "5G", "tests": 1, "avg_download": 115.39, "avg_quality": 70.74}}, {"type": "Feature", "geometry": {"type": "Point", "coordinates": [95.23, 18.29]}, "properties": {"operator": "vi", "technology": "5G", "tests": 1, "avg_download": 46.42, "avg_quality": 75.18}}, {"type": "Feature", "geometry": {"type": "Point", "coordinates": [76.57, 12.15]}, "properties": {"operator": "airtel", "technology": "4G", "tests": 1, "avg_download": 11.3, "avg_quality": 46.57}}, {"type": "Feature", "geometry": {"type": "Point", "coordinates": [74.97, 24.94]}, "properties": {"operator": "vi", "technology": "4G", "tests": 1, "avg_download": 26.5, "avg_quality": 55.35}}, {"type": "Feature", "geometry": {"type": "Point", "coordinates": [74.22, 19.5]}, "properties": {"operator": "vi", "technology": "5G", "tests": 1, "avg_download": 112.04, "avg_quality": 90.81}}, {"type": "Feature", "geometry": {"type": "Point", "coordinates": [87.27, 11.36]}, "properties": {"operator": "jio", "technology": "5G", "tests": 1, "avg_download": 105.69, "avg_quality": 103.59}}, {"type": "Feature", "geometry": {"type": "Point", "coordinates": [82.84, 11.75]}, "properties": {"operator": "airtel", "technology": "4G", "tests": 1, "avg_download": 26.75, "avg_quality": 44.54}}, {"type": "Feature", "geometry": {"type": "Point", "coordinates": [83.3, 27.7]}, "properties": {"operator": "vi", "technology": "5G", "tests": 1, "avg_download": 79.52, "avg_quality": 81.75}}, {"type": "Feature", "geometry": {"type": "Point", "coordinates": [95.09, 28.84]}, "properties": {"operator": "jio", "technology": "5G", "tests": 1, "avg_download": 122.09, "avg_quality": 90.2}}, {"type": "Feature", "geometry": {"type": "Point", "coordinates": [82.95, 13.09]}, "properties": {"operator": "vi", "technology": "4G", "tests": 1, "avg_download": 17.32, "avg_quality": 57.15}}, {"type": "Feature", "geometry": {"type": "Point", "coordinates": [89.33, 12.39]}, "properties": {"operator": "vi", "technology": "4G", "tests": 1, "avg_download": 12.08, "avg_quality": 76.14}}, {"type": "Feature", "geometry": {"type": "Point", "coordinates": [71.77, 35.22]}, "properties": {"operator": "jio", "technology": "5G", "tests": 1, "avg_download": 120.37, "avg_quality": 106.57}}, {"type": "Feature", "geometry": {"type": "Point", "coordinates": [87.72, 16.39]}, "properties": {"operator": "vi", "technology": "4G", "tests": 1, "avg_download": 3.45, "avg_quality": 33.67}}, {"type": "Feature", "geometry": {"type": "Point", "coordinates": [85.3, 24.83]}, "properties": {"operator": "airtel", "technology": "4G", "tests": 1, "avg_download": 32.18, "avg_quality": 82.47}}, {"type": "Feature", "geometry": {"type": "Point", "coordinates": [72.55, 16.61]}, "properties": {"operator": "airtel", "technology": "4G", "tests": 1, "avg_download": 22.96, "avg_quality": 43.96}}, {"type": "Feature", "geometry": {"type": "Point", "coordinates": [84.21, 32.82]}, "properties": {"operator": "jio", "technology": "5G", "tests": 1, "avg_download": 60.88, "avg_quality": 76.6}}, {"type": "Feature", "geometry": {"type": "Point", "coordinates": [95.43, 35.59]}, "properties": {"operator": "airtel", "technology": "5G", "tests": 1, "avg_download": 62.8, "avg_quality": 56.74}}, {"type": "Feature", "geometry": {"type": "Point", "coordinates": [81.48, 18.2]}, "properties": {"operator": "airtel", "technology": "5G", "tests": 1, "avg_download": 67.28, "avg_quality": 90.13}}, {"type": "Feature", "geometry": {"type": "Point", "coordinates": [81.73, 21.97]}, "properties": {"operator": "airtel", "technology": "4G", "tests": 1, "avg_download": 12.78, "avg_quality": 53.2}}, {"type": "Feature", "geometry": {"type": "Point", "coordinates": [75.38, 9.04]}, "properties": {"operator": "airtel", "technology": "4G", "tests": 1, "avg_download": 23.88, "avg_quality": 48.3}}, {"type": "Feature", "geometry": {"type": "Point", "coordinates": [78.8, 30.48]}, "properties": {"operator": "airtel", "technology": "5G", "tests": 1, "avg_download": 70.13, "avg_quality": 72.32}}, {"type": "Feature", "geometry": {"type": "Point", "coordinates": [74.63, 8.55]}, "properties": {"operator": "jio", "technology": "4G", "tests": 1, "avg_download": 18.22, "avg_quality": 60.64}}, {"type": "Feature", "geometry": {"type": "Point", "coordinates": [85.94, 22.64]}, "properties": {"operator": "jio", "technology": "4G", "tests": 1, "avg_download": 34.89, "avg_quality": 80.37}}, {"type": "Feature", "geometry": {"type": "Point", "coordinates": [94.01, 11.07]}, "properties": {"operator": "vi", "technology": "4G", "tests": 1, "avg_download": 6.22, "avg_quality": 61.6}}, {"type": "Feature", "geometry": {"type": "Point", "coordinates": [85.94, 16.4]}, "properties": {"operator": "jio", "technology": "4G", "tests": 1, "avg_download": 27.07, "avg_quality": 61.56}}, {"type": "Feature", "geometry": {"type": "Point", "coordinates": [80.17, 17.19]}, "properties": {"operator": "airtel", "technology": "5G", "tests": 1, "avg_download": 65.11, "avg_quality": 80.73}}, {"type": "Feature", "geometry": {"type": "Point", "coordinates": [84.8, 26.34]}, "properties": {"operator": "vi", "technology": "5G", "tests": 1, "avg_download": 49.36, "avg_quality": 85.88}}, {"type": "Feature", "geometry": {"type": "Point", "coordinates": [73.1, 21.62]}, "properties": {"operator": "jio", "technology": "4G", "tests": 1, "avg_download": 19.27, "avg_quality": 59.81}}, {"type": "Feature", "geometry": {"type": "Point", "coordinates": [90.87, 9.47]}, "properties": {"operator": "vi", "technology": "4G", "tests": 1, "avg_download": 17.01, "avg_quality": 53.3}}, {"type": "Feature", "geometry": {"type": "Point", "coordinates": [95.14, 9.58]}, "properties": {"operator": "airtel", "technology": "5G", "tests": 1, "avg_download": 96.18, "avg_quality": 93.73}}, {"type": "Feature", "geometry": {"type": "Point", "coordinates": [75.37, 15.64]}, "properties": {"operator": "jio", "technology": "5G", "tests": 1, "avg_download": 153.31, "avg_quality": 91.98}}, {"type": "Feature", "geometry": {"type": "Point", "coordinates": [89.35, 19.37]}, "properties": {"operator": "airtel", "technology": "4G", "tests": 1, "avg_download": 25.12, "avg_quality": 54.85}}, {"type": "Feature", "geometry": {"type": "Point", "coordinates": [94.62, 20.29]}, "properties": {"operator": "airtel", "technology": "5G", "tests": 1, "avg_download": 67.21, "avg_quality": 52.99}}, {"type": "Feature", "geometry": {"type": "Point", "coordinates": [80.79, 27.83]}, "properties": {"operator": "airtel", "technology": "5G", "tests": 1, "avg_download": 62.82, "avg_quality": 87.92}}, {"type": "Feature", "geometry": {"type": "Point", "coordinates": [78.87, 25.4]}, "properties": {"operator": "jio", "technology": "4G", "tests": 1, "avg_download": 21.04, "avg_quality": 61.83}}, {"type": "Feature", "geometry": {"type": "Point", "coordinates": [80.29, 21.15]}, "properties": {"operator": "jio", "technology": "5G", "tests": 1, "avg_download": 95.98, "avg_quality": 95.66}}, {"type": "Feature", "geometry": {"type": "Point", "coordinates": [94.91, 27.28]}, "properties": {"operator": "jio", "technology": "5G", "tests": 1, "avg_download": 57.37, "avg_quality": 59.13}}, {"type": "Feature", "geometry": {"type": "Point", "coordinates": [74.91, 23.91]}, "properties": {"operator": "jio", "technology": "5G", "tests": 1, "avg_download": 28.57, "avg_quality": 57.07}}, {"type": "Feature", "geometry": {"type": "Point", "coordinates": [88.76, 27.36]}, "properties": {"operator": "airtel", "technology": "4G", "tests": 1, "avg_download": 5.39, "avg_quality": 70.76}}, {"type": "Feature", "geometry": {"type": "Point", "coordinates": [77.23, 18.15]}, "properties": {"operator": "airtel", "technology": "4G", "tests": 1, "avg_download": 24.57, "avg_quality": 46.16}}, {"type": "Feature", "geometry": {"type": "Point", "coordinates": [84.12, 32.68]}, "properties": {"operator": "airtel", "technology": "4G", "tests": 1, "avg_download": 18.35, "avg_quality": 38.94}}, {"type": "Feature", "geometry": {"type": "Point", "coordinates": [72.73, 11.77]}, "properties": {"operator": "vi", "technology": "4G", "tests": 1, "avg_download": 15.59, "avg_quality": 58.08}}, {"type": "Feature", "geometry": {"type": "Point", "coordinates": [79.12, 12.23]}, "properties": {"operator": "airtel", "technology": "4G", "tests": 1, "avg_download": 29.36, "avg_quality": 64.43}}, {"type": "Feature", "geometry": {"type": "Point", "coordinates": [77.91, 28.15]}, "properties": {"operator": "vi", "technology": "5G", "tests": 1, "avg_download": 59.61, "avg_quality": 80.26}}, {"type": "Feature", "geometry": {"type": "Point", "coordinates": [73.17, 24.27]}, "properties": {"operator": "vi", "technology": "4G", "tests": 1, "avg_download": 24.03, "avg_quality": 44.67}}, {"type": "Feature", "geometry": {"type": "Point", "coordinates": [95.22, 14.49]}, "properties": {"operator": "jio", "technology": "4G", "tests": 1, "avg_download": 26.57, "avg_quality": 54.78}}, {"type": "Feature", "geometry": {"type": "Point", "coordinates": [78.76, 28.72]}, "properties": {"operator": "airtel", "technology": "4G", "tests": 1, "avg_download": 23.65, "avg_quality": 60.29}}, {"type": "Feature", "geometry": {"type": "Point", "coordinates": [73.36, 13.91]}, "properties": {"operator": "jio", "technology": "5G", "tests": 1, "avg_download": 63.39, "avg_quality": 80.66}}, {"type": "Feature", "geometry": {"type": "Point", "coordinates": [86.93, 30.71]}, "properties": {"operator": "vi", "technology": "5G", "tests": 1, "avg_download": 60.84, "avg_quality": 57.95}}, {"type": "Feature", "geometry": {"type": "Point", "coordinates": [78.46, 29.16]}, "properties": {"operator": "jio", "technology": "5G", "tests": 1, "avg_download": 94.07, "avg_quality": 72.08}}, {"type": "Feature", "geometry": {"type": "Point", "coordinates": [75.21, 8.97]}, "properties": {"operator": "vi", "technology": "4G", "tests": 1, "avg_download": 23.48, "avg_quality": 49.62}}, {"type": "Feature", "geometry": {"type": "Point", "coordinates": [93.55, 14.23]}, "properties": {"operator": "jio", "technology": "5G", "tests": 1, "avg_download": 95.04, "avg_quality": 95.49}}, {"type": "Feature", "geometry": {"type": "Point", "coordinates": [92.87, 17.29]}, "properties": {"operator": "airtel", "technology": "4G", "tests": 1, "avg_download": 24.28, "avg_quality": 77.68}}, {"type": "Feature", "geometry": {"type": "Point", "coordinates": [69.49, 11.53]}, "properties": {"operator": "vi", "technology": "5G", "tests": 1, "avg_download": 44.1, "avg_quality": 74.61}}, {"type": "Feature", "geometry": {"type": "Point", "coordinates": [86.23, 28.94]}, "properties": {"operator": "airtel", "technology": "4G", "tests": 1, "avg_download": 14.95, "avg_quality": 65.35}}, {"type": "Feature", "geometry": {"type": "Point", "coordinates": [91.62, 32.93]}, "properties": {"operator": "vi", "technology": "4G", "tests": 1, "avg_download": 22.43, "avg_quality": 60.45}}, {"type": "Feature", "geometry": {"type": "Point", "coordinates": [74.71, 9.62]}, "properties": {"operator": "airtel", "technology": "4G", "tests": 1, "avg_download": 18.35, "avg_quality": 64.17}}, {"type": "Feature", "geometry": {"type": "Point", "coordinates": [86.57, 20.02]}, "properties": {"operator": "vi", "technology": "5G", "tests": 1, "avg_download": 71.32, "avg_quality": 51.59}}, {"type": "Feature", "geometry": {"type": "Point", "coordinates": [90.58, 29.35]}, "properties": {"operator": "airtel", "technology": "4G", "tests": 1, "avg_download": 29.6, "avg_quality": 53.34}}, {"type": "Feature", "geometry": {"type": "Point", "coordinates": [74.39, 26.86]}, "properties": {"operator": "vi", "technology": "4G", "tests": 1, "avg_download": 12.26, "avg_quality": 37.64}}, {"type": "Feature", "geometry": {"type": "Point", "coordinates": [68.94, 23.24]}, "properties": {"operator": "vi", "technology": "5G", "tests": 1, "avg_download": 28.81, "avg_quality": 76.64}}, {"type": "Feature", "geometry": {"type": "Point", "coordinates": [88.76, 23.9]}, "properties": {"operator": "jio", "technology": "4G", "tests": 1, "avg_download": 14.78, "avg_quality": 54.24}}, {"type": "Feature", "geometry": {"type": "Point", "coordinates": [84.85, 12.8]}, "properties": {"operator": "airtel", "technology": "4G", "tests": 1, "avg_download": 14.72, "avg_quality": 62.18}}, {"type": "Feature", "geometry": {"type": "Point", "coordinates": [76.8, 12.15]}, "properties": {"operator": "vi", "technology": "5G", "tests": 1, "avg_download": 92.04, "avg_quality": 90.48}}, {"type": "Feature", "geometry": {"type": "Point", "coordinates": [75.15, 35.82]}, "properties": {"operator": "jio", "technology": "5G", "tests": 1, "avg_download": 78.53, "avg_quality": 88.08}}, {"type": "Feature", "geometry": {"type": "Point", "coordinates": [88.8, 21.36]}, "properties": {"operator": "vi", "technology": "5G", "tests": 1, "avg_download": 48.82, "avg_quality": 79.85}}, {"type": "Feature", "geometry": {"type": "Point", "coordinates": [95.87, 15.91]}, "properties": {"operator": "airtel", "technology": "5G", "tests": 1, "avg_download": 85.93, "avg_quality": 56.11}}, {"type": "Feature", "geometry": {"type": "Point", "coordinates": [93.44, 16.96]}, "properties": {"operator": "jio", "technology": "5G", "tests": 1, "avg_download": 91.94, "avg_quality": 89.39}}, {"type": "Feature", "geometry": {"type": "Point", "coordinates": [90.45, 18.86]}, "properties": {"operator": "vi", "technology": "5G", "tests": 1, "avg_download": 25.11, "avg_quality": 62.38}}, {"type": "Feature", "geometry": {"type": "Point", "coordinates": [72.66, 20.77]}, "properties": {"operator": "jio", "technology": "5G", "tests": 1, "avg_download": 81.63, "avg_quality": 75.42}}, {"type": "Feature", "geometry": {"type": "Point", "coordinates": [85.47, 14.69]}, "properties": {"operator": "airtel", "technology": "5G", "tests": 1, "avg_download": 49.04, "avg_quality": 56.21}}, {"type": "Feature", "geometry": {"type": "Point", "coordinates": [92.51, 24.92]}, "properties": {"operator": "airtel", "technology": "5G", "tests": 1, "avg_download": 76.31, "avg_quality": 82.88}}, {"type": "Feature", "geometry": {"type": "Point", "coordinates": [93.9, 11.34]}, "properties": {"operator": "airtel", "technology": "4G", "tests": 1, "avg_download": 22.7, "avg_quality": 66.66}}, {"type": "Feature", "geometry": {"type": "Point", "coordinates": [77.5, 9.32]}, "properties": {"operator": "airtel", "technology": "5G", "tests": 1, "avg_download": 83.32, "avg_quality": 76.29}}, {"type": "Feature", "geometry": {"type": "Point", "coordinates": [72.19, 21.4]}, "properties": {"operator": "jio", "technology": "5G", "tests": 1, "avg_download": 89.85, "avg_quality": 80.54}}, {"type": "Feature", "geometry": {"type": "Point", "coordinates": [69.42, 13.66]}, "properties": {"operator": "vi", "technology": "4G", "tests": 1, "avg_download": 12.97, "avg_quality": 55.01}}, {"type": "Feature", "geometry": {"type": "Point", "coordinates": [80.14, 11.24]}, "properties": {"operator": "airtel", "technology": "4G", "tests": 1, "avg_download": 19.46, "avg_quality": 66.1}}, {"type": "Feature", "geometry": {"type": "Point", "coordinates": [78.71, 27.65]}, "properties": {"operator": "jio", "technology": "4G", "tests": 1, "avg_download": 23.29, "avg_quality": 43.89}}, {"type": "Feature", "geometry": {"type": "Point", "coordinates": [89.4, 23.19]}, "properties": {"operator": "vi", "technology": "4G", "tests": 1, "avg_download": 20.76, "avg_quality": 51.97}}, {"type": "Feature", "geometry": {"type": "Point", "coordinates": [88.43, 16.34]}, "properties": {"operator": "jio", "technology": "5G", "tests": 1, "avg_download": 86.31, "avg_quality": 68.39}}, {"type": "Feature", "geometry": {"type": "Point", "coordinates": [74.13, 16.93]}, "properties": {"operator": "airtel", "technology": "5G", "tests": 1, "avg_download": 97.45, "avg_quality": 81.13}}, {"type": "Feature", "geometry": {"type": "Point", "coordinates": [78.39, 12.27]}, "properties": {"operator": "airtel", "technology": "5G", "tests": 1, "avg_download": 57.97, "avg_quality": 77.45}}, {"type": "Feature", "geometry": {"type": "Point", "coordinates": [70.54, 11.03]}, "properties": {"operator": "jio", "technology": "5G", "tests": 1, "avg_download": 95.43, "avg_quality": 77.0}}, {"type": "Feature", "geometry": {"type": "Point", "coordinates": [71.77, 8.06]}, "properties": {"operator": "vi", "technology": "4G", "tests": 1, "avg_download": 19.07, "avg_quality": 58.25}}, {"type": "Feature", "geometry": {"type": "Point", "coordinates": [91.34, 8.13]}, "properties": {"operator": "vi", "technology": "5G", "tests": 1, "avg_download": 40.89, "avg_quality": 50.59}}, {"type": "Feature", "geometry": {"type": "Point", "coordinates": [68.67, 8.78]}, "properties": {"operator": "jio", "technology": "4G", "tests": 1, "avg_download": 31.85, "avg_quality": 64.59}}, {"type": "Feature", "geometry": {"type": "Point", "coordinates": [72.32, 15.39]}, "properties": {"operator": "airtel", "technology": "5G", "tests": 1, "avg_download": 29.95, "avg_quality": 62.75}}, {"type": "Feature", "geometry": {"type": "Point", "coordinates": [73.17, 11.62]}, "properties": {"operator": "airtel", "technology": "5G", "tests": 1, "avg_download": 81.04, "avg_quality": 90.54}}, {"type": "Feature", "geometry": {"type": "Point", "coordinates": [79.0, 27.61]}, "properties": {"operator": "airtel", "technology": "5G", "tests": 1, "avg_download": 90.68, "avg_quality": 69.82}}, {"type": "Feature", "geometry": {"type": "Point", "coordinates": [71.62, 23.88]}, "properties": {"operator": "vi", "technology": "4G", "tests": 1, "avg_download": 11.6, "avg_quality": 35.45}}, {"type": "Feature", "geometry": {"type": "Point", "coordinates": [81.51, 20.91]}, "properties": {"operator": "jio", "technology": "5G", "tests": 1, "avg_download": 110.41, "avg_quality": 85.12}}, {"type": "Feature", "geometry": {"type": "Point", "coordinates": [89.42, 25.75]}, "properties": {"operator": "jio", "technology": "4G", "tests": 1, "avg_download": 24.19, "avg_quality": 77.04}}, {"type": "Feature", "geometry": {"type": "Point", "coordinates": [92.52, 14.36]}, "properties": {"operator": "airtel", "technology": "5G", "tests": 1, "avg_download": 52.46, "avg_quality": 64.36}}, {"type": "Feature", "geometry": {"type": "Point", "coordinates": [81.72, 16.54]}, "properties": {"operator": "jio", "technology": "4G", "tests": 1, "avg_download": 32.33, "avg_quality": 70.08}}, {"type": "Feature", "geometry": {"type": "Point", "coordinates": [92.63, 31.57]}, "properties": {"operator": "airtel", "technology": "4G", "tests": 1, "avg_download": 12.45, "avg_quality": 64.95}}, {"type": "Feature", "geometry": {"type": "Point", "coordinates": [82.55, 24.94]}, "properties": {"operator": "airtel", "technology": "5G", "tests": 1, "avg_download": 93.39, "avg_quality": 74.78}}, {"type": "Feature", "geometry": {"type": "Point", "coordinates": [89.5, 25.16]}, "properties": {"operator": "airtel", "technology": "5G", "tests": 1, "avg_download": 72.28, "avg_quality": 50.53}}, {"type": "Feature", "geometry": {"type": "Point", "coordinates": [85.7, 27.46]}, "properties": {"operator": "jio", "technology": "4G", "tests": 1, "avg_download": 16.05, "avg_quality": 53.61}}, {"type": "Feature", "geometry": {"type": "Point", "coordinates": [71.19, 25.05]}, "properties": {"operator": "jio", "technology": "5G", "tests": 1, "avg_download": 96.88, "avg_quality": 92.13}}, {"type": "Feature", "geometry": {"type": "Point", "coordinates": [83.06, 27.43]}, "properties": {"operator": "airtel", "technology": "4G", "tests": 1, "avg_download": 15.89, "avg_quality": 43.8}}, {"type": "Feature", "geometry": {"type": "Point", "coordinates": [83.86, 20.0]}, "properties": {"operator": "vi", "technology": "5G", "tests": 1, "avg_download": 50.59, "avg_quality": 75.38}}, {"type": "Feature", "geometry": {"type": "Point", "coordinates": [81.69, 17.83]}, "properties": {"operator": "airtel", "technology": "5G", "tests": 1, "avg_download": 88.99, "avg_quality": 70.42}}, {"type": "Feature", "geometry": {"type": "Point", "coordinates": [90.59, 24.72]}, "properties": {"operator": "airtel", "technology": "5G", "tests": 1, "avg_download": 93.84, "avg_quality": 81.71}}, {"type": "Feature", "geometry": {"type": "Point", "coordinates": [69.73, 27.32]}, "properties": {"operator": "jio", "technology": "5G", "tests": 1, "avg_download": 107.03, "avg_quality": 111.06}}, {"type": "Feature", "geometry": {"type": "Point", "coordinates": [69.34, 12.66]}, "properties": {"operator": "airtel", "technology": "4G", "tests": 1, "avg_download": 20.69, "avg_quality": 62.0}}, {"type": "Feature", "geometry": {"type": "Point", "coordinates": [82.63, 21.26]}, "properties": {"operator": "airtel", "technology": "4G", "tests": 1, "avg_download": 18.95, "avg_quality": 58.55}}, {"type": "Feature", "geometry": {"type": "Point", "coordinates": [69.85, 23.58]}, "properties": {"operator": "airtel", "technology": "4G", "tests": 1, "avg_download": 17.15, "avg_quality": 55.76}}, {"type": "Feature", "geometry": {"type": "Point", "coordinates": [95.54, 31.94]}, "properties": {"operator": "vi", "technology": "4G", "tests": 1, "avg_download": 23.71, "avg_quality": 54.25}}, {"type": "Feature", "geometry": {"type": "Point", "coordinates": [68.89, 8.42]}, "properties": {"operator": "airtel", "technology": "5G", "tests": 1, "avg_download": 102.33, "avg_quality": 102.72}}, {"type": "Feature", "geometry": {"type": "Point", "coordinates": [90.83, 19.15]}, "properties": {"operator": "airtel", "technology": "5G", "tests": 1, "avg_download": 10.91, "avg_quality": 66.63}}, {"type": "Feature", "geometry": {"type": "Point", "coordinates": [84.48, 30.98]}, "properties": {"operator": "vi", "technology": "4G", "tests": 1, "avg_download": 27.3, "avg_quality": 50.11}}, {"type": "Feature", "geometry": {"type": "Point", "coordinates": [89.6, 10.11]}, "properties": {"operator": "vi", "technology": "4G", "tests": 1, "avg_download": 17.55, "avg_quality": 66.39}}, {"type": "Feature", "geometry": {"type": "Point", "coordinates": [73.56, 10.19]}, "properties": {"operator": "airtel", "technology": "5G", "tests": 1, "avg_download": 59.6, "avg_quality": 85.61}}, {"type": "Feature", "geometry": {"type": "Point", "coordinates": [95.83, 14.99]}, "properties": {"operator": "vi", "technology": "4G", "tests": 1, "avg_download": 5.65, "avg_quality": 71.13}}, {"type": "Feature", "geometry": {"type": "Point", "coordinates": [95.46, 27.84]}, "properties": {"operator": "vi", "technology": "4G", "tests": 1, "avg_download": 16.38, "avg_quality": 60.86}}, {"type": "Feature", "geometry": {"type": "Point", "coordinates": [91.57, 24.19]}, "properties": {"operator": "airtel", "technology": "4G", "tests": 1, "avg_download": 21.24, "avg_quality": 63.48}}, {"type": "Feature", "geometry": {"type": "Point", "coordinates": [95.52, 16.54]}, "properties": {"operator": "vi", "technology": "5G", "tests": 1, "avg_download": 101.03, "avg_quality": 77.23}}, {"type": "Feature", "geometry": {"type": "Point", "coordinates": [82.41, 22.69]}, "properties": {"operator": "jio", "technology": "4G", "tests": 1, "avg_download": 20.99, "avg_quality": 70.66}}, {"type": "Feature", "geometry": {"type": "Point", "coordinates": [82.49, 26.51]}, "properties": {"operator": "jio", "technology": "5G", "tests": 1, "avg_download": 86.84, "avg_quality": 70.56}}, {"type": "Feature", "geometry": {"type": "Point", "coordinates": [94.8, 14.2]}, "properties": {"operator": "airtel", "technology": "5G", "tests": 1, "avg_download": 63.96, "avg_quality": 71.67}}, {"type": "Feature", "geometry": {"type": "Point", "coordinates": [95.39, 29.06]}, "properties": {"operator": "jio", "technology": "5G", "tests": 1, "avg_download": 98.93, "avg_quality": 102.36}}, {"type": "Feature", "geometry": {"type": "Point", "coordinates": [69.55, 31.02]}, "properties": {"operator": "airtel", "technology": "5G", "tests": 1, "avg_download": 84.48, "avg_quality": 72.36}}, {"type": "Feature", "geometry": {"type": "Point", "coordinates": [88.44, 14.78]}, "properties": {"operator": "airtel", "technology": "5G", "tests": 1, "avg_download": 118.98, "avg_quality": 102.36}}, {"type": "Feature", "geometry": {"type": "Point", "coordinates": [87.11, 11.16]}, "properties": {"operator": "jio", "technology": "4G", "tests": 1, "avg_download": 30.05, "avg_quality": 67.65}}, {"type": "Feature", "geometry": {"type": "Point", "coordinates": [87.76, 20.89]}, "properties": {"operator": "vi", "technology": "4G", "tests": 1, "avg_download": 21.3, "avg_quality": 71.27}}, {"type": "Feature", "geometry": {"type": "Point", "coordinates": [73.71, 21.56]}, "properties": {"operator": "jio", "technology": "5G", "tests": 1, "avg_download": 79.27, "avg_quality": 80.36}}, {"type": "Feature", "geometry": {"type": "Point", "coordinates": [87.18, 11.64]}, "properties": {"operator": "jio", "technology": "4G", "tests": 1, "avg_download": 19.84, "avg_quality": 72.62}}, {"type": "Feature", "geometry": {"type": "Point", "coordinates": [78.18, 32.83]}, "properties": {"operator": "vi", "technology": "5G", "tests": 1, "avg_download": 47.21, "avg_quality": 76.91}}, {"type": "Feature", "geometry": {"type": "Point", "coordinates": [84.42, 27.06]}, "properties": {"operator": "airtel", "technology": "5G", "tests": 1, "avg_download": 91.76, "avg_quality": 91.95}}, {"type": "Feature", "geometry": {"type": "Point", "coordinates": [86.07, 22.5]}, "properties": {"operator": "airtel", "technology": "4G", "tests": 1, "avg_download": 28.69, "avg_quality": 70.6}}, {"type": "Feature", "geometry": {"type": "Point", "coordinates": [86.8, 33.66]}, "properties": {"operator": "jio", "technology": "4G", "tests": 1, "avg_download": 22.18, "avg_quality": 47.0}}, {"type": "Feature", "geometry": {"type": "Point", "coordinates": [84.44, 11.38]}, "properties": {"operator": "vi", "technology": "4G", "tests": 1, "avg_download": 23.01, "avg_quality": 53.75}}, {"type": "Feature", "geometry": {"type": "Point", "coordinates": [86.12, 16.52]}, "properties": {"operator": "jio", "technology": "4G", "tests": 1, "avg_download": 37.92, "avg_quality": 67.64}}, {"type": "Feature", "geometry": {"type": "Point", "coordinates": [70.02, 23.11]}, "properties": {"operator": "jio", "technology": "4G", "tests": 1, "avg_download": 18.94, "avg_quality": 54.69}}, {"type": "Feature", "geometry": {"type": "Point", "coordinates": [73.64, 15.75]}, "properties": {"operator": "jio", "technology": "4G", "tests": 1, "avg_download": 20.23, "avg_quality": 60.61}}, {"type": "Feature", "geometry": {"type": "Point", "coordinates": [82.12, 35.53]}, "properties": {"operator": "airtel", "technology": "4G", "tests": 1, "avg_download": 19.6, "avg_quality": 66.87}}, {"type": "Feature", "geometry": {"type": "Point", "coordinates": [81.02, 34.8]}, "properties": {"operator": "vi", "technology": "4G", "tests": 1, "avg_download": 10.85, "avg_quality": 62.66}}, {"type": "Feature", "geometry": {"type": "Point", "coordinates": [82.05, 22.16]}, "properties": {"operator": "vi", "technology": "4G", "tests": 1, "avg_download": 22.08, "avg_quality": 51.78}}, {"type": "Feature", "geometry": {"type": "Point", "coordinates": [78.26, 32.71]}, "properties": {"operator": "vi", "technology": "4G", "tests": 1, "avg_download": 15.53, "avg_quality": 76.36}}, {"type": "Feature", "geometry": {"type": "Point", "coordinates": [93.48, 14.71]}, "properties": {"operator": "jio", "technology": "5G", "tests": 1, "avg_download": 80.26, "avg_quality": 64.06}}, {"type": "Feature", "geometry": {"type": "Point", "coordinates": [68.42, 35.21]}, "properties": {"operator": "vi", "technology": "4G", "tests": 1, "avg_download": 15.89, "avg_quality": 77.39}}, {"type": "Feature", "geometry": {"type": "Point", "coordinates": [83.73, 24.65]}, "properties": {"operator": "airtel", "technology": "5G", "tests": 1, "avg_download": 108.86, "avg_quality": 93.67}}, {"type": "Feature", "geometry": {"type": "Point", "coordinates": [84.36, 17.31]}, "properties": {"operator": "jio", "technology": "5G", "tests": 1, "avg_download": 32.25, "avg_quality": 72.85}}, {"type": "Feature", "geometry": {"type": "Point", "coordinates": [94.1, 14.93]}, "properties": {"operator": "airtel", "technology": "4G", "tests": 1, "avg_download": 4.64, "avg_quality": 60.04}}, {"type": "Feature", "geometry": {"type": "Point", "coordinates": [85.67, 27.97]}, "properties": {"operator": "vi", "technology": "4G", "tests": 1, "avg_download": 15.67, "avg_quality": 71.89}}, {"type": "Feature", "geometry": {"type": "Point", "coordinates": [76.09, 8.8]}, "properties": {"operator": "jio", "technology": "5G", "tests": 1, "avg_download": 30.78, "avg_quality": 67.61}}, {"type": "Feature", "geometry": {"type": "Point", "coordinates": [93.88, 25.8]}, "properties": {"operator": "jio", "technology": "4G", "tests": 1, "avg_download": 9.24, "avg_quality": 70.0}}, {"type": "Feature", "geometry": {"type": "Point", "coordinates": [75.01, 24.17]}, "properties": {"operator": "airtel", "technology": "4G", "tests": 1, "avg_download": 12.96, "avg_quality": 71.7}}, {"type": "Feature", "geometry": {"type": "Point", "coordinates": [72.62, 25.62]}, "properties": {"operator": "vi", "technology": "4G", "tests": 1, "avg_download": 9.97, "avg_quality": 44.75}}, {"type": "Feature", "geometry": {"type": "Point", "coordinates": [95.4, 10.94]}, "properties": {"operator": "airtel", "technology": "5G", "tests": 1, "avg_download": 32.61, "avg_quality": 55.36}}, {"type": "Feature", "geometry": {"type": "Point", "coordinates": [76.04, 16.2]}, "properties": {"operator": "jio", "technology": "4G", "tests": 1, "avg_download": 36.51, "avg_quality": 55.85}}, {"type": "Feature", "geometry": {"type": "Point", "coordinates": [92.1, 11.04]}, "properties": {"operator": "vi", "technology": "5G", "tests": 1, "avg_download": 65.98, "avg_quality": 70.84}}, {"type": "Feature", "geometry": {"type": "Point", "coordinates": [79.62, 20.24]}, "properties": {"operator": "airtel", "technology": "4G", "tests": 1, "avg_download": 22.1, "avg_quality": 69.49}}, {"type": "Feature", "geometry": {"type": "Point", "coordinates": [77.8, 22.51]}, "properties": {"operator": "vi", "technology": "4G", "tests": 1, "avg_download": 14.08, "avg_quality": 61.35}}, {"type": "Feature", "geometry": {"type": "Point", "coordinates": [77.17, 21.09]}, "properties": {"operator": "jio", "technology": "5G", "tests": 1, "avg_download": 72.88, "avg_quality": 84.24}}, {"type": "Feature", "geometry": {"type": "Point", "coordinates": [90.64, 23.98]}, "properties": {"operator": "vi", "technology": "5G", "tests": 1, "avg_download": 45.68, "avg_quality": 64.14}}, {"type": "Feature", "geometry": {"type": "Point", "coordinates": [77.56, 8.27]}, "properties": {"operator": "airtel", "technology": "4G", "tests": 1, "avg_download": 22.52, "avg_quality": 62.71}}, {"type": "Feature", "geometry": {"type": "Point", "coordinates": [74.28, 25.35]}, "properties": {"operator": "vi", "technology": "5G", "tests": 1, "avg_download": 32.91, "avg_quality": 50.79}}, {"type": "Feature", "geometry": {"type": "Point", "coordinates": [89.13, 29.41]}, "properties": {"operator": "jio", "technology": "5G", "tests": 1, "avg_download": 81.26, "avg_quality": 89.51}}, {"type": "Feature", "geometry": {"type": "Point", "coordinates": [82.85, 12.8]}, "properties": {"operator": "vi", "technology": "4G", "tests": 1, "avg_download": 26.11, "avg_quality": 55.91}}, {"type": "Feature", "geometry": {"type": "Point", "coordinates": [95.88, 22.28]}, "properties": {"operator": "vi", "technology": "5G", "tests": 1, "avg_download": 43.67, "avg_quality": 90.05}}, {"type": "Feature", "geometry": {"type": "Point", "coordinates": [88.61, 32.15]}, "properties": {"operator": "jio", "technology": "4G", "tests": 1, "avg_download": 12.48, "avg_quality": 70.18}}, {"type": "Feature", "geometry": {"type": "Point", "coordinates": [78.91, 30.74]}, "properties": {"operator": "airtel", "technology": "4G", "tests": 1, "avg_download": 32.27, "avg_quality": 68.14}}, {"type": "Feature", "geometry": {"type": "Point", "coordinates": [91.46, 32.9]}, "properties": {"operator": "airtel", "technology": "5G", "tests": 1, "avg_download": 119.54, "avg_quality": 80.79}}, {"type": "Feature", "geometry": {"type": "Point", "coordinates": [69.54, 25.99]}, "properties": {"operator": "jio", "technology": "4G", "tests": 1, "avg_download": 26.53, "avg_quality": 46.13}}, {"type": "Feature", "geometry": {"type": "Point", "coordinates": [74.59, 12.19]}, "properties": {"operator": "vi", "technology": "5G", "tests": 1, "avg_download": 75.26, "avg_quality": 82.86}}, {"type": "Feature", "geometry": {"type": "Point", "coordinates": [89.48, 32.15]}, "properties": {"operator": "jio", "technology": "5G", "tests": 1, "avg_download": 59.59, "avg_quality": 75.79}}, {"type": "Feature", "geometry": {"type": "Point", "coordinates": [90.93, 26.11]}, "properties": {"operator": "jio", "technology": "5G", "tests": 1, "avg_download": 41.3, "avg_quality": 75.44}}, {"type": "Feature", "geometry": {"type": "Point", "coordinates": [71.71, 29.01]}, "properties": {"operator": "jio", "technology": "4G", "tests": 1, "avg_download": 14.39, "avg_quality": 50.34}}, {"type": "Feature", "geometry": {"type": "Point", "coordinates": [72.89, 26.95]}, "properties": {"operator": "airtel", "technology": "5G", "tests": 1, "avg_download": 128.82, "avg_quality": 96.84}}, {"type": "Feature", "geometry": {"type": "Point", "coordinates": [95.77, 13.08]}, "properties": {"operator": "vi", "technology": "4G", "tests": 1, "avg_download": 11.13, "avg_quality": 42.85}}, {"type": "Feature", "geometry": {"type": "Point", "coordinates": [91.16, 24.02]}, "properties": {"operator": "airtel", "technology": "5G", "tests": 1, "avg_download": 46.16, "avg_quality": 82.15}}, {"type": "Feature", "geometry": {"type": "Point", "coordinates": [89.42, 16.35]}, "properties": {"operator": "airtel", "technology": "4G", "tests": 1, "avg_download": 17.42, "avg_quality": 66.44}}, {"type": "Feature", "geometry": {"type": "Point", "coordinates": [71.32, 34.07]}, "properties": {"operator": "vi", "technology": "5G", "tests": 1, "avg_download": 31.52, "avg_quality": 66.38}}, {"type": "Feature", "geometry": {"type": "Point", "coordinates": [77.38, 33.46]}, "properties": {"operator": "jio", "technology": "4G", "tests": 1, "avg_download": 28.6, "avg_quality": 62.71}}, {"type": "Feature", "geometry": {"type": "Point", "coordinates": [82.97, 10.73]}, "properties": {"operator": "jio", "technology": "5G", "tests": 1, "avg_download": 39.53, "avg_quality": 77.45}}, {"type": "Feature", "geometry": {"type": "Point", "coordinates": [92.15, 8.86]}, "properties": {"operator": "airtel", "technology": "5G", "tests": 1, "avg_download": 102.64, "avg_quality": 96.46}}, {"type": "Feature", "geometry": {"type": "Point", "coordinates": [85.96, 30.25]}, "properties": {"operator": "airtel", "technology": "4G", "tests": 1, "avg_download": 24.6, "avg_quality": 72.93}}, {"type": "Feature", "geometry": {"type": "Point", "coordinates": [95.37, 25.82]}, "properties": {"operator": "jio", "technology": "5G", "tests": 1, "avg_download": 92.82, "avg_quality": 63.35}}, {"type": "Feature", "geometry": {"type": "Point", "coordinates": [73.57, 9.21]}, "properties": {"operator": "vi", "technology": "4G", "tests": 1, "avg_download": 20.41, "avg_quality": 63.58}}, {"type": "Feature", "geometry": {"type": "Point", "coordinates": [77.85, 15.53]}, "properties": {"operator": "vi", "technology": "5G", "tests": 1, "avg_download": 59.21, "avg_quality": 85.75}}, {"type": "Feature", "geometry": {"type": "Point", "coordinates": [86.21, 26.41]}, "properties": {"operator": "airtel", "technology": "5G", "tests": 1, "avg_download": 109.85, "avg_quality": 82.09}}, {"type": "Feature", "geometry": {"type": "Point", "coordinates": [84.09, 11.2]}, "properties": {"operator": "jio", "technology": "5G", "tests": 1, "avg_download": 110.77, "avg_quality": 88.14}}, {"type": "Feature", "geometry": {"type": "Point", "coordinates": [85.19, 25.42]}, "properties": {"operator": "vi", "technology": "5G", "tests": 1, "avg_download": 26.79, "avg_quality": 62.22}}, {"type": "Feature", "geometry": {"type": "Point", "coordinates": [78.09, 9.42]}, "properties": {"operator": "jio", "technology": "4G", "tests": 1, "avg_download": 37.56, "avg_quality": 72.27}}, {"type": "Feature", "geometry": {"type": "Point", "coordinates": [72.47, 17.43]}, "properties": {"operator": "airtel", "technology": "5G", "tests": 1, "avg_download": 87.96, "avg_quality": 76.46}}, {"type": "Feature", "geometry": {"type": "Point", "coordinates": [72.92, 8.18]}, "properties": {"operator": "airtel", "technology": "4G", "tests": 1, "avg_download": 22.86, "avg_quality": 68.63}}, {"type": "Feature", "geometry": {"type": "Point", "coordinates": [80.33, 35.4]}, "properties": {"operator": "airtel", "technology": "5G", "tests": 1, "avg_download": 46.97, "avg_quality": 70.68}}, {"type": "Feature", "geometry": {"type": "Point", "coordinates": [82.68, 31.29]}, "properties": {"operator": "vi", "technology": "5G", "tests": 1, "avg_download": 64.27, "avg_quality": 86.55}}, {"type": "Feature", "geometry": {"type": "Point", "coordinates": [90.05, 32.53]}, "properties": {"operator": "airtel", "technology": "5G", "tests": 1, "avg_download": 116.67, "avg_quality": 93.96}}, {"type": "Feature", "geometry": {"type": "Point", "coordinates": [80.36, 9.7]}, "properties": {"operator": "jio", "technology": "5G", "tests": 1, "avg_download": 65.89, "avg_quality": 63.99}}, {"type": "Feature", "geometry": {"type": "Point", "coordinates": [84.62, 17.69]}, "properties": {"operator": "airtel", "technology": "4G", "tests": 1, "avg_download": 20.18, "avg_quality": 76.9}}, {"type": "Feature", "geometry": {"type": "Point", "coordinates": [77.74, 13.23]}, "properties": {"operator": "jio", "technology": "5G", "tests": 1, "avg_download": 73.6, "avg_quality": 94.19}}, {"type": "Feature", "geometry": {"type": "Point", "coordinates": [91.69, 21.45]}, "properties": {"operator": "airtel", "technology": "4G", "tests": 1, "avg_download": 17.43, "avg_quality": 54.34}}, {"type": "Feature", "geometry": {"type": "Point", "coordinates": [81.09, 10.05]}, "properties": {"operator": "airtel", "technology": "4G", "tests": 1, "avg_download": 15.15, "avg_quality": 48.04}}, {"type": "Feature", "geometry": {"type": "Point", "coordinates": [81.25, 16.73]}, "properties": {"operator": "airtel", "technology": "5G", "tests": 1, "avg_download": 92.69, "avg_quality": 82.45}}, {"type": "Feature", "geometry": {"type": "Point", "coordinates": [92.33, 12.18]}, "properties": {"operator": "jio", "technology": "4G", "tests": 1, "avg_download": 31.26, "avg_quality": 49.95}}, {"type": "Feature", "geometry": {"type": "Point", "coordinates": [80.7, 30.06]}, "properties": {"operator": "vi", "technology": "4G", "tests": 1, "avg_download": 16.09, "avg_quality": 68.99}}, {"type": "Feature", "geometry": {"type": "Point", "coordinates": [78.19, 21.35]}, "properties": {"operator": "jio", "technology": "5G", "tests": 1, "avg_download": 63.76, "avg_quality": 74.14}}, {"type": "Feature", "geometry": {"type": "Point", "coordinates": [88.27, 25.02]}, "properties": {"operator": "vi", "technology": "4G", "tests": 1, "avg_download": 20.02, "avg_quality": 73.74}}, {"type": "Feature", "geometry": {"type": "Point", "coordinates": [68.96, 30.62]}, "properties": {"operator": "vi", "technology": "5G", "tests": 1, "avg_download": 58.28, "avg_quality": 72.4}}, {"type": "Feature", "geometry": {"type": "Point", "coordinates": [73.89, 28.73]}, "properties": {"operator": "jio", "technology": "5G", "tests": 1, "avg_download": 81.92, "avg_quality": 75.41}}, {"type": "Feature", "geometry": {"type": "Point", "coordinates": [78.46, 32.2]}, "properties": {"operator": "airtel", "technology": "5G", "tests": 1, "avg_download": 83.16, "avg_quality": 96.06}}, {"type": "Feature", "geometry": {"type": "Point", "coordinates": [92.11, 19.55]}, "properties": {"operator": "jio", "technology": "5G", "tests": 1, "avg_download": 94.11, "avg_quality": 109.74}}, {"type": "Feature", "geometry": {"type": "Point", "coordinates": [85.89, 14.7]}, "properties": {"operator": "jio", "technology": "5G", "tests": 1, "avg_download": 82.39, "avg_quality": 83.62}}, {"type": "Feature", "geometry": {"type": "Point", "coordinates": [78.92, 22.88]}, "properties": {"operator": "jio", "technology": "4G", "tests": 1, "avg_download": 27.02, "avg_quality": 66.76}}, {"type": "Feature", "geometry": {"type": "Point", "coordinates": [83.27, 33.49]}, "properties": {"operator": "airtel", "technology": "4G", "tests": 1, "avg_download": 19.41, "avg_quality": 62.41}}, {"type": "Feature", "geometry": {"type": "Point", "coordinates": [92.6, 14.9]}, "properties": {"operator": "airtel", "technology": "5G", "tests": 1, "avg_download": 109.02, "avg_quality": 86.56}}, {"type": "Feature", "geometry": {"type": "Point", "coordinates": [90.88, 12.98]}, "properties": {"operator": "jio", "technology": "4G", "tests": 1, "avg_download": 15.76, "avg_quality": 52.23}}, {"type": "Feature", "geometry": {"type": "Point", "coordinates": [73.01, 28.86]}, "properties": {"operator": "airtel", "technology": "4G", "tests": 1, "avg_download": 28.92, "avg_quality": 67.91}}, {"type": "Feature", "geometry": {"type": "Point", "coordinates": [74.21, 22.59]}, "properties": {"operator": "airtel", "technology": "4G", "tests": 1, "avg_download": 32.72, "avg_quality": 68.45}}, {"type": "Feature", "geometry": {"type": "Point", "coordinates": [91.81, 30.29]}, "properties": {"operator": "airtel", "technology": "4G", "tests": 1, "avg_download": 34.11, "avg_quality": 74.35}}, {"type": "Feature", "geometry": {"type": "Point", "coordinates": [83.37, 24.94]}, "properties": {"operator": "vi", "technology": "5G", "tests": 1, "avg_download": 94.58, "avg_quality": 91.94}}, {"type": "Feature", "geometry": {"type": "Point", "coordinates": [90.0, 13.73]}, "properties": {"operator": "airtel", "technology": "4G", "tests": 1, "avg_download": 17.64, "avg_quality": 61.79}}, {"type": "Feature", "geometry": {"type": "Point", "coordinates": [84.45, 12.32]}, "properties": {"operator": "vi", "technology": "4G", "tests": 1, "avg_download": 20.72, "avg_quality": 61.58}}, {"type": "Feature", "geometry": {"type": "Point", "coordinates": [75.22, 24.04]}, "properties": {"operator": "jio", "technology": "5G", "tests": 1, "avg_download": 60.62, "avg_quality": 91.24}}, {"type": "Feature", "geometry": {"type": "Point", "coordinates": [78.08, 24.82]}, "properties": {"operator": "vi", "technology": "4G", "tests": 1, "avg_download": 11.56, "avg_quality": 65.19}}, {"type": "Feature", "geometry": {"type": "Point", "coordinates": [85.64, 16.49]}, "properties": {"operator": "vi", "technology": "5G", "tests": 1, "avg_download": 33.46, "avg_quality": 44.22}}, {"type": "Feature", "geometry": {"type": "Point", "coordinates": [74.48, 33.26]}, "properties": {"operator": "airtel", "technology": "4G", "tests": 1, "avg_download": 25.62, "avg_quality": 39.1}}, {"type": "Feature", "geometry": {"type": "Point", "coordinates": [87.18, 27.99]}, "properties": {"operator": "airtel", "technology": "5G", "tests": 1, "avg_download": 100.38, "avg_quality": 67.49}}, {"type": "Feature", "geometry": {"type": "Point", "coordinates": [83.42, 18.26]}, "properties": {"operator": "airtel", "technology": "5G", "tests": 1, "avg_download": 109.2, "avg_quality": 83.57}}, {"type": "Feature", "geometry": {"type": "Point", "coordinates": [75.84, 31.01]}, "properties": {"operator": "vi", "technology": "5G", "tests": 1, "avg_download": 74.15, "avg_quality": 59.38}}, {"type": "Feature", "geometry": {"type": "Point", "coordinates": [87.69, 17.71]}, "properties": {"operator": "vi", "technology": "5G", "tests": 1, "avg_download": 44.52, "avg_quality": 68.67}}, {"type": "Feature", "geometry": {"type": "Point", "coordinates": [77.43, 33.64]}, "properties": {"operator": "jio", "technology": "4G", "tests": 1, "avg_download": 23.19, "avg_quality": 55.39}}, {"type": "Feature", "geometry": {"type": "Point", "coordinates": [75.35, 17.51]}, "properties": {"operator": "jio", "technology": "5G", "tests": 1, "avg_download": 116.45, "avg_quality": 103.8}}, {"type": "Feature", "geometry": {"type": "Point", "coordinates": [74.89, 8.6]}, "properties": {"operator": "airtel", "technology": "4G", "tests": 1, "avg_download": 20.55, "avg_quality": 71.02}}, {"type": "Feature", "geometry": {"type": "Point", "coordinates": [92.83, 8.87]}, "properties": {"operator": "jio", "technology": "5G", "tests": 1, "avg_download": 61.83, "avg_quality": 66.85}}, {"type": "Feature", "geometry": {"type": "Point", "coordinates": [82.93, 10.66]}, "properties": {"operator": "jio", "technology": "4G", "tests": 1, "avg_download": 32.23, "avg_quality": 52.99}}, {"type": "Feature", "geometry": {"type": "Point", "coordinates": [83.62, 28.92]}, "properties": {"operator": "airtel", "technology": "5G", "tests": 1, "avg_download": 81.48, "avg_quality": 86.21}}, {"type": "Feature", "geometry": {"type": "Point", "coordinates": [74.58, 32.01]}, "properties": {"operator": "airtel", "technology": "4G", "tests": 1, "avg_download": 20.54, "avg_quality": 68.66}}, {"type": "Feature", "geometry": {"type": "Point", "coordinates": [74.4, 22.58]}, "properties": {"operator": "vi", "technology": "4G", "tests": 1, "avg_download": 16.84, "avg_quality": 56.27}}, {"type": "Feature", "geometry": {"type": "Point", "coordinates": [75.72, 31.57]}, "properties": {"operator": "jio", "technology": "4G", "tests": 1, "avg_download": 37.69, "avg_quality": 69.45}}, {"type": "Feature", "geometry": {"type": "Point", "coordinates": [70.73, 15.78]}, "properties": {"operator": "vi", "technology": "5G", "tests": 1, "avg_download": 58.46, "avg_quality": 73.19}}, {"type": "Feature", "geometry": {"type": "Point", "coordinates": [86.36, 16.77]}, "properties": {"operator": "airtel", "technology": "5G", "tests": 1, "avg_download": 70.49, "avg_quality": 63.92}}, {"type": "Feature", "geometry": {"type": "Point", "coordinates": [68.58, 13.84]}, "properties": {"operator": "airtel", "technology": "5G", "tests": 1, "avg_download": 76.37, "avg_quality": 86.16}}, {"type": "Feature", "geometry": {"type": "Point", "coordinates": [85.27, 24.77]}, "properties": {"operator": "vi", "technology": "5G", "tests": 1, "avg_download": 33.49, "avg_quality": 72.28}}, {"type": "Feature", "geometry": {"type": "Point", "coordinates": [95.34, 17.63]}, "properties": {"operator": "jio", "technology": "4G", "tests": 1, "avg_download": 13.66, "avg_quality": 56.61}}, {"type": "Feature", "geometry": {"type": "Point", "coordinates": [84.74, 21.86]}, "properties": {"operator": "jio", "technology": "4G", "tests": 1, "avg_download": 19.39, "avg_quality": 71.22}}, {"type": "Feature", "geometry": {"type": "Point", "coordinates": [93.3, 20.87]}, "properties": {"operator": "vi", "technology": "4G", "tests": 1, "avg_download": 14.67, "avg_quality": 55.77}}, {"type": "Feature", "geometry": {"type": "Point", "coordinates": [86.42, 33.39]}, "properties": {"operator": "jio", "technology": "5G", "tests": 1, "avg_download": 124.16, "avg_quality": 92.19}}, {"type": "Feature", "geometry": {"type": "Point", "coordinates": [87.25, 25.5]}, "properties": {"operator": "airtel", "technology": "5G", "tests": 1, "avg_download": 92.36, "avg_quality": 82.63}}, {"type": "Feature", "geometry": {"type": "Point", "coordinates": [85.97, 18.51]}, "properties": {"operator": "jio", "technology": "5G", "tests": 1, "avg_download": 54.29, "avg_quality": 60.52}}, {"type": "Feature", "geometry": {"type": "Point", "coordinates": [84.57, 18.0]}, "properties": {"operator": "jio", "technology": "4G", "tests": 1, "avg_download": 10.5, "avg_quality": 76.2}}, {"type": "Feature", "geometry": {"type": "Point", "coordinates": [81.54, 10.15]}, "properties": {"operator": "jio", "technology": "5G", "tests": 1, "avg_download": 123.23, "avg_quality": 80.33}}, {"type": "Feature", "geometry": {"type": "Point", "coordinates": [82.07, 8.94]}, "properties": {"operator": "vi", "technology": "4G", "tests": 1, "avg_download": 15.05, "avg_quality": 61.27}}, {"type": "Feature", "geometry": {"type": "Point", "coordinates": [87.81, 28.94]}, "properties": {"operator": "vi", "technology": "5G", "tests": 1, "avg_download": 65.11, "avg_quality": 64.47}}, {"type": "Feature", "geometry": {"type": "Point", "coordinates": [77.76, 8.4]}, "properties": {"operator": "jio", "technology": "4G", "tests": 1, "avg_download": 29.29, "avg_quality": 62.43}}, {"type": "Feature", "geometry": {"type": "Point", "coordinates": [90.2, 19.14]}, "properties": {"operator": "vi", "technology": "4G", "tests": 1, "avg_download": 13.15, "avg_quality": 55.34}}, {"type": "Feature", "geometry": {"type": "Point", "coordinates": [81.7, 29.04]}, "properties": {"operator": "airtel", "technology": "4G", "tests": 1, "avg_download": 19.74, "avg_quality": 55.92}}, {"type": "Feature", "geometry": {"type": "Point", "coordinates": [79.73, 27.77]}, "properties": {"operator": "airtel", "technology": "5G", "tests": 1, "avg_download": 89.21, "avg_quality": 97.66}}, {"type": "Feature", "geometry": {"type": "Point", "coordinates": [75.81, 34.18]}, "properties": {"operator": "airtel", "technology": "5G", "tests": 1, "avg_download": 87.99, "avg_quality": 75.09}}, {"type": "Feature", "geometry": {"type": "Point", "coordinates": [93.17, 15.04]}, "properties": {"operator": "vi", "technology": "4G", "tests": 1, "avg_download": 10.51, "avg_quality": 40.71}}, {"type": "Feature", "geometry": {"type": "Point", "coordinates": [93.66, 24.16]}, "properties": {"operator": "jio", "technology": "4G", "tests": 1, "avg_download": 23.39, "avg_quality": 67.89}}, {"type": "Feature", "geometry": {"type": "Point", "coordinates": [94.77, 21.89]}, "properties": {"operator": "airtel", "technology": "4G", "tests": 1, "avg_download": 20.06, "avg_quality": 52.92}}, {"type": "Feature", "geometry": {"type": "Point", "coordinates": [68.19, 10.9]}, "properties": {"operator": "airtel", "technology": "5G", "tests": 1, "avg_download": 77.03, "avg_quality": 53.79}}, {"type": "Feature", "geometry": {"type": "Point", "coordinates": [95.63, 28.63]}, "properties": {"operator": "airtel", "technology": "4G", "tests": 1, "avg_download": 20.38, "avg_quality": 75.67}}, {"type": "Feature", "geometry": {"type": "Point", "coordinates": [69.23, 28.3]}, "properties": {"operator": "vi", "technology": "4G", "tests": 1, "avg_download": 21.91, "avg_quality": 69.71}}, {"type": "Feature", "geometry": {"type": "Point", "coordinates": [74.2, 10.24]}, "properties": {"operator": "jio", "technology": "4G", "tests": 1, "avg_download": 20.13, "avg_quality": 55.06}}, {"type": "Feature", "geometry": {"type": "Point", "coordinates": [68.14, 8.6]}, "properties": {"operator": "vi", "technology": "4G", "tests": 1, "avg_download": 16.36, "avg_quality": 66.04}}, {"type": "Feature", "geometry": {"type": "Point", "coordinates": [91.47, 24.84]}, "properties": {"operator": "vi", "technology": "5G", "tests": 1, "avg_download": 65.62, "avg_quality": 83.23}}, {"type": "Feature", "geometry": {"type": "Point", "coordinates": [75.89, 34.09]}, "properties": {"operator": "vi", "technology": "5G", "tests": 1, "avg_download": 69.03, "avg_quality": 85.73}}, {"type": "Feature", "geometry": {"type": "Point", "coordinates": [82.17, 23.42]}, "properties": {"operator": "vi", "technology": "4G", "tests": 1, "avg_download": 17.17, "avg_quality": 56.67}}, {"type": "Feature", "geometry": {"type": "Point", "coordinates": [72.43, 25.44]}, "properties": {"operator": "jio", "technology": "5G", "tests": 1, "avg_download": 100.82, "avg_quality": 101.77}}, {"type": "Feature", "geometry": {"type": "Point", "coordinates": [81.66, 22.69]}, "properties": {"operator": "vi", "technology": "4G", "tests": 1, "avg_download": 12.36, "avg_quality": 51.81}}, {"type": "Feature", "geometry": {"type": "Point", "coordinates": [87.99, 20.44]}, "properties": {"operator": "vi", "technology": "5G", "tests": 1, "avg_download": 72.86, "avg_quality": 85.73}}, {"type": "Feature", "geometry": {"type": "Point", "coordinates": [93.14, 12.1]}, "properties": {"operator": "vi", "technology": "4G", "tests": 1, "avg_download": 13.08, "avg_quality": 62.24}}, {"type": "Feature", "geometry": {"type": "Point", "coordinates": [71.29, 14.0]}, "properties": {"operator": "airtel", "technology": "4G", "tests": 1, "avg_download": 30.4, "avg_quality": 56.02}}, {"type": "Feature", "geometry": {"type": "Point", "coordinates": [74.11, 29.41]}, "properties": {"operator": "vi", "technology": "4G", "tests": 1, "avg_download": 18.98, "avg_quality": 22.29}}, {"type": "Feature", "geometry": {"type": "Point", "coordinates": [79.56, 10.6]}, "properties": {"operator": "jio", "technology": "4G", "tests": 1, "avg_download": 33.34, "avg_quality": 68.44}}, {"type": "Feature", "geometry": {"type": "Point", "coordinates": [68.32, 12.17]}, "properties": {"operator": "vi", "technology": "4G", "tests": 1, "avg_download": 23.92, "avg_quality": 72.15}}, {"type": "Feature", "geometry": {"type": "Point", "coordinates": [69.94, 26.05]}, "properties": {"operator": "vi", "technology": "4G", "tests": 1, "avg_download": 17.94, "avg_quality": 73.24}}, {"type": "Feature", "geometry": {"type": "Point", "coordinates": [85.09, 15.51]}, "properties": {"operator": "vi", "technology": "4G", "tests": 1, "avg_download": 18.3, "avg_quality": 68.58}}, {"type": "Feature", "geometry": {"type": "Point", "coordinates": [79.23, 19.05]}, "properties": {"operator": "jio", "technology": "5G", "tests": 1, "avg_download": 63.92, "avg_quality": 59.21}}, {"type": "Feature", "geometry": {"type": "Point", "coordinates": [90.67, 18.08]}, "properties": {"operator": "airtel", "technology": "5G", "tests": 1, "avg_download": 125.99, "avg_quality": 87.43}}, {"type": "Feature", "geometry": {"type": "Point", "coordinates": [68.78, 31.43]}, "properties": {"operator": "jio", "technology": "4G", "tests": 1, "avg_download": 24.75, "avg_quality": 76.04}}, {"type": "Feature", "geometry": {"type": "Point", "coordinates": [72.35, 10.46]}, "properties": {"operator": "jio", "technology": "5G", "tests": 1, "avg_download": 139.31, "avg_quality": 80.71}}, {"type": "Feature", "geometry": {"type": "Point", "coordinates": [89.73, 14.11]}, "properties": {"operator": "jio", "technology": "4G", "tests": 1, "avg_download": 23.23, "avg_quality": 65.27}}, {"type": "Feature", "geometry": {"type": "Point", "coordinates": [87.53, 28.86]}, "properties": {"operator": "jio", "technology": "4G", "tests": 1, "avg_download": 30.22, "avg_quality": 76.75}}, {"type": "Feature", "geometry": {"type": "Point", "coordinates": [82.65, 28.79]}, "properties": {"operator": "airtel", "technology": "5G", "tests": 1, "avg_download": 87.19, "avg_quality": 87.41}}, {"type": "Feature", "geometry": {"type": "Point", "coordinates": [71.02, 26.06]}, "properties": {"operator": "vi", "technology": "5G", "tests": 1, "avg_download": 37.7, "avg_quality": 52.18}}, {"type": "Feature", "geometry": {"type": "Point", "coordinates": [69.21, 21.21]}, "properties": {"operator": "jio", "technology": "5G", "tests": 1, "avg_download": 74.65, "avg_quality": 91.24}}, {"type": "Feature", "geometry": {"type": "Point", "coordinates": [73.97, 9.0]}, "properties": {"operator": "airtel", "technology": "5G", "tests": 1, "avg_download": 64.65, "avg_quality": 64.11}}, {"type": "Feature", "geometry": {"type": "Point", "coordinates": [76.69, 25.26]}, "properties": {"operator": "airtel", "technology": "4G", "tests": 1, "avg_download": 18.82, "avg_quality": 44.69}}, {"type": "Feature", "geometry": {"type": "Point", "coordinates": [77.18, 31.13]}, "properties": {"operator": "vi", "technology": "5G", "tests": 1, "avg_download": 74.74, "avg_quality": 53.11}}, {"type": "Feature", "geometry": {"type": "Point", "coordinates": [89.91, 25.45]}, "properties": {"operator": "airtel", "technology": "4G", "tests": 1, "avg_download": 28.17, "avg_quality": 63.31}}, {"type": "Feature", "geometry": {"type": "Point", "coordinates": [78.35, 14.93]}, "properties": {"operator": "jio", "technology": "4G", "tests": 1, "avg_download": 21.22, "avg_quality": 50.72}}, {"type": "Feature", "geometry": {"type": "Point", "coordinates": [86.61, 12.12]}, "properties": {"operator": "jio", "technology": "4G", "tests": 1, "avg_download": 24.03, "avg_quality": 74.82}}, {"type": "Feature", "geometry": {"type": "Point", "coordinates": [82.59, 27.2]}, "properties": {"operator": "vi", "technology": "5G", "tests": 1, "avg_download": 32.84, "avg_quality": 68.95}}, {"type": "Feature", "geometry": {"type": "Point", "coordinates": [85.24, 17.12]}, "properties": {"operator": "vi", "technology": "5G", "tests": 1, "avg_download": 77.4, "avg_quality": 55.95}}, {"type": "Feature", "geometry": {"type": "Point", "coordinates": [84.67, 16.04]}, "properties": {"operator": "vi", "technology": "4G", "tests": 1, "avg_download": 15.92, "avg_quality": 62.05}}, {"type": "Feature", "geometry": {"type": "Point", "coordinates": [92.59, 34.26]}, "properties": {"operator": "airtel", "technology": "5G", "tests": 1, "avg_download": 90.52, "avg_quality": 77.43}}, {"type": "Feature", "geometry": {"type": "Point", "coordinates": [71.4, 31.83]}, "properties": {"operator": "jio", "technology": "4G", "tests": 1, "avg_download": 10.65, "avg_quality": 74.9}}, {"type": "Feature", "geometry": {"type": "Point", "coordinates": [69.58, 24.12]}, "properties": {"operator": "vi", "technology": "4G", "tests": 1, "avg_download": 23.85, "avg_quality": 64.06}}, {"type": "Feature", "geometry": {"type": "Point", "coordinates": [68.48, 35.37]}, "properties": {"operator": "jio", "technology": "5G", "tests": 1, "avg_download": 103.79, "avg_quality": 69.19}}, {"type": "Feature", "geometry": {"type": "Point", "coordinates": [84.2, 9.38]}, "properties": {"operator": "jio", "technology": "4G", "tests": 1, "avg_download": 27.3, "avg_quality": 55.77}}, {"type": "Feature", "geometry": {"type": "Point", "coordinates": [81.8, 23.4]}, "properties": {"operator": "jio", "technology": "4G", "tests": 1, "avg_download": 24.51, "avg_quality": 69.84}}, {"type": "Feature", "geometry": {"type": "Point", "coordinates": [77.88, 21.16]}, "properties": {"operator": "jio", "technology": "4G", "tests": 1, "avg_download": 24.67, "avg_quality": 64.4}}, {"type": "Feature", "geometry": {"type": "Point", "coordinates": [77.58, 35.52]}, "properties": {"operator": "vi", "technology": "4G", "tests": 1, "avg_download": 20.35, "avg_quality": 58.4}}, {"type": "Feature", "geometry": {"type": "Point", "coordinates": [71.34, 24.08]}, "properties": {"operator": "vi", "technology": "5G", "tests": 1, "avg_download": 67.11, "avg_quality": 74.33}}, {"type": "Feature", "geometry": {"type": "Point", "coordinates": [89.56, 11.71]}, "properties": {"operator": "vi", "technology": "5G", "tests": 1, "avg_download": 78.17, "avg_quality": 83.02}}, {"type": "Feature", "geometry": {"type": "Point", "coordinates": [90.46, 8.62]}, "properties": {"operator": "airtel", "technology": "4G", "tests": 1, "avg_download": 21.39, "avg_quality": 72.04}}, {"type": "Feature", "geometry": {"type": "Point", "coordinates": [90.26, 21.85]}, "properties": {"operator": "jio", "technology": "4G", "tests": 1, "avg_download": 25.54, "avg_quality": 60.47}}, {"type": "Feature", "geometry": {"type": "Point", "coordinates": [74.45, 22.96]}, "properties": {"operator": "airtel", "technology": "5G", "tests": 1, "avg_download": 58.66, "avg_quality": 78.84}}, {"type": "Feature", "geometry": {"type": "Point", "coordinates": [84.98, 22.62]}, "properties": {"operator": "airtel", "technology": "5G", "tests": 1, "avg_download": 84.5, "avg_quality": 75.52}}, {"type": "Feature", "geometry": {"type": "Point", "coordinates": [84.63, 25.45]}, "properties": {"operator": "airtel", "technology": "5G", "tests": 1, "avg_download": 85.62, "avg_quality": 75.89}}, {"type": "Feature", "geometry": {"type": "Point", "coordinates": [68.52, 25.28]}, "properties": {"operator": "jio", "technology": "4G", "tests": 1, "avg_download": 23.3, "avg_quality": 52.72}}, {"type": "Feature", "geometry": {"type": "Point", "coordinates": [76.31, 14.41]}, "properties": {"operator": "airtel", "technology": "5G", "tests": 1, "avg_download": 103.68, "avg_quality": 82.4}}, {"type": "Feature", "geometry": {"type": "Point", "coordinates": [90.03, 32.56]}, "properties": {"operator": "airtel", "technology": "4G", "tests": 1, "avg_download": 24.23, "avg_quality": 55.5}}, {"type": "Feature", "geometry": {"type": "Point", "coordinates": [69.34, 30.58]}, "properties": {"operator": "jio", "technology": "4G", "tests": 1, "avg_download": 25.06, "avg_quality": 62.73}}, {"type": "Feature", "geometry": {"type": "Point", "coordinates": [93.68, 14.34]}, "properties": {"operator": "airtel", "technology": "5G", "tests": 1, "avg_download": 110.68, "avg_quality": 84.72}}, {"type": "Feature", "geometry": {"type": "Point", "coordinates": [75.2, 10.79]}, "properties": {"operator": "airtel", "technology": "4G", "tests": 1, "avg_download": 29.21, "avg_quality": 75.01}}, {"type": "Feature", "geometry": {"type": "Point", "coordinates": [87.07, 21.96]}, "properties": {"operator": "airtel", "technology": "5G", "tests": 1, "avg_download": 50.83, "avg_quality": 85.43}}, {"type": "Feature", "geometry": {"type": "Point", "coordinates": [91.51, 19.81]}, "properties": {"operator": "vi", "technology": "4G", "tests": 1, "avg_download": 16.04, "avg_quality": 75.06}}, {"type": "Feature", "geometry": {"type": "Point", "coordinates": [79.79, 20.51]}, "properties": {"operator": "airtel", "technology": "5G", "tests": 1, "avg_download": 94.22, "avg_quality": 78.97}}, {"type": "Feature", "geometry": {"type": "Point", "coordinates": [89.08, 35.09]}, "properties": {"operator": "vi", "technology": "4G", "tests": 1, "avg_download": 25.36, "avg_quality": 79.41}}, {"type": "Feature", "geometry": {"type": "Point", "coordinates": [78.35, 29.96]}, "properties": {"operator": "vi", "technology": "5G", "tests": 1, "avg_download": 48.43, "avg_quality": 78.88}}, {"type": "Feature", "geometry": {"type": "Point", "coordinates": [86.31, 28.43]}, "properties": {"operator": "airtel", "technology": "5G", "tests": 1, "avg_download": 58.41, "avg_quality": 79.54}}, {"type": "Feature", "geometry": {"type": "Point", "coordinates": [91.16, 10.05]}, "properties": {"operator": "airtel", "technology": "4G", "tests": 1, "avg_download": 5.88, "avg_quality": 69.01}}, {"type": "Feature", "geometry": {"type": "Point", "coordinates": [86.45, 16.17]}, "properties": {"operator": "jio", "technology": "5G", "tests": 1, "avg_download": 52.83, "avg_quality": 75.17}}, {"type": "Feature", "geometry": {"type": "Point", "coordinates": [95.9, 10.32]}, "properties": {"operator": "jio", "technology": "5G", "tests": 1, "avg_download": 62.04, "avg_quality": 90.79}}, {"type": "Feature", "geometry": {"type": "Point", "coordinates": [90.75, 21.28]}, "properties": {"operator": "vi", "technology": "4G", "tests": 1, "avg_download": 26.2, "avg_quality": 74.5}}, {"type": "Feature", "geometry": {"type": "Point", "coordinates": [77.82, 15.92]}, "properties": {"operator": "vi", "technology": "4G", "tests": 1, "avg_download": 19.16, "avg_quality": 65.75}}, {"type": "Feature", "geometry": {"type": "Point", "coordinates": [78.62, 32.91]}, "properties": {"operator": "airtel", "technology": "5G", "tests": 1, "avg_download": 101.06, "avg_quality": 85.39}}, {"type": "Feature", "geometry": {"type": "Point", "coordinates": [95.67, 28.79]}, "properties": {"operator": "airtel", "technology": "5G", "tests": 1, "avg_download": 82.05, "avg_quality": 98.07}}, {"type": "Feature", "geometry": {"type": "Point", "coordinates": [91.2, 35.4]}, "properties": {"operator": "vi", "technology": "5G", "tests": 1, "avg_download": 48.45, "avg_quality": 66.36}}, {"type": "Feature", "geometry": {"type": "Point", "coordinates": [78.09, 35.96]}, "properties": {"operator": "airtel", "technology": "5G", "tests": 1, "avg_download": 83.12, "avg_quality": 76.04}}, {"type": "Feature", "geometry": {"type": "Point", "coordinates": [68.18, 15.28]}, "properties": {"operator": "jio", "technology": "5G", "tests": 1, "avg_download": 74.89, "avg_quality": 98.76}}, {"type": "Feature", "geometry": {"type": "Point", "coordinates": [81.76, 11.62]}, "properties": {"operator": "vi", "technology": "5G", "tests": 1, "avg_download": 49.0, "avg_quality": 72.76}}, {"type": "Feature", "geometry": {"type": "Point", "coordinates": [74.81, 15.03]}, "properties": {"operator": "vi", "technology": "5G", "tests": 1, "avg_download": 70.93, "avg_quality": 48.48}}, {"type": "Feature", "geometry": {"type": "Point", "coordinates": [91.43, 16.39]}, "properties": {"operator": "airtel", "technology": "4G", "tests": 1, "avg_download": 26.18, "avg_quality": 75.16}}, {"type": "Feature", "geometry": {"type": "Point", "coordinates": [76.52, 21.07]}, "properties": {"operator": "vi", "technology": "5G", "tests": 1, "avg_download": 81.0, "avg_quality": 92.71}}, {"type": "Feature", "geometry": {"type": "Point", "coordinates": [73.16, 15.12]}, "properties": {"operator": "airtel", "technology": "5G", "tests": 1, "avg_download": 67.43, "avg_quality": 77.73}}, {"type": "Feature", "geometry": {"type": "Point", "coordinates": [84.59, 30.72]}, "properties": {"operator": "airtel", "technology": "4G", "tests": 1, "avg_download": 23.95, "avg_quality": 70.11}}, {"type": "Feature", "geometry": {"type": "Point", "coordinates": [83.36, 8.36]}, "properties": {"operator": "airtel", "technology": "5G", "tests": 1, "avg_download": 80.7, "avg_quality": 83.52}}, {"type": "Feature", "geometry": {"type": "Point", "coordinates": [70.58, 10.78]}, "properties": {"operator": "airtel", "technology": "4G", "tests": 1, "avg_download": 11.92, "avg_quality": 65.05}}, {"type": "Feature", "geometry": {"type": "Point", "coordinates": [68.02, 34.85]}, "properties": {"operator": "vi", "technology": "4G", "tests": 1, "avg_download": 16.98, "avg_quality": 47.43}}, {"type": "Feature", "geometry": {"type": "Point", "coordinates": [75.92, 25.4]}, "properties": {"operator": "airtel", "technology": "5G", "tests": 1, "avg_download": 67.46, "avg_quality": 88.61}}, {"type": "Feature", "geometry": {"type": "Point", "coordinates": [71.9, 11.6]}, "properties": {"operator": "airtel", "technology": "4G", "tests": 1, "avg_download": 9.81, "avg_quality": 69.61}}, {"type": "Feature", "geometry": {"type": "Point", "coordinates": [91.11, 28.42]}, "properties": {"operator": "airtel", "technology": "5G", "tests": 1, "avg_download": 54.4, "avg_quality": 76.59}}, {"type": "Feature", "geometry": {"type": "Point", "coordinates": [71.68, 25.34]}, "properties": {"operator": "vi", "technology": "5G", "tests": 1, "avg_download": 50.77, "avg_quality": 77.65}}, {"type": "Feature", "geometry": {"type": "Point", "coordinates": [83.07, 22.14]}, "properties": {"operator": "airtel", "technology": "4G", "tests": 1, "avg_download": 32.47, "avg_quality": 80.4}}, {"type": "Feature", "geometry": {"type": "Point", "coordinates": [90.03, 22.6]}, "properties": {"operator": "airtel", "technology": "4G", "tests": 1, "avg_download": 28.31, "avg_quality": 53.0}}, {"type": "Feature", "geometry": {"type": "Point", "coordinates": [83.96, 17.92]}, "properties": {"operator": "airtel", "technology": "4G", "tests": 1, "avg_download": 19.25, "avg_quality": 44.82}}, {"type": "Feature", "geometry": {"type": "Point", "coordinates": [72.76, 13.07]}, "properties": {"operator": "vi", "technology": "4G", "tests": 1, "avg_download": 20.1, "avg_quality": 71.13}}, {"type": "Feature", "geometry": {"type": "Point", "coordinates": [79.22, 22.31]}, "properties": {"operator": "airtel", "technology": "5G", "tests": 1, "avg_download": 91.27, "avg_quality": 81.59}}, {"type": "Feature", "geometry": {"type": "Point", "coordinates": [87.5, 18.91]}, "properties": {"operator": "jio", "technology": "4G", "tests": 1, "avg_download": 24.66, "avg_quality": 55.2}}, {"type": "Feature", "geometry": {"type": "Point", "coordinates": [91.07, 18.01]}, "properties": {"operator": "vi", "technology": "4G", "tests": 1, "avg_download": 16.18, "avg_quality": 74.24}}, {"type": "Feature", "geometry": {"type": "Point", "coordinates": [80.89, 25.86]}, "properties": {"operator": "jio", "technology": "4G", "tests": 1, "avg_download": 25.02, "avg_quality": 68.22}}, {"type": "Feature", "geometry": {"type": "Point", "coordinates": [87.51, 22.64]}, "properties": {"operator": "jio", "technology": "4G", "tests": 1, "avg_download": 11.3, "avg_quality": 72.56}}, {"type": "Feature", "geometry": {"type": "Point", "coordinates": [81.48, 10.45]}, "properties": {"operator": "airtel", "technology": "4G", "tests": 1, "avg_download": 15.11, "avg_quality": 66.11}}, {"type": "Feature", "geometry": {"type": "Point", "coordinates": [69.09, 11.15]}, "properties": {"operator": "jio", "technology": "4G", "tests": 1, "avg_download": 22.08, "avg_quality": 62.41}}, {"type": "Feature", "geometry": {"type": "Point", "coordinates": [86.27, 22.31]}, "properties": {"operator": "vi", "technology": "4G", "tests": 1, "avg_download": 21.92, "avg_quality": 74.13}}, {"type": "Feature", "geometry": {"type": "Point", "coordinates": [93.8, 29.25]}, "properties": {"operator": "airtel", "technology": "5G", "tests": 1, "avg_download": 66.36, "avg_quality": 86.62}}, {"type": "Feature", "geometry": {"type": "Point", "coordinates": [74.85, 13.93]}, "properties": {"operator": "jio", "technology": "4G", "tests": 1, "avg_download": 29.27, "avg_quality": 60.73}}, {"type": "Feature", "geometry": {"type": "Point", "coordinates": [71.16, 10.48]}, "properties": {"operator": "airtel", "technology": "5G", "tests": 1, "avg_download": 61.53, "avg_quality": 79.12}}, {"type": "Feature", "geometry": {"type": "Point", "coordinates": [84.26, 24.25]}, "properties": {"operator": "jio", "technology": "4G", "tests": 1, "avg_download": 22.55, "avg_quality": 64.56}}, {"type": "Feature", "geometry": {"type": "Point", "coordinates": [70.69, 20.67]}, "properties": {"operator": "vi", "technology": "5G", "tests": 1, "avg_download": 87.66, "avg_quality": 69.86}}, {"type": "Feature", "geometry": {"type": "Point", "coordinates": [92.03, 27.8]}, "properties": {"operator": "jio", "technology": "5G", "tests": 1, "avg_download": 69.65, "avg_quality": 76.3}}, {"type": "Feature", "geometry": {"type": "Point", "coordinates": [95.68, 17.08]}, "properties": {"operator": "airtel", "technology": "4G", "tests": 1, "avg_download": 23.75, "avg_quality": 53.21}}, {"type": "Feature", "geometry": {"type": "Point", "coordinates": [94.56, 29.89]}, "properties": {"operator": "airtel", "technology": "5G", "tests": 1, "avg_download": 88.38, "avg_quality": 88.17}}, {"type": "Feature", "geometry": {"type": "Point", "coordinates": [70.17, 17.33]}, "properties": {"operator": "jio", "technology": "5G", "tests": 1, "avg_download": 82.19, "avg_quality": 78.42}}, {"type": "Feature", "geometry": {"type": "Point", "coordinates": [71.83, 21.81]}, "properties": {"operator": "airtel", "technology": "4G", "tests": 1, "avg_download": 21.78, "avg_quality": 54.49}}, {"type": "Feature", "geometry": {"type": "Point", "coordinates": [79.49, 23.04]}, "properties": {"operator": "jio", "technology": "5G", "tests": 1, "avg_download": 77.43, "avg_quality": 88.28}}, {"type": "Feature", "geometry": {"type": "Point", "coordinates": [72.62, 32.49]}, "properties": {"operator": "jio", "technology": "5G", "tests": 1, "avg_download": 62.26, "avg_quality": 74.87}}, {"type": "Feature", "geometry": {"type": "Point", "coordinates": [72.76, 28.17]}, "properties": {"operator": "airtel", "technology": "4G", "tests": 1, "avg_download": 21.91, "avg_quality": 65.12}}, {"type": "Feature", "geometry": {"type": "Point", "coordinates": [82.01, 8.96]}, "properties": {"operator": "vi", "technology": "5G", "tests": 1, "avg_download": 28.25, "avg_quality": 72.05}}, {"type": "Feature", "geometry": {"type": "Point", "coordinates": [70.11, 8.19]}, "properties": {"operator": "jio", "technology": "4G", "tests": 1, "avg_download": 27.07, "avg_quality": 51.98}}, {"type": "Feature", "geometry": {"type": "Point", "coordinates": [91.41, 27.21]}, "properties": {"operator": "jio", "technology": "4G", "tests": 1, "avg_download": 22.72, "avg_quality": 59.39}}, {"type": "Feature", "geometry": {"type": "Point", "coordinates": [92.55, 17.12]}, "properties": {"operator": "airtel", "technology": "4G", "tests": 1, "avg_download": 29.68, "avg_quality": 78.58}}, {"type": "Feature", "geometry": {"type": "Point", "coordinates": [69.85, 19.23]}, "properties": {"operator": "jio", "technology": "4G", "tests": 1, "avg_download": 19.6, "avg_quality": 56.13}}, {"type": "Feature", "geometry": {"type": "Point", "coordinates": [90.73, 25.06]}, "properties": {"operator": "airtel", "technology": "4G", "tests": 1, "avg_download": 25.48, "avg_quality": 53.08}}, {"type": "Feature", "geometry": {"type": "Point", "coordinates": [83.35, 24.0]}, "properties": {"operator": "jio", "technology": "4G", "tests": 1, "avg_download": 18.03, "avg_quality": 45.14}}, {"type": "Feature", "geometry": {"type": "Point", "coordinates": [80.33, 27.29]}, "properties": {"operator": "airtel", "technology": "5G", "tests": 1, "avg_download": 103.57, "avg_quality": 90.37}}, {"type": "Feature", "geometry": {"type": "Point", "coordinates": [75.72, 34.41]}, "properties": {"operator": "airtel", "technology": "5G", "tests": 1, "avg_download": 119.54, "avg_quality": 97.16}}, {"type": "Feature", "geometry": {"type": "Point", "coordinates": [82.21, 25.01]}, "properties": {"operator": "airtel", "technology": "4G", "tests": 1, "avg_download": 28.2, "avg_quality": 74.09}}, {"type": "Feature", "geometry": {"type": "Point", "coordinates": [93.58, 32.7]}, "properties": {"operator": "vi", "technology": "4G", "tests": 1, "avg_download": 27.36, "avg_quality": 73.73}}, {"type": "Feature", "geometry": {"type": "Point", "coordinates": [81.56, 19.68]}, "properties": {"operator": "jio", "technology": "5G", "tests": 1, "avg_download": 100.8, "avg_quality": 100.95}}, {"type": "Feature", "geometry": {"type": "Point", "coordinates": [90.86, 9.63]}, "properties": {"operator": "vi", "technology": "4G", "tests": 1, "avg_download": 13.2, "avg_quality": 56.05}}, {"type": "Feature", "geometry": {"type": "Point", "coordinates": [77.54, 20.37]}, "properties": {"operator": "vi", "technology": "4G", "tests": 1, "avg_download": 20.67, "avg_quality": 75.81}}, {"type": "Feature", "geometry": {"type": "Point", "coordinates": [69.46, 16.63]}, "properties": {"operator": "airtel", "technology": "5G", "tests": 1, "avg_download": 93.66, "avg_quality": 97.95}}, {"type": "Feature", "geometry": {"type": "Point", "coordinates": [91.87, 26.02]}, "properties": {"operator": "vi", "technology": "5G", "tests": 1, "avg_download": 62.44, "avg_quality": 71.47}}, {"type": "Feature", "geometry": {"type": "Point", "coordinates": [93.12, 30.11]}, "properties": {"operator": "vi", "technology": "4G", "tests": 1, "avg_download": 18.63, "avg_quality": 51.43}}, {"type": "Feature", "geometry": {"type": "Point", "coordinates": [71.24, 25.06]}, "properties": {"operator": "vi", "technology": "4G", "tests": 1, "avg_download": 19.62, "avg_quality": 57.06}}, {"type": "Feature", "geometry": {"type": "Point", "coordinates": [71.25, 28.78]}, "properties": {"operator": "airtel", "technology": "5G", "tests": 1, "avg_download": 96.45, "avg_quality": 83.02}}, {"type": "Feature", "geometry": {"type": "Point", "coordinates": [89.5, 13.88]}, "properties": {"operator": "vi", "technology": "5G", "tests": 1, "avg_download": 43.78, "avg_quality": 64.11}}, {"type": "Feature", "geometry": {"type": "Point", "coordinates": [80.42, 13.73]}, "properties": {"operator": "vi", "technology": "4G", "tests": 1, "avg_download": 15.96, "avg_quality": 64.0}}, {"type": "Feature", "geometry": {"type": "Point", "coordinates": [94.43, 26.49]}, "properties": {"operator": "jio", "technology": "4G", "tests": 1, "avg_download": 17.05, "avg_quality": 50.2}}, {"type": "Feature", "geometry": {"type": "Point", "coordinates": [79.92, 14.31]}, "properties": {"operator": "airtel", "technology": "5G", "tests": 1, "avg_download": 75.29, "avg_quality": 68.62}}, {"type": "Feature", "geometry": {"type": "Point", "coordinates": [82.99, 11.01]}, "properties": {"operator": "jio", "technology": "4G", "tests": 1, "avg_download": 23.18, "avg_quality": 55.76}}, {"type": "Feature", "geometry": {"type": "Point", "coordinates": [71.54, 30.61]}, "properties": {"operator": "vi", "technology": "5G", "tests": 1, "avg_download": 58.16, "avg_quality": 85.56}}, {"type": "Feature", "geometry": {"type": "Point", "coordinates": [70.3, 17.51]}, "properties": {"operator": "airtel", "technology": "5G", "tests": 1, "avg_download": 106.33, "avg_quality": 70.2}}, {"type": "Feature", "geometry": {"type": "Point", "coordinates": [69.82, 22.68]}, "properties": {"operator": "jio", "technology": "4G", "tests": 1, "avg_download": 26.54, "avg_quality": 67.54}}, {"type": "Feature", "geometry": {"type": "Point", "coordinates": [74.26, 14.55]}, "properties": {"operator": "airtel", "technology": "5G", "tests": 1, "avg_download": 83.26, "avg_quality": 78.79}}, {"type": "Feature", "geometry": {"type": "Point", "coordinates": [74.87, 33.19]}, "properties": {"operator": "jio", "technology": "4G", "tests": 1, "avg_download": 26.46, "avg_quality": 74.95}}, {"type": "Feature", "geometry": {"type": "Point", "coordinates": [82.12, 29.31]}, "properties": {"operator": "jio", "technology": "4G", "tests": 1, "avg_download": 19.49, "avg_quality": 65.39}}, {"type": "Feature", "geometry": {"type": "Point", "coordinates": [84.52, 35.39]}, "properties": {"operator": "jio", "technology": "4G", "tests": 1, "avg_download": 24.21, "avg_quality": 52.86}}, {"type": "Feature", "geometry": {"type": "Point", "coordinates": [84.35, 11.32]}, "properties": {"operator": "airtel", "technology": "5G", "tests": 1, "avg_download": 53.83, "avg_quality": 80.39}}, {"type": "Feature", "geometry": {"type": "Point", "coordinates": [77.8, 33.81]}, "properties": {"operator": "jio", "technology": "5G", "tests": 1, "avg_download": 137.39, "avg_quality": 101.47}}, {"type": "Feature", "geometry": {"type": "Point", "coordinates": [68.34, 21.13]}, "properties": {"operator": "vi", "technology": "5G", "tests": 1, "avg_download": 33.74, "avg_quality": 74.69}}, {"type": "Feature", "geometry": {"type": "Point", "coordinates": [93.85, 8.05]}, "properties": {"operator": "jio", "technology": "5G", "tests": 1, "avg_download": 79.84, "avg_quality": 90.58}}, {"type": "Feature", "geometry": {"type": "Point", "coordinates": [79.25, 31.88]}, "properties": {"operator": "jio", "technology": "4G", "tests": 1, "avg_download": 31.19, "avg_quality": 60.71}}, {"type": "Feature", "geometry": {"type": "Point", "coordinates": [81.81, 13.35]}, "properties": {"operator": "vi", "technology": "5G", "tests": 1, "avg_download": 66.23, "avg_quality": 58.97}}, {"type": "Feature", "geometry": {"type": "Point", "coordinates": [70.65, 17.93]}, "properties": {"operator": "vi", "technology": "5G", "tests": 1, "avg_download": 64.02, "avg_quality": 78.47}}, {"type": "Feature", "geometry": {"type": "Point", "coordinates": [87.56, 32.97]}, "properties": {"operator": "airtel", "technology": "4G", "tests": 1, "avg_download": 27.22, "avg_quality": 58.83}}, {"type": "Feature", "geometry": {"type": "Point", "coordinates": [74.66, 20.87]}, "properties": {"operator": "vi", "technology": "5G", "tests": 1, "avg_download": 67.08, "avg_quality": 65.67}}, {"type": "Feature", "geometry": {"type": "Point", "coordinates": [77.37, 11.64]}, "properties": {"operator": "airtel", "technology": "5G", "tests": 1, "avg_download": 46.09, "avg_quality": 70.28}}, {"type": "Feature", "geometry": {"type": "Point", "coordinates": [74.69, 9.46]}, "properties": {"operator": "airtel", "technology": "5G", "tests": 1, "avg_download": 101.48, "avg_quality": 75.63}}, {"type": "Feature", "geometry": {"type": "Point", "coordinates": [78.4, 28.76]}, "properties": {"operator": "airtel", "technology": "5G", "tests": 1, "avg_download": 73.08, "avg_quality": 84.77}}, {"type": "Feature", "geometry": {"type": "Point", "coordinates": [69.74, 28.9]}, "properties": {"operator": "vi", "technology": "4G", "tests": 1, "avg_download": 12.33, "avg_quality": 66.35}}, {"type": "Feature", "geometry": {"type": "Point", "coordinates": [73.39, 20.65]}, "properties": {"operator": "vi", "technology": "5G", "tests": 1, "avg_download": 47.72, "avg_quality": 57.63}}, {"type": "Feature", "geometry": {"type": "Point", "coordinates": [72.65, 10.06]}, "properties": {"operator": "vi", "technology": "5G", "tests": 1, "avg_download": 61.58, "avg_quality": 87.72}}, {"type": "Feature", "geometry": {"type": "Point", "coordinates": [78.84, 10.9]}, "properties": {"operator": "jio", "technology": "4G", "tests": 1, "avg_download": 21.13, "avg_quality": 70.56}}, {"type": "Feature", "geometry": {"type": "Point", "coordinates": [80.25, 25.52]}, "properties": {"operator": "airtel", "technology": "5G", "tests": 1, "avg_download": 47.37, "avg_quality": 59.58}}, {"type": "Feature", "geometry": {"type": "Point", "coordinates": [87.03, 28.92]}, "properties": {"operator": "jio", "technology": "5G", "tests": 1, "avg_download": 71.99, "avg_quality": 88.46}}, {"type": "Feature", "geometry": {"type": "Point", "coordinates": [83.15, 23.08]}, "properties": {"operator": "airtel", "technology": "5G", "tests": 1, "avg_download": 15.73, "avg_quality": 70.54}}, {"type": "Feature", "geometry": {"type": "Point", "coordinates": [83.49, 8.41]}, "properties": {"operator": "vi", "technology": "5G", "tests": 1, "avg_download": 97.01, "avg_quality": 76.61}}, {"type": "Feature", "geometry": {"type": "Point", "coordinates": [79.94, 8.05]}, "properties": {"operator": "jio", "technology": "4G", "tests": 1, "avg_download": 27.21, "avg_quality": 61.25}}, {"type": "Feature", "geometry": {"type": "Point", "coordinates": [92.58, 11.2]}, "properties": {"operator": "airtel", "technology": "4G", "tests": 1, "avg_download": 28.26, "avg_quality": 42.12}}, {"type": "Feature", "geometry": {"type": "Point", "coordinates": [70.12, 34.17]}, "properties": {"operator": "vi", "technology": "5G", "tests": 1, "avg_download": 75.64, "avg_quality": 75.31}}, {"type": "Feature", "geometry": {"type": "Point", "coordinates": [71.67, 25.62]}, "properties": {"operator": "jio", "technology": "5G", "tests": 1, "avg_download": 115.63, "avg_quality": 81.7}}, {"type": "Feature", "geometry": {"type": "Point", "coordinates": [74.79, 15.25]}, "properties": {"operator": "jio", "technology": "5G", "tests": 1, "avg_download": 100.24, "avg_quality": 88.23}}, {"type": "Feature", "geometry": {"type": "Point", "coordinates": [81.84, 32.9]}, "properties": {"operator": "vi", "technology": "5G", "tests": 1, "avg_download": 32.67, "avg_quality": 64.22}}, {"type": "Feature", "geometry": {"type": "Point", "coordinates": [93.1, 26.69]}, "properties": {"operator": "airtel", "technology": "5G", "tests": 1, "avg_download": 79.08, "avg_quality": 87.61}}, {"type": "Feature", "geometry": {"type": "Point", "coordinates": [70.29, 34.22]}, "properties": {"operator": "vi", "technology": "5G", "tests": 1, "avg_download": 87.19, "avg_quality": 80.89}}, {"type": "Feature", "geometry": {"type": "Point", "coordinates": [79.43, 16.53]}, "properties": {"operator": "vi", "technology": "5G", "tests": 1, "avg_download": 74.33, "avg_quality": 80.16}}, {"type": "Feature", "geometry": {"type": "Point", "coordinates": [91.82, 13.37]}, "properties": {"operator": "airtel", "technology": "4G", "tests": 1, "avg_download": 9.64, "avg_quality": 70.56}}, {"type": "Feature", "geometry": {"type": "Point", "coordinates": [71.75, 32.95]}, "properties": {"operator": "vi", "technology": "5G", "tests": 1, "avg_download": 81.72, "avg_quality": 84.55}}, {"type": "Feature", "geometry": {"type": "Point", "coordinates": [93.16, 17.55]}, "properties": {"operator": "jio", "technology": "4G", "tests": 1, "avg_download": 22.29, "avg_quality": 59.12}}, {"type": "Feature", "geometry": {"type": "Point", "coordinates": [76.55, 12.95]}, "properties": {"operator": "jio", "technology": "4G", "tests": 1, "avg_download": 14.77, "avg_quality": 36.94}}, {"type": "Feature", "geometry": {"type": "Point", "coordinates": [76.44, 27.35]}, "properties": {"operator": "vi", "technology": "5G", "tests": 1, "avg_download": 48.58, "avg_quality": 56.05}}, {"type": "Feature", "geometry": {"type": "Point", "coordinates": [83.02, 10.37]}, "properties": {"operator": "airtel", "technology": "5G", "tests": 1, "avg_download": 70.89, "avg_quality": 69.44}}, {"type": "Feature", "geometry": {"type": "Point", "coordinates": [73.17, 14.75]}, "properties": {"operator": "vi", "technology": "4G", "tests": 1, "avg_download": 6.29, "avg_quality": 61.38}}, {"type": "Feature", "geometry": {"type": "Point", "coordinates": [77.16, 14.07]}, "properties": {"operator": "airtel", "technology": "5G", "tests": 1, "avg_download": 73.2, "avg_quality": 76.13}}, {"type": "Feature", "geometry": {"type": "Point", "coordinates": [81.2, 14.0]}, "properties": {"operator": "jio", "technology": "5G", "tests": 1, "avg_download": 108.11, "avg_quality": 74.76}}, {"type": "Feature", "geometry": {"type": "Point", "coordinates": [89.68, 33.11]}, "properties": {"operator": "jio", "technology": "5G", "tests": 1, "avg_download": 82.64, "avg_quality": 82.75}}, {"type": "Feature", "geometry": {"type": "Point", "coordinates": [95.28, 17.05]}, "properties": {"operator": "jio", "technology": "5G", "tests": 1, "avg_download": 81.96, "avg_quality": 78.6}}, {"type": "Feature", "geometry": {"type": "Point", "coordinates": [74.42, 27.96]}, "properties": {"operator": "airtel", "technology": "5G", "tests": 1, "avg_download": 99.86, "avg_quality": 66.78}}, {"type": "Feature", "geometry": {"type": "Point", "coordinates": [78.99, 25.09]}, "properties": {"operator": "vi", "technology": "5G", "tests": 1, "avg_download": 25.04, "avg_quality": 67.6}}, {"type": "Feature", "geometry": {"type": "Point", "coordinates": [80.4, 9.3]}, "properties": {"operator": "airtel", "technology": "5G", "tests": 1, "avg_download": 96.92, "avg_quality": 94.68}}, {"type": "Feature", "geometry": {"type": "Point", "coordinates": [79.56, 12.91]}, "properties": {"operator": "jio", "technology": "5G", "tests": 1, "avg_download": 82.19, "avg_quality": 73.44}}, {"type": "Feature", "geometry": {"type": "Point", "coordinates": [82.76, 12.9]}, "properties": {"operator": "airtel", "technology": "4G", "tests": 1, "avg_download": 25.44, "avg_quality": 49.36}}, {"type": "Feature", "geometry": {"type": "Point", "coordinates": [81.23, 26.65]}, "properties": {"operator": "jio", "technology": "5G", "tests": 1, "avg_download": 58.28, "avg_quality": 74.21}}, {"type": "Feature", "geometry": {"type": "Point", "coordinates": [72.66, 10.21]}, "properties": {"operator": "vi", "technology": "5G", "tests": 1, "avg_download": 59.38, "avg_quality": 71.35}}, {"type": "Feature", "geometry": {"type": "Point", "coordinates": [92.43, 14.84]}, "properties": {"operator": "vi", "technology": "4G", "tests": 1, "avg_download": 18.31, "avg_quality": 67.95}}, {"type": "Feature", "geometry": {"type": "Point", "coordinates": [86.54, 34.83]}, "properties": {"operator": "vi", "technology": "5G", "tests": 1, "avg_download": 70.73, "avg_quality": 72.71}}, {"type": "Feature", "geometry": {"type": "Point", "coordinates": [68.72, 24.23]}, "properties": {"operator": "jio", "technology": "4G", "tests": 1, "avg_download": 31.62, "avg_quality": 66.26}}, {"type": "Feature", "geometry": {"type": "Point", "coordinates": [86.74, 8.75]}, "properties": {"operator": "airtel", "technology": "5G", "tests": 1, "avg_download": 102.66, "avg_quality": 73.64}}, {"type": "Feature", "geometry": {"type": "Point", "coordinates": [76.72, 15.43]}, "properties": {"operator": "vi", "technology": "5G", "tests": 1, "avg_download": 47.47, "avg_quality": 69.51}}, {"type": "Feature", "geometry": {"type": "Point", "coordinates": [69.67, 25.49]}, "properties": {"operator": "airtel", "technology": "4G", "tests": 1, "avg_download": 12.83, "avg_quality": 62.9}}, {"type": "Feature", "geometry": {"type": "Point", "coordinates": [81.75, 14.28]}, "properties": {"operator": "jio", "technology": "5G", "tests": 1, "avg_download": 81.08, "avg_quality": 63.02}}, {"type": "Feature", "geometry": {"type": "Point", "coordinates": [78.8, 33.37]}, "properties": {"operator": "vi", "technology": "5G", "tests": 1, "avg_download": 61.58, "avg_quality": 80.64}}, {"type": "Feature", "geometry": {"type": "Point", "coordinates": [70.56, 10.0]}, "properties": {"operator": "airtel", "technology": "5G", "tests": 1, "avg_download": 30.87, "avg_quality": 61.34}}, {"type": "Feature", "geometry": {"type": "Point", "coordinates": [73.92, 25.48]}, "properties": {"operator": "vi", "technology": "4G", "tests": 1, "avg_download": 14.13, "avg_quality": 53.41}}, {"type": "Feature", "geometry": {"type": "Point", "coordinates": [92.18, 13.65]}, "properties": {"operator": "airtel", "technology": "5G", "tests": 1, "avg_download": 68.41, "avg_quality": 57.25}}, {"type": "Feature", "geometry": {"type": "Point", "coordinates": [84.92, 20.12]}, "properties": {"operator": "jio", "technology": "5G", "tests": 1, "avg_download": 56.3, "avg_quality": 64.27}}, {"type": "Feature", "geometry": {"type": "Point", "coordinates": [79.12, 18.89]}, "properties": {"operator": "airtel", "technology": "4G", "tests": 1, "avg_download": 24.79, "avg_quality": 60.21}}, {"type": "Feature", "geometry": {"type": "Point", "coordinates": [89.02, 32.77]}, "properties": {"operator": "vi", "technology": "4G", "tests": 1, "avg_download": 17.81, "avg_quality": 63.31}}, {"type": "Feature", "geometry": {"type": "Point", "coordinates": [80.94, 13.29]}, "properties": {"operator": "vi", "technology": "5G", "tests": 1, "avg_download": 78.73, "avg_quality": 94.42}}, {"type": "Feature", "geometry": {"type": "Point", "coordinates": [89.72, 33.55]}, "properties": {"operator": "jio", "technology": "5G", "tests": 1, "avg_download": 134.43, "avg_quality": 87.45}}, {"type": "Feature", "geometry": {"type": "Point", "coordinates": [83.56, 18.73]}, "properties": {"operator": "vi", "technology": "4G", "tests": 1, "avg_download": 16.29, "avg_quality": 64.35}}, {"type": "Feature", "geometry": {"type": "Point", "coordinates": [95.21, 8.44]}, "properties": {"operator": "vi", "technology": "4G", "tests": 1, "avg_download": 14.86, "avg_quality": 65.5}}, {"type": "Feature", "geometry": {"type": "Point", "coordinates": [81.17, 16.59]}, "properties": {"operator": "vi", "technology": "5G", "tests": 1, "avg_download": 69.05, "avg_quality": 86.63}}, {"type": "Feature", "geometry": {"type": "Point", "coordinates": [80.53, 10.75]}, "properties": {"operator": "airtel", "technology": "5G", "tests": 1, "avg_download": 107.02, "avg_quality": 83.3}}, {"type": "Feature", "geometry": {"type": "Point", "coordinates": [76.84, 9.63]}, "properties": {"operator": "airtel", "technology": "5G", "tests": 1, "avg_download": 68.82, "avg_quality": 69.43}}, {"type": "Feature", "geometry": {"type": "Point", "coordinates": [69.48, 34.87]}, "properties": {"operator": "airtel", "technology": "5G", "tests": 1, "avg_download": 67.41, "avg_quality": 70.68}}, {"type": "Feature", "geometry": {"type": "Point", "coordinates": [81.59, 34.27]}, "properties": {"operator": "airtel", "technology": "5G", "tests": 1, "avg_download": 30.44, "avg_quality": 80.97}}, {"type": "Feature", "geometry": {"type": "Point", "coordinates": [90.66, 33.21]}, "properties": {"operator": "airtel", "technology": "5G", "tests": 1, "avg_download": 128.93, "avg_quality": 68.68}}, {"type": "Feature", "geometry": {"type": "Point", "coordinates": [85.44, 27.16]}, "properties": {"operator": "jio", "technology": "5G", "tests": 1, "avg_download": 82.01, "avg_quality": 86.05}}, {"type": "Feature", "geometry": {"type": "Point", "coordinates": [72.93, 11.24]}, "properties": {"operator": "vi", "technology": "4G", "tests": 1, "avg_download": 29.03, "avg_quality": 67.85}}, {"type": "Feature", "geometry": {"type": "Point", "coordinates": [95.42, 18.1]}, "properties": {"operator": "airtel", "technology": "4G", "tests": 1, "avg_download": 31.86, "avg_quality": 64.03}}, {"type": "Feature", "geometry": {"type": "Point", "coordinates": [95.91, 34.04]}, "properties": {"operator": "airtel", "technology": "5G", "tests": 1, "avg_download": 87.28, "avg_quality": 80.35}}, {"type": "Feature", "geometry": {"type": "Point", "coordinates": [88.89, 28.71]}, "properties": {"operator": "airtel", "technology": "4G", "tests": 1, "avg_download": 25.76, "avg_quality": 55.77}}, {"type": "Feature", "geometry": {"type": "Point", "coordinates": [93.61, 17.84]}, "properties": {"operator": "vi", "technology": "4G", "tests": 1, "avg_download": 28.4, "avg_quality": 68.73}}, {"type": "Feature", "geometry": {"type": "Point", "coordinates": [95.92, 34.25]}, "properties": {"operator": "airtel", "technology": "5G", "tests": 1, "avg_download": 98.76, "avg_quality": 82.08}}, {"type": "Feature", "geometry": {"type": "Point", "coordinates": [92.9, 15.05]}, "properties": {"operator": "airtel", "technology": "4G", "tests": 1, "avg_download": 26.85, "avg_quality": 60.81}}, {"type": "Feature", "geometry": {"type": "Point", "coordinates": [70.02, 26.86]}, "properties": {"operator": "airtel", "technology": "5G", "tests": 1, "avg_download": 92.9, "avg_quality": 93.57}}, {"type": "Feature", "geometry": {"type": "Point", "coordinates": [83.29, 13.69]}, "properties": {"operator": "airtel", "technology": "5G", "tests": 1, "avg_download": 49.15, "avg_quality": 78.17}}, {"type": "Feature", "geometry": {"type": "Point", "coordinates": [77.75, 21.65]}, "properties": {"operator": "airtel", "technology": "4G", "tests": 1, "avg_download": 20.94, "avg_quality": 55.45}}, {"type": "Feature", "geometry": {"type": "Point", "coordinates": [83.48, 35.92]}, "properties": {"operator": "vi", "technology": "5G", "tests": 1, "avg_download": 82.26, "avg_quality": 65.37}}, {"type": "Feature", "geometry": {"type": "Point", "coordinates": [77.97, 31.0]}, "properties": {"operator": "vi", "technology": "4G", "tests": 1, "avg_download": 13.9, "avg_quality": 62.88}}, {"type": "Feature", "geometry": {"type": "Point", "coordinates": [89.59, 22.37]}, "properties": {"operator": "jio", "technology": "5G", "tests": 1, "avg_download": 48.58, "avg_quality": 75.16}}, {"type": "Feature", "geometry": {"type": "Point", "coordinates": [73.69, 18.79]}, "properties": {"operator": "jio", "technology": "5G", "tests": 1, "avg_download": 64.05, "avg_quality": 61.41}}, {"type": "Feature", "geometry": {"type": "Point", "coordinates": [72.31, 10.76]}, "properties": {"operator": "jio", "technology": "5G", "tests": 1, "avg_download": 30.39, "avg_quality": 78.89}}, {"type": "Feature", "geometry": {"type": "Point", "coordinates": [93.7, 13.23]}, "properties": {"operator": "vi", "technology": "5G", "tests": 1, "avg_download": 66.4, "avg_quality": 80.42}}, {"type": "Feature", "geometry": {"type": "Point", "coordinates": [85.28, 27.13]}, "properties": {"operator": "airtel", "technology": "5G", "tests": 1, "avg_download": 87.79, "avg_quality": 70.43}}, {"type": "Feature", "geometry": {"type": "Point", "coordinates": [95.95, 34.13]}, "properties": {"operator": "jio", "technology": "4G", "tests": 1, "avg_download": 29.58, "avg_quality": 52.19}}, {"type": "Feature", "geometry": {"type": "Point", "coordinates": [91.68, 11.79]}, "properties": {"operator": "airtel", "technology": "4G", "tests": 1, "avg_download": 20.12, "avg_quality": 66.19}}, {"type": "Feature", "geometry": {"type": "Point", "coordinates": [75.01, 26.63]}, "properties": {"operator": "vi", "technology": "5G", "tests": 1, "avg_download": 73.68, "avg_quality": 82.64}}, {"type": "Feature", "geometry": {"type": "Point", "coordinates": [91.77, 19.18]}, "properties": {"operator": "jio", "technology": "4G", "tests": 1, "avg_download": 26.28, "avg_quality": 53.32}}, {"type": "Feature", "geometry": {"type": "Point", "coordinates": [79.21, 17.09]}, "properties": {"operator": "vi", "technology": "4G", "tests": 1, "avg_download": 14.14, "avg_quality": 42.21}}, {"type": "Feature", "geometry": {"type": "Point", "coordinates": [91.82, 23.7]}, "properties": {"operator": "airtel", "technology": "5G", "tests": 1, "avg_download": 69.13, "avg_quality": 93.37}}, {"type": "Feature", "geometry": {"type": "Point", "coordinates": [91.55, 25.77]}, "properties": {"operator": "airtel", "technology": "5G", "tests": 1, "avg_download": 86.42, "avg_quality": 75.16}}, {"type": "Feature", "geometry": {"type": "Point", "coordinates": [78.6, 18.5]}, "properties": {"operator": "airtel", "technology": "4G", "tests": 1, "avg_download": 14.67, "avg_quality": 55.58}}, {"type": "Feature", "geometry": {"type": "Point", "coordinates": [86.15, 22.34]}, "properties": {"operator": "jio", "technology": "4G", "tests": 1, "avg_download": 29.38, "avg_quality": 59.88}}, {"type": "Feature", "geometry": {"type": "Point", "coordinates": [77.18, 33.36]}, "properties": {"operator": "jio", "technology": "4G", "tests": 1, "avg_download": 28.8, "avg_quality": 59.0}}, {"type": "Feature", "geometry": {"type": "Point", "coordinates": [70.06, 20.84]}, "properties": {"operator": "vi", "technology": "4G", "tests": 1, "avg_download": 10.01, "avg_quality": 61.54}}, {"type": "Feature", "geometry": {"type": "Point", "coordinates": [71.16, 24.99]}, "properties": {"operator": "airtel", "technology": "5G", "tests": 1, "avg_download": 80.0, "avg_quality": 63.44}}, {"type": "Feature", "geometry": {"type": "Point", "coordinates": [71.51, 28.14]}, "properties": {"operator": "jio", "technology": "4G", "tests": 1, "avg_download": 32.22, "avg_quality": 49.26}}, {"type": "Feature", "geometry": {"type": "Point", "coordinates": [86.53, 11.81]}, "properties": {"operator": "jio", "technology": "5G", "tests": 1, "avg_download": 54.08, "avg_quality": 85.52}}, {"type": "Feature", "geometry": {"type": "Point", "coordinates": [78.17, 15.68]}, "properties": {"operator": "vi", "technology": "5G", "tests": 1, "avg_download": 47.09, "avg_quality": 75.7}}, {"type": "Feature", "geometry": {"type": "Point", "coordinates": [69.37, 9.51]}, "properties": {"operator": "airtel", "technology": "4G", "tests": 1, "avg_download": 17.89, "avg_quality": 70.64}}, {"type": "Feature", "geometry": {"type": "Point", "coordinates": [90.89, 8.1]}, "properties": {"operator": "airtel", "technology": "5G", "tests": 1, "avg_download": 119.09, "avg_quality": 74.04}}, {"type": "Feature", "geometry": {"type": "Point", "coordinates": [72.35, 28.55]}, "properties": {"operator": "vi", "technology": "4G", "tests": 1, "avg_download": 15.36, "avg_quality": 58.2}}, {"type": "Feature", "geometry": {"type": "Point", "coordinates": [85.53, 29.05]}, "properties": {"operator": "vi", "technology": "4G", "tests": 1, "avg_download": 17.37, "avg_quality": 51.88}}, {"type": "Feature", "geometry": {"type": "Point", "coordinates": [72.96, 26.25]}, "properties": {"operator": "vi", "technology": "5G", "tests": 1, "avg_download": 77.18, "avg_quality": 60.63}}, {"type": "Feature", "geometry": {"type": "Point", "coordinates": [87.43, 22.33]}, "properties": {"operator": "jio", "technology": "4G", "tests": 1, "avg_download": 23.55, "avg_quality": 46.19}}, {"type": "Feature", "geometry": {"type": "Point", "coordinates": [81.33, 18.56]}, "properties": {"operator": "jio", "technology": "5G", "tests": 1, "avg_download": 114.29, "avg_quality": 82.73}}, {"type": "Feature", "geometry": {"type": "Point", "coordinates": [89.68, 21.44]}, "properties": {"operator": "jio", "technology": "5G", "tests": 1, "avg_download": 70.16, "avg_quality": 81.3}}, {"type": "Feature", "geometry": {"type": "Point", "coordinates": [77.22, 35.12]}, "properties": {"operator": "vi", "technology": "5G", "tests": 1, "avg_download": 81.4, "avg_quality": 80.87}}, {"type": "Feature", "geometry": {"type": "Point", "coordinates": [80.15, 23.7]}, "properties": {"operator": "vi", "technology": "4G", "tests": 1, "avg_download": 21.88, "avg_quality": 46.44}}, {"type": "Feature", "geometry": {"type": "Point", "coordinates": [93.97, 17.11]}, "properties": {"operator": "jio", "technology": "5G", "tests": 1, "avg_download": 101.72, "avg_quality": 83.44}}, {"type": "Feature", "geometry": {"type": "Point", "coordinates": [92.25, 32.92]}, "properties": {"operator": "jio", "technology": "5G", "tests": 1, "avg_download": 102.68, "avg_quality": 81.61}}, {"type": "Feature", "geometry": {"type": "Point", "coordinates": [86.66, 22.47]}, "properties": {"operator": "vi", "technology": "4G", "tests": 1, "avg_download": 21.52, "avg_quality": 53.46}}, {"type": "Feature", "geometry": {"type": "Point", "coordinates": [71.13, 16.42]}, "properties": {"operator": "vi", "technology": "4G", "tests": 1, "avg_download": 22.08, "avg_quality": 63.03}}, {"type": "Feature", "geometry": {"type": "Point", "coordinates": [76.31, 34.97]}, "properties": {"operator": "jio", "technology": "5G", "tests": 1, "avg_download": 74.96, "avg_quality": 66.57}}, {"type": "Feature", "geometry": {"type": "Point", "coordinates": [86.18, 34.79]}, "properties": {"operator": "jio", "technology": "4G", "tests": 1, "avg_download": 25.23, "avg_quality": 65.31}}, {"type": "Feature", "geometry": {"type": "Point", "coordinates": [77.47, 18.7]}, "properties": {"operator": "airtel", "technology": "5G", "tests": 1, "avg_download": 89.08, "avg_quality": 90.0}}, {"type": "Feature", "geometry": {"type": "Point", "coordinates": [89.98, 22.68]}, "properties": {"operator": "jio", "technology": "5G", "tests": 1, "avg_download": 122.65, "avg_quality": 71.6}}, {"type": "Feature", "geometry": {"type": "Point", "coordinates": [73.19, 27.52]}, "properties": {"operator": "airtel", "technology": "5G", "tests": 1, "avg_download": 75.6, "avg_quality": 87.9}}, {"type": "Feature", "geometry": {"type": "Point", "coordinates": [78.67, 19.54]}, "properties": {"operator": "jio", "technology": "4G", "tests": 1, "avg_download": 18.59, "avg_quality": 48.58}}, {"type": "Feature", "geometry": {"type": "Point", "coordinates": [90.64, 15.76]}, "properties": {"operator": "jio", "technology": "4G", "tests": 1, "avg_download": 12.81, "avg_quality": 43.72}}, {"type": "Feature", "geometry": {"type": "Point", "coordinates": [88.89, 15.04]}, "properties": {"operator": "airtel", "technology": "5G", "tests": 1, "avg_download": 104.64, "avg_quality": 74.54}}, {"type": "Feature", "geometry": {"type": "Point", "coordinates": [89.78, 10.18]}, "properties": {"operator": "vi", "technology": "5G", "tests": 1, "avg_download": 38.88, "avg_quality": 77.53}}, {"type": "Feature", "geometry": {"type": "Point", "coordinates": [80.52, 22.23]}, "properties": {"operator": "vi", "technology": "4G", "tests": 1, "avg_download": 14.7, "avg_quality": 29.4}}, {"type": "Feature", "geometry": {"type": "Point", "coordinates": [94.37, 12.12]}, "properties": {"operator": "airtel", "technology": "5G", "tests": 1, "avg_download": 68.35, "avg_quality": 77.51}}, {"type": "Feature", "geometry": {"type": "Point", "coordinates": [91.34, 17.51]}, "properties": {"operator": "jio", "technology": "4G", "tests": 1, "avg_download": 11.88, "avg_quality": 52.66}}, {"type": "Feature", "geometry": {"type": "Point", "coordinates": [84.27, 16.2]}, "properties": {"operator": "vi", "technology": "5G", "tests": 1, "avg_download": 82.08, "avg_quality": 72.23}}, {"type": "Feature", "geometry": {"type": "Point", "coordinates": [70.66, 29.16]}, "properties": {"operator": "jio", "technology": "5G", "tests": 1, "avg_download": 77.04, "avg_quality": 90.82}}, {"type": "Feature", "geometry": {"type": "Point", "coordinates": [84.52, 11.07]}, "properties": {"operator": "airtel", "technology": "5G", "tests": 1, "avg_download": 45.34, "avg_quality": 57.33}}, {"type": "Feature", "geometry": {"type": "Point", "coordinates": [90.81, 14.95]}, "properties": {"operator": "vi", "technology": "5G", "tests": 1, "avg_download": 73.69, "avg_quality": 85.56}}, {"type": "Feature", "geometry": {"type": "Point", "coordinates": [73.7, 35.16]}, "properties": {"operator": "vi", "technology": "4G", "tests": 1, "avg_download": 16.08, "avg_quality": 62.78}}, {"type": "Feature", "geometry": {"type": "Point", "coordinates": [71.43, 13.58]}, "properties": {"operator": "jio", "technology": "5G", "tests": 1, "avg_download": 37.51, "avg_quality": 81.62}}, {"type": "Feature", "geometry": {"type": "Point", "coordinates": [72.67, 30.52]}, "properties": {"operator": "vi", "technology": "5G", "tests": 1, "avg_download": 53.45, "avg_quality": 81.19}}, {"type": "Feature", "geometry": {"type": "Point", "coordinates": [70.05, 26.34]}, "properties": {"operator": "airtel", "technology": "4G", "tests": 1, "avg_download": 21.7, "avg_quality": 67.07}}, {"type": "Feature", "geometry": {"type": "Point", "coordinates": [87.87, 24.34]}, "properties": {"operator": "jio", "technology": "5G", "tests": 1, "avg_download": 44.34, "avg_quality": 78.51}}, {"type": "Feature", "geometry": {"type": "Point", "coordinates": [79.0, 26.21]}, "properties": {"operator": "vi", "technology": "4G", "tests": 1, "avg_download": 24.64, "avg_quality": 59.91}}, {"type": "Feature", "geometry": {"type": "Point", "coordinates": [94.52, 14.42]}, "properties": {"operator": "jio", "technology": "5G", "tests": 1, "avg_download": 104.26, "avg_quality": 75.4}}, {"type": "Feature", "geometry": {"type": "Point", "coordinates": [93.59, 29.51]}, "properties": {"operator": "vi", "technology": "5G", "tests": 1, "avg_download": 58.8, "avg_quality": 78.24}}, {"type": "Feature", "geometry": {"type": "Point", "coordinates": [85.53, 13.7]}, "properties": {"operator": "airtel", "technology": "5G", "tests": 1, "avg_download": 80.08, "avg_quality": 76.88}}, {"type": "Feature", "geometry": {"type": "Point", "coordinates": [70.87, 9.14]}, "properties": {"operator": "airtel", "technology": "4G", "tests": 1, "avg_download": 18.63, "avg_quality": 42.51}}, {"type": "Feature", "geometry": {"type": "Point", "coordinates": [87.61, 34.12]}, "properties": {"operator": "jio", "technology": "5G", "tests": 1, "avg_download": 81.1, "avg_quality": 78.88}}, {"type": "Feature", "geometry": {"type": "Point", "coordinates": [70.18, 21.61]}, "properties": {"operator": "airtel", "technology": "5G", "tests": 1, "avg_download": 73.7, "avg_quality": 74.46}}, {"type": "Feature", "geometry": {"type": "Point", "coordinates": [82.05, 8.1]}, "properties": {"operator": "jio", "technology": "5G", "tests": 1, "avg_download": 72.95, "avg_quality": 97.94}}, {"type": "Feature", "geometry": {"type": "Point", "coordinates": [93.75, 19.99]}, "properties": {"operator": "airtel", "technology": "5G", "tests": 1, "avg_download": 112.19, "avg_quality": 96.15}}, {"type": "Feature", "geometry": {"type": "Point", "coordinates": [84.59, 16.3]}, "properties": {"operator": "jio", "technology": "4G", "tests": 1, "avg_download": 27.05, "avg_quality": 75.11}}, {"type": "Feature", "geometry": {"type": "Point", "coordinates": [89.76, 8.17]}, "properties": {"operator": "airtel", "technology": "4G", "tests": 1, "avg_download": 24.42, "avg_quality": 70.29}}, {"type": "Feature", "geometry": {"type": "Point", "coordinates": [72.04, 13.74]}, "properties": {"operator": "jio", "technology": "4G", "tests": 1, "avg_download": 21.73, "avg_quality": 62.65}}, {"type": "Feature", "geometry": {"type": "Point", "coordinates": [93.13, 10.88]}, "properties": {"operator": "jio", "technology": "5G", "tests": 1, "avg_download": 98.45, "avg_quality": 89.79}}, {"type": "Feature", "geometry": {"type": "Point", "coordinates": [68.66, 20.77]}, "properties": {"operator": "jio", "technology": "5G", "tests": 1, "avg_download": 102.06, "avg_quality": 76.63}}, {"type": "Feature", "geometry": {"type": "Point", "coordinates": [84.26, 16.63]}, "properties": {"operator": "vi", "technology": "4G", "tests": 1, "avg_download": 21.77, "avg_quality": 70.9}}, {"type": "Feature", "geometry": {"type": "Point", "coordinates": [77.17, 33.78]}, "properties": {"operator": "vi", "technology": "5G", "tests": 1, "avg_download": 78.5, "avg_quality": 76.79}}, {"type": "Feature", "geometry": {"type": "Point", "coordinates": [78.52, 26.51]}, "properties": {"operator": "jio", "technology": "4G", "tests": 1, "avg_download": 28.28, "avg_quality": 76.27}}, {"type": "Feature", "geometry": {"type": "Point", "coordinates": [74.2, 19.58]}, "properties": {"operator": "vi", "technology": "4G", "tests": 1, "avg_download": 19.26, "avg_quality": 66.57}}, {"type": "Feature", "geometry": {"type": "Point", "coordinates": [68.93, 8.28]}, "properties": {"operator": "jio", "technology": "4G", "tests": 1, "avg_download": 31.12, "avg_quality": 61.52}}, {"type": "Feature", "geometry": {"type": "Point", "coordinates": [72.05, 32.08]}, "properties": {"operator": "vi", "technology": "4G", "tests": 1, "avg_download": 21.18, "avg_quality": 62.81}}, {"type": "Feature", "geometry": {"type": "Point", "coordinates": [69.32, 26.15]}, "properties": {"operator": "vi", "technology": "5G", "tests": 1, "avg_download": 45.88, "avg_quality": 78.23}}, {"type": "Feature", "geometry": {"type": "Point", "coordinates": [73.64, 12.7]}, "properties": {"operator": "vi", "technology": "4G", "tests": 1, "avg_download": 10.58, "avg_quality": 49.88}}, {"type": "Feature", "geometry": {"type": "Point", "coordinates": [75.99, 20.91]}, "properties": {"operator": "jio", "technology": "5G", "tests": 1, "avg_download": 56.0, "avg_quality": 86.47}}, {"type": "Feature", "geometry": {"type": "Point", "coordinates": [87.59, 21.81]}, "properties": {"operator": "vi", "technology": "4G", "tests": 1, "avg_download": 18.15, "avg_quality": 45.51}}, {"type": "Feature", "geometry": {"type": "Point", "coordinates": [85.73, 22.52]}, "properties": {"operator": "airtel", "technology": "4G", "tests": 1, "avg_download": 30.7, "avg_quality": 58.97}}, {"type": "Feature", "geometry": {"type": "Point", "coordinates": [68.95, 25.7]}, "properties": {"operator": "vi", "technology": "4G", "tests": 1, "avg_download": 9.34, "avg_quality": 49.46}}, {"type": "Feature", "geometry": {"type": "Point", "coordinates": [80.71, 20.24]}, "properties": {"operator": "vi", "technology": "5G", "tests": 1, "avg_download": 16.42, "avg_quality": 55.93}}, {"type": "Feature", "geometry": {"type": "Point", "coordinates": [89.84, 9.12]}, "properties": {"operator": "airtel", "technology": "5G", "tests": 1, "avg_download": 72.14, "avg_quality": 77.78}}, {"type": "Feature", "geometry": {"type": "Point", "coordinates": [80.06, 23.36]}, "properties": {"operator": "vi", "technology": "4G", "tests": 1, "avg_download": 9.95, "avg_quality": 55.93}}, {"type": "Feature", "geometry": {"type": "Point", "coordinates": [72.12, 31.59]}, "properties": {"operator": "vi", "technology": "5G", "tests": 1, "avg_download": 41.77, "avg_quality": 71.31}}, {"type": "Feature", "geometry": {"type": "Point", "coordinates": [93.83, 9.79]}, "properties": {"operator": "vi", "technology": "5G", "tests": 1, "avg_download": 59.2, "avg_quality": 58.64}}, {"type": "Feature", "geometry": {"type": "Point", "coordinates": [80.55, 9.31]}, "properties": {"operator": "jio", "technology": "4G", "tests": 1, "avg_download": 22.79, "avg_quality": 53.79}}, {"type": "Feature", "geometry": {"type": "Point", "coordinates": [83.06, 32.71]}, "properties": {"operator": "jio", "technology": "4G", "tests": 1, "avg_download": 22.92, "avg_quality": 75.16}}, {"type": "Feature", "geometry": {"type": "Point", "coordinates": [87.26, 18.5]}, "properties": {"operator": "jio", "technology": "4G", "tests": 1, "avg_download": 24.19, "avg_quality": 41.22}}, {"type": "Feature", "geometry": {"type": "Point", "coordinates": [80.92, 17.64]}, "properties": {"operator": "airtel", "technology": "5G", "tests": 1, "avg_download": 100.4, "avg_quality": 82.37}}, {"type": "Feature", "geometry": {"type": "Point", "coordinates": [84.19, 8.85]}, "properties": {"operator": "vi", "technology": "4G", "tests": 1, "avg_download": 7.87, "avg_quality": 56.5}}, {"type": "Feature", "geometry": {"type": "Point", "coordinates": [86.38, 18.22]}, "properties": {"operator": "airtel", "technology": "4G", "tests": 1, "avg_download": 32.85, "avg_quality": 82.3}}, {"type": "Feature", "geometry": {"type": "Point", "coordinates": [74.07, 34.12]}, "properties": {"operator": "jio", "technology": "5G", "tests": 1, "avg_download": 71.49, "avg_quality": 87.1}}, {"type": "Feature", "geometry": {"type": "Point", "coordinates": [95.59, 26.54]}, "properties": {"operator": "airtel", "technology": "5G", "tests": 1, "avg_download": 55.81, "avg_quality": 85.67}}, {"type": "Feature", "geometry": {"type": "Point", "coordinates": [78.61, 23.78]}, "properties": {"operator": "vi", "technology": "5G", "tests": 1, "avg_download": 68.52, "avg_quality": 78.1}}, {"type": "Feature", "geometry": {"type": "Point", "coordinates": [80.26, 18.62]}, "properties": {"operator": "jio", "technology": "4G", "tests": 1, "avg_download": 28.18, "avg_quality": 65.84}}, {"type": "Feature", "geometry": {"type": "Point", "coordinates": [93.53, 9.56]}, "properties": {"operator": "vi", "technology": "4G", "tests": 1, "avg_download": 21.2, "avg_quality": 77.29}}, {"type": "Feature", "geometry": {"type": "Point", "coordinates": [91.71, 29.25]}, "properties": {"operator": "jio", "technology": "5G", "tests": 1, "avg_download": 65.3, "avg_quality": 82.8}}, {"type": "Feature", "geometry": {"type": "Point", "coordinates": [76.46, 15.79]}, "properties": {"operator": "jio", "technology": "4G", "tests": 1, "avg_download": 22.09, "avg_quality": 75.28}}, {"type": "Feature", "geometry": {"type": "Point", "coordinates": [85.48, 26.95]}, "properties": {"operator": "airtel", "technology": "4G", "tests": 1, "avg_download": 37.11, "avg_quality": 37.02}}, {"type": "Feature", "geometry": {"type": "Point", "coordinates": [93.16, 26.76]}, "properties": {"operator": "airtel", "technology": "5G", "tests": 1, "avg_download": 81.69, "avg_quality": 89.74}}, {"type": "Feature", "geometry": {"type": "Point", "coordinates": [82.07, 19.26]}, "properties": {"operator": "jio", "technology": "4G", "tests": 1, "avg_download": 16.13, "avg_quality": 60.45}}, {"type": "Feature", "geometry": {"type": "Point", "coordinates": [88.2, 33.06]}, "properties": {"operator": "airtel", "technology": "4G", "tests": 1, "avg_download": 29.06, "avg_quality": 42.49}}, {"type": "Feature", "geometry": {"type": "Point", "coordinates": [80.88, 17.22]}, "properties": {"operator": "vi", "technology": "4G", "tests": 1, "avg_download": 14.39, "avg_quality": 66.98}}, {"type": "Feature", "geometry": {"type": "Point", "coordinates": [72.07, 29.23]}, "properties": {"operator": "airtel", "technology": "5G", "tests": 1, "avg_download": 33.33, "avg_quality": 68.5}}, {"type": "Feature", "geometry": {"type": "Point", "coordinates": [76.14, 12.58]}, "properties": {"operator": "vi", "technology": "5G", "tests": 1, "avg_download": 70.53, "avg_quality": 64.73}}, {"type": "Feature", "geometry": {"type": "Point", "coordinates": [81.09, 31.65]}, "properties": {"operator": "airtel", "technology": "5G", "tests": 1, "avg_download": 48.83, "avg_quality": 54.34}}, {"type": "Feature", "geometry": {"type": "Point", "coordinates": [80.45, 29.1]}, "properties": {"operator": "airtel", "technology": "5G", "tests": 1, "avg_download": 60.46, "avg_quality": 82.71}}, {"type": "Feature", "geometry": {"type": "Point", "coordinates": [70.38, 23.59]}, "properties": {"operator": "airtel", "technology": "4G", "tests": 1, "avg_download": 16.67, "avg_quality": 63.84}}, {"type": "Feature", "geometry": {"type": "Point", "coordinates": [80.27, 23.06]}, "properties": {"operator": "vi", "technology": "5G", "tests": 1, "avg_download": 58.83, "avg_quality": 84.52}}, {"type": "Feature", "geometry": {"type": "Point", "coordinates": [71.59, 34.3]}, "properties": {"operator": "vi", "technology": "4G", "tests": 1, "avg_download": 16.31, "avg_quality": 65.33}}, {"type": "Feature", "geometry": {"type": "Point", "coordinates": [86.18, 20.88]}, "properties": {"operator": "vi", "technology": "5G", "tests": 1, "avg_download": 64.27, "avg_quality": 73.76}}, {"type": "Feature", "geometry": {"type": "Point", "coordinates": [94.07, 14.37]}, "properties": {"operator": "jio", "technology": "5G", "tests": 1, "avg_download": 75.23, "avg_quality": 76.76}}, {"type": "Feature", "geometry": {"type": "Point", "coordinates": [80.79, 25.26]}, "properties": {"operator": "vi", "technology": "4G", "tests": 1, "avg_download": 22.04, "avg_quality": 75.05}}, {"type": "Feature", "geometry": {"type": "Point", "coordinates": [83.34, 11.41]}, "properties": {"operator": "vi", "technology": "5G", "tests": 1, "avg_download": 57.3, "avg_quality": 72.69}}, {"type": "Feature", "geometry": {"type": "Point", "coordinates": [77.55, 31.37]}, "properties": {"operator": "jio", "technology": "5G", "tests": 1, "avg_download": 103.48, "avg_quality": 90.74}}, {"type": "Feature", "geometry": {"type": "Point", "coordinates": [89.59, 17.14]}, "properties": {"operator": "jio", "technology": "4G", "tests": 1, "avg_download": 23.56, "avg_quality": 49.61}}, {"type": "Feature", "geometry": {"type": "Point", "coordinates": [70.92, 21.98]}, "properties": {"operator": "airtel", "technology": "4G", "tests": 1, "avg_download": 15.83, "avg_quality": 52.61}}, {"type": "Feature", "geometry": {"type": "Point", "coordinates": [74.61, 8.84]}, "properties": {"operator": "vi", "technology": "4G", "tests": 1, "avg_download": 7.8, "avg_quality": 37.39}}, {"type": "Feature", "geometry": {"type": "Point", "coordinates": [87.26, 23.36]}, "properties": {"operator": "airtel", "technology": "5G", "tests": 1, "avg_download": 99.0, "avg_quality": 76.58}}, {"type": "Feature", "geometry": {"type": "Point", "coordinates": [80.55, 27.36]}, "properties": {"operator": "vi", "technology": "4G", "tests": 1, "avg_download": 18.41, "avg_quality": 39.97}}, {"type": "Feature", "geometry": {"type": "Point", "coordinates": [83.94, 9.95]}, "properties": {"operator": "jio", "technology": "4G", "tests": 1, "avg_download": 20.03, "avg_quality": 55.04}}, {"type": "Feature", "geometry": {"type": "Point", "coordinates": [92.71, 32.74]}, "properties": {"operator": "vi", "technology": "5G", "tests": 1, "avg_download": 73.63, "avg_quality": 95.86}}, {"type": "Feature", "geometry": {"type": "Point", "coordinates": [91.72, 22.08]}, "properties": {"operator": "jio", "technology": "4G", "tests": 1, "avg_download": 20.45, "avg_quality": 47.24}}, {"type": "Feature", "geometry": {"type": "Point", "coordinates": [76.79, 9.91]}, "properties": {"operator": "vi", "technology": "4G", "tests": 1, "avg_download": 19.44, "avg_quality": 72.28}}, {"type": "Feature", "geometry": {"type": "Point", "coordinates": [82.16, 22.51]}, "properties": {"operator": "vi", "technology": "5G", "tests": 1, "avg_download": 53.46, "avg_quality": 52.96}}, {"type": "Feature", "geometry": {"type": "Point", "coordinates": [78.7, 25.36]}, "properties": {"operator": "jio", "technology": "4G", "tests": 1, "avg_download": 18.42, "avg_quality": 53.8}}, {"type": "Feature", "geometry": {"type": "Point", "coordinates": [80.37, 18.88]}, "properties": {"operator": "airtel", "technology": "4G", "tests": 1, "avg_download": 29.32, "avg_quality": 50.3}}, {"type": "Feature", "geometry": {"type": "Point", "coordinates": [78.3, 15.68]}, "properties": {"operator": "vi", "technology": "4G", "tests": 1, "avg_download": 15.58, "avg_quality": 72.84}}, {"type": "Feature", "geometry": {"type": "Point", "coordinates": [95.46, 27.2]}, "properties": {"operator": "airtel", "technology": "5G", "tests": 1, "avg_download": 54.0, "avg_quality": 64.41}}, {"type": "Feature", "geometry": {"type": "Point", "coordinates": [69.51, 19.37]}, "properties": {"operator": "jio", "technology": "5G", "tests": 1, "avg_download": 72.16, "avg_quality": 82.03}}, {"type": "Feature", "geometry": {"type": "Point", "coordinates": [88.39, 20.87]}, "properties": {"operator": "vi", "technology": "4G", "tests": 1, "avg_download": 13.91, "avg_quality": 56.12}}, {"type": "Feature", "geometry": {"type": "Point", "coordinates": [81.2, 27.41]}, "properties": {"operator": "airtel", "technology": "5G", "tests": 1, "avg_download": 58.94, "avg_quality": 61.26}}, {"type": "Feature", "geometry": {"type": "Point", "coordinates": [95.87, 22.47]}, "properties": {"operator": "airtel", "technology": "4G", "tests": 1, "avg_download": 26.91, "avg_quality": 59.09}}, {"type": "Feature", "geometry": {"type": "Point", "coordinates": [70.02, 26.18]}, "properties": {"operator": "vi", "technology": "4G", "tests": 1, "avg_download": 13.65, "avg_quality": 65.82}}, {"type": "Feature", "geometry": {"type": "Point", "coordinates": [76.58, 20.85]}, "properties": {"operator": "vi", "technology": "5G", "tests": 1, "avg_download": 60.05, "avg_quality": 84.39}}, {"type": "Feature", "geometry": {"type": "Point", "coordinates": [72.71, 30.55]}, "properties": {"operator": "jio", "technology": "4G", "tests": 1, "avg_download": 21.78, "avg_quality": 63.88}}, {"type": "Feature", "geometry": {"type": "Point", "coordinates": [88.89, 14.48]}, "properties": {"operator": "vi", "technology": "4G", "tests": 1, "avg_download": 15.18, "avg_quality": 58.96}}, {"type": "Feature", "geometry": {"type": "Point", "coordinates": [88.95, 27.77]}, "properties": {"operator": "jio", "technology": "5G", "tests": 1, "avg_download": 79.1, "avg_quality": 70.98}}, {"type": "Feature", "geometry": {"type": "Point", "coordinates": [90.81, 25.18]}, "properties": {"operator": "jio", "technology": "5G", "tests": 1, "avg_download": 98.62, "avg_quality": 80.95}}, {"type": "Feature", "geometry": {"type": "Point", "coordinates": [88.83, 30.29]}, "properties": {"operator": "jio", "technology": "4G", "tests": 1, "avg_download": 19.44, "avg_quality": 69.4}}, {"type": "Feature", "geometry": {"type": "Point", "coordinates": [73.38, 13.16]}, "properties": {"operator": "vi", "technology": "5G", "tests": 1, "avg_download": 80.33, "avg_quality": 70.46}}, {"type": "Feature", "geometry": {"type": "Point", "coordinates": [94.87, 29.01]}, "properties": {"operator": "airtel", "technology": "4G", "tests": 1, "avg_download": 25.24, "avg_quality": 53.14}}, {"type": "Feature", "geometry": {"type": "Point", "coordinates": [72.64, 19.46]}, "properties": {"operator": "jio", "technology": "5G", "tests": 1, "avg_download": 102.32, "avg_quality": 72.82}}, {"type": "Feature", "geometry": {"type": "Point", "coordinates": [85.2, 11.25]}, "properties": {"operator": "jio", "technology": "4G", "tests": 1, "avg_download": 23.26, "avg_quality": 67.68}}, {"type": "Feature", "geometry": {"type": "Point", "coordinates": [86.68, 30.6]}, "properties": {"operator": "airtel", "technology": "4G", "tests": 1, "avg_download": 25.04, "avg_quality": 56.61}}, {"type": "Feature", "geometry": {"type": "Point", "coordinates": [75.19, 29.07]}, "properties": {"operator": "jio", "technology": "5G", "tests": 1, "avg_download": 99.65, "avg_quality": 89.83}}, {"type": "Feature", "geometry": {"type": "Point", "coordinates": [94.0, 28.23]}, "properties": {"operator": "vi", "technology": "5G", "tests": 1, "avg_download": 70.23, "avg_quality": 66.68}}, {"type": "Feature", "geometry": {"type": "Point", "coordinates": [92.0, 28.11]}, "properties": {"operator": "vi", "technology": "5G", "tests": 1, "avg_download": 66.3, "avg_quality": 91.19}}, {"type": "Feature", "geometry": {"type": "Point", "coordinates": [77.26, 19.61]}, "properties": {"operator": "airtel", "technology": "5G", "tests": 1, "avg_download": 88.95, "avg_quality": 93.14}}, {"type": "Feature", "geometry": {"type": "Point", "coordinates": [95.58, 34.69]}, "properties": {"operator": "jio", "technology": "4G", "tests": 1, "avg_download": 26.8, "avg_quality": 77.59}}, {"type": "Feature", "geometry": {"type": "Point", "coordinates": [78.48, 26.46]}, "properties": {"operator": "jio", "technology": "4G", "tests": 1, "avg_download": 15.95, "avg_quality": 61.11}}, {"type": "Feature", "geometry": {"type": "Point", "coordinates": [89.73, 27.73]}, "properties": {"operator": "jio", "technology": "5G", "tests": 1, "avg_download": 70.08, "avg_quality": 86.23}}, {"type": "Feature", "geometry": {"type": "Point", "coordinates": [81.68, 32.79]}, "properties": {"operator": "vi", "technology": "5G", "tests": 1, "avg_download": 76.98, "avg_quality": 63.48}}, {"type": "Feature", "geometry": {"type": "Point", "coordinates": [94.43, 29.67]}, "properties": {"operator": "jio", "technology": "5G", "tests": 1, "avg_download": 138.54, "avg_quality": 98.82}}, {"type": "Feature", "geometry": {"type": "Point", "coordinates": [68.98, 16.78]}, "properties": {"operator": "jio", "technology": "4G", "tests": 1, "avg_download": 18.72, "avg_quality": 62.4}}, {"type": "Feature", "geometry": {"type": "Point", "coordinates": [85.5, 15.15]}, "properties": {"operator": "airtel", "technology": "4G", "tests": 1, "avg_download": 30.57, "avg_quality": 59.28}}, {"type": "Feature", "geometry": {"type": "Point", "coordinates": [82.28, 22.47]}, "properties": {"operator": "airtel", "technology": "5G", "tests": 1, "avg_download": 87.39, "avg_quality": 70.78}}, {"type": "Feature", "geometry": {"type": "Point", "coordinates": [85.94, 30.38]}, "properties": {"operator": "vi", "technology": "4G", "tests": 1, "avg_download": 21.65, "avg_quality": 62.93}}, {"type": "Feature", "geometry": {"type": "Point", "coordinates": [79.37, 14.85]}, "properties": {"operator": "airtel", "technology": "5G", "tests": 1, "avg_download": 107.51, "avg_quality": 94.4}}, {"type": "Feature", "geometry": {"type": "Point", "coordinates": [68.9, 16.1]}, "properties": {"operator": "vi", "technology": "5G", "tests": 1, "avg_download": 64.98, "avg_quality": 79.95}}, {"type": "Feature", "geometry": {"type": "Point", "coordinates": [69.7, 32.73]}, "properties": {"operator": "airtel", "technology": "5G", "tests": 1, "avg_download": 72.14, "avg_quality": 77.71}}, {"type": "Feature", "geometry": {"type": "Point", "coordinates": [75.22, 24.69]}, "properties": {"operator": "vi", "technology": "5G", "tests": 1, "avg_download": 93.93, "avg_quality": 75.57}}, {"type": "Feature", "geometry": {"type": "Point", "coordinates": [87.96, 20.3]}, "properties": {"operator": "airtel", "technology": "5G", "tests": 1, "avg_download": 106.9, "avg_quality": 92.88}}, {"type": "Feature", "geometry": {"type": "Point", "coordinates": [69.74, 31.16]}, "properties": {"operator": "vi", "technology": "5G", "tests": 1, "avg_download": 67.43, "avg_quality": 72.98}}, {"type": "Feature", "geometry": {"type": "Point", "coordinates": [80.37, 23.37]}, "properties": {"operator": "airtel", "technology": "5G", "tests": 1, "avg_download": 54.06, "avg_quality": 85.32}}, {"type": "Feature", "geometry": {"type": "Point", "coordinates": [71.57, 28.57]}, "properties": {"operator": "vi", "technology": "4G", "tests": 1, "avg_download": 17.96, "avg_quality": 64.82}}, {"type": "Feature", "geometry": {"type": "Point", "coordinates": [68.22, 9.74]}, "properties": {"operator": "airtel", "technology": "4G", "tests": 1, "avg_download": 24.47, "avg_quality": 75.06}}, {"type": "Feature", "geometry": {"type": "Point", "coordinates": [94.86, 34.86]}, "properties": {"operator": "vi", "technology": "4G", "tests": 1, "avg_download": 14.78, "avg_quality": 67.6}}, {"type": "Feature", "geometry": {"type": "Point", "coordinates": [86.64, 25.11]}, "properties": {"operator": "vi", "technology": "4G", "tests": 1, "avg_download": 16.76, "avg_quality": 46.94}}, {"type": "Feature", "geometry": {"type": "Point", "coordinates": [78.2, 33.73]}, "properties": {"operator": "jio", "technology": "4G", "tests": 1, "avg_download": 31.91, "avg_quality": 63.3}}, {"type": "Feature", "geometry": {"type": "Point", "coordinates": [73.58, 24.78]}, "properties": {"operator": "vi", "technology": "5G", "tests": 1, "avg_download": 57.46, "avg_quality": 74.98}}, {"type": "Feature", "geometry": {"type": "Point", "coordinates": [68.06, 19.65]}, "properties": {"operator": "airtel", "technology": "4G", "tests": 1, "avg_download": 19.51, "avg_quality": 53.81}}, {"type": "Feature", "geometry": {"type": "Point", "coordinates": [70.23, 24.83]}, "properties": {"operator": "airtel", "technology": "4G", "tests": 1, "avg_download": 25.85, "avg_quality": 72.83}}, {"type": "Feature", "geometry": {"type": "Point", "coordinates": [77.93, 27.3]}, "properties": {"operator": "vi", "technology": "5G", "tests": 1, "avg_download": 52.49, "avg_quality": 88.17}}, {"type": "Feature", "geometry": {"type": "Point", "coordinates": [73.5, 8.21]}, "properties": {"operator": "vi", "technology": "4G", "tests": 1, "avg_download": 9.95, "avg_quality": 59.96}}, {"type": "Feature", "geometry": {"type": "Point", "coordinates": [88.3, 27.67]}, "properties": {"operator": "vi", "technology": "4G", "tests": 1, "avg_download": 18.31, "avg_quality": 62.67}}, {"type": "Feature", "geometry": {"type": "Point", "coordinates": [73.98, 31.62]}, "properties": {"operator": "airtel", "technology": "5G", "tests": 1, "avg_download": 101.54, "avg_quality": 99.42}}, {"type": "Feature", "geometry": {"type": "Point", "coordinates": [79.87, 23.23]}, "properties": {"operator": "jio", "technology": "4G", "tests": 1, "avg_download": 22.48, "avg_quality": 58.74}}, {"type": "Feature", "geometry": {"type": "Point", "coordinates": [87.92, 21.32]}, "properties": {"operator": "vi", "technology": "4G", "tests": 1, "avg_download": 30.92, "avg_quality": 70.2}}, {"type": "Feature", "geometry": {"type": "Point", "coordinates": [82.43, 8.94]}, "properties": {"operator": "jio", "technology": "5G", "tests": 1, "avg_download": 66.61, "avg_quality": 98.78}}, {"type": "Feature", "geometry": {"type": "Point", "coordinates": [78.55, 28.99]}, "properties": {"operator": "airtel", "technology": "4G", "tests": 1, "avg_download": 31.87, "avg_quality": 69.8}}, {"type": "Feature", "geometry": {"type": "Point", "coordinates": [73.36, 9.91]}, "properties": {"operator": "vi", "technology": "4G", "tests": 1, "avg_download": 15.08, "avg_quality": 66.2}}, {"type": "Feature", "geometry": {"type": "Point", "coordinates": [87.75, 24.14]}, "properties": {"operator": "vi", "technology": "4G", "tests": 1, "avg_download": 20.69, "avg_quality": 70.74}}, {"type": "Feature", "geometry": {"type": "Point", "coordinates": [74.02, 23.62]}, "properties": {"operator": "airtel", "technology": "5G", "tests": 1, "avg_download": 52.12, "avg_quality": 57.7}}, {"type": "Feature", "geometry": {"type": "Point", "coordinates": [69.98, 24.07]}, "properties": {"operator": "airtel", "technology": "5G", "tests": 1, "avg_download": 87.59, "avg_quality": 76.24}}, {"type": "Feature", "geometry": {"type": "Point", "coordinates": [68.36, 31.02]}, "properties": {"operator": "jio", "technology": "5G", "tests": 1, "avg_download": 73.54, "avg_quality": 67.48}}, {"type": "Feature", "geometry": {"type": "Point", "coordinates": [76.45, 24.08]}, "properties": {"operator": "jio", "technology": "5G", "tests": 1, "avg_download": 104.47, "avg_quality": 95.92}}, {"type": "Feature", "geometry": {"type": "Point", "coordinates": [93.09, 31.02]}, "properties": {"operator": "airtel", "technology": "5G", "tests": 1, "avg_download": 91.39, "avg_quality": 79.88}}, {"type": "Feature", "geometry": {"type": "Point", "coordinates": [79.96, 32.77]}, "properties": {"operator": "airtel", "technology": "5G", "tests": 1, "avg_download": 82.16, "avg_quality": 75.28}}, {"type": "Feature", "geometry": {"type": "Point", "coordinates": [93.47, 28.77]}, "properties": {"operator": "vi", "technology": "5G", "tests": 1, "avg_download": 82.19, "avg_quality": 77.56}}, {"type": "Feature", "geometry": {"type": "Point", "coordinates": [93.15, 16.47]}, "properties": {"operator": "vi", "technology": "4G", "tests": 1, "avg_download": 11.21, "avg_quality": 61.3}}, {"type": "Feature", "geometry": {"type": "Point", "coordinates": [95.99, 8.81]}, "properties": {"operator": "jio", "technology": "5G", "tests": 1, "avg_download": 62.02, "avg_quality": 55.83}}, {"type": "Feature", "geometry": {"type": "Point", "coordinates": [90.17, 24.32]}, "properties": {"operator": "vi", "technology": "4G", "tests": 1, "avg_download": 10.47, "avg_quality": 70.21}}, {"type": "Feature", "geometry": {"type": "Point", "coordinates": [72.96, 19.07]}, "properties": {"operator": "vi", "technology": "5G", "tests": 1, "avg_download": 49.37, "avg_quality": 68.18}}, {"type": "Feature", "geometry": {"type": "Point", "coordinates": [80.59, 19.84]}, "properties": {"operator": "jio", "technology": "4G", "tests": 1, "avg_download": 40.39, "avg_quality": 55.35}}, {"type": "Feature", "geometry": {"type": "Point", "coordinates": [92.59, 21.55]}, "properties": {"operator": "jio", "technology": "4G", "tests": 1, "avg_download": 21.56, "avg_quality": 61.85}}, {"type": "Feature", "geometry": {"type": "Point", "coordinates": [70.03, 22.1]}, "properties": {"operator": "vi", "technology": "4G", "tests": 1, "avg_download": 21.59, "avg_quality": 54.8}}, {"type": "Feature", "geometry": {"type": "Point", "coordinates": [91.01, 26.56]}, "properties": {"operator": "jio", "technology": "5G", "tests": 1, "avg_download": 88.5, "avg_quality": 86.53}}, {"type": "Feature", "geometry": {"type": "Point", "coordinates": [81.76, 25.61]}, "properties": {"operator": "vi", "technology": "4G", "tests": 1, "avg_download": 11.39, "avg_quality": 64.62}}, {"type": "Feature", "geometry": {"type": "Point", "coordinates": [69.98, 11.62]}, "properties": {"operator": "airtel", "technology": "4G", "tests": 1, "avg_download": 21.74, "avg_quality": 63.4}}, {"type": "Feature", "geometry": {"type": "Point", "coordinates": [78.49, 8.43]}, "properties": {"operator": "jio", "technology": "4G", "tests": 1, "avg_download": 30.24, "avg_quality": 72.5}}, {"type": "Feature", "geometry": {"type": "Point", "coordinates": [79.71, 30.32]}, "properties": {"operator": "vi", "technology": "5G", "tests": 1, "avg_download": 51.68, "avg_quality": 83.13}}, {"type": "Feature", "geometry": {"type": "Point", "coordinates": [78.3, 22.05]}, "properties": {"operator": "vi", "technology": "4G", "tests": 1, "avg_download": 16.44, "avg_quality": 50.78}}, {"type": "Feature", "geometry": {"type": "Point", "coordinates": [84.03, 26.64]}, "properties": {"operator": "airtel", "technology": "4G", "tests": 1, "avg_download": 16.11, "avg_quality": 64.04}}, {"type": "Feature", "geometry": {"type": "Point", "coordinates": [81.83, 26.74]}, "properties": {"operator": "jio", "technology": "5G", "tests": 1, "avg_download": 111.91, "avg_quality": 94.55}}, {"type": "Feature", "geometry": {"type": "Point", "coordinates": [78.1, 26.46]}, "properties": {"operator": "vi", "technology": "5G", "tests": 1, "avg_download": 66.74, "avg_quality": 66.58}}, {"type": "Feature", "geometry": {"type": "Point", "coordinates": [79.4, 14.03]}, "properties": {"operator": "jio", "technology": "5G", "tests": 1, "avg_download": 73.56, "avg_quality": 65.01}}, {"type": "Feature", "geometry": {"type": "Point", "coordinates": [93.41, 13.13]}, "properties": {"operator": "vi", "technology": "4G", "tests": 1, "avg_download": 10.23, "avg_quality": 66.5}}, {"type": "Feature", "geometry": {"type": "Point", "coordinates": [82.21, 10.9]}, "properties": {"operator": "airtel", "technology": "5G", "tests": 1, "avg_download": 54.87, "avg_quality": 58.78}}, {"type": "Feature", "geometry": {"type": "Point", "coordinates": [90.19, 32.36]}, "properties": {"operator": "airtel", "technology": "5G", "tests": 1, "avg_download": 92.1, "avg_quality": 74.1}}, {"type": "Feature", "geometry": {"type": "Point", "coordinates": [68.15, 17.03]}, "properties": {"operator": "jio", "technology": "5G", "tests": 1, "avg_download": 147.63, "avg_quality": 89.28}}, {"type": "Feature", "geometry": {"type": "Point", "coordinates": [82.62, 13.26]}, "properties": {"operator": "airtel", "technology": "4G", "tests": 1, "avg_download": 33.16, "avg_quality": 39.58}}, {"type": "Feature", "geometry": {"type": "Point", "coordinates": [78.58, 14.18]}, "properties": {"operator": "jio", "technology": "5G", "tests": 1, "avg_download": 73.87, "avg_quality": 73.78}}, {"type": "Feature", "geometry": {"type": "Point", "coordinates": [80.46, 16.15]}, "properties": {"operator": "airtel", "technology": "5G", "tests": 1, "avg_download": 35.05, "avg_quality": 62.76}}, {"type": "Feature", "geometry": {"type": "Point", "coordinates": [89.86, 32.23]}, "properties": {"operator": "jio", "technology": "4G", "tests": 1, "avg_download": 33.29, "avg_quality": 71.11}}, {"type": "Feature", "geometry": {"type": "Point", "coordinates": [89.24, 35.84]}, "properties": {"operator": "vi", "technology": "5G", "tests": 1, "avg_download": 55.13, "avg_quality": 88.38}}, {"type": "Feature", "geometry": {"type": "Point", "coordinates": [87.81, 10.2]}, "properties": {"operator": "jio", "technology": "4G", "tests": 1, "avg_download": 23.55, "avg_quality": 75.01}}, {"type": "Feature", "geometry": {"type": "Point", "coordinates": [79.03, 26.2]}, "properties": {"operator": "airtel", "technology": "5G", "tests": 1, "avg_download": 96.55, "avg_quality": 81.06}}, {"type": "Feature", "geometry": {"type": "Point", "coordinates": [75.17, 8.3]}, "properties": {"operator": "airtel", "technology": "4G", "tests": 1, "avg_download": 22.51, "avg_quality": 64.72}}, {"type": "Feature", "geometry": {"type": "Point", "coordinates": [88.62, 23.02]}, "properties": {"operator": "jio", "technology": "4G", "tests": 1, "avg_download": 16.64, "avg_quality": 46.25}}, {"type": "Feature", "geometry": {"type": "Point", "coordinates": [79.67, 19.7]}, "properties": {"operator": "jio", "technology": "4G", "tests": 1, "avg_download": 26.64, "avg_quality": 50.57}}, {"type": "Feature", "geometry": {"type": "Point", "coordinates": [74.12, 11.32]}, "properties": {"operator": "vi", "technology": "5G", "tests": 1, "avg_download": 91.53, "avg_quality": 88.39}}, {"type": "Feature", "geometry": {"type": "Point", "coordinates": [72.64, 12.52]}, "properties": {"operator": "jio", "technology": "4G", "tests": 1, "avg_download": 39.13, "avg_quality": 53.66}}, {"type": "Feature", "geometry": {"type": "Point", "coordinates": [89.61, 13.88]}, "properties": {"operator": "airtel", "technology": "4G", "tests": 1, "avg_download": 26.4, "avg_quality": 68.6}}, {"type": "Feature", "geometry": {"type": "Point", "coordinates": [74.24, 26.56]}, "properties": {"operator": "vi", "technology": "5G", "tests": 1, "avg_download": 84.24, "avg_quality": 81.32}}, {"type": "Feature", "geometry": {"type": "Point", "coordinates": [89.14, 13.21]}, "properties": {"operator": "vi", "technology": "4G", "tests": 1, "avg_download": 17.3, "avg_quality": 40.92}}, {"type": "Feature", "geometry": {"type": "Point", "coordinates": [73.5, 8.04]}, "properties": {"operator": "airtel", "technology": "5G", "tests": 1, "avg_download": 64.81, "avg_quality": 68.37}}, {"type": "Feature", "geometry": {"type": "Point", "coordinates": [68.49, 27.11]}, "properties": {"operator": "jio", "technology": "5G", "tests": 1, "avg_download": 70.23, "avg_quality": 67.52}}, {"type": "Feature", "geometry": {"type": "Point", "coordinates": [78.2, 32.17]}, "properties": {"operator": "jio", "technology": "4G", "tests": 1, "avg_download": 13.54, "avg_quality": 64.11}}, {"type": "Feature", "geometry": {"type": "Point", "coordinates": [80.75, 17.11]}, "properties": {"operator": "vi", "technology": "4G", "tests": 1, "avg_download": 16.43, "avg_quality": 69.07}}, {"type": "Feature", "geometry": {"type": "Point", "coordinates": [69.88, 15.97]}, "properties": {"operator": "airtel", "technology": "5G", "tests": 1, "avg_download": 54.9, "avg_quality": 65.37}}, {"type": "Feature", "geometry": {"type": "Point", "coordinates": [87.23, 19.79]}, "properties": {"operator": "airtel", "technology": "5G", "tests": 1, "avg_download": 89.55, "avg_quality": 65.38}}, {"type": "Feature", "geometry": {"type": "Point", "coordinates": [88.02, 34.78]}, "properties": {"operator": "airtel", "technology": "4G", "tests": 1, "avg_download": 17.04, "avg_quality": 66.0}}, {"type": "Feature", "geometry": {"type": "Point", "coordinates": [73.99, 30.99]}, "properties": {"operator": "vi", "technology": "5G", "tests": 1, "avg_download": 41.97, "avg_quality": 43.61}}, {"type": "Feature", "geometry": {"type": "Point", "coordinates": [75.14, 24.72]}, "properties": {"operator": "airtel", "technology": "4G", "tests": 1, "avg_download": 30.14, "avg_quality": 67.71}}, {"type": "Feature", "geometry": {"type": "Point", "coordinates": [87.39, 29.0]}, "properties": {"operator": "jio", "technology": "4G", "tests": 1, "avg_download": 27.86, "avg_quality": 51.94}}, {"type": "Feature", "geometry": {"type": "Point", "coordinates": [71.97, 26.46]}, "properties": {"operator": "jio", "technology": "5G", "tests": 1, "avg_download": 103.67, "avg_quality": 71.03}}, {"type": "Feature", "geometry": {"type": "Point", "coordinates": [75.22, 30.29]}, "properties": {"operator": "jio", "technology": "4G", "tests": 1, "avg_download": 20.9, "avg_quality": 51.38}}, {"type": "Feature", "geometry": {"type": "Point", "coordinates": [70.62, 33.37]}, "properties": {"operator": "jio", "technology": "5G", "tests": 1, "avg_download": 116.11, "avg_quality": 93.6}}, {"type": "Feature", "geometry": {"type": "Point", "coordinates": [83.04, 19.59]}, "properties": {"operator": "vi", "technology": "5G", "tests": 1, "avg_download": 89.23, "avg_quality": 74.13}}, {"type": "Feature", "geometry": {"type": "Point", "coordinates": [69.76, 33.77]}, "properties": {"operator": "vi", "technology": "4G", "tests": 1, "avg_download": 15.92, "avg_quality": 58.94}}, {"type": "Feature", "geometry": {"type": "Point", "coordinates": [92.74, 26.13]}, "properties": {"operator": "airtel", "technology": "5G", "tests": 1, "avg_download": 64.48, "avg_quality": 81.05}}, {"type": "Feature", "geometry": {"type": "Point", "coordinates": [68.72, 14.93]}, "properties": {"operator": "jio", "technology": "4G", "tests": 1, "avg_download": 1.0, "avg_quality": 59.33}}, {"type": "Feature", "geometry": {"type": "Point", "coordinates": [90.41, 24.84]}, "properties": {"operator": "jio", "technology": "5G", "tests": 1, "avg_download": 70.68, "avg_quality": 71.74}}, {"type": "Feature", "geometry": {"type": "Point", "coordinates": [74.08, 18.78]}, "properties": {"operator": "vi", "technology": "5G", "tests": 1, "avg_download": 44.99, "avg_quality": 59.0}}, {"type": "Feature", "geometry": {"type": "Point", "coordinates": [85.46, 26.7]}, "properties": {"operator": "jio", "technology": "5G", "tests": 1, "avg_download": 76.07, "avg_quality": 89.69}}, {"type": "Feature", "geometry": {"type": "Point", "coordinates": [90.8, 29.95]}, "properties": {"operator": "airtel", "technology": "5G", "tests": 1, "avg_download": 98.89, "avg_quality": 87.16}}, {"type": "Feature", "geometry": {"type": "Point", "coordinates": [94.59, 32.62]}, "properties": {"operator": "airtel", "technology": "5G", "tests": 1, "avg_download": 63.12, "avg_quality": 61.14}}, {"type": "Feature", "geometry": {"type": "Point", "coordinates": [93.14, 23.29]}, "properties": {"operator": "airtel", "technology": "4G", "tests": 1, "avg_download": 23.64, "avg_quality": 63.94}}, {"type": "Feature", "geometry": {"type": "Point", "coordinates": [87.12, 8.38]}, "properties": {"operator": "jio", "technology": "4G", "tests": 1, "avg_download": 6.44, "avg_quality": 64.12}}, {"type": "Feature", "geometry": {"type": "Point", "coordinates": [81.42, 29.27]}, "properties": {"operator": "airtel", "technology": "4G", "tests": 1, "avg_download": 20.77, "avg_quality": 47.38}}, {"type": "Feature", "geometry": {"type": "Point", "coordinates": [86.74, 21.9]}, "properties": {"operator": "jio", "technology": "5G", "tests": 1, "avg_download": 84.21, "avg_quality": 83.14}}, {"type": "Feature", "geometry": {"type": "Point", "coordinates": [75.4, 16.14]}, "properties": {"operator": "jio", "technology": "5G", "tests": 1, "avg_download": 70.04, "avg_quality": 81.2}}, {"type": "Feature", "geometry": {"type": "Point", "coordinates": [76.22, 21.46]}, "properties": {"operator": "airtel", "technology": "4G", "tests": 1, "avg_download": 26.34, "avg_quality": 78.28}}, {"type": "Feature", "geometry": {"type": "Point", "coordinates": [93.92, 16.07]}, "properties": {"operator": "jio", "technology": "4G", "tests": 1, "avg_download": 25.24, "avg_quality": 61.72}}, {"type": "Feature", "geometry": {"type": "Point", "coordinates": [77.86, 32.54]}, "properties": {"operator": "airtel", "technology": "4G", "tests": 1, "avg_download": 21.73, "avg_quality": 69.01}}, {"type": "Feature", "geometry": {"type": "Point", "coordinates": [75.91, 20.28]}, "properties": {"operator": "jio", "technology": "4G", "tests": 1, "avg_download": 16.62, "avg_quality": 64.51}}, {"type": "Feature", "geometry": {"type": "Point", "coordinates": [92.8, 20.51]}, "properties": {"operator": "jio", "technology": "4G", "tests": 1, "avg_download": 30.07, "avg_quality": 73.96}}, {"type": "Feature", "geometry": {"type": "Point", "coordinates": [69.07, 29.35]}, "properties": {"operator": "vi", "technology": "4G", "tests": 1, "avg_download": 12.78, "avg_quality": 55.07}}, {"type": "Feature", "geometry": {"type": "Point", "coordinates": [75.28, 22.37]}, "properties": {"operator": "vi", "technology": "5G", "tests": 1, "avg_download": 63.82, "avg_quality": 77.07}}, {"type": "Feature", "geometry": {"type": "Point", "coordinates": [71.44, 27.38]}, "properties": {"operator": "airtel", "technology": "5G", "tests": 1, "avg_download": 95.11, "avg_quality": 80.78}}, {"type": "Feature", "geometry": {"type": "Point", "coordinates": [86.62, 8.72]}, "properties": {"operator": "vi", "technology": "5G", "tests": 1, "avg_download": 71.8, "avg_quality": 83.7}}, {"type": "Feature", "geometry": {"type": "Point", "coordinates": [80.06, 19.27]}, "properties": {"operator": "airtel", "technology": "5G", "tests": 1, "avg_download": 70.4, "avg_quality": 81.29}}, {"type": "Feature", "geometry": {"type": "Point", "coordinates": [89.77, 32.21]}, "properties": {"operator": "airtel", "technology": "4G", "tests": 1, "avg_download": 18.87, "avg_quality": 54.86}}, {"type": "Feature", "geometry": {"type": "Point", "coordinates": [82.9, 16.05]}, "properties": {"operator": "vi", "technology": "4G", "tests": 1, "avg_download": 21.95, "avg_quality": 52.49}}, {"type": "Feature", "geometry": {"type": "Point", "coordinates": [81.72, 29.83]}, "properties": {"operator": "airtel", "technology": "4G", "tests": 1, "avg_download": 31.31, "avg_quality": 57.18}}, {"type": "Feature", "geometry": {"type": "Point", "coordinates": [75.8, 25.76]}, "properties": {"operator": "vi", "technology": "4G", "tests": 1, "avg_download": 16.16, "avg_quality": 63.94}}, {"type": "Feature", "geometry": {"type": "Point", "coordinates": [95.64, 8.54]}, "properties": {"operator": "vi", "technology": "5G", "tests": 1, "avg_download": 56.8, "avg_quality": 84.54}}, {"type": "Feature", "geometry": {"type": "Point", "coordinates": [72.22, 10.86]}, "properties": {"operator": "jio", "technology": "4G", "tests": 1, "avg_download": 42.7, "avg_quality": 77.14}}, {"type": "Feature", "geometry": {"type": "Point", "coordinates": [80.08, 13.43]}, "properties": {"operator": "vi", "technology": "5G", "tests": 1, "avg_download": 52.13, "avg_quality": 75.92}}, {"type": "Feature", "geometry": {"type": "Point", "coordinates": [80.22, 17.36]}, "properties": {"operator": "jio", "technology": "4G", "tests": 1, "avg_download": 29.21, "avg_quality": 77.14}}, {"type": "Feature", "geometry": {"type": "Point", "coordinates": [77.98, 32.98]}, "properties": {"operator": "jio", "technology": "5G", "tests": 1, "avg_download": 107.74, "avg_quality": 85.48}}, {"type": "Feature", "geometry": {"type": "Point", "coordinates": [78.2, 9.27]}, "properties": {"operator": "airtel", "technology": "4G", "tests": 1, "avg_download": 17.65, "avg_quality": 51.8}}, {"type": "Feature", "geometry": {"type": "Point", "coordinates": [89.36, 23.47]}, "properties": {"operator": "vi", "technology": "4G", "tests": 1, "avg_download": 19.37, "avg_quality": 37.57}}, {"type": "Feature", "geometry": {"type": "Point", "coordinates": [85.51, 29.18]}, "properties": {"operator": "jio", "technology": "5G", "tests": 1, "avg_download": 95.06, "avg_quality": 88.8}}, {"type": "Feature", "geometry": {"type": "Point", "coordinates": [71.12, 30.76]}, "properties": {"operator": "jio", "technology": "4G", "tests": 1, "avg_download": 29.65, "avg_quality": 70.25}}, {"type": "Feature", "geometry": {"type": "Point", "coordinates": [79.84, 9.43]}, "properties": {"operator": "jio", "technology": "4G", "tests": 1, "avg_download": 18.3, "avg_quality": 34.43}}, {"type": "Feature", "geometry": {"type": "Point", "coordinates": [85.74, 22.99]}, "properties": {"operator": "airtel", "technology": "5G", "tests": 1, "avg_download": 116.77, "avg_quality": 98.42}}, {"type": "Feature", "geometry": {"type": "Point", "coordinates": [82.04, 28.27]}, "properties": {"operator": "jio", "technology": "4G", "tests": 1, "avg_download": 14.58, "avg_quality": 66.24}}, {"type": "Feature", "geometry": {"type": "Point", "coordinates": [82.06, 8.62]}, "properties": {"operator": "jio", "technology": "4G", "tests": 1, "avg_download": 11.56, "avg_quality": 64.49}}, {"type": "Feature", "geometry": {"type": "Point", "coordinates": [73.7, 21.46]}, "properties": {"operator": "vi", "technology": "5G", "tests": 1, "avg_download": 87.49, "avg_quality": 93.97}}, {"type": "Feature", "geometry": {"type": "Point", "coordinates": [80.68, 25.14]}, "properties": {"operator": "airtel", "technology": "4G", "tests": 1, "avg_download": 20.93, "avg_quality": 52.39}}, {"type": "Feature", "geometry": {"type": "Point", "coordinates": [71.28, 15.26]}, "properties": {"operator": "vi", "technology": "5G", "tests": 1, "avg_download": 60.62, "avg_quality": 72.48}}, {"type": "Feature", "geometry": {"type": "Point", "coordinates": [77.4, 14.97]}, "properties": {"operator": "vi", "technology": "4G", "tests": 1, "avg_download": 18.74, "avg_quality": 42.62}}, {"type": "Feature", "geometry": {"type": "Point", "coordinates": [91.49, 24.86]}, "properties": {"operator": "jio", "technology": "4G", "tests": 1, "avg_download": 39.95, "avg_quality": 79.0}}, {"type": "Feature", "geometry": {"type": "Point", "coordinates": [88.85, 12.97]}, "properties": {"operator": "airtel", "technology": "5G", "tests": 1, "avg_download": 85.3, "avg_quality": 81.9}}, {"type": "Feature", "geometry": {"type": "Point", "coordinates": [87.61, 27.33]}, "properties": {"operator": "airtel", "technology": "5G", "tests": 1, "avg_download": 105.54, "avg_quality": 86.09}}, {"type": "Feature", "geometry": {"type": "Point", "coordinates": [79.46, 11.76]}, "properties": {"operator": "airtel", "technology": "5G", "tests": 1, "avg_download": 45.85, "avg_quality": 73.35}}, {"type": "Feature", "geometry": {"type": "Point", "coordinates": [92.86, 16.39]}, "properties": {"operator": "vi", "technology": "5G", "tests": 1, "avg_download": 43.72, "avg_quality": 71.3}}, {"type": "Feature", "geometry": {"type": "Point", "coordinates": [72.7, 27.35]}, "properties": {"operator": "jio", "technology": "5G", "tests": 1, "avg_download": 85.05, "avg_quality": 97.16}}, {"type": "Feature", "geometry": {"type": "Point", "coordinates": [73.83, 20.78]}, "properties": {"operator": "jio", "technology": "4G", "tests": 1, "avg_download": 11.61, "avg_quality": 63.61}}, {"type": "Feature", "geometry": {"type": "Point", "coordinates": [94.56, 19.96]}, "properties": {"operator": "vi", "technology": "5G", "tests": 1, "avg_download": 57.18, "avg_quality": 67.31}}, {"type": "Feature", "geometry": {"type": "Point", "coordinates": [85.13, 33.71]}, "properties": {"operator": "vi", "technology": "4G", "tests": 1, "avg_download": 20.38, "avg_quality": 70.22}}, {"type": "Feature", "geometry": {"type": "Point", "coordinates": [88.69, 16.49]}, "properties": {"operator": "airtel", "technology": "4G", "tests": 1, "avg_download": 21.73, "avg_quality": 63.21}}, {"type": "Feature", "geometry": {"type": "Point", "coordinates": [88.11, 33.75]}, "properties": {"operator": "vi", "technology": "5G", "tests": 1, "avg_download": 56.44, "avg_quality": 77.66}}, {"type": "Feature", "geometry": {"type": "Point", "coordinates": [75.03, 29.4]}, "properties": {"operator": "jio", "technology": "4G", "tests": 1, "avg_download": 31.84, "avg_quality": 69.94}}, {"type": "Feature", "geometry": {"type": "Point", "coordinates": [72.49, 30.96]}, "properties": {"operator": "vi", "technology": "4G", "tests": 1, "avg_download": 21.66, "avg_quality": 45.64}}, {"type": "Feature", "geometry": {"type": "Point", "coordinates": [87.05, 20.55]}, "properties": {"operator": "jio", "technology": "5G", "tests": 1, "avg_download": 154.9, "avg_quality": 104.47}}, {"type": "Feature", "geometry": {"type": "Point", "coordinates": [72.38, 14.6]}, "properties": {"operator": "airtel", "technology": "4G", "tests": 1, "avg_download": 19.18, "avg_quality": 61.58}}, {"type": "Feature", "geometry": {"type": "Point", "coordinates": [70.3, 13.64]}, "properties": {"operator": "vi", "technology": "5G", "tests": 1, "avg_download": 81.58, "avg_quality": 82.39}}, {"type": "Feature", "geometry": {"type": "Point", "coordinates": [84.53, 16.91]}, "properties": {"operator": "airtel", "technology": "4G", "tests": 1, "avg_download": 15.17, "avg_quality": 53.7}}, {"type": "Feature", "geometry": {"type": "Point", "coordinates": [71.38, 18.85]}, "properties": {"operator": "jio", "technology": "5G", "tests": 1, "avg_download": 64.69, "avg_quality": 57.39}}, {"type": "Feature", "geometry": {"type": "Point", "coordinates": [73.94, 21.44]}, "properties": {"operator": "vi", "technology": "4G", "tests": 1, "avg_download": 16.37, "avg_quality": 39.32}}, {"type": "Feature", "geometry": {"type": "Point", "coordinates": [87.31, 8.08]}, "properties": {"operator": "jio", "technology": "4G", "tests": 1, "avg_download": 29.1, "avg_quality": 36.91}}, {"type": "Feature", "geometry": {"type": "Point", "coordinates": [80.21, 11.4]}, "properties": {"operator": "jio", "technology": "5G", "tests": 1, "avg_download": 87.96, "avg_quality": 97.08}}, {"type": "Feature", "geometry": {"type": "Point", "coordinates": [95.81, 33.33]}, "properties": {"operator": "jio", "technology": "4G", "tests": 1, "avg_download": 33.48, "avg_quality": 76.46}}, {"type": "Feature", "geometry": {"type": "Point", "coordinates": [94.87, 26.38]}, "properties": {"operator": "jio", "technology": "4G", "tests": 1, "avg_download": 28.54, "avg_quality": 71.28}}, {"type": "Feature", "geometry": {"type": "Point", "coordinates": [95.91, 32.52]}, "properties": {"operator": "jio", "technology": "5G", "tests": 1, "avg_download": 56.53, "avg_quality": 79.38}}, {"type": "Feature", "geometry": {"type": "Point", "coordinates": [73.56, 12.69]}, "properties": {"operator": "vi", "technology": "5G", "tests": 1, "avg_download": 49.28, "avg_quality": 78.67}}, {"type": "Feature", "geometry": {"type": "Point", "coordinates": [80.93, 9.66]}, "properties": {"operator": "jio", "technology": "5G", "tests": 1, "avg_download": 128.46, "avg_quality": 86.9}}, {"type": "Feature", "geometry": {"type": "Point", "coordinates": [72.58, 29.47]}, "properties": {"operator": "airtel", "technology": "5G", "tests": 1, "avg_download": 61.66, "avg_quality": 77.85}}, {"type": "Feature", "geometry": {"type": "Point", "coordinates": [82.09, 16.54]}, "properties": {"operator": "jio", "technology": "4G", "tests": 1, "avg_download": 32.63, "avg_quality": 55.31}}, {"type": "Feature", "geometry": {"type": "Point", "coordinates": [90.34, 32.98]}, "properties": {"operator": "airtel", "technology": "4G", "tests": 1, "avg_download": 28.24, "avg_quality": 64.31}}, {"type": "Feature", "geometry": {"type": "Point", "coordinates": [75.41, 10.18]}, "properties": {"operator": "jio", "technology": "5G", "tests": 1, "avg_download": 52.39, "avg_quality": 73.69}}, {"type": "Feature", "geometry": {"type": "Point", "coordinates": [78.64, 34.32]}, "properties": {"operator": "vi", "technology": "4G", "tests": 1, "avg_download": 14.62, "avg_quality": 59.65}}, {"type": "Feature", "geometry": {"type": "Point", "coordinates": [92.57, 24.21]}, "properties": {"operator": "jio", "technology": "5G", "tests": 1, "avg_download": 78.54, "avg_quality": 83.9}}, {"type": "Feature", "geometry": {"type": "Point", "coordinates": [84.16, 20.47]}, "properties": {"operator": "vi", "technology": "4G", "tests": 1, "avg_download": 19.62, "avg_quality": 70.41}}, {"type": "Feature", "geometry": {"type": "Point", "coordinates": [69.35, 26.17]}, "properties": {"operator": "airtel", "technology": "5G", "tests": 1, "avg_download": 74.18, "avg_quality": 91.57}}, {"type": "Feature", "geometry": {"type": "Point", "coordinates": [71.07, 21.82]}, "properties": {"operator": "jio", "technology": "4G", "tests": 1, "avg_download": 16.49, "avg_quality": 42.67}}, {"type": "Feature", "geometry": {"type": "Point", "coordinates": [70.96, 26.62]}, "properties": {"operator": "vi", "technology": "4G", "tests": 1, "avg_download": 18.18, "avg_quality": 45.87}}, {"type": "Feature", "geometry": {"type": "Point", "coordinates": [75.72, 12.02]}, "properties": {"operator": "jio", "technology": "5G", "tests": 1, "avg_download": 105.65, "avg_quality": 104.46}}, {"type": "Feature", "geometry": {"type": "Point", "coordinates": [81.62, 32.22]}, "properties": {"operator": "airtel", "technology": "5G", "tests": 1, "avg_download": 75.13, "avg_quality": 78.64}}, {"type": "Feature", "geometry": {"type": "Point", "coordinates": [92.93, 11.78]}, "properties": {"operator": "airtel", "technology": "4G", "tests": 1, "avg_download": 10.86, "avg_quality": 66.44}}, {"type": "Feature", "geometry": {"type": "Point", "coordinates": [83.06, 34.49]}, "properties": {"operator": "vi", "technology": "5G", "tests": 1, "avg_download": 54.97, "avg_quality": 77.19}}, {"type": "Feature", "geometry": {"type": "Point", "coordinates": [69.61, 23.34]}, "properties": {"operator": "jio", "technology": "5G", "tests": 1, "avg_download": 76.6, "avg_quality": 55.78}}, {"type": "Feature", "geometry": {"type": "Point", "coordinates": [78.35, 29.64]}, "properties": {"operator": "jio", "technology": "5G", "tests": 1, "avg_download": 92.95, "avg_quality": 89.99}}, {"type": "Feature", "geometry": {"type": "Point", "coordinates": [71.82, 29.12]}, "properties": {"operator": "vi", "technology": "4G", "tests": 1, "avg_download": 12.98, "avg_quality": 63.89}}, {"type": "Feature", "geometry": {"type": "Point", "coordinates": [83.58, 30.89]}, "properties": {"operator": "airtel", "technology": "4G", "tests": 1, "avg_download": 27.19, "avg_quality": 79.18}}, {"type": "Feature", "geometry": {"type": "Point", "coordinates": [84.59, 20.32]}, "properties": {"operator": "airtel", "technology": "5G", "tests": 1, "avg_download": 86.36, "avg_quality": 84.18}}, {"type": "Feature", "geometry": {"type": "Point", "coordinates": [71.62, 23.19]}, "properties": {"operator": "vi", "technology": "4G", "tests": 1, "avg_download": 18.31, "avg_quality": 66.39}}, {"type": "Feature", "geometry": {"type": "Point", "coordinates": [89.39, 18.28]}, "properties": {"operator": "jio", "technology": "4G", "tests": 1, "avg_download": 27.97, "avg_quality": 59.19}}, {"type": "Feature", "geometry": {"type": "Point", "coordinates": [87.73, 9.17]}, "properties": {"operator": "vi", "technology": "4G", "tests": 1, "avg_download": 12.22, "avg_quality": 36.17}}, {"type": "Feature", "geometry": {"type": "Point", "coordinates": [92.23, 20.48]}, "properties": {"operator": "airtel", "technology": "5G", "tests": 1, "avg_download": 68.65, "avg_quality": 88.14}}, {"type": "Feature", "geometry": {"type": "Point", "coordinates": [77.11, 13.97]}, "properties": {"operator": "jio", "technology": "5G", "tests": 1, "avg_download": 100.26, "avg_quality": 74.89}}, {"type": "Feature", "geometry": {"type": "Point", "coordinates": [91.36, 15.02]}, "properties": {"operator": "airtel", "technology": "5G", "tests": 1, "avg_download": 40.04, "avg_quality": 84.34}}, {"type": "Feature", "geometry": {"type": "Point", "coordinates": [73.03, 25.95]}, "properties": {"operator": "vi", "technology": "4G", "tests": 1, "avg_download": 10.71, "avg_quality": 70.68}}, {"type": "Feature", "geometry": {"type": "Point", "coordinates": [95.99, 20.84]}, "properties": {"operator": "jio", "technology": "5G", "tests": 1, "avg_download": 40.01, "avg_quality": 60.27}}, {"type": "Feature", "geometry": {"type": "Point", "coordinates": [75.29, 22.43]}, "properties": {"operator": "airtel", "technology": "4G", "tests": 1, "avg_download": 28.94, "avg_quality": 60.81}}, {"type": "Feature", "geometry": {"type": "Point", "coordinates": [91.61, 9.23]}, "properties": {"operator": "airtel", "technology": "4G", "tests": 1, "avg_download": 25.63, "avg_quality": 60.9}}, {"type": "Feature", "geometry": {"type": "Point", "coordinates": [73.27, 29.2]}, "properties": {"operator": "jio", "technology": "5G", "tests": 1, "avg_download": 76.85, "avg_quality": 64.88}}, {"type": "Feature", "geometry": {"type": "Point", "coordinates": [86.95, 25.37]}, "properties": {"operator": "jio", "technology": "4G", "tests": 1, "avg_download": 33.33, "avg_quality": 51.77}}, {"type": "Feature", "geometry": {"type": "Point", "coordinates": [95.16, 27.97]}, "properties": {"operator": "airtel", "technology": "4G", "tests": 1, "avg_download": 22.09, "avg_quality": 38.54}}, {"type": "Feature", "geometry": {"type": "Point", "coordinates": [82.98, 16.03]}, "properties": {"operator": "jio", "technology": "4G", "tests": 1, "avg_download": 34.98, "avg_quality": 39.46}}, {"type": "Feature", "geometry": {"type": "Point", "coordinates": [72.29, 29.9]}, "properties": {"operator": "jio", "technology": "5G", "tests": 1, "avg_download": 51.46, "avg_quality": 90.17}}, {"type": "Feature", "geometry": {"type": "Point", "coordinates": [94.1, 13.7]}, "properties": {"operator": "vi", "technology": "4G", "tests": 1, "avg_download": 19.35, "avg_quality": 65.51}}, {"type": "Feature", "geometry": {"type": "Point", "coordinates": [90.49, 35.37]}, "properties": {"operator": "jio", "technology": "5G", "tests": 1, "avg_download": 86.33, "avg_quality": 97.91}}, {"type": "Feature", "geometry": {"type": "Point", "coordinates": [94.67, 35.27]}, "properties": {"operator": "airtel", "technology": "5G", "tests": 1, "avg_download": 89.81, "avg_quality": 96.86}}, {"type": "Feature", "geometry": {"type": "Point", "coordinates": [68.57, 33.02]}, "properties": {"operator": "vi", "technology": "4G", "tests": 1, "avg_download": 21.05, "avg_quality": 73.37}}, {"type": "Feature", "geometry": {"type": "Point", "coordinates": [94.54, 20.91]}, "properties": {"operator": "vi", "technology": "5G", "tests": 1, "avg_download": 54.13, "avg_quality": 72.65}}, {"type": "Feature", "geometry": {"type": "Point", "coordinates": [89.5, 28.56]}, "properties": {"operator": "airtel", "technology": "4G", "tests": 1, "avg_download": 10.45, "avg_quality": 36.47}}, {"type": "Feature", "geometry": {"type": "Point", "coordinates": [74.8, 17.79]}, "properties": {"operator": "jio", "technology": "5G", "tests": 1, "avg_download": 119.96, "avg_quality": 93.67}}, {"type": "Feature", "geometry": {"type": "Point", "coordinates": [80.07, 32.27]}, "properties": {"operator": "jio", "technology": "5G", "tests": 1, "avg_download": 135.16, "avg_quality": 98.67}}, {"type": "Feature", "geometry": {"type": "Point", "coordinates": [70.81, 13.45]}, "properties": {"operator": "vi", "technology": "4G", "tests": 1, "avg_download": 14.66, "avg_quality": 46.52}}, {"type": "Feature", "geometry": {"type": "Point", "coordinates": [86.79, 34.61]}, "properties": {"operator": "jio", "technology": "4G", "tests": 1, "avg_download": 19.24, "avg_quality": 74.31}}, {"type": "Feature", "geometry": {"type": "Point", "coordinates": [91.66, 34.53]}, "properties": {"operator": "airtel", "technology": "4G", "tests": 1, "avg_download": 26.65, "avg_quality": 59.94}}, {"type": "Feature", "geometry": {"type": "Point", "coordinates": [88.18, 17.98]}, "properties": {"operator": "vi", "technology": "4G", "tests": 1, "avg_download": 7.05, "avg_quality": 63.4}}, {"type": "Feature", "geometry": {"type": "Point", "coordinates": [95.8, 22.61]}, "properties": {"operator": "airtel", "technology": "4G", "tests": 1, "avg_download": 16.99, "avg_quality": 67.06}}, {"type": "Feature", "geometry": {"type": "Point", "coordinates": [73.2, 29.57]}, "properties": {"operator": "jio", "technology": "4G", "tests": 1, "avg_download": 11.68, "avg_quality": 53.87}}, {"type": "Feature", "geometry": {"type": "Point", "coordinates": [91.82, 32.39]}, "properties": {"operator": "jio", "technology": "4G", "tests": 1, "avg_download": 18.72, "avg_quality": 62.86}}, {"type": "Feature", "geometry": {"type": "Point", "coordinates": [80.16, 19.09]}, "properties": {"operator": "jio", "technology": "5G", "tests": 1, "avg_download": 81.01, "avg_quality": 79.62}}, {"type": "Feature", "geometry": {"type": "Point", "coordinates": [93.24, 13.45]}, "properties": {"operator": "vi", "technology": "4G", "tests": 1, "avg_download": 20.74, "avg_quality": 58.01}}, {"type": "Feature", "geometry": {"type": "Point", "coordinates": [70.82, 14.74]}, "properties": {"operator": "vi", "technology": "5G", "tests": 1, "avg_download": 39.35, "avg_quality": 65.91}}, {"type": "Feature", "geometry": {"type": "Point", "coordinates": [74.81, 10.61]}, "properties": {"operator": "airtel", "technology": "5G", "tests": 1, "avg_download": 57.04, "avg_quality": 56.58}}, {"type": "Feature", "geometry": {"type": "Point", "coordinates": [76.91, 26.72]}, "properties": {"operator": "jio", "technology": "4G", "tests": 1, "avg_download": 28.58, "avg_quality": 66.7}}, {"type": "Feature", "geometry": {"type": "Point", "coordinates": [85.86, 18.69]}, "properties": {"operator": "jio", "technology": "4G", "tests": 1, "avg_download": 25.64, "avg_quality": 70.85}}, {"type": "Feature", "geometry": {"type": "Point", "coordinates": [74.68, 24.46]}, "properties": {"operator": "airtel", "technology": "4G", "tests": 1, "avg_download": 32.96, "avg_quality": 73.41}}, {"type": "Feature", "geometry": {"type": "Point", "coordinates": [84.71, 35.25]}, "properties": {"operator": "jio", "technology": "5G", "tests": 1, "avg_download": 62.65, "avg_quality": 72.18}}, {"type": "Feature", "geometry": {"type": "Point", "coordinates": [86.01, 31.28]}, "properties": {"operator": "airtel", "technology": "4G", "tests": 1, "avg_download": 26.85, "avg_quality": 66.45}}, {"type": "Feature", "geometry": {"type": "Point", "coordinates": [89.78, 16.88]}, "properties": {"operator": "vi", "technology": "5G", "tests": 1, "avg_download": 45.38, "avg_quality": 48.34}}, {"type": "Feature", "geometry": {"type": "Point", "coordinates": [90.06, 8.07]}, "properties": {"operator": "airtel", "technology": "5G", "tests": 1, "avg_download": 81.81, "avg_quality": 85.98}}, {"type": "Feature", "geometry": {"type": "Point", "coordinates": [90.96, 27.56]}, "properties": {"operator": "airtel", "technology": "4G", "tests": 1, "avg_download": 12.76, "avg_quality": 49.85}}, {"type": "Feature", "geometry": {"type": "Point", "coordinates": [80.38, 14.3]}, "properties": {"operator": "airtel", "technology": "4G", "tests": 1, "avg_download": 27.52, "avg_quality": 64.19}}, {"type": "Feature", "geometry": {"type": "Point", "coordinates": [86.46, 11.43]}, "properties": {"operator": "vi", "technology": "4G", "tests": 1, "avg_download": 20.93, "avg_quality": 34.05}}, {"type": "Feature", "geometry": {"type": "Point", "coordinates": [84.1, 11.93]}, "properties": {"operator": "airtel", "technology": "5G", "tests": 1, "avg_download": 53.09, "avg_quality": 41.28}}, {"type": "Feature", "geometry": {"type": "Point", "coordinates": [88.33, 17.48]}, "properties": {"operator": "vi", "technology": "5G", "tests": 1, "avg_download": 107.3, "avg_quality": 85.03}}, {"type": "Feature", "geometry": {"type": "Point", "coordinates": [72.22, 17.5]}, "properties": {"operator": "vi", "technology": "4G", "tests": 1, "avg_download": 19.04, "avg_quality": 57.27}}, {"type": "Feature", "geometry": {"type": "Point", "coordinates": [96.0, 25.96]}, "properties": {"operator": "airtel", "technology": "5G", "tests": 1, "avg_download": 85.88, "avg_quality": 68.63}}, {"type": "Feature", "geometry": {"type": "Point", "coordinates": [85.11, 15.44]}, "properties": {"operator": "vi", "technology": "5G", "tests": 1, "avg_download": 87.14, "avg_quality": 76.15}}, {"type": "Feature", "geometry": {"type": "Point", "coordinates": [82.62, 17.08]}, "properties": {"operator": "jio", "technology": "5G", "tests": 1, "avg_download": 66.8, "avg_quality": 86.8}}, {"type": "Feature", "geometry": {"type": "Point", "coordinates": [93.92, 22.66]}, "properties": {"operator": "vi", "technology": "5G", "tests": 1, "avg_download": 50.72, "avg_quality": 59.93}}, {"type": "Feature", "geometry": {"type": "Point", "coordinates": [73.49, 23.2]}, "properties": {"operator": "jio", "technology": "4G", "tests": 1, "avg_download": 29.14, "avg_quality": 75.8}}, {"type": "Feature", "geometry": {"type": "Point", "coordinates": [84.17, 26.61]}, "properties": {"operator": "jio", "technology": "4G", "tests": 1, "avg_download": 23.58, "avg_quality": 54.18}}, {"type": "Feature", "geometry": {"type": "Point", "coordinates": [80.72, 14.8]}, "properties": {"operator": "airtel", "technology": "4G", "tests": 1, "avg_download": 24.14, "avg_quality": 64.69}}, {"type": "Feature", "geometry": {"type": "Point", "coordinates": [92.44, 8.62]}, "properties": {"operator": "airtel", "technology": "4G", "tests": 1, "avg_download": 28.04, "avg_quality": 52.62}}, {"type": "Feature", "geometry": {"type": "Point", "coordinates": [80.61, 25.62]}, "properties": {"operator": "airtel", "technology": "4G", "tests": 1, "avg_download": 29.0, "avg_quality": 79.02}}, {"type": "Feature", "geometry": {"type": "Point", "coordinates": [74.03, 10.19]}, "properties": {"operator": "jio", "technology": "4G", "tests": 1, "avg_download": 5.92, "avg_quality": 67.21}}, {"type": "Feature", "geometry": {"type": "Point", "coordinates": [81.39, 10.37]}, "properties": {"operator": "airtel", "technology": "5G", "tests": 1, "avg_download": 72.0, "avg_quality": 68.8}}, {"type": "Feature", "geometry": {"type": "Point", "coordinates": [74.99, 21.87]}, "properties": {"operator": "airtel", "technology": "5G", "tests": 1, "avg_download": 92.39, "avg_quality": 58.78}}, {"type": "Feature", "geometry": {"type": "Point", "coordinates": [91.08, 12.52]}, "properties": {"operator": "vi", "technology": "5G", "tests": 1, "avg_download": 35.97, "avg_quality": 76.49}}, {"type": "Feature", "geometry": {"type": "Point", "coordinates": [83.89, 10.07]}, "properties": {"operator": "airtel", "technology": "4G", "tests": 1, "avg_download": 14.77, "avg_quality": 45.16}}, {"type": "Feature", "geometry": {"type": "Point", "coordinates": [72.55, 14.99]}, "properties": {"operator": "jio", "technology": "5G", "tests": 1, "avg_download": 107.97, "avg_quality": 98.64}}, {"type": "Feature", "geometry": {"type": "Point", "coordinates": [94.07, 35.43]}, "properties": {"operator": "jio", "technology": "4G", "tests": 1, "avg_download": 31.15, "avg_quality": 69.83}}, {"type": "Feature", "geometry": {"type": "Point", "coordinates": [88.69, 26.09]}, "properties": {"operator": "jio", "technology": "5G", "tests": 1, "avg_download": 108.44, "avg_quality": 79.06}}, {"type": "Feature", "geometry": {"type": "Point", "coordinates": [77.4, 17.36]}, "properties": {"operator": "airtel", "technology": "4G", "tests": 1, "avg_download": 19.9, "avg_quality": 60.76}}, {"type": "Feature", "geometry": {"type": "Point", "coordinates": [86.13, 20.71]}, "properties": {"operator": "vi", "technology": "5G", "tests": 1, "avg_download": 38.35, "avg_quality": 63.71}}, {"type": "Feature", "geometry": {"type": "Point", "coordinates": [86.55, 18.1]}, "properties": {"operator": "airtel", "technology": "5G", "tests": 1, "avg_download": 79.26, "avg_quality": 73.98}}, {"type": "Feature", "geometry": {"type": "Point", "coordinates": [91.87, 23.03]}, "properties": {"operator": "jio", "technology": "4G", "tests": 1, "avg_download": 16.77, "avg_quality": 70.38}}, {"type": "Feature", "geometry": {"type": "Point", "coordinates": [68.87, 26.01]}, "properties": {"operator": "vi", "technology": "5G", "tests": 1, "avg_download": 48.71, "avg_quality": 68.71}}, {"type": "Feature", "geometry": {"type": "Point", "coordinates": [84.07, 33.37]}, "properties": {"operator": "airtel", "technology": "5G", "tests": 1, "avg_download": 78.22, "avg_quality": 89.2}}, {"type": "Feature", "geometry": {"type": "Point", "coordinates": [81.28, 8.79]}, "properties": {"operator": "vi", "technology": "5G", "tests": 1, "avg_download": 35.34, "avg_quality": 85.72}}, {"type": "Feature", "geometry": {"type": "Point", "coordinates": [80.56, 12.14]}, "properties": {"operator": "vi", "technology": "5G", "tests": 1, "avg_download": 45.98, "avg_quality": 67.33}}, {"type": "Feature", "geometry": {"type": "Point", "coordinates": [84.93, 28.27]}, "properties": {"operator": "jio", "technology": "4G", "tests": 1, "avg_download": 28.06, "avg_quality": 48.23}}, {"type": "Feature", "geometry": {"type": "Point", "coordinates": [81.8, 19.51]}, "properties": {"operator": "vi", "technology": "4G", "tests": 1, "avg_download": 16.6, "avg_quality": 66.08}}, {"type": "Feature", "geometry": {"type": "Point", "coordinates": [91.93, 17.48]}, "properties": {"operator": "jio", "technology": "4G", "tests": 1, "avg_download": 22.05, "avg_quality": 48.36}}, {"type": "Feature", "geometry": {"type": "Point", "coordinates": [92.51, 24.96]}, "properties": {"operator": "airtel", "technology": "5G", "tests": 1, "avg_download": 50.09, "avg_quality": 59.14}}, {"type": "Feature", "geometry": {"type": "Point", "coordinates": [95.1, 13.79]}, "properties": {"operator": "vi", "technology": "4G", "tests": 1, "avg_download": 23.84, "avg_quality": 60.67}}, {"type": "Feature", "geometry": {"type": "Point", "coordinates": [80.78, 11.15]}, "properties": {"operator": "vi", "technology": "4G", "tests": 1, "avg_download": 20.29, "avg_quality": 62.12}}, {"type": "Feature", "geometry": {"type": "Point", "coordinates": [80.75, 32.78]}, "properties": {"operator": "vi", "technology": "5G", "tests": 1, "avg_download": 73.53, "avg_quality": 85.69}}, {"type": "Feature", "geometry": {"type": "Point", "coordinates": [80.66, 27.53]}, "properties": {"operator": "vi", "technology": "4G", "tests": 1, "avg_download": 27.73, "avg_quality": 64.45}}, {"type": "Feature", "geometry": {"type": "Point", "coordinates": [87.42, 16.31]}, "properties": {"operator": "vi", "technology": "4G", "tests": 1, "avg_download": 23.76, "avg_quality": 54.68}}, {"type": "Feature", "geometry": {"type": "Point", "coordinates": [82.08, 11.98]}, "properties": {"operator": "jio", "technology": "5G", "tests": 1, "avg_download": 80.32, "avg_quality": 86.51}}, {"type": "Feature", "geometry": {"type": "Point", "coordinates": [85.33, 12.42]}, "properties": {"operator": "vi", "technology": "4G", "tests": 1, "avg_download": 14.77, "avg_quality": 63.94}}, {"type": "Feature", "geometry": {"type": "Point", "coordinates": [89.54, 28.37]}, "properties": {"operator": "jio", "technology": "5G", "tests": 1, "avg_download": 79.95, "avg_quality": 90.91}}, {"type": "Feature", "geometry": {"type": "Point", "coordinates": [95.68, 20.78]}, "properties": {"operator": "jio", "technology": "5G", "tests": 1, "avg_download": 97.29, "avg_quality": 90.05}}, {"type": "Feature", "geometry": {"type": "Point", "coordinates": [72.04, 11.74]}, "properties": {"operator": "jio", "technology": "5G", "tests": 1, "avg_download": 97.31, "avg_quality": 58.56}}, {"type": "Feature", "geometry": {"type": "Point", "coordinates": [80.88, 34.32]}, "properties": {"operator": "jio", "technology": "5G", "tests": 1, "avg_download": 84.13, "avg_quality": 80.57}}, {"type": "Feature", "geometry": {"type": "Point", "coordinates": [89.93, 29.67]}, "properties": {"operator": "jio", "technology": "4G", "tests": 1, "avg_download": 28.86, "avg_quality": 74.17}}, {"type": "Feature", "geometry": {"type": "Point", "coordinates": [87.63, 24.91]}, "properties": {"operator": "jio", "technology": "5G", "tests": 1, "avg_download": 106.6, "avg_quality": 87.19}}, {"type": "Feature", "geometry": {"type": "Point", "coordinates": [85.85, 27.76]}, "properties": {"operator": "jio", "technology": "5G", "tests": 1, "avg_download": 92.8, "avg_quality": 100.46}}, {"type": "Feature", "geometry": {"type": "Point", "coordinates": [77.64, 31.93]}, "properties": {"operator": "airtel", "technology": "4G", "tests": 1, "avg_download": 28.35, "avg_quality": 62.86}}, {"type": "Feature", "geometry": {"type": "Point", "coordinates": [80.55, 29.36]}, "properties": {"operator": "airtel", "technology": "5G", "tests": 1, "avg_download": 43.34, "avg_quality": 79.38}}, {"type": "Feature", "geometry": {"type": "Point", "coordinates": [68.97, 29.52]}, "properties": {"operator": "jio", "technology": "5G", "tests": 1, "avg_download": 32.49, "avg_quality": 81.04}}, {"type": "Feature", "geometry": {"type": "Point", "coordinates": [73.72, 9.89]}, "properties": {"operator": "airtel", "technology": "5G", "tests": 1, "avg_download": 65.13, "avg_quality": 72.87}}, {"type": "Feature", "geometry": {"type": "Point", "coordinates": [87.28, 22.07]}, "properties": {"operator": "vi", "technology": "5G", "tests": 1, "avg_download": 82.4, "avg_quality": 89.22}}, {"type": "Feature", "geometry": {"type": "Point", "coordinates": [85.99, 35.44]}, "properties": {"operator": "airtel", "technology": "5G", "tests": 1, "avg_download": 86.56, "avg_quality": 78.21}}, {"type": "Feature", "geometry": {"type": "Point", "coordinates": [82.51, 25.21]}, "properties": {"operator": "airtel", "technology": "4G", "tests": 1, "avg_download": 18.93, "avg_quality": 73.94}}, {"type": "Feature", "geometry": {"type": "Point", "coordinates": [84.07, 16.23]}, "properties": {"operator": "vi", "technology": "5G", "tests": 1, "avg_download": 59.17, "avg_quality": 55.86}}, {"type": "Feature", "geometry": {"type": "Point", "coordinates": [72.12, 20.53]}, "properties": {"operator": "vi", "technology": "5G", "tests": 1, "avg_download": 73.8, "avg_quality": 89.24}}, {"type": "Feature", "geometry": {"type": "Point", "coordinates": [72.16, 15.81]}, "properties": {"operator": "jio", "technology": "5G", "tests": 1, "avg_download": 69.39, "avg_quality": 76.15}}, {"type": "Feature", "geometry": {"type": "Point", "coordinates": [91.83, 9.43]}, "properties": {"operator": "vi", "technology": "5G", "tests": 1, "avg_download": 62.68, "avg_quality": 64.8}}, {"type": "Feature", "geometry": {"type": "Point", "coordinates": [95.01, 21.52]}, "properties": {"operator": "jio", "technology": "5G", "tests": 1, "avg_download": 75.45, "avg_quality": 80.22}}, {"type": "Feature", "geometry": {"type": "Point", "coordinates": [94.56, 19.94]}, "properties": {"operator": "vi", "technology": "5G", "tests": 1, "avg_download": 71.41, "avg_quality": 77.52}}, {"type": "Feature", "geometry": {"type": "Point", "coordinates": [88.73, 23.38]}, "properties": {"operator": "airtel", "technology": "5G", "tests": 1, "avg_download": 58.27, "avg_quality": 81.96}}, {"type": "Feature", "geometry": {"type": "Point", "coordinates": [77.86, 22.54]}, "properties": {"operator": "jio", "technology": "4G", "tests": 1, "avg_download": 27.65, "avg_quality": 61.3}}, {"type": "Feature", "geometry": {"type": "Point", "coordinates": [92.44, 30.64]}, "properties": {"operator": "jio", "technology": "4G", "tests": 1, "avg_download": 32.76, "avg_quality": 55.27}}, {"type": "Feature", "geometry": {"type": "Point", "coordinates": [92.25, 33.53]}, "properties": {"operator": "jio", "technology": "5G", "tests": 1, "avg_download": 97.99, "avg_quality": 69.67}}, {"type": "Feature", "geometry": {"type": "Point", "coordinates": [89.47, 26.98]}, "properties": {"operator": "vi", "technology": "4G", "tests": 1, "avg_download": 25.37, "avg_quality": 68.07}}, {"type": "Feature", "geometry": {"type": "Point", "coordinates": [92.24, 32.11]}, "properties": {"operator": "vi", "technology": "5G", "tests": 1, "avg_download": 77.62, "avg_quality": 86.02}}, {"type": "Feature", "geometry": {"type": "Point", "coordinates": [86.92, 18.37]}, "properties": {"operator": "jio", "technology": "4G", "tests": 1, "avg_download": 27.32, "avg_quality": 45.63}}, {"type": "Feature", "geometry": {"type": "Point", "coordinates": [86.6, 13.61]}, "properties": {"operator": "jio", "technology": "5G", "tests": 1, "avg_download": 77.43, "avg_quality": 95.3}}, {"type": "Feature", "geometry": {"type": "Point", "coordinates": [88.19, 27.94]}, "properties": {"operator": "airtel", "technology": "5G", "tests": 1, "avg_download": 51.57, "avg_quality": 85.8}}, {"type": "Feature", "geometry": {"type": "Point", "coordinates": [88.99, 15.54]}, "properties": {"operator": "vi", "technology": "5G", "tests": 1, "avg_download": 58.91, "avg_quality": 70.62}}, {"type": "Feature", "geometry": {"type": "Point", "coordinates": [74.18, 13.55]}, "properties": {"operator": "vi", "technology": "4G", "tests": 1, "avg_download": 8.72, "avg_quality": 73.13}}, {"type": "Feature", "geometry": {"type": "Point", "coordinates": [71.92, 18.59]}, "properties": {"operator": "airtel", "technology": "5G", "tests": 1, "avg_download": 66.3, "avg_quality": 75.16}}, {"type": "Feature", "geometry": {"type": "Point", "coordinates": [75.71, 31.64]}, "properties": {"operator": "vi", "technology": "5G", "tests": 1, "avg_download": 47.64, "avg_quality": 81.93}}, {"type": "Feature", "geometry": {"type": "Point", "coordinates": [69.11, 24.94]}, "properties": {"operator": "airtel", "technology": "5G", "tests": 1, "avg_download": 71.17, "avg_quality": 70.93}}, {"type": "Feature", "geometry": {"type": "Point", "coordinates": [74.78, 14.46]}, "properties": {"operator": "jio", "technology": "5G", "tests": 1, "avg_download": 73.47, "avg_quality": 87.46}}, {"type": "Feature", "geometry": {"type": "Point", "coordinates": [70.17, 13.53]}, "properties": {"operator": "vi", "technology": "5G", "tests": 1, "avg_download": 49.44, "avg_quality": 61.8}}, {"type": "Feature", "geometry": {"type": "Point", "coordinates": [81.5, 28.35]}, "properties": {"operator": "vi", "technology": "4G", "tests": 1, "avg_download": 21.87, "avg_quality": 62.05}}, {"type": "Feature", "geometry": {"type": "Point", "coordinates": [82.68, 30.91]}, "properties": {"operator": "airtel", "technology": "5G", "tests": 1, "avg_download": 99.98, "avg_quality": 85.04}}, {"type": "Feature", "geometry": {"type": "Point", "coordinates": [75.43, 14.69]}, "properties": {"operator": "vi", "technology": "5G", "tests": 1, "avg_download": 67.7, "avg_quality": 81.69}}, {"type": "Feature", "geometry": {"type": "Point", "coordinates": [75.01, 11.62]}, "properties": {"operator": "airtel", "technology": "4G", "tests": 1, "avg_download": 27.8, "avg_quality": 61.69}}, {"type": "Feature", "geometry": {"type": "Point", "coordinates": [74.96, 30.06]}, "properties": {"operator": "airtel", "technology": "5G", "tests": 1, "avg_download": 99.24, "avg_quality": 72.09}}, {"type": "Feature", "geometry": {"type": "Point", "coordinates": [92.69, 10.69]}, "properties": {"operator": "airtel", "technology": "5G", "tests": 1, "avg_download": 73.86, "avg_quality": 67.01}}, {"type": "Feature", "geometry": {"type": "Point", "coordinates": [73.28, 27.35]}, "properties": {"operator": "vi", "technology": "4G", "tests": 1, "avg_download": 18.61, "avg_quality": 57.39}}, {"type": "Feature", "geometry": {"type": "Point", "coordinates": [90.22, 32.81]}, "properties": {"operator": "vi", "technology": "5G", "tests": 1, "avg_download": 76.26, "avg_quality": 77.65}}, {"type": "Feature", "geometry": {"type": "Point", "coordinates": [85.27, 26.83]}, "properties": {"operator": "airtel", "technology": "4G", "tests": 1, "avg_download": 21.18, "avg_quality": 73.41}}, {"type": "Feature", "geometry": {"type": "Point", "coordinates": [85.97, 26.12]}, "properties": {"operator": "vi", "technology": "5G", "tests": 1, "avg_download": 69.8, "avg_quality": 87.61}}, {"type": "Feature", "geometry": {"type": "Point", "coordinates": [82.33, 11.35]}, "properties": {"operator": "airtel", "technology": "5G", "tests": 1, "avg_download": 47.26, "avg_quality": 73.74}}, {"type": "Feature", "geometry": {"type": "Point", "coordinates": [94.83, 13.03]}, "properties": {"operator": "jio", "technology": "4G", "tests": 1, "avg_download": 35.05, "avg_quality": 66.3}}, {"type": "Feature", "geometry": {"type": "Point", "coordinates": [90.29, 25.47]}, "properties": {"operator": "airtel", "technology": "5G", "tests": 1, "avg_download": 55.37, "avg_quality": 62.83}}, {"type": "Feature", "geometry": {"type": "Point", "coordinates": [71.47, 9.06]}, "properties": {"operator": "jio", "technology": "4G", "tests": 1, "avg_download": 27.68, "avg_quality": 53.78}}, {"type": "Feature", "geometry": {"type": "Point", "coordinates": [94.59, 8.58]}, "properties": {"operator": "jio", "technology": "5G", "tests": 1, "avg_download": 73.63, "avg_quality": 89.98}}, {"type": "Feature", "geometry": {"type": "Point", "coordinates": [75.33, 22.94]}, "properties": {"operator": "jio", "technology": "4G", "tests": 1, "avg_download": 26.59, "avg_quality": 57.77}}, {"type": "Feature", "geometry": {"type": "Point", "coordinates": [86.3, 30.42]}, "properties": {"operator": "vi", "technology": "4G", "tests": 1, "avg_download": 21.15, "avg_quality": 68.65}}, {"type": "Feature", "geometry": {"type": "Point", "coordinates": [95.67, 13.42]}, "properties": {"operator": "airtel", "technology": "4G", "tests": 1, "avg_download": 16.13, "avg_quality": 68.56}}, {"type": "Feature", "geometry": {"type": "Point", "coordinates": [79.92, 15.73]}, "properties": {"operator": "jio", "technology": "5G", "tests": 1, "avg_download": 93.97, "avg_quality": 82.71}}, {"type": "Feature", "geometry": {"type": "Point", "coordinates": [85.32, 10.83]}, "properties": {"operator": "jio", "technology": "4G", "tests": 1, "avg_download": 28.91, "avg_quality": 68.99}}, {"type": "Feature", "geometry": {"type": "Point", "coordinates": [81.39, 19.9]}, "properties": {"operator": "jio", "technology": "4G", "tests": 1, "avg_download": 38.5, "avg_quality": 53.29}}, {"type": "Feature", "geometry": {"type": "Point", "coordinates": [89.49, 34.47]}, "properties": {"operator": "jio", "technology": "4G", "tests": 1, "avg_download": 36.61, "avg_quality": 50.85}}, {"type": "Feature", "geometry": {"type": "Point", "coordinates": [80.04, 27.0]}, "properties": {"operator": "airtel", "technology": "4G", "tests": 1, "avg_download": 27.95, "avg_quality": 68.42}}, {"type": "Feature", "geometry": {"type": "Point", "coordinates": [86.69, 30.64]}, "properties": {"operator": "airtel", "technology": "5G", "tests": 1, "avg_download": 65.67, "avg_quality": 76.44}}, {"type": "Feature", "geometry": {"type": "Point", "coordinates": [76.78, 16.61]}, "properties": {"operator": "jio", "technology": "4G", "tests": 1, "avg_download": 15.23, "avg_quality": 46.36}}, {"type": "Feature", "geometry": {"type": "Point", "coordinates": [78.96, 33.26]}, "properties": {"operator": "jio", "technology": "4G", "tests": 1, "avg_download": 22.66, "avg_quality": 54.24}}, {"type": "Feature", "geometry": {"type": "Point", "coordinates": [84.29, 27.92]}, "properties": {"operator": "vi", "technology": "5G", "tests": 1, "avg_download": 43.3, "avg_quality": 60.41}}, {"type": "Feature", "geometry": {"type": "Point", "coordinates": [95.59, 30.21]}, "properties": {"operator": "vi", "technology": "5G", "tests": 1, "avg_download": 66.2, "avg_quality": 46.73}}, {"type": "Feature", "geometry": {"type": "Point", "coordinates": [70.49, 13.92]}, "properties": {"operator": "jio", "technology": "4G", "tests": 1, "avg_download": 18.46, "avg_quality": 73.17}}, {"type": "Feature", "geometry": {"type": "Point", "coordinates": [91.01, 31.24]}, "properties": {"operator": "vi", "technology": "5G", "tests": 1, "avg_download": 58.24, "avg_quality": 61.92}}, {"type": "Feature", "geometry": {"type": "Point", "coordinates": [86.52, 22.82]}, "properties": {"operator": "vi", "technology": "5G", "tests": 1, "avg_download": 66.84, "avg_quality": 80.71}}, {"type": "Feature", "geometry": {"type": "Point", "coordinates": [88.85, 19.8]}, "properties": {"operator": "jio", "technology": "5G", "tests": 1, "avg_download": 84.47, "avg_quality": 82.34}}, {"type": "Feature", "geometry": {"type": "Point", "coordinates": [79.99, 27.18]}, "properties": {"operator": "jio", "technology": "5G", "tests": 1, "avg_download": 88.22, "avg_quality": 91.88}}, {"type": "Feature", "geometry": {"type": "Point", "coordinates": [74.67, 19.25]}, "properties": {"operator": "jio", "technology": "4G", "tests": 1, "avg_download": 21.82, "avg_quality": 57.47}}, {"type": "Feature", "geometry": {"type": "Point", "coordinates": [89.86, 32.95]}, "properties": {"operator": "vi", "technology": "4G", "tests": 1, "avg_download": 19.15, "avg_quality": 61.22}}, {"type": "Feature", "geometry": {"type": "Point", "coordinates": [74.5, 18.75]}, "properties": {"operator": "vi", "technology": "4G", "tests": 1, "avg_download": 11.98, "avg_quality": 71.14}}, {"type": "Feature", "geometry": {"type": "Point", "coordinates": [74.24, 29.24]}, "properties": {"operator": "vi", "technology": "4G", "tests": 1, "avg_download": 18.65, "avg_quality": 66.04}}, {"type": "Feature", "geometry": {"type": "Point", "coordinates": [82.19, 12.9]}, "properties": {"operator": "jio", "technology": "4G", "tests": 1, "avg_download": 20.24, "avg_quality": 52.67}}, {"type": "Feature", "geometry": {"type": "Point", "coordinates": [91.93, 34.66]}, "properties": {"operator": "airtel", "technology": "5G", "tests": 1, "avg_download": 39.63, "avg_quality": 66.34}}, {"type": "Feature", "geometry": {"type": "Point", "coordinates": [76.01, 30.06]}, "properties": {"operator": "jio", "technology": "5G", "tests": 1, "avg_download": 128.24, "avg_quality": 96.22}}, {"type": "Feature", "geometry": {"type": "Point", "coordinates": [90.62, 19.51]}, "properties": {"operator": "airtel", "technology": "4G", "tests": 1, "avg_download": 15.12, "avg_quality": 73.46}}, {"type": "Feature", "geometry": {"type": "Point", "coordinates": [68.62, 11.21]}, "properties": {"operator": "jio", "technology": "4G", "tests": 1, "avg_download": 30.82, "avg_quality": 53.86}}, {"type": "Feature", "geometry": {"type": "Point", "coordinates": [75.56, 18.67]}, "properties": {"operator": "vi", "technology": "4G", "tests": 1, "avg_download": 17.62, "avg_quality": 57.99}}, {"type": "Feature", "geometry": {"type": "Point", "coordinates": [68.38, 22.75]}, "properties": {"operator": "vi", "technology": "4G", "tests": 1, "avg_download": 13.11, "avg_quality": 57.41}}, {"type": "Feature", "geometry": {"type": "Point", "coordinates": [88.27, 21.4]}, "properties": {"operator": "airtel", "technology": "5G", "tests": 1, "avg_download": 112.19, "avg_quality": 88.82}}, {"type": "Feature", "geometry": {"type": "Point", "coordinates": [78.38, 22.92]}, "properties": {"operator": "jio", "technology": "5G", "tests": 1, "avg_download": 82.76, "avg_quality": 91.8}}, {"type": "Feature", "geometry": {"type": "Point", "coordinates": [90.42, 24.84]}, "properties": {"operator": "jio", "technology": "4G", "tests": 1, "avg_download": 28.22, "avg_quality": 70.22}}, {"type": "Feature", "geometry": {"type": "Point", "coordinates": [91.8, 15.57]}, "properties": {"operator": "jio", "technology": "4G", "tests": 1, "avg_download": 22.45, "avg_quality": 52.67}}, {"type": "Feature", "geometry": {"type": "Point", "coordinates": [68.56, 24.85]}, "properties": {"operator": "jio", "technology": "4G", "tests": 1, "avg_download": 25.38, "avg_quality": 67.77}}, {"type": "Feature", "geometry": {"type": "Point", "coordinates": [70.23, 22.27]}, "properties": {"operator": "vi", "technology": "4G", "tests": 1, "avg_download": 13.81, "avg_quality": 61.04}}, {"type": "Feature", "geometry": {"type": "Point", "coordinates": [89.73, 30.01]}, "properties": {"operator": "vi", "technology": "4G", "tests": 1, "avg_download": 18.47, "avg_quality": 50.41}}, {"type": "Feature", "geometry": {"type": "Point", "coordinates": [68.07, 18.25]}, "properties": {"operator": "vi", "technology": "5G", "tests": 1, "avg_download": 54.88, "avg_quality": 77.8}}, {"type": "Feature", "geometry": {"type": "Point", "coordinates": [80.49, 34.43]}, "properties": {"operator": "vi", "technology": "5G", "tests": 1, "avg_download": 60.82, "avg_quality": 57.52}}, {"type": "Feature", "geometry": {"type": "Point", "coordinates": [73.37, 18.33]}, "properties": {"operator": "airtel", "technology": "4G", "tests": 1, "avg_download": 27.87, "avg_quality": 54.4}}, {"type": "Feature", "geometry": {"type": "Point", "coordinates": [85.78, 10.35]}, "properties": {"operator": "airtel", "technology": "4G", "tests": 1, "avg_download": 23.58, "avg_quality": 63.97}}, {"type": "Feature", "geometry": {"type": "Point", "coordinates": [71.66, 28.22]}, "properties": {"operator": "airtel", "technology": "4G", "tests": 1, "avg_download": 17.55, "avg_quality": 67.82}}, {"type": "Feature", "geometry": {"type": "Point", "coordinates": [68.17, 23.73]}, "properties": {"operator": "airtel", "technology": "4G", "tests": 1, "avg_download": 28.0, "avg_quality": 69.43}}, {"type": "Feature", "geometry": {"type": "Point", "coordinates": [72.8, 16.03]}, "properties": {"operator": "jio", "technology": "5G", "tests": 1, "avg_download": 66.25, "avg_quality": 62.81}}, {"type": "Feature", "geometry": {"type": "Point", "coordinates": [69.15, 35.96]}, "properties": {"operator": "airtel", "technology": "5G", "tests": 1, "avg_download": 46.2, "avg_quality": 76.97}}, {"type": "Feature", "geometry": {"type": "Point", "coordinates": [95.55, 10.72]}, "properties": {"operator": "vi", "technology": "4G", "tests": 1, "avg_download": 15.07, "avg_quality": 46.03}}, {"type": "Feature", "geometry": {"type": "Point", "coordinates": [74.94, 8.51]}, "properties": {"operator": "jio", "technology": "5G", "tests": 1, "avg_download": 52.28, "avg_quality": 77.77}}, {"type": "Feature", "geometry": {"type": "Point", "coordinates": [93.9, 19.02]}, "properties": {"operator": "vi", "technology": "5G", "tests": 1, "avg_download": 51.34, "avg_quality": 60.08}}, {"type": "Feature", "geometry": {"type": "Point", "coordinates": [95.18, 28.95]}, "properties": {"operator": "airtel", "technology": "4G", "tests": 1, "avg_download": 14.95, "avg_quality": 66.07}}, {"type": "Feature", "geometry": {"type": "Point", "coordinates": [71.9, 34.9]}, "properties": {"operator": "jio", "technology": "5G", "tests": 1, "avg_download": 34.59, "avg_quality": 83.34}}, {"type": "Feature", "geometry": {"type": "Point", "coordinates": [70.61, 16.48]}, "properties": {"operator": "airtel", "technology": "4G", "tests": 1, "avg_download": 22.68, "avg_quality": 62.11}}, {"type": "Feature", "geometry": {"type": "Point", "coordinates": [72.68, 26.64]}, "properties": {"operator": "vi", "technology": "5G", "tests": 1, "avg_download": 46.92, "avg_quality": 79.99}}, {"type": "Feature", "geometry": {"type": "Point", "coordinates": [69.04, 10.72]}, "properties": {"operator": "vi", "technology": "5G", "tests": 1, "avg_download": 77.18, "avg_quality": 92.74}}, {"type": "Feature", "geometry": {"type": "Point", "coordinates": [77.13, 22.39]}, "properties": {"operator": "airtel", "technology": "4G", "tests": 1, "avg_download": 18.83, "avg_quality": 47.11}}, {"type": "Feature", "geometry": {"type": "Point", "coordinates": [88.58, 8.44]}, "properties": {"operator": "vi", "technology": "4G", "tests": 1, "avg_download": 28.59, "avg_quality": 65.51}}, {"type": "Feature", "geometry": {"type": "Point", "coordinates": [81.43, 24.64]}, "properties": {"operator": "airtel", "technology": "4G", "tests": 1, "avg_download": 37.08, "avg_quality": 67.44}}, {"type": "Feature", "geometry": {"type": "Point", "coordinates": [93.2, 14.62]}, "properties": {"operator": "vi", "technology": "4G", "tests": 1, "avg_download": 23.65, "avg_quality": 48.92}}, {"type": "Feature", "geometry": {"type": "Point", "coordinates": [91.86, 8.42]}, "properties": {"operator": "airtel", "technology": "5G", "tests": 1, "avg_download": 85.69, "avg_quality": 82.42}}, {"type": "Feature", "geometry": {"type": "Point", "coordinates": [80.97, 22.06]}, "properties": {"operator": "vi", "technology": "5G", "tests": 1, "avg_download": 72.2, "avg_quality": 58.6}}, {"type": "Feature", "geometry": {"type": "Point", "coordinates": [94.14, 24.53]}, "properties": {"operator": "airtel", "technology": "4G", "tests": 1, "avg_download": 30.42, "avg_quality": 66.85}}, {"type": "Feature", "geometry": {"type": "Point", "coordinates": [92.67, 9.27]}, "properties": {"operator": "vi", "technology": "4G", "tests": 1, "avg_download": 15.52, "avg_quality": 71.26}}, {"type": "Feature", "geometry": {"type": "Point", "coordinates": [75.08, 27.22]}, "properties": {"operator": "airtel", "technology": "4G", "tests": 1, "avg_download": 19.24, "avg_quality": 51.9}}, {"type": "Feature", "geometry": {"type": "Point", "coordinates": [85.14, 28.41]}, "properties": {"operator": "jio", "technology": "4G", "tests": 1, "avg_download": 16.37, "avg_quality": 60.88}}, {"type": "Feature", "geometry": {"type": "Point", "coordinates": [78.13, 19.83]}, "properties": {"operator": "jio", "technology": "5G", "tests": 1, "avg_download": 108.3, "avg_quality": 83.72}}, {"type": "Feature", "geometry": {"type": "Point", "coordinates": [68.68, 11.34]}, "properties": {"operator": "airtel", "technology": "4G", "tests": 1, "avg_download": 22.33, "avg_quality": 52.19}}, {"type": "Feature", "geometry": {"type": "Point", "coordinates": [83.89, 10.58]}, "properties": {"operator": "vi", "technology": "4G", "tests": 1, "avg_download": 16.07, "avg_quality": 75.24}}, {"type": "Feature", "geometry": {"type": "Point", "coordinates": [86.86, 29.44]}, "properties": {"operator": "airtel", "technology": "4G", "tests": 1, "avg_download": 14.58, "avg_quality": 68.95}}, {"type": "Feature", "geometry": {"type": "Point", "coordinates": [90.36, 21.55]}, "properties": {"operator": "vi", "technology": "4G", "tests": 1, "avg_download": 21.32, "avg_quality": 57.13}}, {"type": "Feature", "geometry": {"type": "Point", "coordinates": [86.03, 20.72]}, "properties": {"operator": "airtel", "technology": "4G", "tests": 1, "avg_download": 21.41, "avg_quality": 68.03}}, {"type": "Feature", "geometry": {"type": "Point", "coordinates": [93.52, 13.15]}, "properties": {"operator": "vi", "technology": "4G", "tests": 1, "avg_download": 19.15, "avg_quality": 45.08}}, {"type": "Feature", "geometry": {"type": "Point", "coordinates": [77.66, 22.96]}, "properties": {"operator": "vi", "technology": "5G", "tests": 1, "avg_download": 39.35, "avg_quality": 69.7}}, {"type": "Feature", "geometry": {"type": "Point", "coordinates": [91.38, 34.35]}, "properties": {"operator": "airtel", "technology": "4G", "tests": 1, "avg_download": 20.25, "avg_quality": 52.77}}, {"type": "Feature", "geometry": {"type": "Point", "coordinates": [76.93, 13.46]}, "properties": {"operator": "vi", "technology": "5G", "tests": 1, "avg_download": 48.34, "avg_quality": 51.85}}, {"type": "Feature", "geometry": {"type": "Point", "coordinates": [76.39, 26.4]}, "properties": {"operator": "vi", "technology": "4G", "tests": 1, "avg_download": 19.25, "avg_quality": 50.91}}, {"type": "Feature", "geometry": {"type": "Point", "coordinates": [83.87, 22.74]}, "properties": {"operator": "vi", "technology": "5G", "tests": 1, "avg_download": 67.71, "avg_quality": 71.76}}, {"type": "Feature", "geometry": {"type": "Point", "coordinates": [69.25, 9.05]}, "properties": {"operator": "vi", "technology": "4G", "tests": 1, "avg_download": 16.55, "avg_quality": 54.85}}, {"type": "Feature", "geometry": {"type": "Point", "coordinates": [68.0, 34.12]}, "properties": {"operator": "jio", "technology": "4G", "tests": 1, "avg_download": 17.88, "avg_quality": 76.26}}, {"type": "Feature", "geometry": {"type": "Point", "coordinates": [86.61, 13.72]}, "properties": {"operator": "airtel", "technology": "5G", "tests": 1, "avg_download": 62.63, "avg_quality": 82.37}}, {"type": "Feature", "geometry": {"type": "Point", "coordinates": [75.19, 30.4]}, "properties": {"operator": "vi", "technology": "4G", "tests": 1, "avg_download": 20.4, "avg_quality": 57.1}}, {"type": "Feature", "geometry": {"type": "Point", "coordinates": [75.48, 26.13]}, "properties": {"operator": "airtel", "technology": "5G", "tests": 1, "avg_download": 76.76, "avg_quality": 95.52}}, {"type": "Feature", "geometry": {"type": "Point", "coordinates": [85.65, 23.21]}, "properties": {"operator": "airtel", "technology": "5G", "tests": 1, "avg_download": 83.45, "avg_quality": 94.78}}, {"type": "Feature", "geometry": {"type": "Point", "coordinates": [70.6, 30.03]}, "properties": {"operator": "vi", "technology": "4G", "tests": 1, "avg_download": 14.31, "avg_quality": 60.9}}, {"type": "Feature", "geometry": {"type": "Point", "coordinates": [95.79, 8.51]}, "properties": {"operator": "vi", "technology": "4G", "tests": 1, "avg_download": 20.99, "avg_quality": 77.04}}, {"type": "Feature", "geometry": {"type": "Point", "coordinates": [94.15, 17.29]}, "properties": {"operator": "vi", "technology": "4G", "tests": 1, "avg_download": 19.31, "avg_quality": 42.72}}, {"type": "Feature", "geometry": {"type": "Point", "coordinates": [70.33, 29.66]}, "properties": {"operator": "airtel", "technology": "5G", "tests": 1, "avg_download": 95.33, "avg_quality": 101.02}}, {"type": "Feature", "geometry": {"type": "Point", "coordinates": [79.32, 12.82]}, "properties": {"operator": "jio", "technology": "4G", "tests": 1, "avg_download": 18.0, "avg_quality": 68.78}}, {"type": "Feature", "geometry": {"type": "Point", "coordinates": [75.48, 33.76]}, "properties": {"operator": "airtel", "technology": "4G", "tests": 1, "avg_download": 17.99, "avg_quality": 70.61}}, {"type": "Feature", "geometry": {"type": "Point", "coordinates": [71.95, 25.97]}, "properties": {"operator": "airtel", "technology": "4G", "tests": 1, "avg_download": 24.36, "avg_quality": 57.26}}, {"type": "Feature", "geometry": {"type": "Point", "coordinates": [84.42, 22.36]}, "properties": {"operator": "vi", "technology": "4G", "tests": 1, "avg_download": 17.27, "avg_quality": 50.0}}, {"type": "Feature", "geometry": {"type": "Point", "coordinates": [68.93, 34.86]}, "properties": {"operator": "airtel", "technology": "4G", "tests": 1, "avg_download": 29.75, "avg_quality": 65.26}}, {"type": "Feature", "geometry": {"type": "Point", "coordinates": [72.32, 31.06]}, "properties": {"operator": "vi", "technology": "4G", "tests": 1, "avg_download": 28.11, "avg_quality": 61.29}}, {"type": "Feature", "geometry": {"type": "Point", "coordinates": [76.01, 21.91]}, "properties": {"operator": "airtel", "technology": "4G", "tests": 1, "avg_download": 19.22, "avg_quality": 31.77}}, {"type": "Feature", "geometry": {"type": "Point", "coordinates": [82.12, 31.9]}, "properties": {"operator": "jio", "technology": "5G", "tests": 1, "avg_download": 1.0, "avg_quality": 69.3}}, {"type": "Feature", "geometry": {"type": "Point", "coordinates": [95.71, 32.95]}, "properties": {"operator": "jio", "technology": "4G", "tests": 1, "avg_download": 36.24, "avg_quality": 61.26}}, {"type": "Feature", "geometry": {"type": "Point", "coordinates": [94.37, 31.03]}, "properties": {"operator": "jio", "technology": "5G", "tests": 1, "avg_download": 73.77, "avg_quality": 70.24}}, {"type": "Feature", "geometry": {"type": "Point", "coordinates": [82.53, 34.22]}, "properties": {"operator": "jio", "technology": "4G", "tests": 1, "avg_download": 27.0, "avg_quality": 64.36}}, {"type": "Feature", "geometry": {"type": "Point", "coordinates": [84.63, 22.13]}, "properties": {"operator": "vi", "technology": "4G", "tests": 1, "avg_download": 19.83, "avg_quality": 78.53}}, {"type": "Feature", "geometry": {"type": "Point", "coordinates": [86.59, 23.29]}, "properties": {"operator": "vi", "technology": "4G", "tests": 1, "avg_download": 11.47, "avg_quality": 54.64}}, {"type": "Feature", "geometry": {"type": "Point", "coordinates": [91.56, 14.59]}, "properties": {"operator": "jio", "technology": "4G", "tests": 1, "avg_download": 19.3, "avg_quality": 54.57}}, {"type": "Feature", "geometry": {"type": "Point", "coordinates": [88.85, 15.99]}, "properties": {"operator": "vi", "technology": "4G", "tests": 1, "avg_download": 13.79, "avg_quality": 65.98}}, {"type": "Feature", "geometry": {"type": "Point", "coordinates": [68.58, 9.56]}, "properties": {"operator": "airtel", "technology": "4G", "tests": 1, "avg_download": 25.98, "avg_quality": 77.28}}, {"type": "Feature", "geometry": {"type": "Point", "coordinates": [68.28, 27.42]}, "properties": {"operator": "vi", "technology": "4G", "tests": 1, "avg_download": 14.3, "avg_quality": 52.96}}, {"type": "Feature", "geometry": {"type": "Point", "coordinates": [82.47, 10.92]}, "properties": {"operator": "jio", "technology": "5G", "tests": 1, "avg_download": 89.32, "avg_quality": 94.88}}, {"type": "Feature", "geometry": {"type": "Point", "coordinates": [92.84, 15.76]}, "properties": {"operator": "jio", "technology": "5G", "tests": 1, "avg_download": 85.69, "avg_quality": 89.87}}, {"type": "Feature", "geometry": {"type": "Point", "coordinates": [69.53, 30.61]}, "properties": {"operator": "vi", "technology": "4G", "tests": 1, "avg_download": 24.41, "avg_quality": 61.69}}, {"type": "Feature", "geometry": {"type": "Point", "coordinates": [86.69, 17.25]}, "properties": {"operator": "airtel", "technology": "4G", "tests": 1, "avg_download": 19.44, "avg_quality": 51.37}}, {"type": "Feature", "geometry": {"type": "Point", "coordinates": [84.22, 29.38]}, "properties": {"operator": "vi", "technology": "4G", "tests": 1, "avg_download": 14.99, "avg_quality": 41.2}}, {"type": "Feature", "geometry": {"type": "Point", "coordinates": [75.56, 10.39]}, "properties": {"operator": "airtel", "technology": "5G", "tests": 1, "avg_download": 56.57, "avg_quality": 88.34}}, {"type": "Feature", "geometry": {"type": "Point", "coordinates": [75.65, 14.62]}, "properties": {"operator": "airtel", "technology": "4G", "tests": 1, "avg_download": 10.99, "avg_quality": 60.84}}, {"type": "Feature", "geometry": {"type": "Point", "coordinates": [90.94, 30.4]}, "properties": {"operator": "jio", "technology": "4G", "tests": 1, "avg_download": 19.01, "avg_quality": 59.16}}, {"type": "Feature", "geometry": {"type": "Point", "coordinates": [86.4, 21.06]}, "properties": {"operator": "vi", "technology": "5G", "tests": 1, "avg_download": 56.96, "avg_quality": 50.67}}, {"type": "Feature", "geometry": {"type": "Point", "coordinates": [75.46, 15.1]}, "properties": {"operator": "airtel", "technology": "4G", "tests": 1, "avg_download": 27.43, "avg_quality": 64.08}}, {"type": "Feature", "geometry": {"type": "Point", "coordinates": [72.92, 30.73]}, "properties": {"operator": "vi", "technology": "5G", "tests": 1, "avg_download": 81.79, "avg_quality": 92.64}}, {"type": "Feature", "geometry": {"type": "Point", "coordinates": [94.48, 22.11]}, "properties": {"operator": "jio", "technology": "5G", "tests": 1, "avg_download": 129.28, "avg_quality": 75.65}}, {"type": "Feature", "geometry": {"type": "Point", "coordinates": [70.88, 14.99]}, "properties": {"operator": "airtel", "technology": "4G", "tests": 1, "avg_download": 29.19, "avg_quality": 72.85}}, {"type": "Feature", "geometry": {"type": "Point", "coordinates": [71.06, 20.84]}, "properties": {"operator": "vi", "technology": "5G", "tests": 1, "avg_download": 65.38, "avg_quality": 88.28}}, {"type": "Feature", "geometry": {"type": "Point", "coordinates": [76.18, 8.53]}, "properties": {"operator": "airtel", "technology": "4G", "tests": 1, "avg_download": 30.21, "avg_quality": 74.12}}, {"type": "Feature", "geometry": {"type": "Point", "coordinates": [86.42, 34.17]}, "properties": {"operator": "jio", "technology": "5G", "tests": 1, "avg_download": 48.2, "avg_quality": 65.6}}, {"type": "Feature", "geometry": {"type": "Point", "coordinates": [72.05, 22.54]}, "properties": {"operator": "airtel", "technology": "5G", "tests": 1, "avg_download": 87.86, "avg_quality": 66.73}}, {"type": "Feature", "geometry": {"type": "Point", "coordinates": [81.61, 20.5]}, "properties": {"operator": "jio", "technology": "4G", "tests": 1, "avg_download": 18.64, "avg_quality": 62.07}}, {"type": "Feature", "geometry": {"type": "Point", "coordinates": [85.46, 17.54]}, "properties": {"operator": "airtel", "technology": "5G", "tests": 1, "avg_download": 39.67, "avg_quality": 76.02}}, {"type": "Feature", "geometry": {"type": "Point", "coordinates": [87.59, 33.96]}, "properties": {"operator": "vi", "technology": "4G", "tests": 1, "avg_download": 21.27, "avg_quality": 55.18}}, {"type": "Feature", "geometry": {"type": "Point", "coordinates": [84.51, 28.41]}, "properties": {"operator": "jio", "technology": "5G", "tests": 1, "avg_download": 78.85, "avg_quality": 95.16}}, {"type": "Feature", "geometry": {"type": "Point", "coordinates": [71.13, 11.95]}, "properties": {"operator": "vi", "technology": "4G", "tests": 1, "avg_download": 13.49, "avg_quality": 54.81}}, {"type": "Feature", "geometry": {"type": "Point", "coordinates": [75.15, 32.62]}, "properties": {"operator": "airtel", "technology": "4G", "tests": 1, "avg_download": 20.96, "avg_quality": 42.1}}, {"type": "Feature", "geometry": {"type": "Point", "coordinates": [75.63, 9.25]}, "properties": {"operator": "vi", "technology": "4G", "tests": 1, "avg_download": 12.35, "avg_quality": 49.16}}, {"type": "Feature", "geometry": {"type": "Point", "coordinates": [91.43, 13.1]}, "properties": {"operator": "vi", "technology": "4G", "tests": 1, "avg_download": 17.23, "avg_quality": 47.72}}, {"type": "Feature", "geometry": {"type": "Point", "coordinates": [90.12, 26.83]}, "properties": {"operator": "airtel", "technology": "5G", "tests": 1, "avg_download": 19.85, "avg_quality": 53.47}}, {"type": "Feature", "geometry": {"type": "Point", "coordinates": [73.69, 22.57]}, "properties": {"operator": "jio", "technology": "4G", "tests": 1, "avg_download": 19.23, "avg_quality": 52.82}}, {"type": "Feature", "geometry": {"type": "Point", "coordinates": [83.97, 25.7]}, "properties": {"operator": "jio", "technology": "4G", "tests": 1, "avg_download": 26.42, "avg_quality": 56.91}}, {"type": "Feature", "geometry": {"type": "Point", "coordinates": [94.73, 19.24]}, "properties": {"operator": "jio", "technology": "4G", "tests": 1, "avg_download": 18.98, "avg_quality": 61.67}}, {"type": "Feature", "geometry": {"type": "Point", "coordinates": [70.99, 8.41]}, "properties": {"operator": "airtel", "technology": "5G", "tests": 1, "avg_download": 89.62, "avg_quality": 93.16}}, {"type": "Feature", "geometry": {"type": "Point", "coordinates": [94.41, 28.24]}, "properties": {"operator": "jio", "technology": "5G", "tests": 1, "avg_download": 44.68, "avg_quality": 76.6}}, {"type": "Feature", "geometry": {"type": "Point", "coordinates": [77.63, 29.79]}, "properties": {"operator": "jio", "technology": "4G", "tests": 1, "avg_download": 13.11, "avg_quality": 66.57}}, {"type": "Feature", "geometry": {"type": "Point", "coordinates": [84.25, 31.96]}, "properties": {"operator": "jio", "technology": "5G", "tests": 1, "avg_download": 79.02, "avg_quality": 83.31}}, {"type": "Feature", "geometry": {"type": "Point", "coordinates": [93.73, 26.94]}, "properties": {"operator": "airtel", "technology": "4G", "tests": 1, "avg_download": 19.14, "avg_quality": 56.7}}, {"type": "Feature", "geometry": {"type": "Point", "coordinates": [79.53, 23.56]}, "properties": {"operator": "airtel", "technology": "4G", "tests": 1, "avg_download": 32.62, "avg_quality": 51.44}}, {"type": "Feature", "geometry": {"type": "Point", "coordinates": [70.87, 22.71]}, "properties": {"operator": "jio", "technology": "4G", "tests": 1, "avg_download": 9.65, "avg_quality": 61.71}}, {"type": "Feature", "geometry": {"type": "Point", "coordinates": [81.33, 16.92]}, "properties": {"operator": "jio", "technology": "4G", "tests": 1, "avg_download": 27.06, "avg_quality": 74.55}}, {"type": "Feature", "geometry": {"type": "Point", "coordinates": [95.68, 24.69]}, "properties": {"operator": "airtel", "technology": "4G", "tests": 1, "avg_download": 24.06, "avg_quality": 81.99}}, {"type": "Feature", "geometry": {"type": "Point", "coordinates": [90.59, 21.39]}, "properties": {"operator": "vi", "technology": "5G", "tests": 1, "avg_download": 65.14, "avg_quality": 71.7}}, {"type": "Feature", "geometry": {"type": "Point", "coordinates": [85.16, 28.25]}, "properties": {"operator": "airtel", "technology": "4G", "tests": 1, "avg_download": 28.99, "avg_quality": 67.23}}, {"type": "Feature", "geometry": {"type": "Point", "coordinates": [89.5, 31.79]}, "properties": {"operator": "airtel", "technology": "4G", "tests": 1, "avg_download": 15.28, "avg_quality": 65.38}}, {"type": "Feature", "geometry": {"type": "Point", "coordinates": [87.02, 31.57]}, "properties": {"operator": "vi", "technology": "4G", "tests": 1, "avg_download": 20.63, "avg_quality": 56.79}}, {"type": "Feature", "geometry": {"type": "Point", "coordinates": [78.3, 24.0]}, "properties": {"operator": "jio", "technology": "4G", "tests": 1, "avg_download": 16.73, "avg_quality": 55.17}}, {"type": "Feature", "geometry": {"type": "Point", "coordinates": [86.07, 27.59]}, "properties": {"operator": "jio", "technology": "5G", "tests": 1, "avg_download": 106.88, "avg_quality": 69.9}}, {"type": "Feature", "geometry": {"type": "Point", "coordinates": [70.73, 29.55]}, "properties": {"operator": "airtel", "technology": "4G", "tests": 1, "avg_download": 22.72, "avg_quality": 68.09}}, {"type": "Feature", "geometry": {"type": "Point", "coordinates": [95.75, 19.53]}, "properties": {"operator": "jio", "technology": "5G", "tests": 1, "avg_download": 93.73, "avg_quality": 86.12}}, {"type": "Feature", "geometry": {"type": "Point", "coordinates": [89.42, 25.66]}, "properties": {"operator": "vi", "technology": "4G", "tests": 1, "avg_download": 23.57, "avg_quality": 37.98}}, {"type": "Feature", "geometry": {"type": "Point", "coordinates": [89.95, 13.31]}, "properties": {"operator": "vi", "technology": "5G", "tests": 1, "avg_download": 58.4, "avg_quality": 91.83}}, {"type": "Feature", "geometry": {"type": "Point", "coordinates": [88.32, 25.55]}, "properties": {"operator": "jio", "technology": "5G", "tests": 1, "avg_download": 120.83, "avg_quality": 63.62}}, {"type": "Feature", "geometry": {"type": "Point", "coordinates": [74.78, 10.29]}, "properties": {"operator": "jio", "technology": "5G", "tests": 1, "avg_download": 89.46, "avg_quality": 78.26}}, {"type": "Feature", "geometry": {"type": "Point", "coordinates": [74.2, 23.97]}, "properties": {"operator": "jio", "technology": "4G", "tests": 1, "avg_download": 24.99, "avg_quality": 53.14}}, {"type": "Feature", "geometry": {"type": "Point", "coordinates": [93.51, 28.05]}, "properties": {"operator": "jio", "technology": "4G", "tests": 1, "avg_download": 26.54, "avg_quality": 44.36}}, {"type": "Feature", "geometry": {"type": "Point", "coordinates": [79.14, 17.17]}, "properties": {"operator": "jio", "technology": "4G", "tests": 1, "avg_download": 27.57, "avg_quality": 61.27}}, {"type": "Feature", "geometry": {"type": "Point", "coordinates": [89.52, 19.54]}, "properties": {"operator": "vi", "technology": "4G", "tests": 1, "avg_download": 14.72, "avg_quality": 57.5}}, {"type": "Feature", "geometry": {"type": "Point", "coordinates": [75.81, 14.95]}, "properties": {"operator": "airtel", "technology": "4G", "tests": 1, "avg_download": 24.38, "avg_quality": 68.93}}, {"type": "Feature", "geometry": {"type": "Point", "coordinates": [78.98, 11.4]}, "properties": {"operator": "jio", "technology": "5G", "tests": 1, "avg_download": 47.28, "avg_quality": 82.88}}, {"type": "Feature", "geometry": {"type": "Point", "coordinates": [87.16, 9.08]}, "properties": {"operator": "jio", "technology": "4G", "tests": 1, "avg_download": 23.14, "avg_quality": 61.45}}, {"type": "Feature", "geometry": {"type": "Point", "coordinates": [79.42, 17.9]}, "properties": {"operator": "airtel", "technology": "4G", "tests": 1, "avg_download": 18.48, "avg_quality": 52.2}}, {"type": "Feature", "geometry": {"type": "Point", "coordinates": [87.23, 8.16]}, "properties": {"operator": "vi", "technology": "5G", "tests": 1, "avg_download": 19.45, "avg_quality": 66.94}}, {"type": "Feature", "geometry": {"type": "Point", "coordinates": [89.88, 22.38]}, "properties": {"operator": "vi", "technology": "4G", "tests": 1, "avg_download": 19.4, "avg_quality": 52.51}}, {"type": "Feature", "geometry": {"type": "Point", "coordinates": [81.14, 22.45]}, "properties": {"operator": "vi", "technology": "5G", "tests": 1, "avg_download": 57.78, "avg_quality": 71.52}}, {"type": "Feature", "geometry": {"type": "Point", "coordinates": [70.72, 10.43]}, "properties": {"operator": "airtel", "technology": "4G", "tests": 1, "avg_download": 28.71, "avg_quality": 65.66}}, {"type": "Feature", "geometry": {"type": "Point", "coordinates": [85.57, 25.51]}, "properties": {"operator": "airtel", "technology": "4G", "tests": 1, "avg_download": 24.68, "avg_quality": 68.01}}, {"type": "Feature", "geometry": {"type": "Point", "coordinates": [77.38, 17.92]}, "properties": {"operator": "airtel", "technology": "5G", "tests": 1, "avg_download": 76.4, "avg_quality": 76.29}}, {"type": "Feature", "geometry": {"type": "Point", "coordinates": [90.91, 34.64]}, "properties": {"operator": "airtel", "technology": "5G", "tests": 1, "avg_download": 108.14, "avg_quality": 83.22}}, {"type": "Feature", "geometry": {"type": "Point", "coordinates": [89.77, 20.77]}, "properties": {"operator": "vi", "technology": "4G", "tests": 1, "avg_download": 6.88, "avg_quality": 72.94}}, {"type": "Feature", "geometry": {"type": "Point", "coordinates": [89.96, 14.73]}, "properties": {"operator": "airtel", "technology": "4G", "tests": 1, "avg_download": 13.02, "avg_quality": 69.74}}, {"type": "Feature", "geometry": {"type": "Point", "coordinates": [95.0, 13.27]}, "properties": {"operator": "jio", "technology": "5G", "tests": 1, "avg_download": 84.51, "avg_quality": 78.26}}, {"type": "Feature", "geometry": {"type": "Point", "coordinates": [90.16, 30.81]}, "properties": {"operator": "vi", "technology": "4G", "tests": 1, "avg_download": 15.69, "avg_quality": 57.56}}, {"type": "Feature", "geometry": {"type": "Point", "coordinates": [86.65, 8.64]}, "properties": {"operator": "airtel", "technology": "4G", "tests": 1, "avg_download": 21.98, "avg_quality": 74.37}}, {"type": "Feature", "geometry": {"type": "Point", "coordinates": [84.59, 27.16]}, "properties": {"operator": "airtel", "technology": "4G", "tests": 1, "avg_download": 20.87, "avg_quality": 77.15}}, {"type": "Feature", "geometry": {"type": "Point", "coordinates": [92.32, 32.7]}, "properties": {"operator": "vi", "technology": "5G", "tests": 1, "avg_download": 44.11, "avg_quality": 62.37}}, {"type": "Feature", "geometry": {"type": "Point", "coordinates": [87.72, 35.08]}, "properties": {"operator": "vi", "technology": "5G", "tests": 1, "avg_download": 15.0, "avg_quality": 65.29}}, {"type": "Feature", "geometry": {"type": "Point", "coordinates": [93.1, 32.36]}, "properties": {"operator": "vi", "technology": "4G", "tests": 1, "avg_download": 17.61, "avg_quality": 55.96}}, {"type": "Feature", "geometry": {"type": "Point", "coordinates": [68.81, 20.97]}, "properties": {"operator": "airtel", "technology": "4G", "tests": 1, "avg_download": 20.13, "avg_quality": 49.5}}, {"type": "Feature", "geometry": {"type": "Point", "coordinates": [70.78, 35.02]}, "properties": {"operator": "vi", "technology": "5G", "tests": 1, "avg_download": 74.67, "avg_quality": 80.59}}, {"type": "Feature", "geometry": {"type": "Point", "coordinates": [85.48, 12.91]}, "properties": {"operator": "jio", "technology": "4G", "tests": 1, "avg_download": 26.87, "avg_quality": 51.19}}, {"type": "Feature", "geometry": {"type": "Point", "coordinates": [91.48, 24.25]}, "properties": {"operator": "jio", "technology": "4G", "tests": 1, "avg_download": 26.04, "avg_quality": 65.14}}, {"type": "Feature", "geometry": {"type": "Point", "coordinates": [81.64, 25.96]}, "properties": {"operator": "jio", "technology": "4G", "tests": 1, "avg_download": 21.87, "avg_quality": 58.24}}, {"type": "Feature", "geometry": {"type": "Point", "coordinates": [88.83, 21.01]}, "properties": {"operator": "vi", "technology": "4G", "tests": 1, "avg_download": 15.05, "avg_quality": 66.68}}, {"type": "Feature", "geometry": {"type": "Point", "coordinates": [82.49, 28.96]}, "properties": {"operator": "vi", "technology": "5G", "tests": 1, "avg_download": 40.24, "avg_quality": 64.13}}, {"type": "Feature", "geometry": {"type": "Point", "coordinates": [85.72, 32.24]}, "properties": {"operator": "vi", "technology": "5G", "tests": 1, "avg_download": 74.76, "avg_quality": 85.87}}, {"type": "Feature", "geometry": {"type": "Point", "coordinates": [94.67, 14.32]}, "properties": {"operator": "vi", "technology": "4G", "tests": 1, "avg_download": 21.93, "avg_quality": 64.56}}, {"type": "Feature", "geometry": {"type": "Point", "coordinates": [76.89, 24.6]}, "properties": {"operator": "vi", "technology": "5G", "tests": 1, "avg_download": 78.76, "avg_quality": 82.37}}, {"type": "Feature", "geometry": {"type": "Point", "coordinates": [74.07, 18.53]}, "properties": {"operator": "jio", "technology": "5G", "tests": 1, "avg_download": 115.05, "avg_quality": 92.6}}, {"type": "Feature", "geometry": {"type": "Point", "coordinates": [89.48, 21.47]}, "properties": {"operator": "vi", "technology": "4G", "tests": 1, "avg_download": 9.72, "avg_quality": 38.75}}, {"type": "Feature", "geometry": {"type": "Point", "coordinates": [92.37, 8.66]}, "properties": {"operator": "jio", "technology": "4G", "tests": 1, "avg_download": 30.16, "avg_quality": 64.46}}, {"type": "Feature", "geometry": {"type": "Point", "coordinates": [77.44, 13.52]}, "properties": {"operator": "vi", "technology": "5G", "tests": 1, "avg_download": 76.75, "avg_quality": 87.86}}, {"type": "Feature", "geometry": {"type": "Point", "coordinates": [82.8, 30.3]}, "properties": {"operator": "airtel", "technology": "5G", "tests": 1, "avg_download": 73.01, "avg_quality": 62.81}}, {"type": "Feature", "geometry": {"type": "Point", "coordinates": [77.4, 32.42]}, "properties": {"operator": "vi", "technology": "4G", "tests": 1, "avg_download": 26.14, "avg_quality": 51.65}}, {"type": "Feature", "geometry": {"type": "Point", "coordinates": [90.73, 12.88]}, "properties": {"operator": "jio", "technology": "4G", "tests": 1, "avg_download": 12.43, "avg_quality": 60.37}}, {"type": "Feature", "geometry": {"type": "Point", "coordinates": [76.41, 29.73]}, "properties": {"operator": "jio", "technology": "5G", "tests": 1, "avg_download": 55.62, "avg_quality": 64.4}}, {"type": "Feature", "geometry": {"type": "Point", "coordinates": [70.07, 18.12]}, "properties": {"operator": "vi", "technology": "4G", "tests": 1, "avg_download": 24.68, "avg_quality": 51.33}}, {"type": "Feature", "geometry": {"type": "Point", "coordinates": [83.22, 9.39]}, "properties": {"operator": "jio", "technology": "5G", "tests": 1, "avg_download": 69.29, "avg_quality": 75.39}}, {"type": "Feature", "geometry": {"type": "Point", "coordinates": [92.39, 33.78]}, "properties": {"operator": "jio", "technology": "5G", "tests": 1, "avg_download": 64.66, "avg_quality": 89.0}}, {"type": "Feature", "geometry": {"type": "Point", "coordinates": [92.95, 32.89]}, "properties": {"operator": "vi", "technology": "4G", "tests": 1, "avg_download": 18.94, "avg_quality": 59.02}}, {"type": "Feature", "geometry": {"type": "Point", "coordinates": [92.76, 10.89]}, "properties": {"operator": "jio", "technology": "4G", "tests": 1, "avg_download": 28.63, "avg_quality": 72.24}}, {"type": "Feature", "geometry": {"type": "Point", "coordinates": [79.37, 25.75]}, "properties": {"operator": "vi", "technology": "4G", "tests": 1, "avg_download": 21.06, "avg_quality": 71.41}}, {"type": "Feature", "geometry": {"type": "Point", "coordinates": [72.87, 23.86]}, "properties": {"operator": "airtel", "technology": "5G", "tests": 1, "avg_download": 69.51, "avg_quality": 87.83}}, {"type": "Feature", "geometry": {"type": "Point", "coordinates": [88.83, 33.68]}, "properties": {"operator": "jio", "technology": "4G", "tests": 1, "avg_download": 28.94, "avg_quality": 77.77}}, {"type": "Feature", "geometry": {"type": "Point", "coordinates": [73.28, 34.23]}, "properties": {"operator": "airtel", "technology": "4G", "tests": 1, "avg_download": 15.74, "avg_quality": 58.25}}, {"type": "Feature", "geometry": {"type": "Point", "coordinates": [91.4, 19.23]}, "properties": {"operator": "vi", "technology": "5G", "tests": 1, "avg_download": 65.24, "avg_quality": 77.52}}, {"type": "Feature", "geometry": {"type": "Point", "coordinates": [82.99, 18.51]}, "properties": {"operator": "jio", "technology": "5G", "tests": 1, "avg_download": 92.51, "avg_quality": 85.11}}, {"type": "Feature", "geometry": {"type": "Point", "coordinates": [69.67, 9.39]}, "properties": {"operator": "airtel", "technology": "4G", "tests": 1, "avg_download": 30.99, "avg_quality": 76.08}}, {"type": "Feature", "geometry": {"type": "Point", "coordinates": [77.19, 11.55]}, "properties": {"operator": "vi", "technology": "4G", "tests": 1, "avg_download": 13.22, "avg_quality": 52.07}}, {"type": "Feature", "geometry": {"type": "Point", "coordinates": [85.24, 36.0]}, "properties": {"operator": "airtel", "technology": "4G", "tests": 1, "avg_download": 28.79, "avg_quality": 68.27}}, {"type": "Feature", "geometry": {"type": "Point", "coordinates": [70.31, 21.67]}, "properties": {"operator": "jio", "technology": "4G", "tests": 1, "avg_download": 14.9, "avg_quality": 63.06}}, {"type": "Feature", "geometry": {"type": "Point", "coordinates": [68.91, 29.68]}, "properties": {"operator": "airtel", "technology": "5G", "tests": 1, "avg_download": 77.29, "avg_quality": 88.56}}, {"type": "Feature", "geometry": {"type": "Point", "coordinates": [87.3, 11.79]}, "properties": {"operator": "vi", "technology": "4G", "tests": 1, "avg_download": 17.76, "avg_quality": 48.55}}, {"type": "Feature", "geometry": {"type": "Point", "coordinates": [73.11, 26.3]}, "properties": {"operator": "airtel", "technology": "4G", "tests": 1, "avg_download": 21.74, "avg_quality": 63.7}}, {"type": "Feature", "geometry": {"type": "Point", "coordinates": [89.83, 26.79]}, "properties": {"operator": "airtel", "technology": "5G", "tests": 1, "avg_download": 73.54, "avg_quality": 60.83}}, {"type": "Feature", "geometry": {"type": "Point", "coordinates": [79.2, 24.06]}, "properties": {"operator": "jio", "technology": "4G", "tests": 1, "avg_download": 32.97, "avg_quality": 76.71}}, {"type": "Feature", "geometry": {"type": "Point", "coordinates": [91.72, 20.67]}, "properties": {"operator": "jio", "technology": "5G", "tests": 1, "avg_download": 101.66, "avg_quality": 92.46}}, {"type": "Feature", "geometry": {"type": "Point", "coordinates": [75.2, 11.62]}, "properties": {"operator": "jio", "technology": "4G", "tests": 1, "avg_download": 35.67, "avg_quality": 64.71}}, {"type": "Feature", "geometry": {"type": "Point", "coordinates": [81.24, 32.39]}, "properties": {"operator": "airtel", "technology": "5G", "tests": 1, "avg_download": 94.53, "avg_quality": 84.28}}, {"type": "Feature", "geometry": {"type": "Point", "coordinates": [74.3, 28.97]}, "properties": {"operator": "airtel", "technology": "5G", "tests": 1, "avg_download": 93.91, "avg_quality": 89.7}}, {"type": "Feature", "geometry": {"type": "Point", "coordinates": [73.31, 30.73]}, "properties": {"operator": "jio", "technology": "4G", "tests": 1, "avg_download": 25.24, "avg_quality": 80.04}}, {"type": "Feature", "geometry": {"type": "Point", "coordinates": [82.56, 19.43]}, "properties": {"operator": "vi", "technology": "4G", "tests": 1, "avg_download": 16.66, "avg_quality": 40.42}}, {"type": "Feature", "geometry": {"type": "Point", "coordinates": [84.19, 20.7]}, "properties": {"operator": "vi", "technology": "5G", "tests": 1, "avg_download": 62.63, "avg_quality": 81.29}}, {"type": "Feature", "geometry": {"type": "Point", "coordinates": [70.94, 26.1]}, "properties": {"operator": "vi", "technology": "5G", "tests": 1, "avg_download": 56.35, "avg_quality": 64.53}}, {"type": "Feature", "geometry": {"type": "Point", "coordinates": [93.61, 21.21]}, "properties": {"operator": "vi", "technology": "4G", "tests": 1, "avg_download": 16.23, "avg_quality": 62.69}}, {"type": "Feature", "geometry": {"type": "Point", "coordinates": [70.62, 23.55]}, "properties": {"operator": "vi", "technology": "5G", "tests": 1, "avg_download": 59.64, "avg_quality": 79.57}}, {"type": "Feature", "geometry": {"type": "Point", "coordinates": [91.21, 27.77]}, "properties": {"operator": "airtel", "technology": "5G", "tests": 1, "avg_download": 82.44, "avg_quality": 63.16}}, {"type": "Feature", "geometry": {"type": "Point", "coordinates": [86.72, 13.87]}, "properties": {"operator": "airtel", "technology": "5G", "tests": 1, "avg_download": 104.03, "avg_quality": 95.53}}, {"type": "Feature", "geometry": {"type": "Point", "coordinates": [80.13, 28.29]}, "properties": {"operator": "jio", "technology": "4G", "tests": 1, "avg_download": 27.65, "avg_quality": 51.54}}, {"type": "Feature", "geometry": {"type": "Point", "coordinates": [79.95, 21.27]}, "properties": {"operator": "vi", "technology": "5G", "tests": 1, "avg_download": 87.46, "avg_quality": 65.58}}, {"type": "Feature", "geometry": {"type": "Point", "coordinates": [76.02, 29.24]}, "properties": {"operator": "jio", "technology": "5G", "tests": 1, "avg_download": 98.74, "avg_quality": 92.69}}, {"type": "Feature", "geometry": {"type": "Point", "coordinates": [91.94, 15.06]}, "properties": {"operator": "jio", "technology": "4G", "tests": 1, "avg_download": 16.01, "avg_quality": 63.84}}, {"type": "Feature", "geometry": {"type": "Point", "coordinates": [92.0, 9.82]}, "properties": {"operator": "jio", "technology": "5G", "tests": 1, "avg_download": 77.8, "avg_quality": 78.9}}, {"type": "Feature", "geometry": {"type": "Point", "coordinates": [70.54, 10.18]}, "properties": {"operator": "vi", "technology": "5G", "tests": 1, "avg_download": 62.9, "avg_quality": 84.2}}, {"type": "Feature", "geometry": {"type": "Point", "coordinates": [84.6, 13.6]}, "properties": {"operator": "airtel", "technology": "5G", "tests": 1, "avg_download": 65.71, "avg_quality": 84.51}}, {"type": "Feature", "geometry": {"type": "Point", "coordinates": [88.21, 9.16]}, "properties": {"operator": "airtel", "technology": "5G", "tests": 1, "avg_download": 86.58, "avg_quality": 81.81}}, {"type": "Feature", "geometry": {"type": "Point", "coordinates": [82.61, 15.67]}, "properties": {"operator": "vi", "technology": "4G", "tests": 1, "avg_download": 20.13, "avg_quality": 49.63}}, {"type": "Feature", "geometry": {"type": "Point", "coordinates": [73.3, 10.23]}, "properties": {"operator": "vi", "technology": "5G", "tests": 1, "avg_download": 69.47, "avg_quality": 58.29}}, {"type": "Feature", "geometry": {"type": "Point", "coordinates": [78.51, 23.06]}, "properties": {"operator": "vi", "technology": "4G", "tests": 1, "avg_download": 20.59, "avg_quality": 72.69}}, {"type": "Feature", "geometry": {"type": "Point", "coordinates": [84.97, 28.33]}, "properties": {"operator": "airtel", "technology": "5G", "tests": 1, "avg_download": 117.2, "avg_quality": 81.83}}, {"type": "Feature", "geometry": {"type": "Point", "coordinates": [72.58, 16.82]}, "properties": {"operator": "vi", "technology": "5G", "tests": 1, "avg_download": 54.75, "avg_quality": 55.89}}, {"type": "Feature", "geometry": {"type": "Point", "coordinates": [94.35, 28.96]}, "properties": {"operator": "vi", "technology": "5G", "tests": 1, "avg_download": 57.36, "avg_quality": 77.83}}, {"type": "Feature", "geometry": {"type": "Point", "coordinates": [69.32, 31.34]}, "properties": {"operator": "airtel", "technology": "4G", "tests": 1, "avg_download": 13.72, "avg_quality": 60.08}}, {"type": "Feature", "geometry": {"type": "Point", "coordinates": [79.68, 20.46]}, "properties": {"operator": "jio", "technology": "4G", "tests": 1, "avg_download": 34.15, "avg_quality": 84.2}}, {"type": "Feature", "geometry": {"type": "Point", "coordinates": [74.37, 21.65]}, "properties": {"operator": "airtel", "technology": "4G", "tests": 1, "avg_download": 13.49, "avg_quality": 41.75}}, {"type": "Feature", "geometry": {"type": "Point", "coordinates": [69.41, 16.15]}, "properties": {"operator": "vi", "technology": "5G", "tests": 1, "avg_download": 45.82, "avg_quality": 86.84}}, {"type": "Feature", "geometry": {"type": "Point", "coordinates": [80.87, 14.83]}, "properties": {"operator": "jio", "technology": "5G", "tests": 1, "avg_download": 21.05, "avg_quality": 73.32}}, {"type": "Feature", "geometry": {"type": "Point", "coordinates": [89.14, 8.5]}, "properties": {"operator": "airtel", "technology": "5G", "tests": 1, "avg_download": 71.26, "avg_quality": 85.85}}, {"type": "Feature", "geometry": {"type": "Point", "coordinates": [77.18, 19.78]}, "properties": {"operator": "jio", "technology": "5G", "tests": 1, "avg_download": 86.32, "avg_quality": 85.91}}, {"type": "Feature", "geometry": {"type": "Point", "coordinates": [82.74, 32.38]}, "properties": {"operator": "vi", "technology": "4G", "tests": 1, "avg_download": 16.4, "avg_quality": 60.07}}, {"type": "Feature", "geometry": {"type": "Point", "coordinates": [72.55, 32.12]}, "properties": {"operator": "vi", "technology": "5G", "tests": 1, "avg_download": 42.1, "avg_quality": 78.38}}, {"type": "Feature", "geometry": {"type": "Point", "coordinates": [71.84, 33.98]}, "properties": {"operator": "vi", "technology": "5G", "tests": 1, "avg_download": 90.84, "avg_quality": 77.86}}, {"type": "Feature", "geometry": {"type": "Point", "coordinates": [68.09, 9.44]}, "properties": {"operator": "airtel", "technology": "4G", "tests": 1, "avg_download": 24.2, "avg_quality": 68.18}}, {"type": "Feature", "geometry": {"type": "Point", "coordinates": [75.89, 29.15]}, "properties": {"operator": "airtel", "technology": "5G", "tests": 1, "avg_download": 38.45, "avg_quality": 75.92}}, {"type": "Feature", "geometry": {"type": "Point", "coordinates": [78.73, 14.36]}, "properties": {"operator": "vi", "technology": "5G", "tests": 1, "avg_download": 72.17, "avg_quality": 71.69}}, {"type": "Feature", "geometry": {"type": "Point", "coordinates": [88.65, 15.84]}, "properties": {"operator": "vi", "technology": "5G", "tests": 1, "avg_download": 92.61, "avg_quality": 92.46}}, {"type": "Feature", "geometry": {"type": "Point", "coordinates": [68.6, 35.24]}, "properties": {"operator": "jio", "technology": "5G", "tests": 1, "avg_download": 91.97, "avg_quality": 81.3}}, {"type": "Feature", "geometry": {"type": "Point", "coordinates": [90.53, 29.69]}, "properties": {"operator": "jio", "technology": "5G", "tests": 1, "avg_download": 108.26, "avg_quality": 63.86}}, {"type": "Feature", "geometry": {"type": "Point", "coordinates": [69.54, 21.89]}, "properties": {"operator": "vi", "technology": "5G", "tests": 1, "avg_download": 65.98, "avg_quality": 89.91}}, {"type": "Feature", "geometry": {"type": "Point", "coordinates": [85.94, 20.78]}, "properties": {"operator": "vi", "technology": "4G", "tests": 1, "avg_download": 17.86, "avg_quality": 69.01}}, {"type": "Feature", "geometry": {"type": "Point", "coordinates": [83.53, 26.41]}, "properties": {"operator": "vi", "technology": "5G", "tests": 1, "avg_download": 64.52, "avg_quality": 80.31}}, {"type": "Feature", "geometry": {"type": "Point", "coordinates": [81.36, 9.73]}, "properties": {"operator": "vi", "technology": "4G", "tests": 1, "avg_download": 14.75, "avg_quality": 67.49}}, {"type": "Feature", "geometry": {"type": "Point", "coordinates": [72.07, 31.08]}, "properties": {"operator": "airtel", "technology": "4G", "tests": 1, "avg_download": 27.25, "avg_quality": 65.91}}, {"type": "Feature", "geometry": {"type": "Point", "coordinates": [92.46, 19.41]}, "properties": {"operator": "jio", "technology": "5G", "tests": 1, "avg_download": 136.84, "avg_quality": 82.6}}, {"type": "Feature", "geometry": {"type": "Point", "coordinates": [90.04, 23.26]}, "properties": {"operator": "jio", "technology": "5G", "tests": 1, "avg_download": 97.25, "avg_quality": 85.84}}, {"type": "Feature", "geometry": {"type": "Point", "coordinates": [88.88, 35.33]}, "properties": {"operator": "vi", "technology": "5G", "tests": 1, "avg_download": 102.26, "avg_quality": 96.31}}, {"type": "Feature", "geometry": {"type": "Point", "coordinates": [71.57, 8.86]}, "properties": {"operator": "vi", "technology": "5G", "tests": 1, "avg_download": 92.33, "avg_quality": 94.66}}, {"type": "Feature", "geometry": {"type": "Point", "coordinates": [90.02, 26.44]}, "properties": {"operator": "vi", "technology": "5G", "tests": 1, "avg_download": 36.59, "avg_quality": 76.51}}, {"type": "Feature", "geometry": {"type": "Point", "coordinates": [77.74, 35.82]}, "properties": {"operator": "airtel", "technology": "4G", "tests": 1, "avg_download": 28.03, "avg_quality": 56.92}}, {"type": "Feature", "geometry": {"type": "Point", "coordinates": [75.94, 35.37]}, "properties": {"operator": "airtel", "technology": "4G", "tests": 1, "avg_download": 19.71, "avg_quality": 49.85}}, {"type": "Feature", "geometry": {"type": "Point", "coordinates": [79.77, 16.79]}, "properties": {"operator": "airtel", "technology": "4G", "tests": 1, "avg_download": 22.94, "avg_quality": 44.78}}, {"type": "Feature", "geometry": {"type": "Point", "coordinates": [78.43, 9.54]}, "properties": {"operator": "jio", "technology": "5G", "tests": 1, "avg_download": 91.05, "avg_quality": 79.86}}, {"type": "Feature", "geometry": {"type": "Point", "coordinates": [89.97, 32.44]}, "properties": {"operator": "jio", "technology": "4G", "tests": 1, "avg_download": 23.6, "avg_quality": 59.62}}, {"type": "Feature", "geometry": {"type": "Point", "coordinates": [73.44, 23.9]}, "properties": {"operator": "vi", "technology": "5G", "tests": 1, "avg_download": 73.41, "avg_quality": 81.76}}, {"type": "Feature", "geometry": {"type": "Point", "coordinates": [80.35, 23.2]}, "properties": {"operator": "vi", "technology": "5G", "tests": 1, "avg_download": 81.36, "avg_quality": 83.84}}, {"type": "Feature", "geometry": {"type": "Point", "coordinates": [90.45, 35.96]}, "properties": {"operator": "vi", "technology": "5G", "tests": 1, "avg_download": 80.31, "avg_quality": 76.05}}, {"type": "Feature", "geometry": {"type": "Point", "coordinates": [93.67, 34.23]}, "properties": {"operator": "vi", "technology": "4G", "tests": 1, "avg_download": 12.96, "avg_quality": 63.85}}, {"type": "Feature", "geometry": {"type": "Point", "coordinates": [85.67, 28.49]}, "properties": {"operator": "jio", "technology": "5G", "tests": 1, "avg_download": 91.77, "avg_quality": 64.92}}, {"type": "Feature", "geometry": {"type": "Point", "coordinates": [84.03, 22.67]}, "properties": {"operator": "jio", "technology": "4G", "tests": 1, "avg_download": 30.3, "avg_quality": 75.28}}, {"type": "Feature", "geometry": {"type": "Point", "coordinates": [95.72, 17.59]}, "properties": {"operator": "airtel", "technology": "5G", "tests": 1, "avg_download": 68.3, "avg_quality": 87.86}}, {"type": "Feature", "geometry": {"type": "Point", "coordinates": [80.25, 9.55]}, "properties": {"operator": "vi", "technology": "5G", "tests": 1, "avg_download": 58.61, "avg_quality": 63.27}}, {"type": "Feature", "geometry": {"type": "Point", "coordinates": [84.89, 10.93]}, "properties": {"operator": "jio", "technology": "5G", "tests": 1, "avg_download": 104.42, "avg_quality": 75.22}}, {"type": "Feature", "geometry": {"type": "Point", "coordinates": [89.71, 11.34]}, "properties": {"operator": "airtel", "technology": "4G", "tests": 1, "avg_download": 17.52, "avg_quality": 62.56}}, {"type": "Feature", "geometry": {"type": "Point", "coordinates": [70.79, 25.37]}, "properties": {"operator": "airtel", "technology": "5G", "tests": 1, "avg_download": 62.2, "avg_quality": 66.91}}, {"type": "Feature", "geometry": {"type": "Point", "coordinates": [90.99, 32.97]}, "properties": {"operator": "airtel", "technology": "4G", "tests": 1, "avg_download": 23.94, "avg_quality": 74.0}}, {"type": "Feature", "geometry": {"type": "Point", "coordinates": [90.36, 23.6]}, "properties": {"operator": "jio", "technology": "5G", "tests": 1, "avg_download": 84.55, "avg_quality": 65.29}}, {"type": "Feature", "geometry": {"type": "Point", "coordinates": [94.75, 11.82]}, "properties": {"operator": "jio", "technology": "5G", "tests": 1, "avg_download": 79.28, "avg_quality": 89.82}}, {"type": "Feature", "geometry": {"type": "Point", "coordinates": [80.32, 10.97]}, "properties": {"operator": "vi", "technology": "4G", "tests": 1, "avg_download": 12.52, "avg_quality": 66.04}}, {"type": "Feature", "geometry": {"type": "Point", "coordinates": [91.15, 9.94]}, "properties": {"operator": "vi", "technology": "5G", "tests": 1, "avg_download": 45.95, "avg_quality": 68.51}}, {"type": "Feature", "geometry": {"type": "Point", "coordinates": [78.71, 33.25]}, "properties": {"operator": "jio", "technology": "5G", "tests": 1, "avg_download": 48.25, "avg_quality": 65.2}}, {"type": "Feature", "geometry": {"type": "Point", "coordinates": [83.1, 20.73]}, "properties": {"operator": "airtel", "technology": "5G", "tests": 1, "avg_download": 94.99, "avg_quality": 99.14}}, {"type": "Feature", "geometry": {"type": "Point", "coordinates": [85.23, 26.86]}, "properties": {"operator": "airtel", "technology": "4G", "tests": 1, "avg_download": 16.61, "avg_quality": 58.34}}, {"type": "Feature", "geometry": {"type": "Point", "coordinates": [88.14, 10.69]}, "properties": {"operator": "jio", "technology": "4G", "tests": 1, "avg_download": 29.03, "avg_quality": 58.52}}, {"type": "Feature", "geometry": {"type": "Point", "coordinates": [73.7, 31.81]}, "properties": {"operator": "airtel", "technology": "5G", "tests": 1, "avg_download": 41.6, "avg_quality": 69.93}}, {"type": "Feature", "geometry": {"type": "Point", "coordinates": [82.81, 30.32]}, "properties": {"operator": "vi", "technology": "5G", "tests": 1, "avg_download": 64.81, "avg_quality": 76.61}}, {"type": "Feature", "geometry": {"type": "Point", "coordinates": [95.79, 27.05]}, "properties": {"operator": "jio", "technology": "5G", "tests": 1, "avg_download": 113.05, "avg_quality": 82.79}}, {"type": "Feature", "geometry": {"type": "Point", "coordinates": [79.37, 9.54]}, "properties": {"operator": "vi", "technology": "4G", "tests": 1, "avg_download": 25.39, "avg_quality": 67.36}}, {"type": "Feature", "geometry": {"type": "Point", "coordinates": [71.91, 34.11]}, "properties": {"operator": "jio", "technology": "4G", "tests": 1, "avg_download": 12.06, "avg_quality": 67.41}}, {"type": "Feature", "geometry": {"type": "Point", "coordinates": [76.64, 32.55]}, "properties": {"operator": "jio", "technology": "4G", "tests": 1, "avg_download": 27.96, "avg_quality": 62.59}}, {"type": "Feature", "geometry": {"type": "Point", "coordinates": [75.47, 35.97]}, "properties": {"operator": "jio", "technology": "4G", "tests": 1, "avg_download": 26.5, "avg_quality": 78.6}}, {"type": "Feature", "geometry": {"type": "Point", "coordinates": [93.06, 27.33]}, "properties": {"operator": "jio", "technology": "4G", "tests": 1, "avg_download": 27.41, "avg_quality": 68.9}}, {"type": "Feature", "geometry": {"type": "Point", "coordinates": [72.92, 28.92]}, "properties": {"operator": "jio", "technology": "5G", "tests": 1, "avg_download": 67.1, "avg_quality": 75.94}}, {"type": "Feature", "geometry": {"type": "Point", "coordinates": [89.25, 11.56]}, "properties": {"operator": "vi", "technology": "4G", "tests": 1, "avg_download": 21.16, "avg_quality": 62.96}}, {"type": "Feature", "geometry": {"type": "Point", "coordinates": [90.38, 23.92]}, "properties": {"operator": "airtel", "technology": "5G", "tests": 1, "avg_download": 78.83, "avg_quality": 60.18}}, {"type": "Feature", "geometry": {"type": "Point", "coordinates": [77.28, 8.8]}, "properties": {"operator": "airtel", "technology": "4G", "tests": 1, "avg_download": 31.03, "avg_quality": 64.34}}, {"type": "Feature", "geometry": {"type": "Point", "coordinates": [74.08, 12.71]}, "properties": {"operator": "vi", "technology": "4G", "tests": 1, "avg_download": 18.0, "avg_quality": 56.3}}, {"type": "Feature", "geometry": {"type": "Point", "coordinates": [75.46, 12.55]}, "properties": {"operator": "jio", "technology": "4G", "tests": 1, "avg_download": 32.73, "avg_quality": 78.25}}, {"type": "Feature", "geometry": {"type": "Point", "coordinates": [69.31, 9.47]}, "properties": {"operator": "airtel", "technology": "4G", "tests": 1, "avg_download": 25.27, "avg_quality": 71.41}}, {"type": "Feature", "geometry": {"type": "Point", "coordinates": [93.48, 23.53]}, "properties": {"operator": "airtel", "technology": "4G", "tests": 1, "avg_download": 25.05, "avg_quality": 54.7}}, {"type": "Feature", "geometry": {"type": "Point", "coordinates": [71.93, 25.77]}, "properties": {"operator": "jio", "technology": "5G", "tests": 1, "avg_download": 76.14, "avg_quality": 76.6}}, {"type": "Feature", "geometry": {"type": "Point", "coordinates": [95.38, 34.21]}, "properties": {"operator": "vi", "technology": "4G", "tests": 1, "avg_download": 8.45, "avg_quality": 51.85}}, {"type": "Feature", "geometry": {"type": "Point", "coordinates": [81.7, 26.0]}, "properties": {"operator": "airtel", "technology": "5G", "tests": 1, "avg_download": 99.94, "avg_quality": 92.03}}, {"type": "Feature", "geometry": {"type": "Point", "coordinates": [83.37, 11.8]}, "properties": {"operator": "vi", "technology": "4G", "tests": 1, "avg_download": 15.08, "avg_quality": 46.83}}, {"type": "Feature", "geometry": {"type": "Point", "coordinates": [69.55, 29.39]}, "properties": {"operator": "airtel", "technology": "4G", "tests": 1, "avg_download": 31.27, "avg_quality": 60.64}}, {"type": "Feature", "geometry": {"type": "Point", "coordinates": [73.68, 33.84]}, "properties": {"operator": "airtel", "technology": "4G", "tests": 1, "avg_download": 16.98, "avg_quality": 75.06}}, {"type": "Feature", "geometry": {"type": "Point", "coordinates": [93.81, 8.66]}, "properties": {"operator": "jio", "technology": "5G", "tests": 1, "avg_download": 33.36, "avg_quality": 61.9}}, {"type": "Feature", "geometry": {"type": "Point", "coordinates": [84.79, 12.74]}, "properties": {"operator": "jio", "technology": "5G", "tests": 1, "avg_download": 115.75, "avg_quality": 92.02}}, {"type": "Feature", "geometry": {"type": "Point", "coordinates": [85.13, 35.52]}, "properties": {"operator": "jio", "technology": "4G", "tests": 1, "avg_download": 22.72, "avg_quality": 51.0}}, {"type": "Feature", "geometry": {"type": "Point", "coordinates": [70.32, 16.69]}, "properties": {"operator": "airtel", "technology": "4G", "tests": 1, "avg_download": 19.5, "avg_quality": 68.79}}, {"type": "Feature", "geometry": {"type": "Point", "coordinates": [72.93, 31.66]}, "properties": {"operator": "vi", "technology": "5G", "tests": 1, "avg_download": 79.03, "avg_quality": 86.51}}, {"type": "Feature", "geometry": {"type": "Point", "coordinates": [69.2, 12.29]}, "properties": {"operator": "vi", "technology": "5G", "tests": 1, "avg_download": 63.1, "avg_quality": 72.31}}, {"type": "Feature", "geometry": {"type": "Point", "coordinates": [69.91, 33.43]}, "properties": {"operator": "jio", "technology": "5G", "tests": 1, "avg_download": 98.87, "avg_quality": 74.09}}, {"type": "Feature", "geometry": {"type": "Point", "coordinates": [84.36, 27.26]}, "properties": {"operator": "airtel", "technology": "5G", "tests": 1, "avg_download": 98.55, "avg_quality": 84.9}}, {"type": "Feature", "geometry": {"type": "Point", "coordinates": [90.34, 13.42]}, "properties": {"operator": "vi", "technology": "4G", "tests": 1, "avg_download": 22.37, "avg_quality": 48.0}}, {"type": "Feature", "geometry": {"type": "Point", "coordinates": [68.01, 25.7]}, "properties": {"operator": "airtel", "technology": "5G", "tests": 1, "avg_download": 44.63, "avg_quality": 86.9}}, {"type": "Feature", "geometry": {"type": "Point", "coordinates": [83.58, 26.14]}, "properties": {"operator": "jio", "technology": "5G", "tests": 1, "avg_download": 80.8, "avg_quality": 71.52}}, {"type": "Feature", "geometry": {"type": "Point", "coordinates": [77.61, 23.4]}, "properties": {"operator": "vi", "technology": "5G", "tests": 1, "avg_download": 75.33, "avg_quality": 83.67}}, {"type": "Feature", "geometry": {"type": "Point", "coordinates": [82.02, 17.77]}, "properties": {"operator": "vi", "technology": "5G", "tests": 1, "avg_download": 54.35, "avg_quality": 79.37}}, {"type": "Feature", "geometry": {"type": "Point", "coordinates": [90.15, 8.4]}, "properties": {"operator": "vi", "technology": "4G", "tests": 1, "avg_download": 21.14, "avg_quality": 53.16}}, {"type": "Feature", "geometry": {"type": "Point", "coordinates": [70.61, 34.17]}, "properties": {"operator": "vi", "technology": "5G", "tests": 1, "avg_download": 46.33, "avg_quality": 50.17}}, {"type": "Feature", "geometry": {"type": "Point", "coordinates": [80.36, 15.54]}, "properties": {"operator": "vi", "technology": "4G", "tests": 1, "avg_download": 18.91, "avg_quality": 61.61}}, {"type": "Feature", "geometry": {"type": "Point", "coordinates": [92.74, 11.58]}, "properties": {"operator": "jio", "technology": "4G", "tests": 1, "avg_download": 35.65, "avg_quality": 43.55}}, {"type": "Feature", "geometry": {"type": "Point", "coordinates": [82.56, 32.78]}, "properties": {"operator": "jio", "technology": "4G", "tests": 1, "avg_download": 35.8, "avg_quality": 74.59}}, {"type": "Feature", "geometry": {"type": "Point", "coordinates": [83.67, 24.74]}, "properties": {"operator": "vi", "technology": "5G", "tests": 1, "avg_download": 35.34, "avg_quality": 61.99}}, {"type": "Feature", "geometry": {"type": "Point", "coordinates": [73.64, 12.6]}, "properties": {"operator": "airtel", "technology": "5G", "tests": 1, "avg_download": 95.97, "avg_quality": 88.0}}, {"type": "Feature", "geometry": {"type": "Point", "coordinates": [83.59, 11.22]}, "properties": {"operator": "vi", "technology": "5G", "tests": 1, "avg_download": 105.93, "avg_quality": 96.68}}, {"type": "Feature", "geometry": {"type": "Point", "coordinates": [92.09, 22.21]}, "properties": {"operator": "vi", "technology": "5G", "tests": 1, "avg_download": 48.46, "avg_quality": 54.96}}, {"type": "Feature", "geometry": {"type": "Point", "coordinates": [75.68, 16.42]}, "properties": {"operator": "vi", "technology": "5G", "tests": 1, "avg_download": 80.59, "avg_quality": 84.88}}, {"type": "Feature", "geometry": {"type": "Point", "coordinates": [89.79, 24.52]}, "properties": {"operator": "jio", "technology": "4G", "tests": 1, "avg_download": 27.01, "avg_quality": 67.1}}, {"type": "Feature", "geometry": {"type": "Point", "coordinates": [84.15, 33.32]}, "properties": {"operator": "vi", "technology": "4G", "tests": 1, "avg_download": 22.81, "avg_quality": 59.09}}, {"type": "Feature", "geometry": {"type": "Point", "coordinates": [90.22, 20.66]}, "properties": {"operator": "vi", "technology": "5G", "tests": 1, "avg_download": 26.67, "avg_quality": 71.38}}, {"type": "Feature", "geometry": {"type": "Point", "coordinates": [81.77, 17.26]}, "properties": {"operator": "vi", "technology": "4G", "tests": 1, "avg_download": 16.57, "avg_quality": 38.89}}, {"type": "Feature", "geometry": {"type": "Point", "coordinates": [69.48, 20.5]}, "properties": {"operator": "airtel", "technology": "5G", "tests": 1, "avg_download": 113.51, "avg_quality": 72.2}}, {"type": "Feature", "geometry": {"type": "Point", "coordinates": [92.83, 12.68]}, "properties": {"operator": "vi", "technology": "4G", "tests": 1, "avg_download": 14.3, "avg_quality": 64.73}}, {"type": "Feature", "geometry": {"type": "Point", "coordinates": [72.07, 16.58]}, "properties": {"operator": "vi", "technology": "5G", "tests": 1, "avg_download": 44.34, "avg_quality": 59.11}}, {"type": "Feature", "geometry": {"type": "Point", "coordinates": [77.03, 12.61]}, "properties": {"operator": "jio", "technology": "4G", "tests": 1, "avg_download": 22.56, "avg_quality": 66.45}}, {"type": "Feature", "geometry": {"type": "Point", "coordinates": [82.78, 18.68]}, "properties": {"operator": "jio", "technology": "5G", "tests": 1, "avg_download": 113.17, "avg_quality": 75.48}}, {"type": "Feature", "geometry": {"type": "Point", "coordinates": [89.5, 23.16]}, "properties": {"operator": "airtel", "technology": "4G", "tests": 1, "avg_download": 18.79, "avg_quality": 72.39}}, {"type": "Feature", "geometry": {"type": "Point", "coordinates": [76.74, 22.36]}, "properties": {"operator": "airtel", "technology": "5G", "tests": 1, "avg_download": 75.9, "avg_quality": 69.45}}, {"type": "Feature", "geometry": {"type": "Point", "coordinates": [95.79, 11.24]}, "properties": {"operator": "vi", "technology": "4G", "tests": 1, "avg_download": 15.8, "avg_quality": 69.91}}, {"type": "Feature", "geometry": {"type": "Point", "coordinates": [80.65, 30.62]}, "properties": {"operator": "vi", "technology": "5G", "tests": 1, "avg_download": 56.97, "avg_quality": 87.49}}, {"type": "Feature", "geometry": {"type": "Point", "coordinates": [78.49, 27.76]}, "properties": {"operator": "airtel", "technology": "4G", "tests": 1, "avg_download": 22.28, "avg_quality": 61.5}}, {"type": "Feature", "geometry": {"type": "Point", "coordinates": [72.2, 11.14]}, "properties": {"operator": "jio", "technology": "5G", "tests": 1, "avg_download": 99.89, "avg_quality": 94.5}}, {"type": "Feature", "geometry": {"type": "Point", "coordinates": [79.18, 34.54]}, "properties": {"operator": "vi", "technology": "4G", "tests": 1, "avg_download": 23.02, "avg_quality": 60.25}}, {"type": "Feature", "geometry": {"type": "Point", "coordinates": [84.47, 26.92]}, "properties": {"operator": "airtel", "technology": "5G", "tests": 1, "avg_download": 97.77, "avg_quality": 86.08}}, {"type": "Feature", "geometry": {"type": "Point", "coordinates": [78.58, 24.55]}, "properties": {"operator": "airtel", "technology": "5G", "tests": 1, "avg_download": 91.71, "avg_quality": 67.14}}, {"type": "Feature", "geometry": {"type": "Point", "coordinates": [87.66, 21.56]}, "properties": {"operator": "vi", "technology": "4G", "tests": 1, "avg_download": 5.61, "avg_quality": 63.38}}, {"type": "Feature", "geometry": {"type": "Point", "coordinates": [83.09, 22.33]}, "properties": {"operator": "vi", "technology": "5G", "tests": 1, "avg_download": 66.91, "avg_quality": 81.86}}, {"type": "Feature", "geometry": {"type": "Point", "coordinates": [70.07, 9.7]}, "properties": {"operator": "airtel", "technology": "4G", "tests": 1, "avg_download": 27.06, "avg_quality": 71.16}}, {"type": "Feature", "geometry": {"type": "Point", "coordinates": [69.62, 35.75]}, "properties": {"operator": "airtel", "technology": "4G", "tests": 1, "avg_download": 24.46, "avg_quality": 55.59}}, {"type": "Feature", "geometry": {"type": "Point", "coordinates": [81.6, 20.63]}, "properties": {"operator": "jio", "technology": "4G", "tests": 1, "avg_download": 23.01, "avg_quality": 69.91}}, {"type": "Feature", "geometry": {"type": "Point", "coordinates": [92.77, 18.25]}, "properties": {"operator": "airtel", "technology": "4G", "tests": 1, "avg_download": 16.64, "avg_quality": 59.31}}, {"type": "Feature", "geometry": {"type": "Point", "coordinates": [71.46, 14.69]}, "properties": {"operator": "airtel", "technology": "4G", "tests": 1, "avg_download": 19.94, "avg_quality": 55.85}}, {"type": "Feature", "geometry": {"type": "Point", "coordinates": [91.21, 14.88]}, "properties": {"operator": "airtel", "technology": "4G", "tests": 1, "avg_download": 21.02, "avg_quality": 56.83}}, {"type": "Feature", "geometry": {"type": "Point", "coordinates": [94.33, 13.37]}, "properties": {"operator": "airtel", "technology": "4G", "tests": 1, "avg_download": 11.52, "avg_quality": 60.58}}, {"type": "Feature", "geometry": {"type": "Point", "coordinates": [73.78, 17.71]}, "properties": {"operator": "vi", "technology": "4G", "tests": 1, "avg_download": 14.44, "avg_quality": 74.04}}, {"type": "Feature", "geometry": {"type": "Point", "coordinates": [83.96, 32.39]}, "properties": {"operator": "airtel", "technology": "5G", "tests": 1, "avg_download": 85.59, "avg_quality": 86.75}}, {"type": "Feature", "geometry": {"type": "Point", "coordinates": [69.25, 13.43]}, "properties": {"operator": "vi", "technology": "5G", "tests": 1, "avg_download": 49.25, "avg_quality": 64.52}}, {"type": "Feature", "geometry": {"type": "Point", "coordinates": [80.31, 23.2]}, "properties": {"operator": "jio", "technology": "4G", "tests": 1, "avg_download": 16.2, "avg_quality": 45.91}}, {"type": "Feature", "geometry": {"type": "Point", "coordinates": [73.75, 28.06]}, "properties": {"operator": "vi", "technology": "5G", "tests": 1, "avg_download": 7.58, "avg_quality": 62.65}}, {"type": "Feature", "geometry": {"type": "Point", "coordinates": [95.72, 27.02]}, "properties": {"operator": "vi", "technology": "4G", "tests": 1, "avg_download": 15.39, "avg_quality": 62.05}}, {"type": "Feature", "geometry": {"type": "Point", "coordinates": [90.96, 24.79]}, "properties": {"operator": "jio", "technology": "4G", "tests": 1, "avg_download": 42.23, "avg_quality": 67.13}}, {"type": "Feature", "geometry": {"type": "Point", "coordinates": [78.39, 33.25]}, "properties": {"operator": "jio", "technology": "4G", "tests": 1, "avg_download": 26.69, "avg_quality": 62.38}}, {"type": "Feature", "geometry": {"type": "Point", "coordinates": [82.45, 29.88]}, "properties": {"operator": "airtel", "technology": "5G", "tests": 1, "avg_download": 68.23, "avg_quality": 73.16}}, {"type": "Feature", "geometry": {"type": "Point", "coordinates": [78.24, 9.03]}, "properties": {"operator": "jio", "technology": "5G", "tests": 1, "avg_download": 72.32, "avg_quality": 89.6}}, {"type": "Feature", "geometry": {"type": "Point", "coordinates": [68.94, 33.8]}, "properties": {"operator": "vi", "technology": "4G", "tests": 1, "avg_download": 15.38, "avg_quality": 66.66}}, {"type": "Feature", "geometry": {"type": "Point", "coordinates": [95.18, 10.42]}, "properties": {"operator": "airtel", "technology": "4G", "tests": 1, "avg_download": 15.71, "avg_quality": 54.95}}, {"type": "Feature", "geometry": {"type": "Point", "coordinates": [79.57, 25.15]}, "properties": {"operator": "vi", "technology": "5G", "tests": 1, "avg_download": 79.81, "avg_quality": 91.29}}, {"type": "Feature", "geometry": {"type": "Point", "coordinates": [78.82, 13.93]}, "properties": {"operator": "airtel", "technology": "5G", "tests": 1, "avg_download": 77.23, "avg_quality": 58.38}}, {"type": "Feature", "geometry": {"type": "Point", "coordinates": [70.21, 14.85]}, "properties": {"operator": "vi", "technology": "4G", "tests": 1, "avg_download": 24.72, "avg_quality": 65.25}}, {"type": "Feature", "geometry": {"type": "Point", "coordinates": [78.79, 9.82]}, "properties": {"operator": "vi", "technology": "5G", "tests": 1, "avg_download": 85.2, "avg_quality": 83.87}}, {"type": "Feature", "geometry": {"type": "Point", "coordinates": [71.61, 11.45]}, "properties": {"operator": "vi", "technology": "5G", "tests": 1, "avg_download": 32.88, "avg_quality": 71.32}}, {"type": "Feature", "geometry": {"type": "Point", "coordinates": [84.3, 31.17]}, "properties": {"operator": "vi", "technology": "4G", "tests": 1, "avg_download": 15.96, "avg_quality": 63.28}}, {"type": "Feature", "geometry": {"type": "Point", "coordinates": [68.08, 19.37]}, "properties": {"operator": "jio", "technology": "4G", "tests": 1, "avg_download": 16.95, "avg_quality": 50.52}}, {"type": "Feature", "geometry": {"type": "Point", "coordinates": [85.2, 25.45]}, "properties": {"operator": "jio", "technology": "4G", "tests": 1, "avg_download": 28.99, "avg_quality": 51.04}}, {"type": "Feature", "geometry": {"type": "Point", "coordinates": [81.53, 25.85]}, "properties": {"operator": "vi", "technology": "5G", "tests": 1, "avg_download": 59.42, "avg_quality": 82.0}}, {"type": "Feature", "geometry": {"type": "Point", "coordinates": [83.12, 22.82]}, "properties": {"operator": "vi", "technology": "4G", "tests": 1, "avg_download": 19.28, "avg_quality": 67.54}}, {"type": "Feature", "geometry": {"type": "Point", "coordinates": [87.84, 8.61]}, "properties": {"operator": "jio", "technology": "4G", "tests": 1, "avg_download": 28.9, "avg_quality": 62.56}}, {"type": "Feature", "geometry": {"type": "Point", "coordinates": [70.88, 11.45]}, "properties": {"operator": "vi", "technology": "4G", "tests": 1, "avg_download": 19.85, "avg_quality": 36.18}}, {"type": "Feature", "geometry": {"type": "Point", "coordinates": [79.44, 32.88]}, "properties": {"operator": "airtel", "technology": "4G", "tests": 1, "avg_download": 22.83, "avg_quality": 67.84}}, {"type": "Feature", "geometry": {"type": "Point", "coordinates": [71.37, 27.48]}, "properties": {"operator": "jio", "technology": "4G", "tests": 1, "avg_download": 31.1, "avg_quality": 55.58}}, {"type": "Feature", "geometry": {"type": "Point", "coordinates": [86.75, 33.23]}, "properties": {"operator": "airtel", "technology": "4G", "tests": 1, "avg_download": 34.22, "avg_quality": 45.93}}, {"type": "Feature", "geometry": {"type": "Point", "coordinates": [85.73, 16.58]}, "properties": {"operator": "airtel", "technology": "5G", "tests": 1, "avg_download": 83.11, "avg_quality": 74.71}}, {"type": "Feature", "geometry": {"type": "Point", "coordinates": [90.53, 32.38]}, "properties": {"operator": "airtel", "technology": "5G", "tests": 1, "avg_download": 79.62, "avg_quality": 87.09}}, {"type": "Feature", "geometry": {"type": "Point", "coordinates": [88.41, 26.38]}, "properties": {"operator": "airtel", "technology": "4G", "tests": 1, "avg_download": 23.7, "avg_quality": 70.55}}, {"type": "Feature", "geometry": {"type": "Point", "coordinates": [73.78, 22.26]}, "properties": {"operator": "vi", "technology": "5G", "tests": 1, "avg_download": 66.33, "avg_quality": 85.89}}, {"type": "Feature", "geometry": {"type": "Point", "coordinates": [92.32, 10.1]}, "properties": {"operator": "airtel", "technology": "4G", "tests": 1, "avg_download": 16.84, "avg_quality": 62.14}}, {"type": "Feature", "geometry": {"type": "Point", "coordinates": [69.32, 20.59]}, "properties": {"operator": "vi", "technology": "4G", "tests": 1, "avg_download": 20.46, "avg_quality": 51.86}}, {"type": "Feature", "geometry": {"type": "Point", "coordinates": [81.65, 30.3]}, "properties": {"operator": "vi", "technology": "5G", "tests": 1, "avg_download": 73.5, "avg_quality": 75.82}}, {"type": "Feature", "geometry": {"type": "Point", "coordinates": [74.1, 31.64]}, "properties": {"operator": "airtel", "technology": "5G", "tests": 1, "avg_download": 112.48, "avg_quality": 85.89}}, {"type": "Feature", "geometry": {"type": "Point", "coordinates": [75.17, 16.95]}, "properties": {"operator": "airtel", "technology": "5G", "tests": 1, "avg_download": 111.97, "avg_quality": 82.26}}, {"type": "Feature", "geometry": {"type": "Point", "coordinates": [79.71, 14.13]}, "properties": {"operator": "jio", "technology": "5G", "tests": 1, "avg_download": 140.7, "avg_quality": 73.22}}, {"type": "Feature", "geometry": {"type": "Point", "coordinates": [83.9, 15.9]}, "properties": {"operator": "airtel", "technology": "5G", "tests": 1, "avg_download": 120.27, "avg_quality": 70.35}}, {"type": "Feature", "geometry": {"type": "Point", "coordinates": [88.77, 33.68]}, "properties": {"operator": "vi", "technology": "5G", "tests": 1, "avg_download": 68.66, "avg_quality": 90.52}}, {"type": "Feature", "geometry": {"type": "Point", "coordinates": [82.67, 15.03]}, "properties": {"operator": "jio", "technology": "5G", "tests": 1, "avg_download": 88.78, "avg_quality": 66.64}}, {"type": "Feature", "geometry": {"type": "Point", "coordinates": [88.68, 16.76]}, "properties": {"operator": "airtel", "technology": "5G", "tests": 1, "avg_download": 61.22, "avg_quality": 68.99}}, {"type": "Feature", "geometry": {"type": "Point", "coordinates": [87.96, 26.92]}, "properties": {"operator": "jio", "technology": "4G", "tests": 1, "avg_download": 25.93, "avg_quality": 53.7}}, {"type": "Feature", "geometry": {"type": "Point", "coordinates": [80.87, 12.32]}, "properties": {"operator": "jio", "technology": "5G", "tests": 1, "avg_download": 43.89, "avg_quality": 83.35}}, {"type": "Feature", "geometry": {"type": "Point", "coordinates": [74.37, 20.97]}, "properties": {"operator": "vi", "technology": "4G", "tests": 1, "avg_download": 19.85, "avg_quality": 62.46}}, {"type": "Feature", "geometry": {"type": "Point", "coordinates": [82.02, 24.72]}, "properties": {"operator": "airtel", "technology": "4G", "tests": 1, "avg_download": 24.17, "avg_quality": 62.04}}, {"type": "Feature", "geometry": {"type": "Point", "coordinates": [81.2, 33.51]}, "properties": {"operator": "vi", "technology": "4G", "tests": 1, "avg_download": 27.62, "avg_quality": 50.33}}, {"type": "Feature", "geometry": {"type": "Point", "coordinates": [81.75, 18.67]}, "properties": {"operator": "airtel", "technology": "5G", "tests": 1, "avg_download": 22.28, "avg_quality": 62.45}}, {"type": "Feature", "geometry": {"type": "Point", "coordinates": [75.67, 27.11]}, "properties": {"operator": "airtel", "technology": "5G", "tests": 1, "avg_download": 53.02, "avg_quality": 67.92}}, {"type": "Feature", "geometry": {"type": "Point", "coordinates": [89.95, 18.7]}, "properties": {"operator": "vi", "technology": "5G", "tests": 1, "avg_download": 57.1, "avg_quality": 83.78}}, {"type": "Feature", "geometry": {"type": "Point", "coordinates": [72.35, 30.12]}, "properties": {"operator": "vi", "technology": "4G", "tests": 1, "avg_download": 21.46, "avg_quality": 55.42}}, {"type": "Feature", "geometry": {"type": "Point", "coordinates": [81.26, 26.04]}, "properties": {"operator": "airtel", "technology": "4G", "tests": 1, "avg_download": 29.05, "avg_quality": 51.14}}, {"type": "Feature", "geometry": {"type": "Point", "coordinates": [69.97, 15.37]}, "properties": {"operator": "airtel", "technology": "5G", "tests": 1, "avg_download": 66.38, "avg_quality": 73.35}}, {"type": "Feature", "geometry": {"type": "Point", "coordinates": [76.86, 30.37]}, "properties": {"operator": "airtel", "technology": "4G", "tests": 1, "avg_download": 16.06, "avg_quality": 63.28}}, {"type": "Feature", "geometry": {"type": "Point", "coordinates": [76.17, 20.6]}, "properties": {"operator": "airtel", "technology": "4G", "tests": 1, "avg_download": 18.99, "avg_quality": 53.62}}, {"type": "Feature", "geometry": {"type": "Point", "coordinates": [69.32, 34.86]}, "properties": {"operator": "airtel", "technology": "4G", "tests": 1, "avg_download": 24.49, "avg_quality": 73.4}}, {"type": "Feature", "geometry": {"type": "Point", "coordinates": [70.58, 33.54]}, "properties": {"operator": "jio", "technology": "4G", "tests": 1, "avg_download": 16.1, "avg_quality": 62.83}}, {"type": "Feature", "geometry": {"type": "Point", "coordinates": [91.55, 12.31]}, "properties": {"operator": "vi", "technology": "5G", "tests": 1, "avg_download": 59.44, "avg_quality": 85.84}}, {"type": "Feature", "geometry": {"type": "Point", "coordinates": [85.7, 28.11]}, "properties": {"operator": "airtel", "technology": "4G", "tests": 1, "avg_download": 26.5, "avg_quality": 75.19}}, {"type": "Feature", "geometry": {"type": "Point", "coordinates": [74.99, 19.18]}, "properties": {"operator": "vi", "technology": "5G", "tests": 1, "avg_download": 51.91, "avg_quality": 65.84}}, {"type": "Feature", "geometry": {"type": "Point", "coordinates": [95.54, 31.09]}, "properties": {"operator": "jio", "technology": "4G", "tests": 1, "avg_download": 36.94, "avg_quality": 51.3}}, {"type": "Feature", "geometry": {"type": "Point", "coordinates": [70.44, 34.59]}, "properties": {"operator": "airtel", "technology": "5G", "tests": 1, "avg_download": 71.9, "avg_quality": 84.8}}, {"type": "Feature", "geometry": {"type": "Point", "coordinates": [87.58, 23.1]}, "properties": {"operator": "vi", "technology": "5G", "tests": 1, "avg_download": 65.51, "avg_quality": 67.35}}, {"type": "Feature", "geometry": {"type": "Point", "coordinates": [76.77, 21.85]}, "properties": {"operator": "jio", "technology": "4G", "tests": 1, "avg_download": 29.01, "avg_quality": 52.76}}, {"type": "Feature", "geometry": {"type": "Point", "coordinates": [94.2, 11.13]}, "properties": {"operator": "airtel", "technology": "4G", "tests": 1, "avg_download": 23.33, "avg_quality": 60.09}}, {"type": "Feature", "geometry": {"type": "Point", "coordinates": [92.89, 35.07]}, "properties": {"operator": "vi", "technology": "5G", "tests": 1, "avg_download": 63.07, "avg_quality": 71.49}}, {"type": "Feature", "geometry": {"type": "Point", "coordinates": [89.55, 9.76]}, "properties": {"operator": "vi", "technology": "4G", "tests": 1, "avg_download": 10.39, "avg_quality": 50.72}}, {"type": "Feature", "geometry": {"type": "Point", "coordinates": [85.01, 34.52]}, "properties": {"operator": "airtel", "technology": "5G", "tests": 1, "avg_download": 97.97, "avg_quality": 94.06}}, {"type": "Feature", "geometry": {"type": "Point", "coordinates": [77.18, 17.91]}, "properties": {"operator": "airtel", "technology": "4G", "tests": 1, "avg_download": 19.73, "avg_quality": 68.26}}, {"type": "Feature", "geometry": {"type": "Point", "coordinates": [82.03, 13.45]}, "properties": {"operator": "vi", "technology": "5G", "tests": 1, "avg_download": 62.62, "avg_quality": 56.75}}, {"type": "Feature", "geometry": {"type": "Point", "coordinates": [78.24, 11.11]}, "properties": {"operator": "vi", "technology": "5G", "tests": 1, "avg_download": 70.05, "avg_quality": 63.81}}, {"type": "Feature", "geometry": {"type": "Point", "coordinates": [75.33, 23.35]}, "properties": {"operator": "vi", "technology": "5G", "tests": 1, "avg_download": 99.12, "avg_quality": 86.45}}, {"type": "Feature", "geometry": {"type": "Point", "coordinates": [87.56, 31.87]}, "properties": {"operator": "jio", "technology": "5G", "tests": 1, "avg_download": 40.92, "avg_quality": 62.41}}, {"type": "Feature", "geometry": {"type": "Point", "coordinates": [72.21, 18.16]}, "properties": {"operator": "vi", "technology": "5G", "tests": 1, "avg_download": 66.22, "avg_quality": 72.98}}, {"type": "Feature", "geometry": {"type": "Point", "coordinates": [72.12, 18.0]}, "properties": {"operator": "airtel", "technology": "5G", "tests": 1, "avg_download": 71.61, "avg_quality": 78.82}}, {"type": "Feature", "geometry": {"type": "Point", "coordinates": [82.02, 31.32]}, "properties": {"operator": "jio", "technology": "5G", "tests": 1, "avg_download": 91.02, "avg_quality": 82.58}}, {"type": "Feature", "geometry": {"type": "Point", "coordinates": [79.51, 31.86]}, "properties": {"operator": "airtel", "technology": "4G", "tests": 1, "avg_download": 31.2, "avg_quality": 69.75}}, {"type": "Feature", "geometry": {"type": "Point", "coordinates": [72.3, 23.39]}, "properties": {"operator": "airtel", "technology": "4G", "tests": 1, "avg_download": 14.28, "avg_quality": 59.04}}, {"type": "Feature", "geometry": {"type": "Point", "coordinates": [89.61, 14.47]}, "properties": {"operator": "airtel", "technology": "4G", "tests": 1, "avg_download": 13.9, "avg_quality": 68.3}}, {"type": "Feature", "geometry": {"type": "Point", "coordinates": [75.98, 25.6]}, "properties": {"operator": "jio", "technology": "4G", "tests": 1, "avg_download": 33.05, "avg_quality": 61.5}}, {"type": "Feature", "geometry": {"type": "Point", "coordinates": [95.41, 27.04]}, "properties": {"operator": "jio", "technology": "4G", "tests": 1, "avg_download": 23.02, "avg_quality": 52.42}}, {"type": "Feature", "geometry": {"type": "Point", "coordinates": [69.96, 21.66]}, "properties": {"operator": "jio", "technology": "5G", "tests": 1, "avg_download": 92.45, "avg_quality": 71.71}}, {"type": "Feature", "geometry": {"type": "Point", "coordinates": [81.7, 14.47]}, "properties": {"operator": "airtel", "technology": "4G", "tests": 1, "avg_download": 11.7, "avg_quality": 53.46}}, {"type": "Feature", "geometry": {"type": "Point", "coordinates": [84.83, 18.31]}, "properties": {"operator": "airtel", "technology": "4G", "tests": 1, "avg_download": 14.47, "avg_quality": 52.78}}, {"type": "Feature", "geometry": {"type": "Point", "coordinates": [78.55, 21.3]}, "properties": {"operator": "jio", "technology": "4G", "tests": 1, "avg_download": 32.54, "avg_quality": 64.64}}, {"type": "Feature", "geometry": {"type": "Point", "coordinates": [92.72, 11.41]}, "properties": {"operator": "jio", "technology": "4G", "tests": 1, "avg_download": 23.69, "avg_quality": 67.0}}, {"type": "Feature", "geometry": {"type": "Point", "coordinates": [78.95, 34.11]}, "properties": {"operator": "jio", "technology": "4G", "tests": 1, "avg_download": 20.4, "avg_quality": 64.67}}, {"type": "Feature", "geometry": {"type": "Point", "coordinates": [71.64, 23.5]}, "properties": {"operator": "airtel", "technology": "4G", "tests": 1, "avg_download": 25.47, "avg_quality": 59.75}}, {"type": "Feature", "geometry": {"type": "Point", "coordinates": [92.17, 22.57]}, "properties": {"operator": "airtel", "technology": "4G", "tests": 1, "avg_download": 34.68, "avg_quality": 59.89}}, {"type": "Feature", "geometry": {"type": "Point", "coordinates": [72.2, 16.14]}, "properties": {"operator": "jio", "technology": "5G", "tests": 1, "avg_download": 97.12, "avg_quality": 83.83}}, {"type": "Feature", "geometry": {"type": "Point", "coordinates": [75.45, 8.97]}, "properties": {"operator": "vi", "technology": "5G", "tests": 1, "avg_download": 47.41, "avg_quality": 66.39}}, {"type": "Feature", "geometry": {"type": "Point", "coordinates": [85.2, 25.51]}, "properties": {"operator": "jio", "technology": "4G", "tests": 1, "avg_download": 12.41, "avg_quality": 68.37}}, {"type": "Feature", "geometry": {"type": "Point", "coordinates": [86.0, 9.12]}, "properties": {"operator": "vi", "technology": "5G", "tests": 1, "avg_download": 50.84, "avg_quality": 58.86}}, {"type": "Feature", "geometry": {"type": "Point", "coordinates": [77.62, 8.76]}, "properties": {"operator": "airtel", "technology": "4G", "tests": 1, "avg_download": 30.33, "avg_quality": 60.67}}, {"type": "Feature", "geometry": {"type": "Point", "coordinates": [81.36, 9.58]}, "properties": {"operator": "airtel", "technology": "4G", "tests": 1, "avg_download": 20.43, "avg_quality": 43.55}}, {"type": "Feature", "geometry": {"type": "Point", "coordinates": [71.65, 17.0]}, "properties": {"operator": "airtel", "technology": "5G", "tests": 1, "avg_download": 83.54, "avg_quality": 93.13}}, {"type": "Feature", "geometry": {"type": "Point", "coordinates": [85.41, 13.28]}, "properties": {"operator": "vi", "technology": "4G", "tests": 1, "avg_download": 6.51, "avg_quality": 66.54}}, {"type": "Feature", "geometry": {"type": "Point", "coordinates": [68.81, 33.44]}, "properties": {"operator": "airtel", "technology": "5G", "tests": 1, "avg_download": 89.82, "avg_quality": 71.03}}, {"type": "Feature", "geometry": {"type": "Point", "coordinates": [90.96, 20.79]}, "properties": {"operator": "airtel", "technology": "5G", "tests": 1, "avg_download": 53.23, "avg_quality": 64.06}}, {"type": "Feature", "geometry": {"type": "Point", "coordinates": [89.48, 27.85]}, "properties": {"operator": "vi", "technology": "4G", "tests": 1, "avg_download": 25.79, "avg_quality": 53.23}}, {"type": "Feature", "geometry": {"type": "Point", "coordinates": [78.16, 8.34]}, "properties": {"operator": "jio", "technology": "5G", "tests": 1, "avg_download": 116.76, "avg_quality": 84.43}}, {"type": "Feature", "geometry": {"type": "Point", "coordinates": [84.71, 13.63]}, "properties": {"operator": "jio", "technology": "5G", "tests": 1, "avg_download": 94.68, "avg_quality": 86.37}}, {"type": "Feature", "geometry": {"type": "Point", "coordinates": [70.39, 11.03]}, "properties": {"operator": "airtel", "technology": "4G", "tests": 1, "avg_download": 26.67, "avg_quality": 70.12}}, {"type": "Feature", "geometry": {"type": "Point", "coordinates": [81.35, 13.7]}, "properties": {"operator": "airtel", "technology": "5G", "tests": 1, "avg_download": 85.71, "avg_quality": 96.14}}, {"type": "Feature", "geometry": {"type": "Point", "coordinates": [78.61, 19.07]}, "properties": {"operator": "vi", "technology": "5G", "tests": 1, "avg_download": 64.19, "avg_quality": 69.85}}, {"type": "Feature", "geometry": {"type": "Point", "coordinates": [91.64, 35.11]}, "properties": {"operator": "jio", "technology": "4G", "tests": 1, "avg_download": 16.78, "avg_quality": 49.55}}, {"type": "Feature", "geometry": {"type": "Point", "coordinates": [75.4, 19.74]}, "properties": {"operator": "airtel", "technology": "4G", "tests": 1, "avg_download": 26.56, "avg_quality": 70.75}}, {"type": "Feature", "geometry": {"type": "Point", "coordinates": [93.45, 29.32]}, "properties": {"operator": "jio", "technology": "4G", "tests": 1, "avg_download": 18.05, "avg_quality": 68.46}}, {"type": "Feature", "geometry": {"type": "Point", "coordinates": [88.45, 27.45]}, "properties": {"operator": "airtel", "technology": "5G", "tests": 1, "avg_download": 94.14, "avg_quality": 69.04}}, {"type": "Feature", "geometry": {"type": "Point", "coordinates": [78.17, 16.67]}, "properties": {"operator": "jio", "technology": "4G", "tests": 1, "avg_download": 23.82, "avg_quality": 72.21}}, {"type": "Feature", "geometry": {"type": "Point", "coordinates": [87.33, 10.28]}, "properties": {"operator": "airtel", "technology": "4G", "tests": 1, "avg_download": 15.14, "avg_quality": 46.98}}, {"type": "Feature", "geometry": {"type": "Point", "coordinates": [89.86, 15.24]}, "properties": {"operator": "airtel", "technology": "5G", "tests": 1, "avg_download": 88.48, "avg_quality": 81.12}}, {"type": "Feature", "geometry": {"type": "Point", "coordinates": [85.47, 30.74]}, "properties": {"operator": "jio", "technology": "5G", "tests": 1, "avg_download": 74.44, "avg_quality": 88.01}}, {"type": "Feature", "geometry": {"type": "Point", "coordinates": [94.01, 25.47]}, "properties": {"operator": "airtel", "technology": "4G", "tests": 1, "avg_download": 17.2, "avg_quality": 71.32}}, {"type": "Feature", "geometry": {"type": "Point", "coordinates": [80.98, 28.25]}, "properties": {"operator": "airtel", "technology": "5G", "tests": 1, "avg_download": 79.18, "avg_quality": 92.27}}, {"type": "Feature", "geometry": {"type": "Point", "coordinates": [91.1, 15.87]}, "properties": {"operator": "airtel", "technology": "4G", "tests": 1, "avg_download": 25.76, "avg_quality": 51.82}}, {"type": "Feature", "geometry": {"type": "Point", "coordinates": [73.12, 22.2]}, "properties": {"operator": "airtel", "technology": "4G", "tests": 1, "avg_download": 25.16, "avg_quality": 53.9}}, {"type": "Feature", "geometry": {"type": "Point", "coordinates": [77.04, 33.37]}, "properties": {"operator": "airtel", "technology": "4G", "tests": 1, "avg_download": 25.8, "avg_quality": 51.34}}, {"type": "Feature", "geometry": {"type": "Point", "coordinates": [72.52, 26.58]}, "properties": {"operator": "jio", "technology": "4G", "tests": 1, "avg_download": 24.78, "avg_quality": 45.33}}, {"type": "Feature", "geometry": {"type": "Point", "coordinates": [69.32, 16.95]}, "properties": {"operator": "vi", "technology": "5G", "tests": 1, "avg_download": 69.48, "avg_quality": 92.66}}, {"type": "Feature", "geometry": {"type": "Point", "coordinates": [94.54, 35.12]}, "properties": {"operator": "vi", "technology": "5G", "tests": 1, "avg_download": 50.26, "avg_quality": 81.87}}, {"type": "Feature", "geometry": {"type": "Point", "coordinates": [89.41, 8.01]}, "properties": {"operator": "vi", "technology": "4G", "tests": 1, "avg_download": 7.59, "avg_quality": 39.67}}, {"type": "Feature", "geometry": {"type": "Point", "coordinates": [91.8, 18.33]}, "properties": {"operator": "airtel", "technology": "5G", "tests": 1, "avg_download": 53.19, "avg_quality": 87.37}}, {"type": "Feature", "geometry": {"type": "Point", "coordinates": [84.12, 22.22]}, "properties": {"operator": "jio", "technology": "5G", "tests": 1, "avg_download": 111.01, "avg_quality": 98.88}}, {"type": "Feature", "geometry": {"type": "Point", "coordinates": [76.97, 22.18]}, "properties": {"operator": "airtel", "technology": "4G", "tests": 1, "avg_download": 27.32, "avg_quality": 62.87}}, {"type": "Feature", "geometry": {"type": "Point", "coordinates": [75.24, 17.41]}, "properties": {"operator": "vi", "technology": "4G", "tests": 1, "avg_download": 15.14, "avg_quality": 45.59}}, {"type": "Feature", "geometry": {"type": "Point", "coordinates": [92.06, 16.48]}, "properties": {"operator": "airtel", "technology": "5G", "tests": 1, "avg_download": 81.54, "avg_quality": 85.75}}, {"type": "Feature", "geometry": {"type": "Point", "coordinates": [85.46, 29.01]}, "properties": {"operator": "airtel", "technology": "4G", "tests": 1, "avg_download": 20.63, "avg_quality": 70.43}}, {"type": "Feature", "geometry": {"type": "Point", "coordinates": [73.73, 8.33]}, "properties": {"operator": "vi", "technology": "4G", "tests": 1, "avg_download": 18.44, "avg_quality": 62.77}}, {"type": "Feature", "geometry": {"type": "Point", "coordinates": [91.02, 10.56]}, "properties": {"operator": "airtel", "technology": "5G", "tests": 1, "avg_download": 62.02, "avg_quality": 85.51}}, {"type": "Feature", "geometry": {"type": "Point", "coordinates": [74.0, 16.93]}, "properties": {"operator": "vi", "technology": "5G", "tests": 1, "avg_download": 68.78, "avg_quality": 87.14}}, {"type": "Feature", "geometry": {"type": "Point", "coordinates": [94.1, 23.16]}, "properties": {"operator": "airtel", "technology": "4G", "tests": 1, "avg_download": 27.96, "avg_quality": 61.46}}, {"type": "Feature", "geometry": {"type": "Point", "coordinates": [80.53, 26.11]}, "properties": {"operator": "airtel", "technology": "5G", "tests": 1, "avg_download": 63.46, "avg_quality": 68.76}}, {"type": "Feature", "geometry": {"type": "Point", "coordinates": [89.06, 18.28]}, "properties": {"operator": "vi", "technology": "5G", "tests": 1, "avg_download": 38.64, "avg_quality": 72.29}}, {"type": "Feature", "geometry": {"type": "Point", "coordinates": [73.88, 23.81]}, "properties": {"operator": "vi", "technology": "5G", "tests": 1, "avg_download": 61.27, "avg_quality": 68.77}}, {"type": "Feature", "geometry": {"type": "Point", "coordinates": [77.4, 33.55]}, "properties": {"operator": "vi", "technology": "5G", "tests": 1, "avg_download": 69.68, "avg_quality": 73.12}}, {"type": "Feature", "geometry": {"type": "Point", "coordinates": [70.88, 13.39]}, "properties": {"operator": "airtel", "technology": "5G", "tests": 1, "avg_download": 70.72, "avg_quality": 72.87}}, {"type": "Feature", "geometry": {"type": "Point", "coordinates": [91.21, 11.76]}, "properties": {"operator": "vi", "technology": "5G", "tests": 1, "avg_download": 47.94, "avg_quality": 74.12}}, {"type": "Feature", "geometry": {"type": "Point", "coordinates": [83.91, 29.68]}, "properties": {"operator": "jio", "technology": "4G", "tests": 1, "avg_download": 20.29, "avg_quality": 68.28}}, {"type": "Feature", "geometry": {"type": "Point", "coordinates": [85.34, 13.46]}, "properties": {"operator": "jio", "technology": "4G", "tests": 1, "avg_download": 21.71, "avg_quality": 70.15}}, {"type": "Feature", "geometry": {"type": "Point", "coordinates": [95.52, 20.4]}, "properties": {"operator": "jio", "technology": "5G", "tests": 1, "avg_download": 98.51, "avg_quality": 83.62}}, {"type": "Feature", "geometry": {"type": "Point", "coordinates": [86.07, 16.46]}, "properties": {"operator": "vi", "technology": "4G", "tests": 1, "avg_download": 17.96, "avg_quality": 69.97}}, {"type": "Feature", "geometry": {"type": "Point", "coordinates": [89.06, 35.28]}, "properties": {"operator": "airtel", "technology": "4G", "tests": 1, "avg_download": 27.12, "avg_quality": 44.03}}, {"type": "Feature", "geometry": {"type": "Point", "coordinates": [87.59, 25.39]}, "properties": {"operator": "jio", "technology": "5G", "tests": 1, "avg_download": 50.08, "avg_quality": 58.51}}, {"type": "Feature", "geometry": {"type": "Point", "coordinates": [70.56, 25.95]}, "properties": {"operator": "jio", "technology": "4G", "tests": 1, "avg_download": 24.18, "avg_quality": 53.04}}, {"type": "Feature", "geometry": {"type": "Point", "coordinates": [71.58, 35.18]}, "properties": {"operator": "vi", "technology": "4G", "tests": 1, "avg_download": 14.67, "avg_quality": 36.94}}, {"type": "Feature", "geometry": {"type": "Point", "coordinates": [91.05, 24.79]}, "properties": {"operator": "jio", "technology": "5G", "tests": 1, "avg_download": 87.89, "avg_quality": 69.91}}, {"type": "Feature", "geometry": {"type": "Point", "coordinates": [82.03, 15.18]}, "properties": {"operator": "airtel", "technology": "5G", "tests": 1, "avg_download": 56.46, "avg_quality": 91.76}}, {"type": "Feature", "geometry": {"type": "Point", "coordinates": [83.9, 23.79]}, "properties": {"operator": "airtel", "technology": "5G", "tests": 1, "avg_download": 80.51, "avg_quality": 71.21}}, {"type": "Feature", "geometry": {"type": "Point", "coordinates": [71.91, 20.28]}, "properties": {"operator": "vi", "technology": "5G", "tests": 1, "avg_download": 38.41, "avg_quality": 70.95}}, {"type": "Feature", "geometry": {"type": "Point", "coordinates": [72.46, 31.94]}, "properties": {"operator": "vi", "technology": "4G", "tests": 1, "avg_download": 22.61, "avg_quality": 56.75}}, {"type": "Feature", "geometry": {"type": "Point", "coordinates": [83.4, 30.12]}, "properties": {"operator": "vi", "technology": "5G", "tests": 1, "avg_download": 57.58, "avg_quality": 68.55}}, {"type": "Feature", "geometry": {"type": "Point", "coordinates": [73.23, 32.45]}, "properties": {"operator": "vi", "technology": "5G", "tests": 1, "avg_download": 48.95, "avg_quality": 78.44}}, {"type": "Feature", "geometry": {"type": "Point", "coordinates": [71.26, 29.16]}, "properties": {"operator": "jio", "technology": "4G", "tests": 1, "avg_download": 22.22, "avg_quality": 68.95}}, {"type": "Feature", "geometry": {"type": "Point", "coordinates": [80.58, 15.97]}, "properties": {"operator": "vi", "technology": "5G", "tests": 1, "avg_download": 53.3, "avg_quality": 61.24}}, {"type": "Feature", "geometry": {"type": "Point", "coordinates": [88.52, 26.06]}, "properties": {"operator": "jio", "technology": "5G", "tests": 1, "avg_download": 100.61, "avg_quality": 67.06}}, {"type": "Feature", "geometry": {"type": "Point", "coordinates": [85.09, 27.81]}, "properties": {"operator": "airtel", "technology": "4G", "tests": 1, "avg_download": 25.77, "avg_quality": 71.14}}, {"type": "Feature", "geometry": {"type": "Point", "coordinates": [84.32, 25.22]}, "properties": {"operator": "jio", "technology": "4G", "tests": 1, "avg_download": 27.1, "avg_quality": 77.77}}, {"type": "Feature", "geometry": {"type": "Point", "coordinates": [73.02, 26.09]}, "properties": {"operator": "airtel", "technology": "4G", "tests": 1, "avg_download": 16.78, "avg_quality": 57.39}}, {"type": "Feature", "geometry": {"type": "Point", "coordinates": [78.44, 16.61]}, "properties": {"operator": "airtel", "technology": "4G", "tests": 1, "avg_download": 32.99, "avg_quality": 46.94}}, {"type": "Feature", "geometry": {"type": "Point", "coordinates": [95.8, 22.89]}, "properties": {"operator": "airtel", "technology": "4G", "tests": 1, "avg_download": 20.82, "avg_quality": 76.81}}, {"type": "Feature", "geometry": {"type": "Point", "coordinates": [87.3, 25.5]}, "properties": {"operator": "vi", "technology": "5G", "tests": 1, "avg_download": 45.25, "avg_quality": 67.71}}, {"type": "Feature", "geometry": {"type": "Point", "coordinates": [77.01, 10.93]}, "properties": {"operator": "airtel", "technology": "5G", "tests": 1, "avg_download": 86.89, "avg_quality": 87.61}}, {"type": "Feature", "geometry": {"type": "Point", "coordinates": [70.41, 31.82]}, "properties": {"operator": "jio", "technology": "4G", "tests": 1, "avg_download": 26.5, "avg_quality": 76.23}}, {"type": "Feature", "geometry": {"type": "Point", "coordinates": [92.12, 30.03]}, "properties": {"operator": "airtel", "technology": "5G", "tests": 1, "avg_download": 81.64, "avg_quality": 68.07}}, {"type": "Feature", "geometry": {"type": "Point", "coordinates": [73.89, 14.52]}, "properties": {"operator": "airtel", "technology": "5G", "tests": 1, "avg_download": 72.35, "avg_quality": 83.99}}, {"type": "Feature", "geometry": {"type": "Point", "coordinates": [72.81, 20.54]}, "properties": {"operator": "jio", "technology": "5G", "tests": 1, "avg_download": 52.92, "avg_quality": 80.61}}, {"type": "Feature", "geometry": {"type": "Point", "coordinates": [82.92, 20.63]}, "properties": {"operator": "airtel", "technology": "4G", "tests": 1, "avg_download": 28.15, "avg_quality": 57.36}}, {"type": "Feature", "geometry": {"type": "Point", "coordinates": [82.57, 25.45]}, "properties": {"operator": "jio", "technology": "5G", "tests": 1, "avg_download": 106.1, "avg_quality": 90.67}}, {"type": "Feature", "geometry": {"type": "Point", "coordinates": [81.5, 16.4]}, "properties": {"operator": "airtel", "technology": "4G", "tests": 1, "avg_download": 23.71, "avg_quality": 56.13}}, {"type": "Feature", "geometry": {"type": "Point", "coordinates": [70.29, 27.74]}, "properties": {"operator": "airtel", "technology": "5G", "tests": 1, "avg_download": 72.44, "avg_quality": 95.78}}, {"type": "Feature", "geometry": {"type": "Point", "coordinates": [68.34, 30.76]}, "properties": {"operator": "jio", "technology": "5G", "tests": 1, "avg_download": 114.04, "avg_quality": 92.39}}, {"type": "Feature", "geometry": {"type": "Point", "coordinates": [91.88, 19.11]}, "properties": {"operator": "vi", "technology": "4G", "tests": 1, "avg_download": 19.87, "avg_quality": 67.07}}, {"type": "Feature", "geometry": {"type": "Point", "coordinates": [74.56, 35.24]}, "properties": {"operator": "jio", "technology": "5G", "tests": 1, "avg_download": 74.23, "avg_quality": 66.4}}, {"type": "Feature", "geometry": {"type": "Point", "coordinates": [74.96, 19.92]}, "properties": {"operator": "jio", "technology": "4G", "tests": 1, "avg_download": 20.32, "avg_quality": 56.04}}, {"type": "Feature", "geometry": {"type": "Point", "coordinates": [89.79, 35.32]}, "properties": {"operator": "jio", "technology": "4G", "tests": 1, "avg_download": 28.17, "avg_quality": 76.39}}, {"type": "Feature", "geometry": {"type": "Point", "coordinates": [72.67, 33.89]}, "properties": {"operator": "jio", "technology": "5G", "tests": 1, "avg_download": 102.44, "avg_quality": 99.88}}, {"type": "Feature", "geometry": {"type": "Point", "coordinates": [68.76, 28.08]}, "properties": {"operator": "jio", "technology": "4G", "tests": 1, "avg_download": 24.58, "avg_quality": 71.63}}, {"type": "Feature", "geometry": {"type": "Point", "coordinates": [77.52, 12.99]}, "properties": {"operator": "vi", "technology": "5G", "tests": 1, "avg_download": 65.05, "avg_quality": 74.96}}, {"type": "Feature", "geometry": {"type": "Point", "coordinates": [78.63, 11.2]}, "properties": {"operator": "airtel", "technology": "4G", "tests": 1, "avg_download": 16.41, "avg_quality": 47.12}}, {"type": "Feature", "geometry": {"type": "Point", "coordinates": [94.76, 29.15]}, "properties": {"operator": "airtel", "technology": "5G", "tests": 1, "avg_download": 58.5, "avg_quality": 78.29}}, {"type": "Feature", "geometry": {"type": "Point", "coordinates": [70.21, 26.69]}, "properties": {"operator": "vi", "technology": "4G", "tests": 1, "avg_download": 17.03, "avg_quality": 65.01}}, {"type": "Feature", "geometry": {"type": "Point", "coordinates": [84.9, 29.52]}, "properties": {"operator": "vi", "technology": "4G", "tests": 1, "avg_download": 13.86, "avg_quality": 52.15}}, {"type": "Feature", "geometry": {"type": "Point", "coordinates": [68.0, 28.05]}, "properties": {"operator": "jio", "technology": "4G", "tests": 1, "avg_download": 11.76, "avg_quality": 65.0}}, {"type": "Feature", "geometry": {"type": "Point", "coordinates": [77.72, 29.41]}, "properties": {"operator": "vi", "technology": "4G", "tests": 1, "avg_download": 16.46, "avg_quality": 59.31}}, {"type": "Feature", "geometry": {"type": "Point", "coordinates": [76.11, 35.09]}, "properties": {"operator": "jio", "technology": "5G", "tests": 1, "avg_download": 54.63, "avg_quality": 83.86}}, {"type": "Feature", "geometry": {"type": "Point", "coordinates": [74.43, 30.23]}, "properties": {"operator": "vi", "technology": "4G", "tests": 1, "avg_download": 16.97, "avg_quality": 55.14}}, {"type": "Feature", "geometry": {"type": "Point", "coordinates": [87.41, 27.98]}, "properties": {"operator": "vi", "technology": "5G", "tests": 1, "avg_download": 81.15, "avg_quality": 81.72}}, {"type": "Feature", "geometry": {"type": "Point", "coordinates": [90.74, 12.39]}, "properties": {"operator": "vi", "technology": "5G", "tests": 1, "avg_download": 65.25, "avg_quality": 85.71}}, {"type": "Feature", "geometry": {"type": "Point", "coordinates": [80.23, 11.13]}, "properties": {"operator": "jio", "technology": "4G", "tests": 1, "avg_download": 25.92, "avg_quality": 61.37}}, {"type": "Feature", "geometry": {"type": "Point", "coordinates": [71.26, 30.94]}, "properties": {"operator": "vi", "technology": "5G", "tests": 1, "avg_download": 73.78, "avg_quality": 76.6}}, {"type": "Feature", "geometry": {"type": "Point", "coordinates": [88.88, 28.67]}, "properties": {"operator": "airtel", "technology": "5G", "tests": 1, "avg_download": 108.63, "avg_quality": 92.53}}, {"type": "Feature", "geometry": {"type": "Point", "coordinates": [87.96, 10.58]}, "properties": {"operator": "jio", "technology": "5G", "tests": 1, "avg_download": 61.41, "avg_quality": 87.2}}, {"type": "Feature", "geometry": {"type": "Point", "coordinates": [75.25, 19.67]}, "properties": {"operator": "airtel", "technology": "5G", "tests": 1, "avg_download": 63.33, "avg_quality": 56.36}}, {"type": "Feature", "geometry": {"type": "Point", "coordinates": [77.69, 27.22]}, "properties": {"operator": "airtel", "technology": "5G", "tests": 1, "avg_download": 31.04, "avg_quality": 65.17}}, {"type": "Feature", "geometry": {"type": "Point", "coordinates": [82.09, 34.71]}, "properties": {"operator": "airtel", "technology": "5G", "tests": 1, "avg_download": 109.51, "avg_quality": 97.68}}, {"type": "Feature", "geometry": {"type": "Point", "coordinates": [92.14, 28.42]}, "properties": {"operator": "vi", "technology": "5G", "tests": 1, "avg_download": 75.78, "avg_quality": 74.06}}, {"type": "Feature", "geometry": {"type": "Point", "coordinates": [80.34, 25.24]}, "properties": {"operator": "jio", "technology": "4G", "tests": 1, "avg_download": 21.8, "avg_quality": 76.27}}, {"type": "Feature", "geometry": {"type": "Point", "coordinates": [87.99, 8.51]}, "properties": {"operator": "jio", "technology": "5G", "tests": 1, "avg_download": 103.5, "avg_quality": 73.23}}, {"type": "Feature", "geometry": {"type": "Point", "coordinates": [89.93, 34.74]}, "properties": {"operator": "jio", "technology": "4G", "tests": 1, "avg_download": 33.26, "avg_quality": 47.6}}, {"type": "Feature", "geometry": {"type": "Point", "coordinates": [76.95, 24.07]}, "properties": {"operator": "airtel", "technology": "4G", "tests": 1, "avg_download": 18.79, "avg_quality": 62.29}}, {"type": "Feature", "geometry": {"type": "Point", "coordinates": [89.27, 13.71]}, "properties": {"operator": "vi", "technology": "5G", "tests": 1, "avg_download": 43.01, "avg_quality": 79.78}}, {"type": "Feature", "geometry": {"type": "Point", "coordinates": [92.82, 17.2]}, "properties": {"operator": "jio", "technology": "5G", "tests": 1, "avg_download": 60.26, "avg_quality": 85.88}}, {"type": "Feature", "geometry": {"type": "Point", "coordinates": [94.02, 10.28]}, "properties": {"operator": "vi", "technology": "5G", "tests": 1, "avg_download": 75.16, "avg_quality": 89.67}}, {"type": "Feature", "geometry": {"type": "Point", "coordinates": [89.44, 35.66]}, "properties": {"operator": "vi", "technology": "5G", "tests": 1, "avg_download": 50.97, "avg_quality": 86.17}}, {"type": "Feature", "geometry": {"type": "Point", "coordinates": [89.26, 27.2]}, "properties": {"operator": "vi", "technology": "5G", "tests": 1, "avg_download": 41.4, "avg_quality": 81.43}}, {"type": "Feature", "geometry": {"type": "Point", "coordinates": [74.74, 30.77]}, "properties": {"operator": "jio", "technology": "5G", "tests": 1, "avg_download": 69.31, "avg_quality": 92.17}}, {"type": "Feature", "geometry": {"type": "Point", "coordinates": [85.79, 34.35]}, "properties": {"operator": "jio", "technology": "5G", "tests": 1, "avg_download": 103.16, "avg_quality": 80.44}}, {"type": "Feature", "geometry": {"type": "Point", "coordinates": [74.64, 26.31]}, "properties": {"operator": "jio", "technology": "4G", "tests": 1, "avg_download": 38.66, "avg_quality": 76.62}}, {"type": "Feature", "geometry": {"type": "Point", "coordinates": [69.36, 33.31]}, "properties": {"operator": "airtel", "technology": "4G", "tests": 1, "avg_download": 22.98, "avg_quality": 78.51}}, {"type": "Feature", "geometry": {"type": "Point", "coordinates": [94.21, 22.43]}, "properties": {"operator": "jio", "technology": "4G", "tests": 1, "avg_download": 26.86, "avg_quality": 73.57}}, {"type": "Feature", "geometry": {"type": "Point", "coordinates": [86.55, 36.0]}, "properties": {"operator": "vi", "technology": "4G", "tests": 1, "avg_download": 18.94, "avg_quality": 57.82}}, {"type": "Feature", "geometry": {"type": "Point", "coordinates": [93.54, 26.39]}, "properties": {"operator": "vi", "technology": "4G", "tests": 1, "avg_download": 5.79, "avg_quality": 33.14}}, {"type": "Feature", "geometry": {"type": "Point", "coordinates": [70.69, 8.37]}, "properties": {"operator": "jio", "technology": "4G", "tests": 1, "avg_download": 29.79, "avg_quality": 78.08}}, {"type": "Feature", "geometry": {"type": "Point", "coordinates": [71.62, 19.69]}, "properties": {"operator": "vi", "technology": "4G", "tests": 1, "avg_download": 10.61, "avg_quality": 64.93}}, {"type": "Feature", "geometry": {"type": "Point", "coordinates": [91.1, 31.01]}, "properties": {"operator": "jio", "technology": "4G", "tests": 1, "avg_download": 25.35, "avg_quality": 70.11}}, {"type": "Feature", "geometry": {"type": "Point", "coordinates": [93.19, 12.11]}, "properties": {"operator": "jio", "technology": "4G", "tests": 1, "avg_download": 27.69, "avg_quality": 60.53}}, {"type": "Feature", "geometry": {"type": "Point", "coordinates": [94.71, 26.27]}, "properties": {"operator": "jio", "technology": "5G", "tests": 1, "avg_download": 64.41, "avg_quality": 56.54}}, {"type": "Feature", "geometry": {"type": "Point", "coordinates": [92.85, 9.76]}, "properties": {"operator": "jio", "technology": "4G", "tests": 1, "avg_download": 22.61, "avg_quality": 73.67}}, {"type": "Feature", "geometry": {"type": "Point", "coordinates": [88.65, 32.55]}, "properties": {"operator": "vi", "technology": "5G", "tests": 1, "avg_download": 32.34, "avg_quality": 58.71}}, {"type": "Feature", "geometry": {"type": "Point", "coordinates": [79.73, 35.38]}, "properties": {"operator": "vi", "technology": "5G", "tests": 1, "avg_download": 79.88, "avg_quality": 87.71}}, {"type": "Feature", "geometry": {"type": "Point", "coordinates": [91.88, 8.74]}, "properties": {"operator": "vi", "technology": "5G", "tests": 1, "avg_download": 58.77, "avg_quality": 59.67}}, {"type": "Feature", "geometry": {"type": "Point", "coordinates": [73.32, 20.56]}, "properties": {"operator": "jio", "technology": "5G", "tests": 1, "avg_download": 82.85, "avg_quality": 85.79}}, {"type": "Feature", "geometry": {"type": "Point", "coordinates": [94.33, 34.01]}, "properties": {"operator": "jio", "technology": "5G", "tests": 1, "avg_download": 90.02, "avg_quality": 80.83}}, {"type": "Feature", "geometry": {"type": "Point", "coordinates": [78.56, 31.03]}, "properties": {"operator": "vi", "technology": "5G", "tests": 1, "avg_download": 65.28, "avg_quality": 63.72}}, {"type": "Feature", "geometry": {"type": "Point", "coordinates": [76.83, 29.23]}, "properties": {"operator": "airtel", "technology": "4G", "tests": 1, "avg_download": 22.54, "avg_quality": 72.82}}, {"type": "Feature", "geometry": {"type": "Point", "coordinates": [85.72, 24.27]}, "properties": {"operator": "airtel", "technology": "5G", "tests": 1, "avg_download": 65.33, "avg_quality": 75.35}}, {"type": "Feature", "geometry": {"type": "Point", "coordinates": [89.98, 24.87]}, "properties": {"operator": "jio", "technology": "4G", "tests": 1, "avg_download": 42.68, "avg_quality": 40.92}}, {"type": "Feature", "geometry": {"type": "Point", "coordinates": [82.51, 35.74]}, "properties": {"operator": "airtel", "technology": "4G", "tests": 1, "avg_download": 26.98, "avg_quality": 67.97}}, {"type": "Feature", "geometry": {"type": "Point", "coordinates": [85.25, 26.37]}, "properties": {"operator": "jio", "technology": "4G", "tests": 1, "avg_download": 33.91, "avg_quality": 72.68}}, {"type": "Feature", "geometry": {"type": "Point", "coordinates": [86.22, 18.26]}, "properties": {"operator": "vi", "technology": "4G", "tests": 1, "avg_download": 14.87, "avg_quality": 45.46}}, {"type": "Feature", "geometry": {"type": "Point", "coordinates": [80.27, 22.73]}, "properties": {"operator": "airtel", "technology": "5G", "tests": 1, "avg_download": 105.85, "avg_quality": 94.76}}, {"type": "Feature", "geometry": {"type": "Point", "coordinates": [85.34, 21.89]}, "properties": {"operator": "jio", "technology": "5G", "tests": 1, "avg_download": 114.07, "avg_quality": 94.18}}, {"type": "Feature", "geometry": {"type": "Point", "coordinates": [85.39, 31.7]}, "properties": {"operator": "airtel", "technology": "4G", "tests": 1, "avg_download": 24.93, "avg_quality": 45.45}}, {"type": "Feature", "geometry": {"type": "Point", "coordinates": [87.24, 23.86]}, "properties": {"operator": "jio", "technology": "5G", "tests": 1, "avg_download": 47.1, "avg_quality": 55.23}}, {"type": "Feature", "geometry": {"type": "Point", "coordinates": [73.21, 33.22]}, "properties": {"operator": "airtel", "technology": "4G", "tests": 1, "avg_download": 17.2, "avg_quality": 67.04}}, {"type": "Feature", "geometry": {"type": "Point", "coordinates": [83.15, 16.66]}, "properties": {"operator": "airtel", "technology": "5G", "tests": 1, "avg_download": 70.58, "avg_quality": 85.64}}, {"type": "Feature", "geometry": {"type": "Point", "coordinates": [73.09, 27.41]}, "properties": {"operator": "airtel", "technology": "5G", "tests": 1, "avg_download": 68.74, "avg_quality": 61.32}}, {"type": "Feature", "geometry": {"type": "Point", "coordinates": [79.84, 9.4]}, "properties": {"operator": "jio", "technology": "5G", "tests": 1, "avg_download": 51.45, "avg_quality": 61.05}}, {"type": "Feature", "geometry": {"type": "Point", "coordinates": [88.61, 19.03]}, "properties": {"operator": "airtel", "technology": "5G", "tests": 1, "avg_download": 80.96, "avg_quality": 69.01}}, {"type": "Feature", "geometry": {"type": "Point", "coordinates": [81.73, 16.0]}, "properties": {"operator": "vi", "technology": "5G", "tests": 1, "avg_download": 41.14, "avg_quality": 70.12}}, {"type": "Feature", "geometry": {"type": "Point", "coordinates": [87.94, 22.48]}, "properties": {"operator": "vi", "technology": "5G", "tests": 1, "avg_download": 41.4, "avg_quality": 56.67}}, {"type": "Feature", "geometry": {"type": "Point", "coordinates": [91.34, 20.67]}, "properties": {"operator": "jio", "technology": "5G", "tests": 1, "avg_download": 78.0, "avg_quality": 80.3}}, {"type": "Feature", "geometry": {"type": "Point", "coordinates": [79.71, 22.39]}, "properties": {"operator": "airtel", "technology": "4G", "tests": 1, "avg_download": 30.72, "avg_quality": 57.13}}, {"type": "Feature", "geometry": {"type": "Point", "coordinates": [95.42, 13.5]}, "properties": {"operator": "airtel", "technology": "4G", "tests": 1, "avg_download": 18.1, "avg_quality": 60.49}}, {"type": "Feature", "geometry": {"type": "Point", "coordinates": [86.91, 15.41]}, "properties": {"operator": "vi", "technology": "4G", "tests": 1, "avg_download": 15.2, "avg_quality": 75.06}}, {"type": "Feature", "geometry": {"type": "Point", "coordinates": [84.2, 27.45]}, "properties": {"operator": "airtel", "technology": "5G", "tests": 1, "avg_download": 94.39, "avg_quality": 82.05}}, {"type": "Feature", "geometry": {"type": "Point", "coordinates": [86.67, 17.31]}, "properties": {"operator": "vi", "technology": "4G", "tests": 1, "avg_download": 15.97, "avg_quality": 51.25}}, {"type": "Feature", "geometry": {"type": "Point", "coordinates": [78.7, 34.87]}, "properties": {"operator": "airtel", "technology": "4G", "tests": 1, "avg_download": 23.95, "avg_quality": 47.33}}, {"type": "Feature", "geometry": {"type": "Point", "coordinates": [95.66, 18.03]}, "properties": {"operator": "jio", "technology": "4G", "tests": 1, "avg_download": 28.3, "avg_quality": 67.14}}, {"type": "Feature", "geometry": {"type": "Point", "coordinates": [81.47, 33.53]}, "properties": {"operator": "jio", "technology": "5G", "tests": 1, "avg_download": 95.37, "avg_quality": 71.58}}, {"type": "Feature", "geometry": {"type": "Point", "coordinates": [81.32, 25.94]}, "properties": {"operator": "jio", "technology": "4G", "tests": 1, "avg_download": 14.97, "avg_quality": 49.99}}, {"type": "Feature", "geometry": {"type": "Point", "coordinates": [92.94, 27.63]}, "properties": {"operator": "vi", "technology": "5G", "tests": 1, "avg_download": 54.74, "avg_quality": 92.98}}, {"type": "Feature", "geometry": {"type": "Point", "coordinates": [83.26, 13.82]}, "properties": {"operator": "jio", "technology": "4G", "tests": 1, "avg_download": 35.28, "avg_quality": 76.55}}, {"type": "Feature", "geometry": {"type": "Point", "coordinates": [90.43, 31.5]}, "properties": {"operator": "jio", "technology": "4G", "tests": 1, "avg_download": 27.11, "avg_quality": 71.11}}, {"type": "Feature", "geometry": {"type": "Point", "coordinates": [78.09, 33.63]}, "properties": {"operator": "vi", "technology": "5G", "tests": 1, "avg_download": 20.43, "avg_quality": 72.8}}, {"type": "Feature", "geometry": {"type": "Point", "coordinates": [85.96, 29.09]}, "properties": {"operator": "jio", "technology": "4G", "tests": 1, "avg_download": 17.71, "avg_quality": 69.68}}, {"type": "Feature", "geometry": {"type": "Point", "coordinates": [90.37, 33.43]}, "properties": {"operator": "vi", "technology": "5G", "tests": 1, "avg_download": 55.83, "avg_quality": 68.68}}, {"type": "Feature", "geometry": {"type": "Point", "coordinates": [71.17, 35.02]}, "properties": {"operator": "jio", "technology": "4G", "tests": 1, "avg_download": 17.67, "avg_quality": 61.81}}, {"type": "Feature", "geometry": {"type": "Point", "coordinates": [70.79, 34.98]}, "properties": {"operator": "jio", "technology": "5G", "tests": 1, "avg_download": 44.67, "avg_quality": 80.78}}, {"type": "Feature", "geometry": {"type": "Point", "coordinates": [83.14, 32.59]}, "properties": {"operator": "vi", "technology": "5G", "tests": 1, "avg_download": 38.99, "avg_quality": 51.71}}, {"type": "Feature", "geometry": {"type": "Point", "coordinates": [85.32, 11.95]}, "properties": {"operator": "airtel", "technology": "4G", "tests": 1, "avg_download": 31.42, "avg_quality": 59.14}}, {"type": "Feature", "geometry": {"type": "Point", "coordinates": [75.09, 20.42]}, "properties": {"operator": "airtel", "technology": "5G", "tests": 1, "avg_download": 84.39, "avg_quality": 80.86}}, {"type": "Feature", "geometry": {"type": "Point", "coordinates": [68.12, 23.65]}, "properties": {"operator": "vi", "technology": "4G", "tests": 1, "avg_download": 6.77, "avg_quality": 65.91}}, {"type": "Feature", "geometry": {"type": "Point", "coordinates": [93.57, 15.89]}, "properties": {"operator": "jio", "technology": "4G", "tests": 1, "avg_download": 17.91, "avg_quality": 62.97}}, {"type": "Feature", "geometry": {"type": "Point", "coordinates": [86.48, 20.65]}, "properties": {"operator": "vi", "technology": "4G", "tests": 1, "avg_download": 19.82, "avg_quality": 59.83}}, {"type": "Feature", "geometry": {"type": "Point", "coordinates": [73.94, 22.32]}, "properties": {"operator": "jio", "technology": "4G", "tests": 1, "avg_download": 22.23, "avg_quality": 44.35}}, {"type": "Feature", "geometry": {"type": "Point", "coordinates": [71.88, 27.45]}, "properties": {"operator": "vi", "technology": "5G", "tests": 1, "avg_download": 61.3, "avg_quality": 77.28}}, {"type": "Feature", "geometry": {"type": "Point", "coordinates": [84.23, 14.74]}, "properties": {"operator": "airtel", "technology": "4G", "tests": 1, "avg_download": 16.35, "avg_quality": 63.25}}, {"type": "Feature", "geometry": {"type": "Point", "coordinates": [68.95, 21.02]}, "properties": {"operator": "jio", "technology": "5G", "tests": 1, "avg_download": 47.74, "avg_quality": 73.06}}, {"type": "Feature", "geometry": {"type": "Point", "coordinates": [76.59, 15.17]}, "properties": {"operator": "jio", "technology": "4G", "tests": 1, "avg_download": 30.24, "avg_quality": 72.91}}, {"type": "Feature", "geometry": {"type": "Point", "coordinates": [94.76, 12.99]}, "properties": {"operator": "jio", "technology": "5G", "tests": 1, "avg_download": 127.7, "avg_quality": 85.59}}, {"type": "Feature", "geometry": {"type": "Point", "coordinates": [94.89, 34.0]}, "properties": {"operator": "airtel", "technology": "4G", "tests": 1, "avg_download": 25.69, "avg_quality": 50.95}}, {"type": "Feature", "geometry": {"type": "Point", "coordinates": [93.15, 16.83]}, "properties": {"operator": "airtel", "technology": "5G", "tests": 1, "avg_download": 75.41, "avg_quality": 62.3}}, {"type": "Feature", "geometry": {"type": "Point", "coordinates": [77.02, 34.52]}, "properties": {"operator": "jio", "technology": "5G", "tests": 1, "avg_download": 79.78, "avg_quality": 84.18}}, {"type": "Feature", "geometry": {"type": "Point", "coordinates": [74.18, 22.14]}, "properties": {"operator": "jio", "technology": "5G", "tests": 1, "avg_download": 78.2, "avg_quality": 84.97}}, {"type": "Feature", "geometry": {"type": "Point", "coordinates": [72.96, 12.72]}, "properties": {"operator": "jio", "technology": "4G", "tests": 1, "avg_download": 38.17, "avg_quality": 74.49}}, {"type": "Feature", "geometry": {"type": "Point", "coordinates": [92.62, 16.93]}, "properties": {"operator": "jio", "technology": "5G", "tests": 1, "avg_download": 118.9, "avg_quality": 81.09}}, {"type": "Feature", "geometry": {"type": "Point", "coordinates": [72.65, 34.11]}, "properties": {"operator": "jio", "technology": "4G", "tests": 1, "avg_download": 30.87, "avg_quality": 67.9}}, {"type": "Feature", "geometry": {"type": "Point", "coordinates": [68.11, 16.74]}, "properties": {"operator": "jio", "technology": "5G", "tests": 1, "avg_download": 73.26, "avg_quality": 84.74}}, {"type": "Feature", "geometry": {"type": "Point", "coordinates": [85.74, 34.44]}, "properties": {"operator": "vi", "technology": "4G", "tests": 1, "avg_download": 12.19, "avg_quality": 56.77}}, {"type": "Feature", "geometry": {"type": "Point", "coordinates": [82.64, 28.57]}, "properties": {"operator": "vi", "technology": "4G", "tests": 1, "avg_download": 20.71, "avg_quality": 57.26}}, {"type": "Feature", "geometry": {"type": "Point", "coordinates": [72.15, 18.49]}, "properties": {"operator": "jio", "technology": "5G", "tests": 1, "avg_download": 64.51, "avg_quality": 67.26}}, {"type": "Feature", "geometry": {"type": "Point", "coordinates": [77.3, 24.9]}, "properties": {"operator": "jio", "technology": "4G", "tests": 1, "avg_download": 9.68, "avg_quality": 51.59}}, {"type": "Feature", "geometry": {"type": "Point", "coordinates": [89.46, 20.56]}, "properties": {"operator": "vi", "technology": "5G", "tests": 1, "avg_download": 57.78, "avg_quality": 57.27}}, {"type": "Feature", "geometry": {"type": "Point", "coordinates": [90.52, 13.05]}, "properties": {"operator": "vi", "technology": "4G", "tests": 1, "avg_download": 15.48, "avg_quality": 64.93}}, {"type": "Feature", "geometry": {"type": "Point", "coordinates": [92.25, 25.69]}, "properties": {"operator": "vi", "technology": "5G", "tests": 1, "avg_download": 42.56, "avg_quality": 73.7}}, {"type": "Feature", "geometry": {"type": "Point", "coordinates": [71.21, 15.96]}, "properties": {"operator": "vi", "technology": "4G", "tests": 1, "avg_download": 22.79, "avg_quality": 62.94}}, {"type": "Feature", "geometry": {"type": "Point", "coordinates": [69.78, 19.13]}, "properties": {"operator": "jio", "technology": "4G", "tests": 1, "avg_download": 18.68, "avg_quality": 50.42}}, {"type": "Feature", "geometry": {"type": "Point", "coordinates": [75.52, 18.92]}, "properties": {"operator": "airtel", "technology": "5G", "tests": 1, "avg_download": 48.99, "avg_quality": 58.71}}, {"type": "Feature", "geometry": {"type": "Point", "coordinates": [70.48, 25.42]}, "properties": {"operator": "jio", "technology": "5G", "tests": 1, "avg_download": 32.89, "avg_quality": 76.69}}, {"type": "Feature", "geometry": {"type": "Point", "coordinates": [93.42, 30.74]}, "properties": {"operator": "jio", "technology": "5G", "tests": 1, "avg_download": 34.34, "avg_quality": 65.09}}, {"type": "Feature", "geometry": {"type": "Point", "coordinates": [74.3, 15.98]}, "properties": {"operator": "airtel", "technology": "5G", "tests": 1, "avg_download": 63.58, "avg_quality": 79.17}}, {"type": "Feature", "geometry": {"type": "Point", "coordinates": [68.83, 12.18]}, "properties": {"operator": "jio", "technology": "4G", "tests": 1, "avg_download": 26.37, "avg_quality": 75.78}}, {"type": "Feature", "geometry": {"type": "Point", "coordinates": [91.48, 30.26]}, "properties": {"operator": "vi", "technology": "5G", "tests": 1, "avg_download": 85.32, "avg_quality": 50.42}}, {"type": "Feature", "geometry": {"type": "Point", "coordinates": [73.51, 31.83]}, "properties": {"operator": "airtel", "technology": "5G", "tests": 1, "avg_download": 57.27, "avg_quality": 88.36}}, {"type": "Feature", "geometry": {"type": "Point", "coordinates": [72.4, 23.26]}, "properties": {"operator": "airtel", "technology": "4G", "tests": 1, "avg_download": 15.92, "avg_quality": 67.21}}, {"type": "Feature", "geometry": {"type": "Point", "coordinates": [68.99, 31.52]}, "properties": {"operator": "jio", "technology": "4G", "tests": 1, "avg_download": 30.48, "avg_quality": 47.21}}, {"type": "Feature", "geometry": {"type": "Point", "coordinates": [85.59, 27.27]}, "properties": {"operator": "airtel", "technology": "5G", "tests": 1, "avg_download": 63.82, "avg_quality": 96.22}}, {"type": "Feature", "geometry": {"type": "Point", "coordinates": [69.35, 31.41]}, "properties": {"operator": "vi", "technology": "4G", "tests": 1, "avg_download": 22.69, "avg_quality": 62.98}}, {"type": "Feature", "geometry": {"type": "Point", "coordinates": [85.39, 12.84]}, "properties": {"operator": "airtel", "technology": "4G", "tests": 1, "avg_download": 19.2, "avg_quality": 62.48}}, {"type": "Feature", "geometry": {"type": "Point", "coordinates": [80.98, 27.72]}, "properties": {"operator": "airtel", "technology": "4G", "tests": 1, "avg_download": 17.85, "avg_quality": 80.75}}, {"type": "Feature", "geometry": {"type": "Point", "coordinates": [89.14, 17.41]}, "properties": {"operator": "jio", "technology": "5G", "tests": 1, "avg_download": 71.63, "avg_quality": 64.7}}, {"type": "Feature", "geometry": {"type": "Point", "coordinates": [79.57, 13.39]}, "properties": {"operator": "airtel", "technology": "4G", "tests": 1, "avg_download": 27.03, "avg_quality": 48.37}}, {"type": "Feature", "geometry": {"type": "Point", "coordinates": [90.56, 12.89]}, "properties": {"operator": "jio", "technology": "5G", "tests": 1, "avg_download": 130.93, "avg_quality": 95.18}}, {"type": "Feature", "geometry": {"type": "Point", "coordinates": [87.04, 20.49]}, "properties": {"operator": "jio", "technology": "5G", "tests": 1, "avg_download": 95.9, "avg_quality": 81.77}}, {"type": "Feature", "geometry": {"type": "Point", "coordinates": [83.07, 32.11]}, "properties": {"operator": "vi", "technology": "5G", "tests": 1, "avg_download": 35.07, "avg_quality": 67.52}}, {"type": "Feature", "geometry": {"type": "Point", "coordinates": [89.19, 35.85]}, "properties": {"operator": "airtel", "technology": "5G", "tests": 1, "avg_download": 41.72, "avg_quality": 62.34}}, {"type": "Feature", "geometry": {"type": "Point", "coordinates": [92.84, 34.88]}, "properties": {"operator": "airtel", "technology": "4G", "tests": 1, "avg_download": 28.06, "avg_quality": 58.45}}, {"type": "Feature", "geometry": {"type": "Point", "coordinates": [83.09, 21.49]}, "properties": {"operator": "vi", "technology": "4G", "tests": 1, "avg_download": 27.44, "avg_quality": 54.38}}, {"type": "Feature", "geometry": {"type": "Point", "coordinates": [76.4, 8.31]}, "properties": {"operator": "jio", "technology": "4G", "tests": 1, "avg_download": 18.81, "avg_quality": 38.67}}, {"type": "Feature", "geometry": {"type": "Point", "coordinates": [74.06, 31.89]}, "properties": {"operator": "vi", "technology": "4G", "tests": 1, "avg_download": 10.13, "avg_quality": 73.24}}, {"type": "Feature", "geometry": {"type": "Point", "coordinates": [73.66, 23.41]}, "properties": {"operator": "airtel", "technology": "4G", "tests": 1, "avg_download": 22.7, "avg_quality": 67.91}}, {"type": "Feature", "geometry": {"type": "Point", "coordinates": [85.5, 12.56]}, "properties": {"operator": "airtel", "technology": "5G", "tests": 1, "avg_download": 60.76, "avg_quality": 82.01}}, {"type": "Feature", "geometry": {"type": "Point", "coordinates": [84.15, 19.19]}, "properties": {"operator": "vi", "technology": "4G", "tests": 1, "avg_download": 23.71, "avg_quality": 63.62}}, {"type": "Feature", "geometry": {"type": "Point", "coordinates": [72.3, 25.74]}, "properties": {"operator": "airtel", "technology": "5G", "tests": 1, "avg_download": 61.9, "avg_quality": 78.91}}, {"type": "Feature", "geometry": {"type": "Point", "coordinates": [81.25, 31.01]}, "properties": {"operator": "vi", "technology": "5G", "tests": 1, "avg_download": 67.16, "avg_quality": 69.32}}, {"type": "Feature", "geometry": {"type": "Point", "coordinates": [68.01, 25.54]}, "properties": {"operator": "airtel", "technology": "4G", "tests": 1, "avg_download": 18.54, "avg_quality": 65.18}}, {"type": "Feature", "geometry": {"type": "Point", "coordinates": [77.29, 33.21]}, "properties": {"operator": "jio", "technology": "5G", "tests": 1, "avg_download": 105.27, "avg_quality": 87.84}}, {"type": "Feature", "geometry": {"type": "Point", "coordinates": [86.08, 18.24]}, "properties": {"operator": "jio", "technology": "5G", "tests": 1, "avg_download": 75.61, "avg_quality": 83.95}}, {"type": "Feature", "geometry": {"type": "Point", "coordinates": [79.9, 35.83]}, "properties": {"operator": "airtel", "technology": "5G", "tests": 1, "avg_download": 67.2, "avg_quality": 80.03}}, {"type": "Feature", "geometry": {"type": "Point", "coordinates": [68.03, 14.79]}, "properties": {"operator": "airtel", "technology": "5G", "tests": 1, "avg_download": 76.64, "avg_quality": 97.93}}, {"type": "Feature", "geometry": {"type": "Point", "coordinates": [72.8, 22.1]}, "properties": {"operator": "airtel", "technology": "4G", "tests": 1, "avg_download": 18.8, "avg_quality": 29.58}}, {"type": "Feature", "geometry": {"type": "Point", "coordinates": [91.63, 30.97]}, "properties": {"operator": "jio", "technology": "4G", "tests": 1, "avg_download": 25.81, "avg_quality": 67.81}}, {"type": "Feature", "geometry": {"type": "Point", "coordinates": [82.42, 28.4]}, "properties": {"operator": "jio", "technology": "4G", "tests": 1, "avg_download": 25.36, "avg_quality": 69.83}}, {"type": "Feature", "geometry": {"type": "Point", "coordinates": [94.42, 29.59]}, "properties": {"operator": "airtel", "technology": "4G", "tests": 1, "avg_download": 19.33, "avg_quality": 56.69}}, {"type": "Feature", "geometry": {"type": "Point", "coordinates": [86.58, 24.74]}, "properties": {"operator": "airtel", "technology": "4G", "tests": 1, "avg_download": 13.93, "avg_quality": 52.8}}, {"type": "Feature", "geometry": {"type": "Point", "coordinates": [84.45, 9.88]}, "properties": {"operator": "jio", "technology": "5G", "tests": 1, "avg_download": 92.49, "avg_quality": 94.08}}, {"type": "Feature", "geometry": {"type": "Point", "coordinates": [84.67, 27.46]}, "properties": {"operator": "airtel", "technology": "5G", "tests": 1, "avg_download": 85.12, "avg_quality": 63.83}}, {"type": "Feature", "geometry": {"type": "Point", "coordinates": [83.07, 9.78]}, "properties": {"operator": "vi", "technology": "4G", "tests": 1, "avg_download": 10.55, "avg_quality": 59.75}}, {"type": "Feature", "geometry": {"type": "Point", "coordinates": [84.44, 29.19]}, "properties": {"operator": "vi", "technology": "4G", "tests": 1, "avg_download": 16.28, "avg_quality": 71.64}}, {"type": "Feature", "geometry": {"type": "Point", "coordinates": [87.34, 14.5]}, "properties": {"operator": "vi", "technology": "5G", "tests": 1, "avg_download": 42.67, "avg_quality": 69.57}}, {"type": "Feature", "geometry": {"type": "Point", "coordinates": [74.49, 28.49]}, "properties": {"operator": "vi", "technology": "5G", "tests": 1, "avg_download": 22.99, "avg_quality": 71.68}}, {"type": "Feature", "geometry": {"type": "Point", "coordinates": [73.78, 35.82]}, "properties": {"operator": "jio", "technology": "4G", "tests": 1, "avg_download": 13.52, "avg_quality": 54.16}}, {"type": "Feature", "geometry": {"type": "Point", "coordinates": [70.4, 30.15]}, "properties": {"operator": "vi", "technology": "5G", "tests": 1, "avg_download": 57.21, "avg_quality": 82.08}}, {"type": "Feature", "geometry": {"type": "Point", "coordinates": [92.7, 28.31]}, "properties": {"operator": "jio", "technology": "4G", "tests": 1, "avg_download": 44.11, "avg_quality": 79.0}}, {"type": "Feature", "geometry": {"type": "Point", "coordinates": [74.54, 23.23]}, "properties": {"operator": "airtel", "technology": "4G", "tests": 1, "avg_download": 25.91, "avg_quality": 69.8}}, {"type": "Feature", "geometry": {"type": "Point", "coordinates": [86.13, 11.18]}, "properties": {"operator": "jio", "technology": "4G", "tests": 1, "avg_download": 21.78, "avg_quality": 59.18}}, {"type": "Feature", "geometry": {"type": "Point", "coordinates": [93.7, 32.61]}, "properties": {"operator": "vi", "technology": "5G", "tests": 1, "avg_download": 44.5, "avg_quality": 59.42}}, {"type": "Feature", "geometry": {"type": "Point", "coordinates": [78.38, 32.49]}, "properties": {"operator": "jio", "technology": "5G", "tests": 1, "avg_download": 134.46, "avg_quality": 96.97}}, {"type": "Feature", "geometry": {"type": "Point", "coordinates": [79.86, 8.83]}, "properties": {"operator": "airtel", "technology": "5G", "tests": 1, "avg_download": 49.95, "avg_quality": 71.66}}, {"type": "Feature", "geometry": {"type": "Point", "coordinates": [92.57, 28.47]}, "properties": {"operator": "vi", "technology": "4G", "tests": 1, "avg_download": 13.8, "avg_quality": 70.99}}, {"type": "Feature", "geometry": {"type": "Point", "coordinates": [86.61, 16.94]}, "properties": {"operator": "vi", "technology": "4G", "tests": 1, "avg_download": 14.53, "avg_quality": 58.93}}, {"type": "Feature", "geometry": {"type": "Point", "coordinates": [84.45, 15.02]}, "properties": {"operator": "jio", "technology": "4G", "tests": 1, "avg_download": 27.22, "avg_quality": 61.37}}, {"type": "Feature", "geometry": {"type": "Point", "coordinates": [77.98, 17.22]}, "properties": {"operator": "jio", "technology": "5G", "tests": 1, "avg_download": 85.1, "avg_quality": 81.25}}, {"type": "Feature", "geometry": {"type": "Point", "coordinates": [69.0, 11.34]}, "properties": {"operator": "vi", "technology": "5G", "tests": 1, "avg_download": 52.81, "avg_quality": 85.67}}, {"type": "Feature", "geometry": {"type": "Point", "coordinates": [91.4, 14.93]}, "properties": {"operator": "vi", "technology": "4G", "tests": 1, "avg_download": 14.99, "avg_quality": 61.27}}, {"type": "Feature", "geometry": {"type": "Point", "coordinates": [93.56, 11.13]}, "properties": {"operator": "vi", "technology": "4G", "tests": 1, "avg_download": 12.95, "avg_quality": 54.05}}, {"type": "Feature", "geometry": {"type": "Point", "coordinates": [79.29, 14.17]}, "properties": {"operator": "airtel", "technology": "4G", "tests": 1, "avg_download": 20.97, "avg_quality": 44.73}}, {"type": "Feature", "geometry": {"type": "Point", "coordinates": [89.02, 9.64]}, "properties": {"operator": "jio", "technology": "4G", "tests": 1, "avg_download": 26.44, "avg_quality": 71.21}}, {"type": "Feature", "geometry": {"type": "Point", "coordinates": [78.27, 9.38]}, "properties": {"operator": "jio", "technology": "5G", "tests": 1, "avg_download": 92.38, "avg_quality": 81.31}}, {"type": "Feature", "geometry": {"type": "Point", "coordinates": [94.67, 30.02]}, "properties": {"operator": "vi", "technology": "5G", "tests": 1, "avg_download": 36.52, "avg_quality": 61.41}}, {"type": "Feature", "geometry": {"type": "Point", "coordinates": [89.86, 22.19]}, "properties": {"operator": "jio", "technology": "4G", "tests": 1, "avg_download": 20.28, "avg_quality": 69.16}}, {"type": "Feature", "geometry": {"type": "Point", "coordinates": [84.19, 30.5]}, "properties": {"operator": "vi", "technology": "4G", "tests": 1, "avg_download": 24.55, "avg_quality": 56.22}}, {"type": "Feature", "geometry": {"type": "Point", "coordinates": [90.59, 21.53]}, "properties": {"operator": "vi", "technology": "5G", "tests": 1, "avg_download": 68.68, "avg_quality": 49.26}}, {"type": "Feature", "geometry": {"type": "Point", "coordinates": [71.91, 21.99]}, "properties": {"operator": "jio", "technology": "5G", "tests": 1, "avg_download": 105.91, "avg_quality": 81.68}}, {"type": "Feature", "geometry": {"type": "Point", "coordinates": [95.5, 19.76]}, "properties": {"operator": "airtel", "technology": "4G", "tests": 1, "avg_download": 11.89, "avg_quality": 63.87}}, {"type": "Feature", "geometry": {"type": "Point", "coordinates": [76.48, 22.78]}, "properties": {"operator": "airtel", "technology": "4G", "tests": 1, "avg_download": 23.46, "avg_quality": 64.43}}, {"type": "Feature", "geometry": {"type": "Point", "coordinates": [78.54, 29.93]}, "properties": {"operator": "jio", "technology": "4G", "tests": 1, "avg_download": 22.94, "avg_quality": 59.04}}, {"type": "Feature", "geometry": {"type": "Point", "coordinates": [76.1, 16.75]}, "properties": {"operator": "airtel", "technology": "5G", "tests": 1, "avg_download": 108.66, "avg_quality": 88.51}}, {"type": "Feature", "geometry": {"type": "Point", "coordinates": [83.94, 9.76]}, "properties": {"operator": "vi", "technology": "5G", "tests": 1, "avg_download": 58.01, "avg_quality": 84.21}}, {"type": "Feature", "geometry": {"type": "Point", "coordinates": [74.2, 10.81]}, "properties": {"operator": "airtel", "technology": "4G", "tests": 1, "avg_download": 19.37, "avg_quality": 65.89}}, {"type": "Feature", "geometry": {"type": "Point", "coordinates": [78.91, 30.45]}, "properties": {"operator": "jio", "technology": "4G", "tests": 1, "avg_download": 13.46, "avg_quality": 65.83}}, {"type": "Feature", "geometry": {"type": "Point", "coordinates": [85.5, 10.34]}, "properties": {"operator": "airtel", "technology": "4G", "tests": 1, "avg_download": 13.67, "avg_quality": 47.01}}, {"type": "Feature", "geometry": {"type": "Point", "coordinates": [76.94, 34.46]}, "properties": {"operator": "vi", "technology": "4G", "tests": 1, "avg_download": 4.98, "avg_quality": 50.19}}, {"type": "Feature", "geometry": {"type": "Point", "coordinates": [79.43, 17.2]}, "properties": {"operator": "vi", "technology": "5G", "tests": 1, "avg_download": 81.64, "avg_quality": 59.03}}, {"type": "Feature", "geometry": {"type": "Point", "coordinates": [85.59, 8.11]}, "properties": {"operator": "jio", "technology": "5G", "tests": 1, "avg_download": 64.04, "avg_quality": 80.86}}, {"type": "Feature", "geometry": {"type": "Point", "coordinates": [90.93, 26.1]}, "properties": {"operator": "jio", "technology": "5G", "tests": 1, "avg_download": 60.02, "avg_quality": 62.53}}, {"type": "Feature", "geometry": {"type": "Point", "coordinates": [73.82, 22.41]}, "properties": {"operator": "jio", "technology": "5G", "tests": 1, "avg_download": 53.35, "avg_quality": 91.44}}, {"type": "Feature", "geometry": {"type": "Point", "coordinates": [94.85, 17.05]}, "properties": {"operator": "jio", "technology": "5G", "tests": 1, "avg_download": 102.5, "avg_quality": 83.21}}, {"type": "Feature", "geometry": {"type": "Point", "coordinates": [80.08, 11.77]}, "properties": {"operator": "jio", "technology": "5G", "tests": 1, "avg_download": 38.0, "avg_quality": 65.48}}, {"type": "Feature", "geometry": {"type": "Point", "coordinates": [90.23, 21.4]}, "properties": {"operator": "airtel", "technology": "5G", "tests": 1, "avg_download": 30.91, "avg_quality": 68.16}}, {"type": "Feature", "geometry": {"type": "Point", "coordinates": [72.89, 17.61]}, "properties": {"operator": "airtel", "technology": "4G", "tests": 1, "avg_download": 23.74, "avg_quality": 69.07}}, {"type": "Feature", "geometry": {"type": "Point", "coordinates": [90.69, 22.6]}, "properties": {"operator": "vi", "technology": "5G", "tests": 1, "avg_download": 89.96, "avg_quality": 58.03}}, {"type": "Feature", "geometry": {"type": "Point", "coordinates": [78.29, 31.18]}, "properties": {"operator": "airtel", "technology": "5G", "tests": 1, "avg_download": 30.19, "avg_quality": 65.56}}, {"type": "Feature", "geometry": {"type": "Point", "coordinates": [82.68, 12.78]}, "properties": {"operator": "jio", "technology": "4G", "tests": 1, "avg_download": 11.37, "avg_quality": 61.48}}, {"type": "Feature", "geometry": {"type": "Point", "coordinates": [74.86, 31.6]}, "properties": {"operator": "airtel", "technology": "4G", "tests": 1, "avg_download": 24.86, "avg_quality": 62.74}}, {"type": "Feature", "geometry": {"type": "Point", "coordinates": [93.12, 12.25]}, "properties": {"operator": "vi", "technology": "5G", "tests": 1, "avg_download": 71.97, "avg_quality": 82.53}}, {"type": "Feature", "geometry": {"type": "Point", "coordinates": [88.4, 20.46]}, "properties": {"operator": "airtel", "technology": "4G", "tests": 1, "avg_download": 20.5, "avg_quality": 66.63}}, {"type": "Feature", "geometry": {"type": "Point", "coordinates": [81.59, 31.94]}, "properties": {"operator": "airtel", "technology": "5G", "tests": 1, "avg_download": 70.83, "avg_quality": 76.64}}, {"type": "Feature", "geometry": {"type": "Point", "coordinates": [79.91, 25.73]}, "properties": {"operator": "jio", "technology": "4G", "tests": 1, "avg_download": 26.17, "avg_quality": 45.18}}, {"type": "Feature", "geometry": {"type": "Point", "coordinates": [80.53, 29.06]}, "properties": {"operator": "vi", "technology": "5G", "tests": 1, "avg_download": 73.82, "avg_quality": 69.8}}, {"type": "Feature", "geometry": {"type": "Point", "coordinates": [68.18, 33.83]}, "properties": {"operator": "airtel", "technology": "5G", "tests": 1, "avg_download": 99.87, "avg_quality": 67.23}}, {"type": "Feature", "geometry": {"type": "Point", "coordinates": [89.73, 26.34]}, "properties": {"operator": "airtel", "technology": "4G", "tests": 1, "avg_download": 29.15, "avg_quality": 61.68}}, {"type": "Feature", "geometry": {"type": "Point", "coordinates": [85.51, 23.34]}, "properties": {"operator": "jio", "technology": "5G", "tests": 1, "avg_download": 61.6, "avg_quality": 83.96}}, {"type": "Feature", "geometry": {"type": "Point", "coordinates": [80.81, 32.91]}, "properties": {"operator": "airtel", "technology": "4G", "tests": 1, "avg_download": 30.57, "avg_quality": 62.99}}, {"type": "Feature", "geometry": {"type": "Point", "coordinates": [69.66, 9.34]}, "properties": {"operator": "airtel", "technology": "4G", "tests": 1, "avg_download": 23.88, "avg_quality": 50.54}}, {"type": "Feature", "geometry": {"type": "Point", "coordinates": [72.37, 12.3]}, "properties": {"operator": "vi", "technology": "4G", "tests": 1, "avg_download": 8.57, "avg_quality": 49.5}}, {"type": "Feature", "geometry": {"type": "Point", "coordinates": [85.61, 11.74]}, "properties": {"operator": "jio", "technology": "4G", "tests": 1, "avg_download": 19.99, "avg_quality": 66.45}}, {"type": "Feature", "geometry": {"type": "Point", "coordinates": [68.76, 9.92]}, "properties": {"operator": "airtel", "technology": "4G", "tests": 1, "avg_download": 16.4, "avg_quality": 65.21}}, {"type": "Feature", "geometry": {"type": "Point", "coordinates": [90.97, 32.51]}, "properties": {"operator": "vi", "technology": "5G", "tests": 1, "avg_download": 99.45, "avg_quality": 67.81}}, {"type": "Feature", "geometry": {"type": "Point", "coordinates": [71.68, 33.38]}, "properties": {"operator": "jio", "technology": "4G", "tests": 1, "avg_download": 18.44, "avg_quality": 61.84}}, {"type": "Feature", "geometry": {"type": "Point", "coordinates": [84.91, 20.24]}, "properties": {"operator": "airtel", "technology": "5G", "tests": 1, "avg_download": 78.32, "avg_quality": 81.33}}, {"type": "Feature", "geometry": {"type": "Point", "coordinates": [90.2, 35.67]}, "properties": {"operator": "jio", "technology": "5G", "tests": 1, "avg_download": 97.81, "avg_quality": 81.9}}, {"type": "Feature", "geometry": {"type": "Point", "coordinates": [84.17, 23.94]}, "properties": {"operator": "jio", "technology": "5G", "tests": 1, "avg_download": 60.65, "avg_quality": 77.98}}, {"type": "Feature", "geometry": {"type": "Point", "coordinates": [71.94, 34.34]}, "properties": {"operator": "vi", "technology": "5G", "tests": 1, "avg_download": 45.46, "avg_quality": 72.46}}, {"type": "Feature", "geometry": {"type": "Point", "coordinates": [95.43, 19.84]}, "properties": {"operator": "airtel", "technology": "4G", "tests": 1, "avg_download": 19.79, "avg_quality": 39.43}}, {"type": "Feature", "geometry": {"type": "Point", "coordinates": [89.96, 18.41]}, "properties": {"operator": "vi", "technology": "4G", "tests": 1, "avg_download": 24.36, "avg_quality": 60.47}}, {"type": "Feature", "geometry": {"type": "Point", "coordinates": [93.07, 15.83]}, "properties": {"operator": "airtel", "technology": "4G", "tests": 1, "avg_download": 14.85, "avg_quality": 69.27}}, {"type": "Feature", "geometry": {"type": "Point", "coordinates": [86.21, 22.21]}, "properties": {"operator": "jio", "technology": "4G", "tests": 1, "avg_download": 39.75, "avg_quality": 65.44}}, {"type": "Feature", "geometry": {"type": "Point", "coordinates": [80.85, 9.52]}, "properties": {"operator": "jio", "technology": "4G", "tests": 1, "avg_download": 18.43, "avg_quality": 66.74}}, {"type": "Feature", "geometry": {"type": "Point", "coordinates": [72.84, 34.71]}, "properties": {"operator": "airtel", "technology": "5G", "tests": 1, "avg_download": 66.35, "avg_quality": 76.12}}, {"type": "Feature", "geometry": {"type": "Point", "coordinates": [70.37, 35.78]}, "properties": {"operator": "jio", "technology": "5G", "tests": 1, "avg_download": 107.75, "avg_quality": 84.11}}, {"type": "Feature", "geometry": {"type": "Point", "coordinates": [78.31, 29.47]}, "properties": {"operator": "airtel", "technology": "4G", "tests": 1, "avg_download": 29.86, "avg_quality": 46.77}}, {"type": "Feature", "geometry": {"type": "Point", "coordinates": [75.28, 25.2]}, "properties": {"operator": "vi", "technology": "5G", "tests": 1, "avg_download": 59.05, "avg_quality": 67.1}}, {"type": "Feature", "geometry": {"type": "Point", "coordinates": [72.74, 11.11]}, "properties": {"operator": "jio", "technology": "4G", "tests": 1, "avg_download": 31.71, "avg_quality": 73.96}}, {"type": "Feature", "geometry": {"type": "Point", "coordinates": [84.95, 15.72]}, "properties": {"operator": "airtel", "technology": "4G", "tests": 1, "avg_download": 26.86, "avg_quality": 68.7}}, {"type": "Feature", "geometry": {"type": "Point", "coordinates": [70.23, 26.46]}, "properties": {"operator": "airtel", "technology": "5G", "tests": 1, "avg_download": 63.54, "avg_quality": 63.71}}, {"type": "Feature", "geometry": {"type": "Point", "coordinates": [86.7, 11.9]}, "properties": {"operator": "jio", "technology": "5G", "tests": 1, "avg_download": 55.6, "avg_quality": 91.46}}, {"type": "Feature", "geometry": {"type": "Point", "coordinates": [84.74, 14.31]}, "properties": {"operator": "vi", "technology": "4G", "tests": 1, "avg_download": 17.47, "avg_quality": 67.34}}, {"type": "Feature", "geometry": {"type": "Point", "coordinates": [73.91, 13.83]}, "properties": {"operator": "vi", "technology": "4G", "tests": 1, "avg_download": 18.2, "avg_quality": 59.6}}, {"type": "Feature", "geometry": {"type": "Point", "coordinates": [83.74, 20.13]}, "properties": {"operator": "airtel", "technology": "4G", "tests": 1, "avg_download": 17.05, "avg_quality": 63.41}}, {"type": "Feature", "geometry": {"type": "Point", "coordinates": [73.18, 21.54]}, "properties": {"operator": "vi", "technology": "5G", "tests": 1, "avg_download": 51.17, "avg_quality": 81.94}}, {"type": "Feature", "geometry": {"type": "Point", "coordinates": [89.27, 10.34]}, "properties": {"operator": "jio", "technology": "4G", "tests": 1, "avg_download": 33.6, "avg_quality": 72.47}}, {"type": "Feature", "geometry": {"type": "Point", "coordinates": [70.12, 35.58]}, "properties": {"operator": "jio", "technology": "5G", "tests": 1, "avg_download": 52.12, "avg_quality": 78.02}}, {"type": "Feature", "geometry": {"type": "Point", "coordinates": [88.76, 32.45]}, "properties": {"operator": "airtel", "technology": "4G", "tests": 1, "avg_download": 21.59, "avg_quality": 50.71}}, {"type": "Feature", "geometry": {"type": "Point", "coordinates": [86.47, 14.6]}, "properties": {"operator": "vi", "technology": "5G", "tests": 1, "avg_download": 94.16, "avg_quality": 81.85}}, {"type": "Feature", "geometry": {"type": "Point", "coordinates": [92.05, 29.73]}, "properties": {"operator": "jio", "technology": "4G", "tests": 1, "avg_download": 29.55, "avg_quality": 70.86}}, {"type": "Feature", "geometry": {"type": "Point", "coordinates": [68.77, 17.99]}, "properties": {"operator": "vi", "technology": "4G", "tests": 1, "avg_download": 24.35, "avg_quality": 52.22}}, {"type": "Feature", "geometry": {"type": "Point", "coordinates": [89.93, 28.81]}, "properties": {"operator": "vi", "technology": "4G", "tests": 1, "avg_download": 17.98, "avg_quality": 45.44}}, {"type": "Feature", "geometry": {"type": "Point", "coordinates": [75.24, 25.79]}, "properties": {"operator": "vi", "technology": "5G", "tests": 1, "avg_download": 47.09, "avg_quality": 78.64}}, {"type": "Feature", "geometry": {"type": "Point", "coordinates": [77.63, 30.24]}, "properties": {"operator": "airtel", "technology": "4G", "tests": 1, "avg_download": 26.55, "avg_quality": 66.87}}, {"type": "Feature", "geometry": {"type": "Point", "coordinates": [72.25, 17.57]}, "properties": {"operator": "jio", "technology": "4G", "tests": 1, "avg_download": 38.55, "avg_quality": 64.82}}, {"type": "Feature", "geometry": {"type": "Point", "coordinates": [73.2, 9.35]}, "properties": {"operator": "jio", "technology": "5G", "tests": 1, "avg_download": 82.95, "avg_quality": 84.49}}, {"type": "Feature", "geometry": {"type": "Point", "coordinates": [83.86, 24.58]}, "properties": {"operator": "airtel", "technology": "5G", "tests": 1, "avg_download": 85.46, "avg_quality": 69.86}}, {"type": "Feature", "geometry": {"type": "Point", "coordinates": [82.79, 15.27]}, "properties": {"operator": "airtel", "technology": "5G", "tests": 1, "avg_download": 88.0, "avg_quality": 88.36}}, {"type": "Feature", "geometry": {"type": "Point", "coordinates": [74.7, 13.46]}, "properties": {"operator": "airtel", "technology": "5G", "tests": 1, "avg_download": 74.84, "avg_quality": 80.45}}, {"type": "Feature", "geometry": {"type": "Point", "coordinates": [90.56, 22.42]}, "properties": {"operator": "jio", "technology": "5G", "tests": 1, "avg_download": 79.29, "avg_quality": 73.09}}, {"type": "Feature", "geometry": {"type": "Point", "coordinates": [89.46, 35.17]}, "properties": {"operator": "jio", "technology": "5G", "tests": 1, "avg_download": 74.6, "avg_quality": 90.66}}, {"type": "Feature", "geometry": {"type": "Point", "coordinates": [83.02, 19.13]}, "properties": {"operator": "airtel", "technology": "5G", "tests": 1, "avg_download": 72.67, "avg_quality": 94.71}}, {"type": "Feature", "geometry": {"type": "Point", "coordinates": [74.48, 8.54]}, "properties": {"operator": "airtel", "technology": "4G", "tests": 1, "avg_download": 19.69, "avg_quality": 62.33}}, {"type": "Feature", "geometry": {"type": "Point", "coordinates": [69.6, 35.35]}, "properties": {"operator": "jio", "technology": "5G", "tests": 1, "avg_download": 81.11, "avg_quality": 80.23}}, {"type": "Feature", "geometry": {"type": "Point", "coordinates": [68.09, 15.02]}, "properties": {"operator": "airtel", "technology": "5G", "tests": 1, "avg_download": 116.71, "avg_quality": 97.18}}, {"type": "Feature", "geometry": {"type": "Point", "coordinates": [95.95, 19.03]}, "properties": {"operator": "vi", "technology": "5G", "tests": 1, "avg_download": 66.35, "avg_quality": 77.61}}, {"type": "Feature", "geometry": {"type": "Point", "coordinates": [82.67, 30.07]}, "properties": {"operator": "jio", "technology": "4G", "tests": 1, "avg_download": 11.97, "avg_quality": 50.77}}, {"type": "Feature", "geometry": {"type": "Point", "coordinates": [68.15, 14.65]}, "properties": {"operator": "airtel", "technology": "4G", "tests": 1, "avg_download": 17.94, "avg_quality": 53.82}}, {"type": "Feature", "geometry": {"type": "Point", "coordinates": [81.73, 27.23]}, "properties": {"operator": "vi", "technology": "4G", "tests": 1, "avg_download": 24.22, "avg_quality": 46.63}}, {"type": "Feature", "geometry": {"type": "Point", "coordinates": [88.25, 25.45]}, "properties": {"operator": "jio", "technology": "5G", "tests": 1, "avg_download": 95.81, "avg_quality": 60.56}}, {"type": "Feature", "geometry": {"type": "Point", "coordinates": [75.91, 9.39]}, "properties": {"operator": "jio", "technology": "5G", "tests": 1, "avg_download": 117.95, "avg_quality": 97.21}}, {"type": "Feature", "geometry": {"type": "Point", "coordinates": [75.52, 8.29]}, "properties": {"operator": "jio", "technology": "4G", "tests": 1, "avg_download": 25.99, "avg_quality": 43.85}}, {"type": "Feature", "geometry": {"type": "Point", "coordinates": [86.9, 10.11]}, "properties": {"operator": "airtel", "technology": "4G", "tests": 1, "avg_download": 10.32, "avg_quality": 67.86}}, {"type": "Feature", "geometry": {"type": "Point", "coordinates": [93.33, 8.04]}, "properties": {"operator": "airtel", "technology": "4G", "tests": 1, "avg_download": 16.59, "avg_quality": 63.59}}, {"type": "Feature", "geometry": {"type": "Point", "coordinates": [81.96, 19.47]}, "properties": {"operator": "airtel", "technology": "5G", "tests": 1, "avg_download": 68.03, "avg_quality": 78.06}}, {"type": "Feature", "geometry": {"type": "Point", "coordinates": [84.42, 33.54]}, "properties": {"operator": "airtel", "technology": "4G", "tests": 1, "avg_download": 28.16, "avg_quality": 54.86}}, {"type": "Feature", "geometry": {"type": "Point", "coordinates": [87.12, 10.29]}, "properties": {"operator": "airtel", "technology": "4G", "tests": 1, "avg_download": 27.52, "avg_quality": 75.05}}, {"type": "Feature", "geometry": {"type": "Point", "coordinates": [87.7, 35.35]}, "properties": {"operator": "airtel", "technology": "4G", "tests": 1, "avg_download": 17.01, "avg_quality": 71.32}}, {"type": "Feature", "geometry": {"type": "Point", "coordinates": [84.32, 9.97]}, "properties": {"operator": "vi", "technology": "5G", "tests": 1, "avg_download": 41.98, "avg_quality": 75.15}}, {"type": "Feature", "geometry": {"type": "Point", "coordinates": [86.39, 34.99]}, "properties": {"operator": "airtel", "technology": "5G", "tests": 1, "avg_download": 74.03, "avg_quality": 72.27}}, {"type": "Feature", "geometry": {"type": "Point", "coordinates": [75.39, 32.66]}, "properties": {"operator": "vi", "technology": "5G", "tests": 1, "avg_download": 13.4, "avg_quality": 41.41}}, {"type": "Feature", "geometry": {"type": "Point", "coordinates": [85.33, 25.71]}, "properties": {"operator": "jio", "technology": "5G", "tests": 1, "avg_download": 130.64, "avg_quality": 77.58}}, {"type": "Feature", "geometry": {"type": "Point", "coordinates": [76.62, 14.84]}, "properties": {"operator": "jio", "technology": "5G", "tests": 1, "avg_download": 60.85, "avg_quality": 75.17}}, {"type": "Feature", "geometry": {"type": "Point", "coordinates": [86.33, 23.9]}, "properties": {"operator": "vi", "technology": "4G", "tests": 1, "avg_download": 19.72, "avg_quality": 54.82}}, {"type": "Feature", "geometry": {"type": "Point", "coordinates": [74.85, 26.59]}, "properties": {"operator": "jio", "technology": "4G", "tests": 1, "avg_download": 24.64, "avg_quality": 53.94}}, {"type": "Feature", "geometry": {"type": "Point", "coordinates": [93.98, 28.8]}, "properties": {"operator": "jio", "technology": "4G", "tests": 1, "avg_download": 21.88, "avg_quality": 44.52}}, {"type": "Feature", "geometry": {"type": "Point", "coordinates": [93.3, 10.25]}, "properties": {"operator": "airtel", "technology": "5G", "tests": 1, "avg_download": 83.92, "avg_quality": 92.26}}, {"type": "Feature", "geometry": {"type": "Point", "coordinates": [79.16, 26.23]}, "properties": {"operator": "vi", "technology": "4G", "tests": 1, "avg_download": 11.44, "avg_quality": 65.82}}, {"type": "Feature", "geometry": {"type": "Point", "coordinates": [82.03, 24.99]}, "properties": {"operator": "airtel", "technology": "4G", "tests": 1, "avg_download": 17.43, "avg_quality": 71.81}}, {"type": "Feature", "geometry": {"type": "Point", "coordinates": [79.24, 22.14]}, "properties": {"operator": "vi", "technology": "4G", "tests": 1, "avg_download": 21.75, "avg_quality": 67.77}}, {"type": "Feature", "geometry": {"type": "Point", "coordinates": [78.06, 27.5]}, "properties": {"operator": "vi", "technology": "4G", "tests": 1, "avg_download": 16.12, "avg_quality": 76.45}}, {"type": "Feature", "geometry": {"type": "Point", "coordinates": [89.89, 17.92]}, "properties": {"operator": "airtel", "technology": "4G", "tests": 1, "avg_download": 13.59, "avg_quality": 58.76}}, {"type": "Feature", "geometry": {"type": "Point", "coordinates": [90.29, 24.97]}, "properties": {"operator": "vi", "technology": "5G", "tests": 1, "avg_download": 61.88, "avg_quality": 63.23}}, {"type": "Feature", "geometry": {"type": "Point", "coordinates": [79.53, 29.15]}, "properties": {"operator": "airtel", "technology": "4G", "tests": 1, "avg_download": 31.77, "avg_quality": 56.15}}, {"type": "Feature", "geometry": {"type": "Point", "coordinates": [89.25, 13.61]}, "properties": {"operator": "vi", "technology": "5G", "tests": 1, "avg_download": 88.37, "avg_quality": 67.67}}, {"type": "Feature", "geometry": {"type": "Point", "coordinates": [76.66, 14.5]}, "properties": {"operator": "airtel", "technology": "5G", "tests": 1, "avg_download": 71.69, "avg_quality": 78.76}}, {"type": "Feature", "geometry": {"type": "Point", "coordinates": [89.17, 18.58]}, "properties": {"operator": "airtel", "technology": "4G", "tests": 1, "avg_download": 10.08, "avg_quality": 53.26}}, {"type": "Feature", "geometry": {"type": "Point", "coordinates": [69.49, 16.76]}, "properties": {"operator": "airtel", "technology": "5G", "tests": 1, "avg_download": 88.39, "avg_quality": 81.63}}, {"type": "Feature", "geometry": {"type": "Point", "coordinates": [73.51, 8.79]}, "properties": {"operator": "vi", "technology": "4G", "tests": 1, "avg_download": 15.84, "avg_quality": 54.36}}, {"type": "Feature", "geometry": {"type": "Point", "coordinates": [91.67, 11.42]}, "properties": {"operator": "jio", "technology": "4G", "tests": 1, "avg_download": 30.52, "avg_quality": 72.14}}, {"type": "Feature", "geometry": {"type": "Point", "coordinates": [91.14, 23.05]}, "properties": {"operator": "airtel", "technology": "4G", "tests": 1, "avg_download": 15.63, "avg_quality": 65.13}}, {"type": "Feature", "geometry": {"type": "Point", "coordinates": [73.54, 9.34]}, "properties": {"operator": "vi", "technology": "5G", "tests": 1, "avg_download": 80.48, "avg_quality": 70.12}}, {"type": "Feature", "geometry": {"type": "Point", "coordinates": [82.32, 20.3]}, "properties": {"operator": "airtel", "technology": "4G", "tests": 1, "avg_download": 21.75, "avg_quality": 48.31}}, {"type": "Feature", "geometry": {"type": "Point", "coordinates": [74.59, 30.88]}, "properties": {"operator": "vi", "technology": "4G", "tests": 1, "avg_download": 19.07, "avg_quality": 55.21}}, {"type": "Feature", "geometry": {"type": "Point", "coordinates": [90.27, 16.59]}, "properties": {"operator": "jio", "technology": "4G", "tests": 1, "avg_download": 26.97, "avg_quality": 54.79}}, {"type": "Feature", "geometry": {"type": "Point", "coordinates": [70.61, 22.13]}, "properties": {"operator": "airtel", "technology": "4G", "tests": 1, "avg_download": 19.84, "avg_quality": 57.98}}, {"type": "Feature", "geometry": {"type": "Point", "coordinates": [91.25, 14.45]}, "properties": {"operator": "jio", "technology": "5G", "tests": 1, "avg_download": 69.21, "avg_quality": 88.1}}, {"type": "Feature", "geometry": {"type": "Point", "coordinates": [94.04, 14.89]}, "properties": {"operator": "vi", "technology": "4G", "tests": 1, "avg_download": 18.15, "avg_quality": 52.36}}, {"type": "Feature", "geometry": {"type": "Point", "coordinates": [93.57, 10.58]}, "properties": {"operator": "vi", "technology": "5G", "tests": 1, "avg_download": 97.81, "avg_quality": 84.2}}, {"type": "Feature", "geometry": {"type": "Point", "coordinates": [93.83, 24.78]}, "properties": {"operator": "airtel", "technology": "5G", "tests": 1, "avg_download": 48.75, "avg_quality": 68.94}}, {"type": "Feature", "geometry": {"type": "Point", "coordinates": [83.93, 12.83]}, "properties": {"operator": "vi", "technology": "5G", "tests": 1, "avg_download": 51.29, "avg_quality": 71.1}}, {"type": "Feature", "geometry": {"type": "Point", "coordinates": [86.55, 17.46]}, "properties": {"operator": "jio", "technology": "4G", "tests": 1, "avg_download": 23.25, "avg_quality": 49.69}}, {"type": "Feature", "geometry": {"type": "Point", "coordinates": [81.61, 28.8]}, "properties": {"operator": "airtel", "technology": "5G", "tests": 1, "avg_download": 49.06, "avg_quality": 79.29}}, {"type": "Feature", "geometry": {"type": "Point", "coordinates": [78.75, 12.46]}, "properties": {"operator": "vi", "technology": "4G", "tests": 1, "avg_download": 19.68, "avg_quality": 33.02}}, {"type": "Feature", "geometry": {"type": "Point", "coordinates": [78.72, 29.46]}, "properties": {"operator": "vi", "technology": "5G", "tests": 1, "avg_download": 50.29, "avg_quality": 80.15}}, {"type": "Feature", "geometry": {"type": "Point", "coordinates": [74.85, 23.17]}, "properties": {"operator": "jio", "technology": "4G", "tests": 1, "avg_download": 25.61, "avg_quality": 72.12}}, {"type": "Feature", "geometry": {"type": "Point", "coordinates": [89.92, 13.72]}, "properties": {"operator": "airtel", "technology": "4G", "tests": 1, "avg_download": 27.4, "avg_quality": 60.99}}, {"type": "Feature", "geometry": {"type": "Point", "coordinates": [84.64, 34.0]}, "properties": {"operator": "jio", "technology": "5G", "tests": 1, "avg_download": 98.79, "avg_quality": 86.3}}, {"type": "Feature", "geometry": {"type": "Point", "coordinates": [77.89, 35.49]}, "properties": {"operator": "jio", "technology": "5G", "tests": 1, "avg_download": 54.04, "avg_quality": 93.62}}, {"type": "Feature", "geometry": {"type": "Point", "coordinates": [75.84, 9.88]}, "properties": {"operator": "jio", "technology": "4G", "tests": 1, "avg_download": 25.43, "avg_quality": 60.96}}, {"type": "Feature", "geometry": {"type": "Point", "coordinates": [95.8, 14.84]}, "properties": {"operator": "airtel", "technology": "4G", "tests": 1, "avg_download": 23.26, "avg_quality": 65.9}}, {"type": "Feature", "geometry": {"type": "Point", "coordinates": [72.16, 20.15]}, "properties": {"operator": "jio", "technology": "5G", "tests": 1, "avg_download": 135.78, "avg_quality": 100.91}}, {"type": "Feature", "geometry": {"type": "Point", "coordinates": [75.52, 12.11]}, "properties": {"operator": "vi", "technology": "4G", "tests": 1, "avg_download": 13.46, "avg_quality": 60.48}}, {"type": "Feature", "geometry": {"type": "Point", "coordinates": [94.39, 31.51]}, "properties": {"operator": "airtel", "technology": "4G", "tests": 1, "avg_download": 19.93, "avg_quality": 61.53}}, {"type": "Feature", "geometry": {"type": "Point", "coordinates": [77.29, 24.62]}, "properties": {"operator": "vi", "technology": "5G", "tests": 1, "avg_download": 87.4, "avg_quality": 93.86}}, {"type": "Feature", "geometry": {"type": "Point", "coordinates": [76.66, 14.78]}, "properties": {"operator": "jio", "technology": "5G", "tests": 1, "avg_download": 111.05, "avg_quality": 62.45}}, {"type": "Feature", "geometry": {"type": "Point", "coordinates": [90.8, 16.37]}, "properties": {"operator": "vi", "technology": "5G", "tests": 1, "avg_download": 75.96, "avg_quality": 77.98}}, {"type": "Feature", "geometry": {"type": "Point", "coordinates": [89.97, 28.78]}, "properties": {"operator": "airtel", "technology": "4G", "tests": 1, "avg_download": 26.99, "avg_quality": 60.62}}, {"type": "Feature", "geometry": {"type": "Point", "coordinates": [82.82, 18.72]}, "properties": {"operator": "airtel", "technology": "4G", "tests": 1, "avg_download": 30.16, "avg_quality": 51.92}}, {"type": "Feature", "geometry": {"type": "Point", "coordinates": [76.09, 27.09]}, "properties": {"operator": "jio", "technology": "4G", "tests": 1, "avg_download": 21.63, "avg_quality": 74.7}}, {"type": "Feature", "geometry": {"type": "Point", "coordinates": [87.49, 33.32]}, "properties": {"operator": "vi", "technology": "5G", "tests": 1, "avg_download": 50.4, "avg_quality": 65.72}}, {"type": "Feature", "geometry": {"type": "Point", "coordinates": [82.82, 20.54]}, "properties": {"operator": "jio", "technology": "4G", "tests": 1, "avg_download": 33.83, "avg_quality": 56.88}}, {"type": "Feature", "geometry": {"type": "Point", "coordinates": [78.27, 8.85]}, "properties": {"operator": "jio", "technology": "4G", "tests": 1, "avg_download": 23.7, "avg_quality": 77.06}}, {"type": "Feature", "geometry": {"type": "Point", "coordinates": [81.11, 12.4]}, "properties": {"operator": "jio", "technology": "4G", "tests": 1, "avg_download": 37.98, "avg_quality": 52.31}}, {"type": "Feature", "geometry": {"type": "Point", "coordinates": [69.46, 33.2]}, "properties": {"operator": "jio", "technology": "4G", "tests": 1, "avg_download": 25.49, "avg_quality": 66.27}}, {"type": "Feature", "geometry": {"type": "Point", "coordinates": [78.94, 21.65]}, "properties": {"operator": "airtel", "technology": "5G", "tests": 1, "avg_download": 75.73, "avg_quality": 71.43}}, {"type": "Feature", "geometry": {"type": "Point", "coordinates": [83.25, 35.2]}, "properties": {"operator": "vi", "technology": "4G", "tests": 1, "avg_download": 13.15, "avg_quality": 50.86}}, {"type": "Feature", "geometry": {"type": "Point", "coordinates": [79.06, 32.25]}, "properties": {"operator": "vi", "technology": "5G", "tests": 1, "avg_download": 47.3, "avg_quality": 76.68}}, {"type": "Feature", "geometry": {"type": "Point", "coordinates": [76.61, 32.71]}, "properties": {"operator": "vi", "technology": "5G", "tests": 1, "avg_download": 59.45, "avg_quality": 74.63}}, {"type": "Feature", "geometry": {"type": "Point", "coordinates": [90.6, 25.13]}, "properties": {"operator": "jio", "technology": "5G", "tests": 1, "avg_download": 127.14, "avg_quality": 73.8}}, {"type": "Feature", "geometry": {"type": "Point", "coordinates": [79.57, 29.98]}, "properties": {"operator": "jio", "technology": "4G", "tests": 1, "avg_download": 19.34, "avg_quality": 51.44}}, {"type": "Feature", "geometry": {"type": "Point", "coordinates": [88.61, 20.49]}, "properties": {"operator": "vi", "technology": "5G", "tests": 1, "avg_download": 64.6, "avg_quality": 55.72}}, {"type": "Feature", "geometry": {"type": "Point", "coordinates": [82.88, 11.55]}, "properties": {"operator": "vi", "technology": "4G", "tests": 1, "avg_download": 14.03, "avg_quality": 52.57}}, {"type": "Feature", "geometry": {"type": "Point", "coordinates": [92.87, 12.49]}, "properties": {"operator": "vi", "technology": "4G", "tests": 1, "avg_download": 14.49, "avg_quality": 55.85}}, {"type": "Feature", "geometry": {"type": "Point", "coordinates": [95.67, 16.48]}, "properties": {"operator": "vi", "technology": "5G", "tests": 1, "avg_download": 56.45, "avg_quality": 66.69}}, {"type": "Feature", "geometry": {"type": "Point", "coordinates": [88.66, 9.89]}, "properties": {"operator": "jio", "technology": "5G", "tests": 1, "avg_download": 106.48, "avg_quality": 81.69}}, {"type": "Feature", "geometry": {"type": "Point", "coordinates": [81.54, 11.01]}, "properties": {"operator": "vi", "technology": "4G", "tests": 1, "avg_download": 19.97, "avg_quality": 60.32}}, {"type": "Feature", "geometry": {"type": "Point", "coordinates": [94.5, 14.09]}, "properties": {"operator": "airtel", "technology": "4G", "tests": 1, "avg_download": 14.02, "avg_quality": 64.52}}, {"type": "Feature", "geometry": {"type": "Point", "coordinates": [92.34, 24.82]}, "properties": {"operator": "airtel", "technology": "5G", "tests": 1, "avg_download": 75.0, "avg_quality": 77.34}}, {"type": "Feature", "geometry": {"type": "Point", "coordinates": [70.93, 30.36]}, "properties": {"operator": "jio", "technology": "5G", "tests": 1, "avg_download": 85.65, "avg_quality": 89.22}}, {"type": "Feature", "geometry": {"type": "Point", "coordinates": [89.46, 30.23]}, "properties": {"operator": "jio", "technology": "5G", "tests": 1, "avg_download": 126.2, "avg_quality": 79.22}}, {"type": "Feature", "geometry": {"type": "Point", "coordinates": [84.24, 20.04]}, "properties": {"operator": "airtel", "technology": "5G", "tests": 1, "avg_download": 81.32, "avg_quality": 66.72}}, {"type": "Feature", "geometry": {"type": "Point", "coordinates": [80.01, 14.06]}, "properties": {"operator": "jio", "technology": "5G", "tests": 1, "avg_download": 62.81, "avg_quality": 75.83}}, {"type": "Feature", "geometry": {"type": "Point", "coordinates": [76.93, 31.72]}, "properties": {"operator": "jio", "technology": "5G", "tests": 1, "avg_download": 75.51, "avg_quality": 91.97}}, {"type": "Feature", "geometry": {"type": "Point", "coordinates": [82.08, 12.31]}, "properties": {"operator": "airtel", "technology": "5G", "tests": 1, "avg_download": 94.4, "avg_quality": 89.17}}, {"type": "Feature", "geometry": {"type": "Point", "coordinates": [81.95, 14.13]}, "properties": {"operator": "airtel", "technology": "5G", "tests": 1, "avg_download": 62.21, "avg_quality": 72.45}}, {"type": "Feature", "geometry": {"type": "Point", "coordinates": [81.25, 12.31]}, "properties": {"operator": "airtel", "technology": "5G", "tests": 1, "avg_download": 55.75, "avg_quality": 73.7}}, {"type": "Feature", "geometry": {"type": "Point", "coordinates": [77.6, 8.56]}, "properties": {"operator": "vi", "technology": "4G", "tests": 1, "avg_download": 15.5, "avg_quality": 54.74}}, {"type": "Feature", "geometry": {"type": "Point", "coordinates": [81.9, 16.92]}, "properties": {"operator": "vi", "technology": "4G", "tests": 1, "avg_download": 22.72, "avg_quality": 58.42}}, {"type": "Feature", "geometry": {"type": "Point", "coordinates": [82.69, 30.49]}, "properties": {"operator": "airtel", "technology": "5G", "tests": 1, "avg_download": 60.76, "avg_quality": 49.39}}, {"type": "Feature", "geometry": {"type": "Point", "coordinates": [79.69, 29.62]}, "properties": {"operator": "jio", "technology": "4G", "tests": 1, "avg_download": 27.03, "avg_quality": 63.24}}, {"type": "Feature", "geometry": {"type": "Point", "coordinates": [79.65, 31.03]}, "properties": {"operator": "jio", "technology": "4G", "tests": 1, "avg_download": 23.29, "avg_quality": 58.25}}, {"type": "Feature", "geometry": {"type": "Point", "coordinates": [83.97, 20.52]}, "properties": {"operator": "vi", "technology": "5G", "tests": 1, "avg_download": 52.24, "avg_quality": 49.57}}, {"type": "Feature", "geometry": {"type": "Point", "coordinates": [82.93, 28.77]}, "properties": {"operator": "jio", "technology": "4G", "tests": 1, "avg_download": 21.08, "avg_quality": 56.78}}, {"type": "Feature", "geometry": {"type": "Point", "coordinates": [87.1, 9.58]}, "properties": {"operator": "vi", "technology": "5G", "tests": 1, "avg_download": 65.62, "avg_quality": 79.15}}, {"type": "Feature", "geometry": {"type": "Point", "coordinates": [73.53, 27.71]}, "properties": {"operator": "jio", "technology": "4G", "tests": 1, "avg_download": 19.78, "avg_quality": 61.19}}, {"type": "Feature", "geometry": {"type": "Point", "coordinates": [84.92, 14.81]}, "properties": {"operator": "jio", "technology": "4G", "tests": 1, "avg_download": 17.37, "avg_quality": 66.08}}, {"type": "Feature", "geometry": {"type": "Point", "coordinates": [85.93, 20.45]}, "properties": {"operator": "jio", "technology": "4G", "tests": 1, "avg_download": 30.07, "avg_quality": 41.05}}, {"type": "Feature", "geometry": {"type": "Point", "coordinates": [81.53, 35.76]}, "properties": {"operator": "jio", "technology": "4G", "tests": 1, "avg_download": 22.66, "avg_quality": 67.34}}, {"type": "Feature", "geometry": {"type": "Point", "coordinates": [71.28, 33.0]}, "properties": {"operator": "vi", "technology": "5G", "tests": 1, "avg_download": 73.81, "avg_quality": 81.57}}, {"type": "Feature", "geometry": {"type": "Point", "coordinates": [95.44, 25.54]}, "properties": {"operator": "airtel", "technology": "4G", "tests": 1, "avg_download": 19.75, "avg_quality": 68.52}}, {"type": "Feature", "geometry": {"type": "Point", "coordinates": [74.26, 10.23]}, "properties": {"operator": "jio", "technology": "4G", "tests": 1, "avg_download": 36.4, "avg_quality": 68.6}}, {"type": "Feature", "geometry": {"type": "Point", "coordinates": [79.82, 20.1]}, "properties": {"operator": "airtel", "technology": "5G", "tests": 1, "avg_download": 54.2, "avg_quality": 89.95}}, {"type": "Feature", "geometry": {"type": "Point", "coordinates": [78.23, 34.79]}, "properties": {"operator": "vi", "technology": "5G", "tests": 1, "avg_download": 46.48, "avg_quality": 87.26}}, {"type": "Feature", "geometry": {"type": "Point", "coordinates": [68.81, 26.53]}, "properties": {"operator": "vi", "technology": "4G", "tests": 1, "avg_download": 16.84, "avg_quality": 69.54}}, {"type": "Feature", "geometry": {"type": "Point", "coordinates": [77.8, 14.55]}, "properties": {"operator": "jio", "technology": "4G", "tests": 1, "avg_download": 39.05, "avg_quality": 85.6}}, {"type": "Feature", "geometry": {"type": "Point", "coordinates": [89.06, 10.15]}, "properties": {"operator": "airtel", "technology": "5G", "tests": 1, "avg_download": 81.92, "avg_quality": 68.76}}, {"type": "Feature", "geometry": {"type": "Point", "coordinates": [92.55, 32.68]}, "properties": {"operator": "vi", "technology": "4G", "tests": 1, "avg_download": 20.8, "avg_quality": 64.13}}, {"type": "Feature", "geometry": {"type": "Point", "coordinates": [71.67, 17.84]}, "properties": {"operator": "vi", "technology": "5G", "tests": 1, "avg_download": 70.01, "avg_quality": 66.83}}, {"type": "Feature", "geometry": {"type": "Point", "coordinates": [87.41, 19.75]}, "properties": {"operator": "jio", "technology": "5G", "tests": 1, "avg_download": 30.45, "avg_quality": 82.47}}, {"type": "Feature", "geometry": {"type": "Point", "coordinates": [78.93, 34.3]}, "properties": {"operator": "vi", "technology": "5G", "tests": 1, "avg_download": 45.46, "avg_quality": 69.37}}, {"type": "Feature", "geometry": {"type": "Point", "coordinates": [83.49, 10.96]}, "properties": {"operator": "airtel", "technology": "5G", "tests": 1, "avg_download": 119.12, "avg_quality": 97.12}}, {"type": "Feature", "geometry": {"type": "Point", "coordinates": [85.44, 21.06]}, "properties": {"operator": "vi", "technology": "5G", "tests": 1, "avg_download": 39.44, "avg_quality": 61.72}}, {"type": "Feature", "geometry": {"type": "Point", "coordinates": [87.7, 9.54]}, "properties": {"operator": "airtel", "technology": "4G", "tests": 1, "avg_download": 18.53, "avg_quality": 56.59}}, {"type": "Feature", "geometry": {"type": "Point", "coordinates": [93.6, 16.65]}, "properties": {"operator": "airtel", "technology": "5G", "tests": 1, "avg_download": 85.9, "avg_quality": 81.29}}, {"type": "Feature", "geometry": {"type": "Point", "coordinates": [76.47, 18.96]}, "properties": {"operator": "airtel", "technology": "4G", "tests": 1, "avg_download": 23.63, "avg_quality": 69.67}}, {"type": "Feature", "geometry": {"type": "Point", "coordinates": [77.39, 9.93]}, "properties": {"operator": "jio", "technology": "4G", "tests": 1, "avg_download": 29.55, "avg_quality": 68.53}}, {"type": "Feature", "geometry": {"type": "Point", "coordinates": [87.37, 9.54]}, "properties": {"operator": "jio", "technology": "5G", "tests": 1, "avg_download": 102.56, "avg_quality": 96.11}}, {"type": "Feature", "geometry": {"type": "Point", "coordinates": [91.27, 29.61]}, "properties": {"operator": "vi", "technology": "4G", "tests": 1, "avg_download": 18.66, "avg_quality": 50.37}}, {"type": "Feature", "geometry": {"type": "Point", "coordinates": [78.41, 30.93]}, "properties": {"operator": "vi", "technology": "5G", "tests": 1, "avg_download": 50.28, "avg_quality": 77.24}}, {"type": "Feature", "geometry": {"type": "Point", "coordinates": [86.51, 12.28]}, "properties": {"operator": "jio", "technology": "4G", "tests": 1, "avg_download": 17.95, "avg_quality": 66.7}}, {"type": "Feature", "geometry": {"type": "Point", "coordinates": [83.01, 16.63]}, "properties": {"operator": "airtel", "technology": "5G", "tests": 1, "avg_download": 53.72, "avg_quality": 72.43}}, {"type": "Feature", "geometry": {"type": "Point", "coordinates": [85.89, 21.11]}, "properties": {"operator": "jio", "technology": "5G", "tests": 1, "avg_download": 90.0, "avg_quality": 71.17}}, {"type": "Feature", "geometry": {"type": "Point", "coordinates": [80.21, 16.25]}, "properties": {"operator": "airtel", "technology": "4G", "tests": 1, "avg_download": 16.32, "avg_quality": 58.02}}, {"type": "Feature", "geometry": {"type": "Point", "coordinates": [76.06, 16.05]}, "properties": {"operator": "vi", "technology": "4G", "tests": 1, "avg_download": 13.81, "avg_quality": 43.22}}, {"type": "Feature", "geometry": {"type": "Point", "coordinates": [94.45, 14.89]}, "properties": {"operator": "airtel", "technology": "5G", "tests": 1, "avg_download": 114.3, "avg_quality": 93.52}}, {"type": "Feature", "geometry": {"type": "Point", "coordinates": [70.76, 18.01]}, "properties": {"operator": "airtel", "technology": "4G", "tests": 1, "avg_download": 17.27, "avg_quality": 59.76}}, {"type": "Feature", "geometry": {"type": "Point", "coordinates": [80.78, 34.66]}, "properties": {"operator": "airtel", "technology": "5G", "tests": 1, "avg_download": 65.98, "avg_quality": 78.75}}, {"type": "Feature", "geometry": {"type": "Point", "coordinates": [88.97, 18.32]}, "properties": {"operator": "airtel", "technology": "4G", "tests": 1, "avg_download": 26.07, "avg_quality": 54.59}}, {"type": "Feature", "geometry": {"type": "Point", "coordinates": [78.75, 17.44]}, "properties": {"operator": "vi", "technology": "5G", "tests": 1, "avg_download": 53.38, "avg_quality": 81.61}}, {"type": "Feature", "geometry": {"type": "Point", "coordinates": [77.86, 13.1]}, "properties": {"operator": "jio", "technology": "5G", "tests": 1, "avg_download": 54.18, "avg_quality": 64.5}}, {"type": "Feature", "geometry": {"type": "Point", "coordinates": [74.84, 28.77]}, "properties": {"operator": "vi", "technology": "4G", "tests": 1, "avg_download": 14.42, "avg_quality": 64.86}}, {"type": "Feature", "geometry": {"type": "Point", "coordinates": [92.14, 13.51]}, "properties": {"operator": "airtel", "technology": "5G", "tests": 1, "avg_download": 67.59, "avg_quality": 72.88}}, {"type": "Feature", "geometry": {"type": "Point", "coordinates": [92.04, 14.23]}, "properties": {"operator": "airtel", "technology": "5G", "tests": 1, "avg_download": 109.66, "avg_quality": 101.53}}, {"type": "Feature", "geometry": {"type": "Point", "coordinates": [95.73, 21.1]}, "properties": {"operator": "jio", "technology": "5G", "tests": 1, "avg_download": 59.82, "avg_quality": 56.59}}, {"type": "Feature", "geometry": {"type": "Point", "coordinates": [75.17, 32.28]}, "properties": {"operator": "jio", "technology": "4G", "tests": 1, "avg_download": 29.07, "avg_quality": 65.88}}, {"type": "Feature", "geometry": {"type": "Point", "coordinates": [80.78, 19.56]}, "properties": {"operator": "airtel", "technology": "4G", "tests": 1, "avg_download": 28.16, "avg_quality": 66.58}}, {"type": "Feature", "geometry": {"type": "Point", "coordinates": [73.99, 21.73]}, "properties": {"operator": "jio", "technology": "4G", "tests": 1, "avg_download": 26.45, "avg_quality": 74.12}}, {"type": "Feature", "geometry": {"type": "Point", "coordinates": [86.04, 15.84]}, "properties": {"operator": "jio", "technology": "4G", "tests": 1, "avg_download": 19.6, "avg_quality": 69.06}}, {"type": "Feature", "geometry": {"type": "Point", "coordinates": [82.87, 30.93]}, "properties": {"operator": "jio", "technology": "4G", "tests": 1, "avg_download": 29.82, "avg_quality": 69.16}}, {"type": "Feature", "geometry": {"type": "Point", "coordinates": [81.3, 25.17]}, "properties": {"operator": "jio", "technology": "4G", "tests": 1, "avg_download": 23.76, "avg_quality": 62.75}}, {"type": "Feature", "geometry": {"type": "Point", "coordinates": [95.6, 14.27]}, "properties": {"operator": "jio", "technology": "4G", "tests": 1, "avg_download": 29.78, "avg_quality": 69.98}}, {"type": "Feature", "geometry": {"type": "Point", "coordinates": [91.43, 25.63]}, "properties": {"operator": "vi", "technology": "5G", "tests": 1, "avg_download": 73.32, "avg_quality": 70.0}}, {"type": "Feature", "geometry": {"type": "Point", "coordinates": [94.75, 26.36]}, "properties": {"operator": "airtel", "technology": "5G", "tests": 1, "avg_download": 68.52, "avg_quality": 89.99}}, {"type": "Feature", "geometry": {"type": "Point", "coordinates": [86.27, 12.87]}, "properties": {"operator": "airtel", "technology": "5G", "tests": 1, "avg_download": 79.34, "avg_quality": 100.41}}, {"type": "Feature", "geometry": {"type": "Point", "coordinates": [72.41, 26.8]}, "properties": {"operator": "airtel", "technology": "5G", "tests": 1, "avg_download": 69.33, "avg_quality": 78.31}}, {"type": "Feature", "geometry": {"type": "Point", "coordinates": [93.99, 19.51]}, "properties": {"operator": "vi", "technology": "5G", "tests": 1, "avg_download": 80.98, "avg_quality": 88.75}}, {"type": "Feature", "geometry": {"type": "Point", "coordinates": [69.33, 8.31]}, "properties": {"operator": "airtel", "technology": "5G", "tests": 1, "avg_download": 79.9, "avg_quality": 59.66}}, {"type": "Feature", "geometry": {"type": "Point", "coordinates": [73.09, 35.8]}, "properties": {"operator": "airtel", "technology": "4G", "tests": 1, "avg_download": 20.66, "avg_quality": 52.64}}, {"type": "Feature", "geometry": {"type": "Point", "coordinates": [88.13, 13.67]}, "properties": {"operator": "jio", "technology": "4G", "tests": 1, "avg_download": 28.67, "avg_quality": 69.34}}, {"type": "Feature", "geometry": {"type": "Point", "coordinates": [69.82, 15.32]}, "properties": {"operator": "jio", "technology": "4G", "tests": 1, "avg_download": 23.45, "avg_quality": 56.45}}, {"type": "Feature", "geometry": {"type": "Point", "coordinates": [85.56, 14.14]}, "properties": {"operator": "jio", "technology": "4G", "tests": 1, "avg_download": 30.16, "avg_quality": 60.68}}, {"type": "Feature", "geometry": {"type": "Point", "coordinates": [87.04, 15.1]}, "properties": {"operator": "jio", "technology": "5G", "tests": 1, "avg_download": 75.74, "avg_quality": 84.69}}, {"type": "Feature", "geometry": {"type": "Point", "coordinates": [84.98, 16.2]}, "properties": {"operator": "vi", "technology": "5G", "tests": 1, "avg_download": 58.25, "avg_quality": 71.78}}, {"type": "Feature", "geometry": {"type": "Point", "coordinates": [89.3, 18.78]}, "properties": {"operator": "vi", "technology": "4G", "tests": 1, "avg_download": 10.7, "avg_quality": 55.91}}, {"type": "Feature", "geometry": {"type": "Point", "coordinates": [90.1, 26.63]}, "properties": {"operator": "jio", "technology": "5G", "tests": 1, "avg_download": 121.83, "avg_quality": 67.75}}, {"type": "Feature", "geometry": {"type": "Point", "coordinates": [77.19, 26.09]}, "properties": {"operator": "vi", "technology": "5G", "tests": 1, "avg_download": 70.08, "avg_quality": 88.8}}, {"type": "Feature", "geometry": {"type": "Point", "coordinates": [72.14, 8.54]}, "properties": {"operator": "airtel", "technology": "4G", "tests": 1, "avg_download": 25.74, "avg_quality": 66.78}}, {"type": "Feature", "geometry": {"type": "Point", "coordinates": [80.54, 20.38]}, "properties": {"operator": "airtel", "technology": "4G", "tests": 1, "avg_download": 14.95, "avg_quality": 70.78}}, {"type": "Feature", "geometry": {"type": "Point", "coordinates": [91.07, 22.88]}, "properties": {"operator": "airtel", "technology": "4G", "tests": 1, "avg_download": 26.41, "avg_quality": 67.03}}, {"type": "Feature", "geometry": {"type": "Point", "coordinates": [82.42, 9.19]}, "properties": {"operator": "airtel", "technology": "5G", "tests": 1, "avg_download": 100.54, "avg_quality": 91.47}}, {"type": "Feature", "geometry": {"type": "Point", "coordinates": [81.6, 24.47]}, "properties": {"operator": "vi", "technology": "5G", "tests": 1, "avg_download": 53.18, "avg_quality": 78.44}}, {"type": "Feature", "geometry": {"type": "Point", "coordinates": [84.25, 13.19]}, "properties": {"operator": "vi", "technology": "4G", "tests": 1, "avg_download": 20.11, "avg_quality": 46.68}}, {"type": "Feature", "geometry": {"type": "Point", "coordinates": [91.84, 23.02]}, "properties": {"operator": "jio", "technology": "5G", "tests": 1, "avg_download": 79.65, "avg_quality": 71.54}}, {"type": "Feature", "geometry": {"type": "Point", "coordinates": [82.13, 14.48]}, "properties": {"operator": "jio", "technology": "4G", "tests": 1, "avg_download": 17.22, "avg_quality": 53.45}}, {"type": "Feature", "geometry": {"type": "Point", "coordinates": [94.23, 33.87]}, "properties": {"operator": "vi", "technology": "5G", "tests": 1, "avg_download": 80.1, "avg_quality": 73.85}}, {"type": "Feature", "geometry": {"type": "Point", "coordinates": [73.14, 32.44]}, "properties": {"operator": "jio", "technology": "4G", "tests": 1, "avg_download": 29.73, "avg_quality": 64.51}}, {"type": "Feature", "geometry": {"type": "Point", "coordinates": [91.15, 20.19]}, "properties": {"operator": "airtel", "technology": "5G", "tests": 1, "avg_download": 85.51, "avg_quality": 84.03}}, {"type": "Feature", "geometry": {"type": "Point", "coordinates": [82.25, 35.57]}, "properties": {"operator": "jio", "technology": "4G", "tests": 1, "avg_download": 21.84, "avg_quality": 65.86}}, {"type": "Feature", "geometry": {"type": "Point", "coordinates": [93.68, 13.13]}, "properties": {"operator": "jio", "technology": "5G", "tests": 1, "avg_download": 52.35, "avg_quality": 86.31}}, {"type": "Feature", "geometry": {"type": "Point", "coordinates": [77.11, 11.11]}, "properties": {"operator": "vi", "technology": "4G", "tests": 1, "avg_download": 12.3, "avg_quality": 61.19}}, {"type": "Feature", "geometry": {"type": "Point", "coordinates": [74.21, 27.19]}, "properties": {"operator": "airtel", "technology": "5G", "tests": 1, "avg_download": 63.17, "avg_quality": 81.87}}, {"type": "Feature", "geometry": {"type": "Point", "coordinates": [87.24, 28.34]}, "properties": {"operator": "airtel", "technology": "5G", "tests": 1, "avg_download": 75.75, "avg_quality": 65.21}}, {"type": "Feature", "geometry": {"type": "Point", "coordinates": [95.89, 15.5]}, "properties": {"operator": "vi", "technology": "5G", "tests": 1, "avg_download": 64.84, "avg_quality": 89.29}}, {"type": "Feature", "geometry": {"type": "Point", "coordinates": [92.91, 17.14]}, "properties": {"operator": "vi", "technology": "5G", "tests": 1, "avg_download": 70.13, "avg_quality": 87.5}}, {"type": "Feature", "geometry": {"type": "Point", "coordinates": [90.24, 14.48]}, "properties": {"operator": "vi", "technology": "4G", "tests": 1, "avg_download": 22.5, "avg_quality": 38.01}}, {"type": "Feature", "geometry": {"type": "Point", "coordinates": [80.53, 23.69]}, "properties": {"operator": "vi", "technology": "4G", "tests": 1, "avg_download": 11.46, "avg_quality": 61.78}}, {"type": "Feature", "geometry": {"type": "Point", "coordinates": [89.5, 33.5]}, "properties": {"operator": "vi", "technology": "4G", "tests": 1, "avg_download": 24.5, "avg_quality": 77.56}}, {"type": "Feature", "geometry": {"type": "Point", "coordinates": [77.17, 25.2]}, "properties": {"operator": "jio", "technology": "5G", "tests": 1, "avg_download": 50.38, "avg_quality": 92.18}}, {"type": "Feature", "geometry": {"type": "Point", "coordinates": [73.43, 10.89]}, "properties": {"operator": "vi", "technology": "4G", "tests": 1, "avg_download": 21.28, "avg_quality": 34.55}}, {"type": "Feature", "geometry": {"type": "Point", "coordinates": [71.22, 8.91]}, "properties": {"operator": "jio", "technology": "5G", "tests": 1, "avg_download": 79.18, "avg_quality": 77.89}}, {"type": "Feature", "geometry": {"type": "Point", "coordinates": [83.2, 31.15]}, "properties": {"operator": "jio", "technology": "4G", "tests": 1, "avg_download": 22.51, "avg_quality": 63.96}}, {"type": "Feature", "geometry": {"type": "Point", "coordinates": [70.71, 35.47]}, "properties": {"operator": "vi", "technology": "4G", "tests": 1, "avg_download": 27.37, "avg_quality": 67.87}}, {"type": "Feature", "geometry": {"type": "Point", "coordinates": [75.5, 11.28]}, "properties": {"operator": "jio", "technology": "4G", "tests": 1, "avg_download": 34.1, "avg_quality": 61.34}}, {"type": "Feature", "geometry": {"type": "Point", "coordinates": [71.35, 8.81]}, "properties": {"operator": "jio", "technology": "5G", "tests": 1, "avg_download": 123.05, "avg_quality": 83.25}}, {"type": "Feature", "geometry": {"type": "Point", "coordinates": [84.46, 30.16]}, "properties": {"operator": "airtel", "technology": "4G", "tests": 1, "avg_download": 20.94, "avg_quality": 56.54}}, {"type": "Feature", "geometry": {"type": "Point", "coordinates": [84.88, 24.77]}, "properties": {"operator": "airtel", "technology": "4G", "tests": 1, "avg_download": 33.36, "avg_quality": 60.8}}, {"type": "Feature", "geometry": {"type": "Point", "coordinates": [69.35, 11.47]}, "properties": {"operator": "jio", "technology": "5G", "tests": 1, "avg_download": 61.84, "avg_quality": 89.89}}, {"type": "Feature", "geometry": {"type": "Point", "coordinates": [83.79, 19.63]}, "properties": {"operator": "airtel", "technology": "4G", "tests": 1, "avg_download": 36.29, "avg_quality": 65.88}}, {"type": "Feature", "geometry": {"type": "Point", "coordinates": [80.75, 19.13]}, "properties": {"operator": "jio", "technology": "4G", "tests": 1, "avg_download": 22.38, "avg_quality": 69.97}}, {"type": "Feature", "geometry": {"type": "Point", "coordinates": [85.53, 33.19]}, "properties": {"operator": "jio", "technology": "4G", "tests": 1, "avg_download": 19.44, "avg_quality": 63.38}}, {"type": "Feature", "geometry": {"type": "Point", "coordinates": [80.71, 18.31]}, "properties": {"operator": "airtel", "technology": "4G", "tests": 1, "avg_download": 11.86, "avg_quality": 56.95}}, {"type": "Feature", "geometry": {"type": "Point", "coordinates": [76.67, 11.57]}, "properties": {"operator": "jio", "technology": "4G", "tests": 1, "avg_download": 10.72, "avg_quality": 58.23}}, {"type": "Feature", "geometry": {"type": "Point", "coordinates": [74.37, 30.35]}, "properties": {"operator": "jio", "technology": "4G", "tests": 1, "avg_download": 22.27, "avg_quality": 60.54}}, {"type": "Feature", "geometry": {"type": "Point", "coordinates": [68.44, 8.87]}, "properties": {"operator": "vi", "technology": "5G", "tests": 1, "avg_download": 67.2, "avg_quality": 82.24}}, {"type": "Feature", "geometry": {"type": "Point", "coordinates": [94.48, 10.26]}, "properties": {"operator": "airtel", "technology": "4G", "tests": 1, "avg_download": 20.63, "avg_quality": 63.66}}, {"type": "Feature", "geometry": {"type": "Point", "coordinates": [73.65, 27.11]}, "properties": {"operator": "airtel", "technology": "4G", "tests": 1, "avg_download": 23.65, "avg_quality": 44.26}}, {"type": "Feature", "geometry": {"type": "Point", "coordinates": [81.25, 10.52]}, "properties": {"operator": "vi", "technology": "4G", "tests": 1, "avg_download": 11.5, "avg_quality": 60.27}}, {"type": "Feature", "geometry": {"type": "Point", "coordinates": [72.11, 18.28]}, "properties": {"operator": "vi", "technology": "4G", "tests": 1, "avg_download": 26.02, "avg_quality": 44.09}}, {"type": "Feature", "geometry": {"type": "Point", "coordinates": [73.23, 29.41]}, "properties": {"operator": "vi", "technology": "5G", "tests": 1, "avg_download": 54.63, "avg_quality": 72.95}}, {"type": "Feature", "geometry": {"type": "Point", "coordinates": [82.02, 29.77]}, "properties": {"operator": "vi", "technology": "5G", "tests": 1, "avg_download": 51.95, "avg_quality": 75.2}}, {"type": "Feature", "geometry": {"type": "Point", "coordinates": [91.77, 12.44]}, "properties": {"operator": "vi", "technology": "4G", "tests": 1, "avg_download": 11.28, "avg_quality": 72.44}}, {"type": "Feature", "geometry": {"type": "Point", "coordinates": [75.06, 31.16]}, "properties": {"operator": "vi", "technology": "5G", "tests": 1, "avg_download": 34.2, "avg_quality": 74.82}}, {"type": "Feature", "geometry": {"type": "Point", "coordinates": [70.63, 22.38]}, "properties": {"operator": "jio", "technology": "4G", "tests": 1, "avg_download": 16.59, "avg_quality": 65.45}}, {"type": "Feature", "geometry": {"type": "Point", "coordinates": [92.18, 20.39]}, "properties": {"operator": "vi", "technology": "4G", "tests": 1, "avg_download": 21.45, "avg_quality": 73.68}}, {"type": "Feature", "geometry": {"type": "Point", "coordinates": [77.83, 17.7]}, "properties": {"operator": "jio", "technology": "4G", "tests": 1, "avg_download": 40.34, "avg_quality": 64.39}}, {"type": "Feature", "geometry": {"type": "Point", "coordinates": [76.57, 14.55]}, "properties": {"operator": "airtel", "technology": "5G", "tests": 1, "avg_download": 111.65, "avg_quality": 101.47}}, {"type": "Feature", "geometry": {"type": "Point", "coordinates": [92.57, 24.63]}, "properties": {"operator": "airtel", "technology": "5G", "tests": 1, "avg_download": 98.0, "avg_quality": 74.72}}, {"type": "Feature", "geometry": {"type": "Point", "coordinates": [71.82, 12.87]}, "properties": {"operator": "vi", "technology": "4G", "tests": 1, "avg_download": 22.8, "avg_quality": 41.46}}, {"type": "Feature", "geometry": {"type": "Point", "coordinates": [82.3, 19.54]}, "properties": {"operator": "vi", "technology": "4G", "tests": 1, "avg_download": 14.75, "avg_quality": 63.16}}, {"type": "Feature", "geometry": {"type": "Point", "coordinates": [70.48, 12.37]}, "properties": {"operator": "airtel", "technology": "4G", "tests": 1, "avg_download": 20.0, "avg_quality": 67.15}}, {"type": "Feature", "geometry": {"type": "Point", "coordinates": [81.73, 25.7]}, "properties": {"operator": "vi", "technology": "5G", "tests": 1, "avg_download": 74.58, "avg_quality": 71.05}}, {"type": "Feature", "geometry": {"type": "Point", "coordinates": [82.17, 25.73]}, "properties": {"operator": "vi", "technology": "5G", "tests": 1, "avg_download": 42.78, "avg_quality": 65.76}}, {"type": "Feature", "geometry": {"type": "Point", "coordinates": [70.57, 31.51]}, "properties": {"operator": "airtel", "technology": "4G", "tests": 1, "avg_download": 15.81, "avg_quality": 42.0}}, {"type": "Feature", "geometry": {"type": "Point", "coordinates": [79.62, 13.89]}, "properties": {"operator": "jio", "technology": "4G", "tests": 1, "avg_download": 24.86, "avg_quality": 66.41}}, {"type": "Feature", "geometry": {"type": "Point", "coordinates": [89.22, 35.04]}, "properties": {"operator": "jio", "technology": "4G", "tests": 1, "avg_download": 14.7, "avg_quality": 44.0}}, {"type": "Feature", "geometry": {"type": "Point", "coordinates": [81.16, 32.83]}, "properties": {"operator": "jio", "technology": "5G", "tests": 1, "avg_download": 54.17, "avg_quality": 76.4}}, {"type": "Feature", "geometry": {"type": "Point", "coordinates": [68.31, 12.92]}, "properties": {"operator": "airtel", "technology": "4G", "tests": 1, "avg_download": 23.68, "avg_quality": 60.8}}, {"type": "Feature", "geometry": {"type": "Point", "coordinates": [76.66, 14.88]}, "properties": {"operator": "vi", "technology": "4G", "tests": 1, "avg_download": 28.57, "avg_quality": 64.53}}, {"type": "Feature", "geometry": {"type": "Point", "coordinates": [77.41, 11.25]}, "properties": {"operator": "airtel", "technology": "5G", "tests": 1, "avg_download": 49.47, "avg_quality": 95.53}}, {"type": "Feature", "geometry": {"type": "Point", "coordinates": [82.16, 10.07]}, "properties": {"operator": "airtel", "technology": "5G", "tests": 1, "avg_download": 89.77, "avg_quality": 88.75}}, {"type": "Feature", "geometry": {"type": "Point", "coordinates": [79.14, 22.7]}, "properties": {"operator": "airtel", "technology": "4G", "tests": 1, "avg_download": 16.76, "avg_quality": 65.84}}, {"type": "Feature", "geometry": {"type": "Point", "coordinates": [76.89, 30.24]}, "properties": {"operator": "airtel", "technology": "4G", "tests": 1, "avg_download": 11.62, "avg_quality": 74.42}}, {"type": "Feature", "geometry": {"type": "Point", "coordinates": [81.18, 22.99]}, "properties": {"operator": "airtel", "technology": "4G", "tests": 1, "avg_download": 33.23, "avg_quality": 71.17}}, {"type": "Feature", "geometry": {"type": "Point", "coordinates": [90.56, 36.0]}, "properties": {"operator": "airtel", "technology": "5G", "tests": 1, "avg_download": 76.06, "avg_quality": 92.12}}, {"type": "Feature", "geometry": {"type": "Point", "coordinates": [83.63, 26.28]}, "properties": {"operator": "jio", "technology": "5G", "tests": 1, "avg_download": 95.06, "avg_quality": 78.17}}, {"type": "Feature", "geometry": {"type": "Point", "coordinates": [95.01, 22.49]}, "properties": {"operator": "vi", "technology": "4G", "tests": 1, "avg_download": 23.66, "avg_quality": 69.1}}, {"type": "Feature", "geometry": {"type": "Point", "coordinates": [85.03, 17.53]}, "properties": {"operator": "airtel", "technology": "5G", "tests": 1, "avg_download": 94.26, "avg_quality": 71.81}}, {"type": "Feature", "geometry": {"type": "Point", "coordinates": [77.61, 18.33]}, "properties": {"operator": "vi", "technology": "5G", "tests": 1, "avg_download": 78.96, "avg_quality": 74.57}}, {"type": "Feature", "geometry": {"type": "Point", "coordinates": [93.55, 31.89]}, "properties": {"operator": "jio", "technology": "5G", "tests": 1, "avg_download": 93.37, "avg_quality": 84.66}}, {"type": "Feature", "geometry": {"type": "Point", "coordinates": [77.83, 12.66]}, "properties": {"operator": "jio", "technology": "5G", "tests": 1, "avg_download": 26.8, "avg_quality": 50.23}}, {"type": "Feature", "geometry": {"type": "Point", "coordinates": [77.88, 24.59]}, "properties": {"operator": "jio", "technology": "4G", "tests": 1, "avg_download": 38.35, "avg_quality": 81.22}}, {"type": "Feature", "geometry": {"type": "Point", "coordinates": [95.15, 12.03]}, "properties": {"operator": "airtel", "technology": "5G", "tests": 1, "avg_download": 87.26, "avg_quality": 90.78}}, {"type": "Feature", "geometry": {"type": "Point", "coordinates": [91.55, 26.45]}, "properties": {"operator": "jio", "technology": "5G", "tests": 1, "avg_download": 75.07, "avg_quality": 79.06}}, {"type": "Feature", "geometry": {"type": "Point", "coordinates": [69.57, 33.54]}, "properties": {"operator": "jio", "technology": "5G", "tests": 1, "avg_download": 68.01, "avg_quality": 81.45}}, {"type": "Feature", "geometry": {"type": "Point", "coordinates": [85.83, 29.02]}, "properties": {"operator": "jio", "technology": "5G", "tests": 1, "avg_download": 61.24, "avg_quality": 77.99}}, {"type": "Feature", "geometry": {"type": "Point", "coordinates": [83.61, 25.46]}, "properties": {"operator": "jio", "technology": "4G", "tests": 1, "avg_download": 19.78, "avg_quality": 63.82}}, {"type": "Feature", "geometry": {"type": "Point", "coordinates": [93.98, 25.36]}, "properties": {"operator": "jio", "technology": "4G", "tests": 1, "avg_download": 25.3, "avg_quality": 45.66}}, {"type": "Feature", "geometry": {"type": "Point", "coordinates": [85.79, 9.03]}, "properties": {"operator": "airtel", "technology": "4G", "tests": 1, "avg_download": 18.59, "avg_quality": 62.31}}, {"type": "Feature", "geometry": {"type": "Point", "coordinates": [77.07, 11.49]}, "properties": {"operator": "vi", "technology": "5G", "tests": 1, "avg_download": 20.84, "avg_quality": 60.98}}, {"type": "Feature", "geometry": {"type": "Point", "coordinates": [78.11, 15.12]}, "properties": {"operator": "airtel", "technology": "4G", "tests": 1, "avg_download": 22.5, "avg_quality": 75.33}}, {"type": "Feature", "geometry": {"type": "Point", "coordinates": [78.14, 13.0]}, "properties": {"operator": "airtel", "technology": "5G", "tests": 1, "avg_download": 41.71, "avg_quality": 56.84}}, {"type": "Feature", "geometry": {"type": "Point", "coordinates": [74.83, 26.25]}, "properties": {"operator": "vi", "technology": "5G", "tests": 1, "avg_download": 72.79, "avg_quality": 81.6}}, {"type": "Feature", "geometry": {"type": "Point", "coordinates": [86.84, 33.24]}, "properties": {"operator": "vi", "technology": "5G", "tests": 1, "avg_download": 81.44, "avg_quality": 88.81}}, {"type": "Feature", "geometry": {"type": "Point", "coordinates": [94.89, 9.02]}, "properties": {"operator": "vi", "technology": "5G", "tests": 1, "avg_download": 64.42, "avg_quality": 64.34}}, {"type": "Feature", "geometry": {"type": "Point", "coordinates": [89.75, 28.99]}, "properties": {"operator": "airtel", "technology": "5G", "tests": 1, "avg_download": 73.49, "avg_quality": 78.16}}, {"type": "Feature", "geometry": {"type": "Point", "coordinates": [91.56, 28.13]}, "properties": {"operator": "vi", "technology": "4G", "tests": 1, "avg_download": 13.37, "avg_quality": 60.14}}, {"type": "Feature", "geometry": {"type": "Point", "coordinates": [78.68, 34.65]}, "properties": {"operator": "vi", "technology": "4G", "tests": 1, "avg_download": 24.3, "avg_quality": 63.91}}, {"type": "Feature", "geometry": {"type": "Point", "coordinates": [86.64, 35.54]}, "properties": {"operator": "airtel", "technology": "4G", "tests": 1, "avg_download": 19.86, "avg_quality": 66.79}}, {"type": "Feature", "geometry": {"type": "Point", "coordinates": [74.91, 10.27]}, "properties": {"operator": "airtel", "technology": "5G", "tests": 1, "avg_download": 88.19, "avg_quality": 80.92}}, {"type": "Feature", "geometry": {"type": "Point", "coordinates": [82.81, 11.08]}, "properties": {"operator": "jio", "technology": "5G", "tests": 1, "avg_download": 116.54, "avg_quality": 91.17}}, {"type": "Feature", "geometry": {"type": "Point", "coordinates": [85.85, 29.61]}, "properties": {"operator": "airtel", "technology": "5G", "tests": 1, "avg_download": 45.09, "avg_quality": 76.37}}, {"type": "Feature", "geometry": {"type": "Point", "coordinates": [87.87, 19.66]}, "properties": {"operator": "airtel", "technology": "4G", "tests": 1, "avg_download": 9.26, "avg_quality": 64.38}}, {"type": "Feature", "geometry": {"type": "Point", "coordinates": [73.34, 9.53]}, "properties": {"operator": "jio", "technology": "5G", "tests": 1, "avg_download": 76.54, "avg_quality": 74.16}}, {"type": "Feature", "geometry": {"type": "Point", "coordinates": [91.82, 9.05]}, "properties": {"operator": "airtel", "technology": "4G", "tests": 1, "avg_download": 25.54, "avg_quality": 50.06}}, {"type": "Feature", "geometry": {"type": "Point", "coordinates": [76.33, 11.28]}, "properties": {"operator": "jio", "technology": "4G", "tests": 1, "avg_download": 28.68, "avg_quality": 67.92}}, {"type": "Feature", "geometry": {"type": "Point", "coordinates": [89.55, 19.87]}, "properties": {"operator": "vi", "technology": "5G", "tests": 1, "avg_download": 88.62, "avg_quality": 82.45}}, {"type": "Feature", "geometry": {"type": "Point", "coordinates": [79.43, 34.74]}, "properties": {"operator": "vi", "technology": "4G", "tests": 1, "avg_download": 24.21, "avg_quality": 68.14}}, {"type": "Feature", "geometry": {"type": "Point", "coordinates": [72.92, 8.19]}, "properties": {"operator": "vi", "technology": "5G", "tests": 1, "avg_download": 42.38, "avg_quality": 63.39}}, {"type": "Feature", "geometry": {"type": "Point", "coordinates": [80.5, 14.93]}, "properties": {"operator": "jio", "technology": "5G", "tests": 1, "avg_download": 95.18, "avg_quality": 90.84}}, {"type": "Feature", "geometry": {"type": "Point", "coordinates": [86.05, 19.34]}, "properties": {"operator": "jio", "technology": "5G", "tests": 1, "avg_download": 120.28, "avg_quality": 97.6}}, {"type": "Feature", "geometry": {"type": "Point", "coordinates": [91.94, 23.48]}, "properties": {"operator": "jio", "technology": "5G", "tests": 1, "avg_download": 57.85, "avg_quality": 70.98}}, {"type": "Feature", "geometry": {"type": "Point", "coordinates": [86.53, 35.89]}, "properties": {"operator": "jio", "technology": "5G", "tests": 1, "avg_download": 108.96, "avg_quality": 86.6}}, {"type": "Feature", "geometry": {"type": "Point", "coordinates": [73.48, 15.44]}, "properties": {"operator": "airtel", "technology": "5G", "tests": 1, "avg_download": 71.72, "avg_quality": 88.87}}, {"type": "Feature", "geometry": {"type": "Point", "coordinates": [92.98, 8.01]}, "properties": {"operator": "jio", "technology": "5G", "tests": 1, "avg_download": 84.88, "avg_quality": 94.47}}, {"type": "Feature", "geometry": {"type": "Point", "coordinates": [68.14, 29.48]}, "properties": {"operator": "jio", "technology": "5G", "tests": 1, "avg_download": 58.04, "avg_quality": 65.87}}, {"type": "Feature", "geometry": {"type": "Point", "coordinates": [90.83, 27.61]}, "properties": {"operator": "vi", "technology": "4G", "tests": 1, "avg_download": 14.83, "avg_quality": 35.65}}, {"type": "Feature", "geometry": {"type": "Point", "coordinates": [78.04, 25.78]}, "properties": {"operator": "jio", "technology": "4G", "tests": 1, "avg_download": 28.78, "avg_quality": 59.35}}, {"type": "Feature", "geometry": {"type": "Point", "coordinates": [92.64, 8.04]}, "properties": {"operator": "airtel", "technology": "4G", "tests": 1, "avg_download": 29.63, "avg_quality": 66.92}}, {"type": "Feature", "geometry": {"type": "Point", "coordinates": [93.54, 29.6]}, "properties": {"operator": "airtel", "technology": "4G", "tests": 1, "avg_download": 2.52, "avg_quality": 70.03}}, {"type": "Feature", "geometry": {"type": "Point", "coordinates": [72.2, 28.37]}, "properties": {"operator": "vi", "technology": "4G", "tests": 1, "avg_download": 16.02, "avg_quality": 62.85}}, {"type": "Feature", "geometry": {"type": "Point", "coordinates": [85.26, 28.17]}, "properties": {"operator": "airtel", "technology": "4G", "tests": 1, "avg_download": 15.38, "avg_quality": 65.15}}, {"type": "Feature", "geometry": {"type": "Point", "coordinates": [75.54, 21.0]}, "properties": {"operator": "jio", "technology": "4G", "tests": 1, "avg_download": 23.58, "avg_quality": 66.18}}, {"type": "Feature", "geometry": {"type": "Point", "coordinates": [82.9, 34.37]}, "properties": {"operator": "airtel", "technology": "5G", "tests": 1, "avg_download": 70.64, "avg_quality": 68.62}}, {"type": "Feature", "geometry": {"type": "Point", "coordinates": [83.14, 29.71]}, "properties": {"operator": "jio", "technology": "5G", "tests": 1, "avg_download": 88.57, "avg_quality": 94.01}}, {"type": "Feature", "geometry": {"type": "Point", "coordinates": [93.25, 17.7]}, "properties": {"operator": "airtel", "technology": "5G", "tests": 1, "avg_download": 92.61, "avg_quality": 66.1}}, {"type": "Feature", "geometry": {"type": "Point", "coordinates": [88.29, 10.08]}, "properties": {"operator": "jio", "technology": "5G", "tests": 1, "avg_download": 103.47, "avg_quality": 94.14}}, {"type": "Feature", "geometry": {"type": "Point", "coordinates": [71.45, 9.9]}, "properties": {"operator": "vi", "technology": "5G", "tests": 1, "avg_download": 47.09, "avg_quality": 75.75}}, {"type": "Feature", "geometry": {"type": "Point", "coordinates": [92.84, 13.72]}, "properties": {"operator": "vi", "technology": "4G", "tests": 1, "avg_download": 18.59, "avg_quality": 50.83}}, {"type": "Feature", "geometry": {"type": "Point", "coordinates": [87.51, 9.17]}, "properties": {"operator": "jio", "technology": "5G", "tests": 1, "avg_download": 87.72, "avg_quality": 71.62}}, {"type": "Feature", "geometry": {"type": "Point", "coordinates": [78.15, 22.22]}, "properties": {"operator": "vi", "technology": "4G", "tests": 1, "avg_download": 18.26, "avg_quality": 70.69}}, {"type": "Feature", "geometry": {"type": "Point", "coordinates": [80.74, 33.98]}, "properties": {"operator": "airtel", "technology": "4G", "tests": 1, "avg_download": 18.6, "avg_quality": 72.25}}, {"type": "Feature", "geometry": {"type": "Point", "coordinates": [69.6, 17.32]}, "properties": {"operator": "vi", "technology": "5G", "tests": 1, "avg_download": 52.99, "avg_quality": 63.57}}, {"type": "Feature", "geometry": {"type": "Point", "coordinates": [80.78, 19.22]}, "properties": {"operator": "jio", "technology": "5G", "tests": 1, "avg_download": 108.07, "avg_quality": 102.55}}, {"type": "Feature", "geometry": {"type": "Point", "coordinates": [76.86, 12.78]}, "properties": {"operator": "airtel", "technology": "4G", "tests": 1, "avg_download": 27.47, "avg_quality": 54.36}}, {"type": "Feature", "geometry": {"type": "Point", "coordinates": [94.6, 18.73]}, "properties": {"operator": "vi", "technology": "4G", "tests": 1, "avg_download": 18.62, "avg_quality": 55.74}}, {"type": "Feature", "geometry": {"type": "Point", "coordinates": [75.95, 26.12]}, "properties": {"operator": "airtel", "technology": "4G", "tests": 1, "avg_download": 13.23, "avg_quality": 65.52}}, {"type": "Feature", "geometry": {"type": "Point", "coordinates": [70.63, 15.38]}, "properties": {"operator": "vi", "technology": "5G", "tests": 1, "avg_download": 74.67, "avg_quality": 84.2}}, {"type": "Feature", "geometry": {"type": "Point", "coordinates": [83.74, 17.38]}, "properties": {"operator": "vi", "technology": "5G", "tests": 1, "avg_download": 78.04, "avg_quality": 77.28}}, {"type": "Feature", "geometry": {"type": "Point", "coordinates": [79.81, 23.5]}, "properties": {"operator": "airtel", "technology": "4G", "tests": 1, "avg_download": 18.49, "avg_quality": 63.76}}, {"type": "Feature", "geometry": {"type": "Point", "coordinates": [71.95, 25.3]}, "properties": {"operator": "vi", "technology": "4G", "tests": 1, "avg_download": 18.8, "avg_quality": 55.57}}, {"type": "Feature", "geometry": {"type": "Point", "coordinates": [71.5, 35.21]}, "properties": {"operator": "jio", "technology": "5G", "tests": 1, "avg_download": 37.32, "avg_quality": 52.53}}, {"type": "Feature", "geometry": {"type": "Point", "coordinates": [88.14, 12.96]}, "properties": {"operator": "airtel", "technology": "5G", "tests": 1, "avg_download": 43.82, "avg_quality": 73.68}}, {"type": "Feature", "geometry": {"type": "Point", "coordinates": [76.04, 29.64]}, "properties": {"operator": "vi", "technology": "5G", "tests": 1, "avg_download": 57.41, "avg_quality": 75.49}}, {"type": "Feature", "geometry": {"type": "Point", "coordinates": [88.41, 15.77]}, "properties": {"operator": "vi", "technology": "4G", "tests": 1, "avg_download": 16.53, "avg_quality": 44.24}}, {"type": "Feature", "geometry": {"type": "Point", "coordinates": [74.19, 16.08]}, "properties": {"operator": "jio", "technology": "4G", "tests": 1, "avg_download": 21.93, "avg_quality": 44.33}}, {"type": "Feature", "geometry": {"type": "Point", "coordinates": [75.03, 13.47]}, "properties": {"operator": "vi", "technology": "4G", "tests": 1, "avg_download": 14.81, "avg_quality": 68.68}}, {"type": "Feature", "geometry": {"type": "Point", "coordinates": [94.66, 29.55]}, "properties": {"operator": "airtel", "technology": "5G", "tests": 1, "avg_download": 83.01, "avg_quality": 88.19}}, {"type": "Feature", "geometry": {"type": "Point", "coordinates": [76.65, 21.67]}, "properties": {"operator": "airtel", "technology": "4G", "tests": 1, "avg_download": 23.79, "avg_quality": 56.88}}, {"type": "Feature", "geometry": {"type": "Point", "coordinates": [78.46, 30.56]}, "properties": {"operator": "airtel", "technology": "4G", "tests": 1, "avg_download": 14.17, "avg_quality": 68.16}}, {"type": "Feature", "geometry": {"type": "Point", "coordinates": [74.1, 22.46]}, "properties": {"operator": "airtel", "technology": "5G", "tests": 1, "avg_download": 60.61, "avg_quality": 94.13}}, {"type": "Feature", "geometry": {"type": "Point", "coordinates": [88.38, 27.67]}, "properties": {"operator": "airtel", "technology": "5G", "tests": 1, "avg_download": 122.22, "avg_quality": 90.56}}, {"type": "Feature", "geometry": {"type": "Point", "coordinates": [68.88, 33.44]}, "properties": {"operator": "vi", "technology": "4G", "tests": 1, "avg_download": 9.39, "avg_quality": 59.21}}, {"type": "Feature", "geometry": {"type": "Point", "coordinates": [82.37, 12.4]}, "properties": {"operator": "airtel", "technology": "5G", "tests": 1, "avg_download": 55.81, "avg_quality": 60.48}}, {"type": "Feature", "geometry": {"type": "Point", "coordinates": [72.31, 28.18]}, "properties": {"operator": "jio", "technology": "5G", "tests": 1, "avg_download": 72.37, "avg_quality": 87.12}}, {"type": "Feature", "geometry": {"type": "Point", "coordinates": [93.21, 20.01]}, "properties": {"operator": "airtel", "technology": "5G", "tests": 1, "avg_download": 82.12, "avg_quality": 72.73}}, {"type": "Feature", "geometry": {"type": "Point", "coordinates": [70.12, 33.89]}, "properties": {"operator": "vi", "technology": "4G", "tests": 1, "avg_download": 16.37, "avg_quality": 48.04}}, {"type": "Feature", "geometry": {"type": "Point", "coordinates": [82.16, 28.9]}, "properties": {"operator": "airtel", "technology": "4G", "tests": 1, "avg_download": 17.19, "avg_quality": 68.92}}, {"type": "Feature", "geometry": {"type": "Point", "coordinates": [94.63, 19.08]}, "properties": {"operator": "vi", "technology": "5G", "tests": 1, "avg_download": 82.04, "avg_quality": 63.36}}, {"type": "Feature", "geometry": {"type": "Point", "coordinates": [76.78, 31.97]}, "properties": {"operator": "airtel", "technology": "4G", "tests": 1, "avg_download": 30.39, "avg_quality": 64.83}}, {"type": "Feature", "geometry": {"type": "Point", "coordinates": [71.07, 16.17]}, "properties": {"operator": "jio", "technology": "4G", "tests": 1, "avg_download": 39.55, "avg_quality": 78.1}}, {"type": "Feature", "geometry": {"type": "Point", "coordinates": [84.85, 26.73]}, "properties": {"operator": "airtel", "technology": "4G", "tests": 1, "avg_download": 23.28, "avg_quality": 62.17}}, {"type": "Feature", "geometry": {"type": "Point", "coordinates": [73.22, 11.5]}, "properties": {"operator": "jio", "technology": "4G", "tests": 1, "avg_download": 25.14, "avg_quality": 68.16}}, {"type": "Feature", "geometry": {"type": "Point", "coordinates": [81.13, 11.8]}, "properties": {"operator": "vi", "technology": "5G", "tests": 1, "avg_download": 78.46, "avg_quality": 84.1}}, {"type": "Feature", "geometry": {"type": "Point", "coordinates": [70.85, 33.29]}, "properties": {"operator": "vi", "technology": "5G", "tests": 1, "avg_download": 33.18, "avg_quality": 47.06}}, {"type": "Feature", "geometry": {"type": "Point", "coordinates": [93.04, 9.47]}, "properties": {"operator": "jio", "technology": "5G", "tests": 1, "avg_download": 125.9, "avg_quality": 96.14}}, {"type": "Feature", "geometry": {"type": "Point", "coordinates": [73.01, 17.99]}, "properties": {"operator": "vi", "technology": "5G", "tests": 1, "avg_download": 52.63, "avg_quality": 80.51}}, {"type": "Feature", "geometry": {"type": "Point", "coordinates": [87.57, 33.42]}, "properties": {"operator": "vi", "technology": "4G", "tests": 1, "avg_download": 16.99, "avg_quality": 41.13}}, {"type": "Feature", "geometry": {"type": "Point", "coordinates": [90.96, 32.99]}, "properties": {"operator": "jio", "technology": "5G", "tests": 1, "avg_download": 86.42, "avg_quality": 89.19}}, {"type": "Feature", "geometry": {"type": "Point", "coordinates": [89.34, 8.21]}, "properties": {"operator": "airtel", "technology": "4G", "tests": 1, "avg_download": 31.09, "avg_quality": 69.94}}, {"type": "Feature", "geometry": {"type": "Point", "coordinates": [77.32, 33.73]}, "properties": {"operator": "airtel", "technology": "4G", "tests": 1, "avg_download": 21.33, "avg_quality": 65.33}}, {"type": "Feature", "geometry": {"type": "Point", "coordinates": [88.15, 22.85]}, "properties": {"operator": "jio", "technology": "5G", "tests": 1, "avg_download": 93.05, "avg_quality": 100.63}}, {"type": "Feature", "geometry": {"type": "Point", "coordinates": [82.25, 31.25]}, "properties": {"operator": "vi", "technology": "4G", "tests": 1, "avg_download": 17.05, "avg_quality": 51.39}}, {"type": "Feature", "geometry": {"type": "Point", "coordinates": [79.94, 28.9]}, "properties": {"operator": "vi", "technology": "4G", "tests": 1, "avg_download": 16.89, "avg_quality": 65.11}}, {"type": "Feature", "geometry": {"type": "Point", "coordinates": [78.17, 18.83]}, "properties": {"operator": "jio", "technology": "4G", "tests": 1, "avg_download": 34.93, "avg_quality": 44.79}}, {"type": "Feature", "geometry": {"type": "Point", "coordinates": [68.13, 20.36]}, "properties": {"operator": "vi", "technology": "5G", "tests": 1, "avg_download": 72.5, "avg_quality": 75.06}}, {"type": "Feature", "geometry": {"type": "Point", "coordinates": [71.62, 14.35]}, "properties": {"operator": "jio", "technology": "5G", "tests": 1, "avg_download": 111.64, "avg_quality": 84.52}}, {"type": "Feature", "geometry": {"type": "Point", "coordinates": [95.99, 10.44]}, "properties": {"operator": "vi", "technology": "4G", "tests": 1, "avg_download": 14.66, "avg_quality": 59.59}}, {"type": "Feature", "geometry": {"type": "Point", "coordinates": [72.74, 33.05]}, "properties": {"operator": "vi", "technology": "5G", "tests": 1, "avg_download": 65.75, "avg_quality": 71.34}}, {"type": "Feature", "geometry": {"type": "Point", "coordinates": [76.66, 17.65]}, "properties": {"operator": "jio", "technology": "5G", "tests": 1, "avg_download": 75.7, "avg_quality": 92.25}}, {"type": "Feature", "geometry": {"type": "Point", "coordinates": [84.89, 14.78]}, "properties": {"operator": "airtel", "technology": "4G", "tests": 1, "avg_download": 22.16, "avg_quality": 69.89}}, {"type": "Feature", "geometry": {"type": "Point", "coordinates": [93.03, 11.41]}, "properties": {"operator": "airtel", "technology": "5G", "tests": 1, "avg_download": 44.08, "avg_quality": 82.33}}, {"type": "Feature", "geometry": {"type": "Point", "coordinates": [75.63, 33.24]}, "properties": {"operator": "vi", "technology": "4G", "tests": 1, "avg_download": 16.36, "avg_quality": 56.32}}, {"type": "Feature", "geometry": {"type": "Point", "coordinates": [77.63, 17.93]}, "properties": {"operator": "jio", "technology": "5G", "tests": 1, "avg_download": 57.54, "avg_quality": 89.58}}, {"type": "Feature", "geometry": {"type": "Point", "coordinates": [72.38, 11.16]}, "properties": {"operator": "vi", "technology": "4G", "tests": 1, "avg_download": 23.78, "avg_quality": 52.62}}, {"type": "Feature", "geometry": {"type": "Point", "coordinates": [82.9, 18.82]}, "properties": {"operator": "jio", "technology": "5G", "tests": 1, "avg_download": 62.58, "avg_quality": 69.03}}, {"type": "Feature", "geometry": {"type": "Point", "coordinates": [68.24, 26.79]}, "properties": {"operator": "airtel", "technology": "4G", "tests": 1, "avg_download": 21.63, "avg_quality": 69.38}}, {"type": "Feature", "geometry": {"type": "Point", "coordinates": [70.48, 12.44]}, "properties": {"operator": "jio", "technology": "5G", "tests": 1, "avg_download": 53.97, "avg_quality": 88.69}}, {"type": "Feature", "geometry": {"type": "Point", "coordinates": [83.79, 11.32]}, "properties": {"operator": "jio", "technology": "4G", "tests": 1, "avg_download": 43.11, "avg_quality": 41.55}}, {"type": "Feature", "geometry": {"type": "Point", "coordinates": [92.35, 28.63]}, "properties": {"operator": "airtel", "technology": "4G", "tests": 1, "avg_download": 27.24, "avg_quality": 51.01}}, {"type": "Feature", "geometry": {"type": "Point", "coordinates": [95.75, 20.06]}, "properties": {"operator": "jio", "technology": "5G", "tests": 1, "avg_download": 41.89, "avg_quality": 59.67}}, {"type": "Feature", "geometry": {"type": "Point", "coordinates": [88.1, 33.48]}, "properties": {"operator": "jio", "technology": "4G", "tests": 1, "avg_download": 44.25, "avg_quality": 67.71}}, {"type": "Feature", "geometry": {"type": "Point", "coordinates": [93.75, 8.7]}, "properties": {"operator": "jio", "technology": "4G", "tests": 1, "avg_download": 17.35, "avg_quality": 74.89}}, {"type": "Feature", "geometry": {"type": "Point", "coordinates": [71.14, 31.49]}, "properties": {"operator": "airtel", "technology": "4G", "tests": 1, "avg_download": 26.36, "avg_quality": 70.89}}, {"type": "Feature", "geometry": {"type": "Point", "coordinates": [74.07, 18.93]}, "properties": {"operator": "vi", "technology": "5G", "tests": 1, "avg_download": 46.55, "avg_quality": 69.0}}, {"type": "Feature", "geometry": {"type": "Point", "coordinates": [75.26, 21.58]}, "properties": {"operator": "vi", "technology": "4G", "tests": 1, "avg_download": 18.36, "avg_quality": 38.68}}, {"type": "Feature", "geometry": {"type": "Point", "coordinates": [71.13, 10.0]}, "properties": {"operator": "airtel", "technology": "4G", "tests": 1, "avg_download": 12.46, "avg_quality": 42.58}}, {"type": "Feature", "geometry": {"type": "Point", "coordinates": [81.48, 19.34]}, "properties": {"operator": "jio", "technology": "5G", "tests": 1, "avg_download": 48.46, "avg_quality": 73.39}}, {"type": "Feature", "geometry": {"type": "Point", "coordinates": [82.83, 8.35]}, "properties": {"operator": "jio", "technology": "4G", "tests": 1, "avg_download": 19.35, "avg_quality": 46.37}}, {"type": "Feature", "geometry": {"type": "Point", "coordinates": [76.03, 33.9]}, "properties": {"operator": "airtel", "technology": "4G", "tests": 1, "avg_download": 27.88, "avg_quality": 73.63}}, {"type": "Feature", "geometry": {"type": "Point", "coordinates": [89.99, 15.48]}, "properties": {"operator": "vi", "technology": "4G", "tests": 1, "avg_download": 13.1, "avg_quality": 53.21}}, {"type": "Feature", "geometry": {"type": "Point", "coordinates": [76.42, 12.1]}, "properties": {"operator": "jio", "technology": "5G", "tests": 1, "avg_download": 93.08, "avg_quality": 93.59}}, {"type": "Feature", "geometry": {"type": "Point", "coordinates": [92.47, 27.77]}, "properties": {"operator": "vi", "technology": "5G", "tests": 1, "avg_download": 55.84, "avg_quality": 87.41}}, {"type": "Feature", "geometry": {"type": "Point", "coordinates": [72.94, 12.49]}, "properties": {"operator": "vi", "technology": "5G", "tests": 1, "avg_download": 47.51, "avg_quality": 76.36}}, {"type": "Feature", "geometry": {"type": "Point", "coordinates": [94.12, 20.86]}, "properties": {"operator": "jio", "technology": "5G", "tests": 1, "avg_download": 63.51, "avg_quality": 43.73}}, {"type": "Feature", "geometry": {"type": "Point", "coordinates": [77.1, 27.67]}, "properties": {"operator": "vi", "technology": "4G", "tests": 1, "avg_download": 17.42, "avg_quality": 46.29}}, {"type": "Feature", "geometry": {"type": "Point", "coordinates": [81.01, 11.48]}, "properties": {"operator": "airtel", "technology": "4G", "tests": 1, "avg_download": 28.0, "avg_quality": 48.01}}, {"type": "Feature", "geometry": {"type": "Point", "coordinates": [95.02, 22.16]}, "properties": {"operator": "airtel", "technology": "5G", "tests": 1, "avg_download": 99.64, "avg_quality": 76.26}}, {"type": "Feature", "geometry": {"type": "Point", "coordinates": [69.17, 30.94]}, "properties": {"operator": "airtel", "technology": "4G", "tests": 1, "avg_download": 26.18, "avg_quality": 70.68}}, {"type": "Feature", "geometry": {"type": "Point", "coordinates": [86.63, 22.0]}, "properties": {"operator": "vi", "technology": "5G", "tests": 1, "avg_download": 33.87, "avg_quality": 37.74}}, {"type": "Feature", "geometry": {"type": "Point", "coordinates": [73.07, 31.09]}, "properties": {"operator": "airtel", "technology": "4G", "tests": 1, "avg_download": 19.15, "avg_quality": 70.28}}, {"type": "Feature", "geometry": {"type": "Point", "coordinates": [89.27, 34.71]}, "properties": {"operator": "airtel", "technology": "5G", "tests": 1, "avg_download": 45.81, "avg_quality": 90.93}}, {"type": "Feature", "geometry": {"type": "Point", "coordinates": [72.17, 8.68]}, "properties": {"operator": "jio", "technology": "4G", "tests": 1, "avg_download": 29.37, "avg_quality": 81.38}}, {"type": "Feature", "geometry": {"type": "Point", "coordinates": [83.63, 8.37]}, "properties": {"operator": "airtel", "technology": "4G", "tests": 1, "avg_download": 36.1, "avg_quality": 68.32}}, {"type": "Feature", "geometry": {"type": "Point", "coordinates": [71.28, 18.92]}, "properties": {"operator": "jio", "technology": "5G", "tests": 1, "avg_download": 85.21, "avg_quality": 91.94}}, {"type": "Feature", "geometry": {"type": "Point", "coordinates": [68.76, 28.7]}, "properties": {"operator": "jio", "technology": "4G", "tests": 1, "avg_download": 20.66, "avg_quality": 67.66}}, {"type": "Feature", "geometry": {"type": "Point", "coordinates": [68.49, 9.59]}, "properties": {"operator": "airtel", "technology": "4G", "tests": 1, "avg_download": 15.72, "avg_quality": 69.14}}, {"type": "Feature", "geometry": {"type": "Point", "coordinates": [95.77, 8.37]}, "properties": {"operator": "airtel", "technology": "4G", "tests": 1, "avg_download": 20.2, "avg_quality": 64.48}}, {"type": "Feature", "geometry": {"type": "Point", "coordinates": [69.23, 30.75]}, "properties": {"operator": "vi", "technology": "4G", "tests": 1, "avg_download": 25.06, "avg_quality": 66.43}}, {"type": "Feature", "geometry": {"type": "Point", "coordinates": [89.13, 20.28]}, "properties": {"operator": "airtel", "technology": "4G", "tests": 1, "avg_download": 31.3, "avg_quality": 76.33}}, {"type": "Feature", "geometry": {"type": "Point", "coordinates": [79.38, 18.8]}, "properties": {"operator": "vi", "technology": "5G", "tests": 1, "avg_download": 34.66, "avg_quality": 77.34}}, {"type": "Feature", "geometry": {"type": "Point", "coordinates": [90.02, 22.49]}, "properties": {"operator": "vi", "technology": "4G", "tests": 1, "avg_download": 24.46, "avg_quality": 50.2}}, {"type": "Feature", "geometry": {"type": "Point", "coordinates": [77.13, 20.18]}, "properties": {"operator": "airtel", "technology": "4G", "tests": 1, "avg_download": 33.1, "avg_quality": 72.71}}, {"type": "Feature", "geometry": {"type": "Point", "coordinates": [82.76, 10.48]}, "properties": {"operator": "airtel", "technology": "5G", "tests": 1, "avg_download": 75.34, "avg_quality": 85.03}}, {"type": "Feature", "geometry": {"type": "Point", "coordinates": [93.48, 13.38]}, "properties": {"operator": "jio", "technology": "5G", "tests": 1, "avg_download": 58.7, "avg_quality": 80.4}}, {"type": "Feature", "geometry": {"type": "Point", "coordinates": [68.78, 14.59]}, "properties": {"operator": "vi", "technology": "4G", "tests": 1, "avg_download": 12.12, "avg_quality": 69.55}}, {"type": "Feature", "geometry": {"type": "Point", "coordinates": [92.73, 27.91]}, "properties": {"operator": "airtel", "technology": "5G", "tests": 1, "avg_download": 42.53, "avg_quality": 62.21}}, {"type": "Feature", "geometry": {"type": "Point", "coordinates": [82.71, 13.44]}, "properties": {"operator": "airtel", "technology": "5G", "tests": 1, "avg_download": 51.51, "avg_quality": 74.12}}, {"type": "Feature", "geometry": {"type": "Point", "coordinates": [92.02, 25.21]}, "properties": {"operator": "jio", "technology": "4G", "tests": 1, "avg_download": 31.54, "avg_quality": 55.87}}, {"type": "Feature", "geometry": {"type": "Point", "coordinates": [74.83, 33.31]}, "properties": {"operator": "vi", "technology": "5G", "tests": 1, "avg_download": 55.72, "avg_quality": 79.77}}, {"type": "Feature", "geometry": {"type": "Point", "coordinates": [81.12, 34.68]}, "properties": {"operator": "jio", "technology": "4G", "tests": 1, "avg_download": 24.75, "avg_quality": 75.94}}, {"type": "Feature", "geometry": {"type": "Point", "coordinates": [77.58, 13.68]}, "properties": {"operator": "vi", "technology": "5G", "tests": 1, "avg_download": 64.68, "avg_quality": 69.57}}, {"type": "Feature", "geometry": {"type": "Point", "coordinates": [85.81, 26.14]}, "properties": {"operator": "airtel", "technology": "4G", "tests": 1, "avg_download": 28.12, "avg_quality": 64.61}}, {"type": "Feature", "geometry": {"type": "Point", "coordinates": [92.8, 32.27]}, "properties": {"operator": "vi", "technology": "4G", "tests": 1, "avg_download": 14.64, "avg_quality": 64.21}}, {"type": "Feature", "geometry": {"type": "Point", "coordinates": [81.83, 20.2]}, "properties": {"operator": "jio", "technology": "5G", "tests": 1, "avg_download": 91.17, "avg_quality": 88.71}}, {"type": "Feature", "geometry": {"type": "Point", "coordinates": [72.12, 35.16]}, "properties": {"operator": "airtel", "technology": "5G", "tests": 1, "avg_download": 84.87, "avg_quality": 76.4}}, {"type": "Feature", "geometry": {"type": "Point", "coordinates": [92.79, 24.69]}, "properties": {"operator": "jio", "technology": "4G", "tests": 1, "avg_download": 31.16, "avg_quality": 63.04}}, {"type": "Feature", "geometry": {"type": "Point", "coordinates": [95.08, 13.39]}, "properties": {"operator": "vi", "technology": "4G", "tests": 1, "avg_download": 22.96, "avg_quality": 41.31}}, {"type": "Feature", "geometry": {"type": "Point", "coordinates": [88.63, 28.28]}, "properties": {"operator": "vi", "technology": "4G", "tests": 1, "avg_download": 16.26, "avg_quality": 66.08}}, {"type": "Feature", "geometry": {"type": "Point", "coordinates": [85.04, 17.63]}, "properties": {"operator": "vi", "technology": "5G", "tests": 1, "avg_download": 84.45, "avg_quality": 66.63}}, {"type": "Feature", "geometry": {"type": "Point", "coordinates": [81.39, 25.47]}, "properties": {"operator": "airtel", "technology": "5G", "tests": 1, "avg_download": 81.28, "avg_quality": 63.52}}, {"type": "Feature", "geometry": {"type": "Point", "coordinates": [86.38, 11.73]}, "properties": {"operator": "airtel", "technology": "5G", "tests": 1, "avg_download": 52.39, "avg_quality": 82.24}}, {"type": "Feature", "geometry": {"type": "Point", "coordinates": [81.68, 15.84]}, "properties": {"operator": "jio", "technology": "4G", "tests": 1, "avg_download": 22.45, "avg_quality": 56.52}}, {"type": "Feature", "geometry": {"type": "Point", "coordinates": [84.02, 18.39]}, "properties": {"operator": "vi", "technology": "5G", "tests": 1, "avg_download": 52.23, "avg_quality": 66.25}}, {"type": "Feature", "geometry": {"type": "Point", "coordinates": [84.58, 18.45]}, "properties": {"operator": "airtel", "technology": "5G", "tests": 1, "avg_download": 68.01, "avg_quality": 66.14}}, {"type": "Feature", "geometry": {"type": "Point", "coordinates": [91.31, 17.25]}, "properties": {"operator": "vi", "technology": "5G", "tests": 1, "avg_download": 32.17, "avg_quality": 82.05}}, {"type": "Feature", "geometry": {"type": "Point", "coordinates": [70.33, 33.79]}, "properties": {"operator": "airtel", "technology": "5G", "tests": 1, "avg_download": 63.56, "avg_quality": 69.89}}, {"type": "Feature", "geometry": {"type": "Point", "coordinates": [88.0, 11.72]}, "properties": {"operator": "jio", "technology": "5G", "tests": 1, "avg_download": 129.35, "avg_quality": 88.23}}, {"type": "Feature", "geometry": {"type": "Point", "coordinates": [70.44, 20.02]}, "properties": {"operator": "jio", "technology": "5G", "tests": 1, "avg_download": 109.4, "avg_quality": 78.49}}, {"type": "Feature", "geometry": {"type": "Point", "coordinates": [71.85, 15.96]}, "properties": {"operator": "airtel", "technology": "5G", "tests": 1, "avg_download": 83.41, "avg_quality": 68.57}}, {"type": "Feature", "geometry": {"type": "Point", "coordinates": [90.74, 17.69]}, "properties": {"operator": "vi", "technology": "5G", "tests": 1, "avg_download": 76.31, "avg_quality": 62.4}}, {"type": "Feature", "geometry": {"type": "Point", "coordinates": [74.49, 30.87]}, "properties": {"operator": "vi", "technology": "4G", "tests": 1, "avg_download": 11.21, "avg_quality": 65.57}}, {"type": "Feature", "geometry": {"type": "Point", "coordinates": [94.2, 32.92]}, "properties": {"operator": "jio", "technology": "4G", "tests": 1, "avg_download": 16.85, "avg_quality": 54.79}}, {"type": "Feature", "geometry": {"type": "Point", "coordinates": [68.7, 31.4]}, "properties": {"operator": "airtel", "technology": "4G", "tests": 1, "avg_download": 30.55, "avg_quality": 63.75}}, {"type": "Feature", "geometry": {"type": "Point", "coordinates": [92.51, 32.0]}, "properties": {"operator": "vi", "technology": "5G", "tests": 1, "avg_download": 66.94, "avg_quality": 74.08}}, {"type": "Feature", "geometry": {"type": "Point", "coordinates": [71.53, 20.72]}, "properties": {"operator": "jio", "technology": "5G", "tests": 1, "avg_download": 62.41, "avg_quality": 64.99}}, {"type": "Feature", "geometry": {"type": "Point", "coordinates": [74.99, 32.25]}, "properties": {"operator": "airtel", "technology": "4G", "tests": 1, "avg_download": 18.38, "avg_quality": 66.29}}, {"type": "Feature", "geometry": {"type": "Point", "coordinates": [73.62, 24.07]}, "properties": {"operator": "jio", "technology": "4G", "tests": 1, "avg_download": 25.7, "avg_quality": 62.6}}, {"type": "Feature", "geometry": {"type": "Point", "coordinates": [78.52, 22.1]}, "properties": {"operator": "jio", "technology": "5G", "tests": 1, "avg_download": 90.57, "avg_quality": 77.25}}, {"type": "Feature", "geometry": {"type": "Point", "coordinates": [82.6, 27.7]}, "properties": {"operator": "vi", "technology": "5G", "tests": 1, "avg_download": 72.26, "avg_quality": 85.03}}, {"type": "Feature", "geometry": {"type": "Point", "coordinates": [76.07, 28.15]}, "properties": {"operator": "airtel", "technology": "4G", "tests": 1, "avg_download": 15.07, "avg_quality": 64.67}}, {"type": "Feature", "geometry": {"type": "Point", "coordinates": [82.54, 33.31]}, "properties": {"operator": "airtel", "technology": "5G", "tests": 1, "avg_download": 39.73, "avg_quality": 46.74}}, {"type": "Feature", "geometry": {"type": "Point", "coordinates": [89.68, 8.03]}, "properties": {"operator": "vi", "technology": "4G", "tests": 1, "avg_download": 14.46, "avg_quality": 46.94}}, {"type": "Feature", "geometry": {"type": "Point", "coordinates": [70.3, 18.58]}, "properties": {"operator": "airtel", "technology": "4G", "tests": 1, "avg_download": 27.67, "avg_quality": 67.73}}, {"type": "Feature", "geometry": {"type": "Point", "coordinates": [94.34, 27.72]}, "properties": {"operator": "vi", "technology": "5G", "tests": 1, "avg_download": 44.34, "avg_quality": 78.58}}, {"type": "Feature", "geometry": {"type": "Point", "coordinates": [89.76, 19.85]}, "properties": {"operator": "jio", "technology": "5G", "tests": 1, "avg_download": 94.11, "avg_quality": 76.96}}, {"type": "Feature", "geometry": {"type": "Point", "coordinates": [71.0, 33.21]}, "properties": {"operator": "jio", "technology": "5G", "tests": 1, "avg_download": 58.74, "avg_quality": 89.53}}, {"type": "Feature", "geometry": {"type": "Point", "coordinates": [71.14, 10.87]}, "properties": {"operator": "vi", "technology": "5G", "tests": 1, "avg_download": 99.15, "avg_quality": 74.75}}, {"type": "Feature", "geometry": {"type": "Point", "coordinates": [91.27, 8.47]}, "properties": {"operator": "airtel", "technology": "4G", "tests": 1, "avg_download": 22.89, "avg_quality": 60.92}}, {"type": "Feature", "geometry": {"type": "Point", "coordinates": [80.25, 8.94]}, "properties": {"operator": "airtel", "technology": "4G", "tests": 1, "avg_download": 17.31, "avg_quality": 61.25}}, {"type": "Feature", "geometry": {"type": "Point", "coordinates": [94.31, 17.07]}, "properties": {"operator": "airtel", "technology": "5G", "tests": 1, "avg_download": 62.15, "avg_quality": 67.61}}, {"type": "Feature", "geometry": {"type": "Point", "coordinates": [68.99, 28.33]}, "properties": {"operator": "vi", "technology": "4G", "tests": 1, "avg_download": 20.54, "avg_quality": 57.59}}, {"type": "Feature", "geometry": {"type": "Point", "coordinates": [69.68, 13.23]}, "properties": {"operator": "airtel", "technology": "5G", "tests": 1, "avg_download": 48.36, "avg_quality": 52.49}}, {"type": "Feature", "geometry": {"type": "Point", "coordinates": [88.6, 14.22]}, "properties": {"operator": "vi", "technology": "4G", "tests": 1, "avg_download": 17.02, "avg_quality": 70.09}}, {"type": "Feature", "geometry": {"type": "Point", "coordinates": [78.41, 10.76]}, "properties": {"operator": "jio", "technology": "4G", "tests": 1, "avg_download": 35.69, "avg_quality": 43.34}}, {"type": "Feature", "geometry": {"type": "Point", "coordinates": [93.98, 11.16]}, "properties": {"operator": "airtel", "technology": "4G", "tests": 1, "avg_download": 22.84, "avg_quality": 65.71}}, {"type": "Feature", "geometry": {"type": "Point", "coordinates": [93.58, 27.14]}, "properties": {"operator": "vi", "technology": "4G", "tests": 1, "avg_download": 13.8, "avg_quality": 44.04}}, {"type": "Feature", "geometry": {"type": "Point", "coordinates": [76.8, 31.01]}, "properties": {"operator": "vi", "technology": "5G", "tests": 1, "avg_download": 63.27, "avg_quality": 73.04}}, {"type": "Feature", "geometry": {"type": "Point", "coordinates": [69.76, 26.63]}, "properties": {"operator": "airtel", "technology": "4G", "tests": 1, "avg_download": 29.97, "avg_quality": 67.36}}, {"type": "Feature", "geometry": {"type": "Point", "coordinates": [73.18, 20.08]}, "properties": {"operator": "jio", "technology": "5G", "tests": 1, "avg_download": 56.03, "avg_quality": 70.15}}, {"type": "Feature", "geometry": {"type": "Point", "coordinates": [78.93, 15.21]}, "properties": {"operator": "jio", "technology": "5G", "tests": 1, "avg_download": 66.34, "avg_quality": 78.19}}, {"type": "Feature", "geometry": {"type": "Point", "coordinates": [69.89, 10.73]}, "properties": {"operator": "vi", "technology": "5G", "tests": 1, "avg_download": 77.25, "avg_quality": 91.25}}, {"type": "Feature", "geometry": {"type": "Point", "coordinates": [92.03, 18.65]}, "properties": {"operator": "vi", "technology": "5G", "tests": 1, "avg_download": 32.4, "avg_quality": 71.89}}, {"type": "Feature", "geometry": {"type": "Point", "coordinates": [83.69, 32.58]}, "properties": {"operator": "jio", "technology": "5G", "tests": 1, "avg_download": 70.88, "avg_quality": 78.06}}, {"type": "Feature", "geometry": {"type": "Point", "coordinates": [82.35, 13.59]}, "properties": {"operator": "vi", "technology": "4G", "tests": 1, "avg_download": 27.06, "avg_quality": 51.15}}, {"type": "Feature", "geometry": {"type": "Point", "coordinates": [84.66, 27.02]}, "properties": {"operator": "airtel", "technology": "4G", "tests": 1, "avg_download": 35.48, "avg_quality": 62.19}}, {"type": "Feature", "geometry": {"type": "Point", "coordinates": [70.11, 13.59]}, "properties": {"operator": "airtel", "technology": "5G", "tests": 1, "avg_download": 56.7, "avg_quality": 77.46}}, {"type": "Feature", "geometry": {"type": "Point", "coordinates": [94.41, 28.65]}, "properties": {"operator": "airtel", "technology": "5G", "tests": 1, "avg_download": 57.1, "avg_quality": 59.78}}, {"type": "Feature", "geometry": {"type": "Point", "coordinates": [94.23, 21.32]}, "properties": {"operator": "jio", "technology": "5G", "tests": 1, "avg_download": 88.61, "avg_quality": 80.66}}, {"type": "Feature", "geometry": {"type": "Point", "coordinates": [78.33, 28.19]}, "properties": {"operator": "jio", "technology": "5G", "tests": 1, "avg_download": 60.99, "avg_quality": 80.59}}, {"type": "Feature", "geometry": {"type": "Point", "coordinates": [88.71, 30.91]}, "properties": {"operator": "vi", "technology": "5G", "tests": 1, "avg_download": 34.83, "avg_quality": 79.55}}, {"type": "Feature", "geometry": {"type": "Point", "coordinates": [89.58, 25.67]}, "properties": {"operator": "jio", "technology": "5G", "tests": 1, "avg_download": 47.8, "avg_quality": 93.42}}, {"type": "Feature", "geometry": {"type": "Point", "coordinates": [94.86, 30.57]}, "properties": {"operator": "airtel", "technology": "4G", "tests": 1, "avg_download": 18.33, "avg_quality": 67.2}}, {"type": "Feature", "geometry": {"type": "Point", "coordinates": [90.61, 19.51]}, "properties": {"operator": "vi", "technology": "4G", "tests": 1, "avg_download": 20.59, "avg_quality": 53.07}}, {"type": "Feature", "geometry": {"type": "Point", "coordinates": [78.2, 10.54]}, "properties": {"operator": "vi", "technology": "4G", "tests": 1, "avg_download": 26.14, "avg_quality": 64.7}}, {"type": "Feature", "geometry": {"type": "Point", "coordinates": [92.07, 8.64]}, "properties": {"operator": "jio", "technology": "5G", "tests": 1, "avg_download": 77.25, "avg_quality": 71.63}}, {"type": "Feature", "geometry": {"type": "Point", "coordinates": [93.26, 21.85]}, "properties": {"operator": "jio", "technology": "5G", "tests": 1, "avg_download": 77.25, "avg_quality": 81.95}}, {"type": "Feature", "geometry": {"type": "Point", "coordinates": [81.23, 12.98]}, "properties": {"operator": "vi", "technology": "4G", "tests": 1, "avg_download": 19.82, "avg_quality": 50.81}}, {"type": "Feature", "geometry": {"type": "Point", "coordinates": [73.04, 28.88]}, "properties": {"operator": "jio", "technology": "5G", "tests": 1, "avg_download": 54.18, "avg_quality": 80.81}}, {"type": "Feature", "geometry": {"type": "Point", "coordinates": [85.99, 9.68]}, "properties": {"operator": "airtel", "technology": "4G", "tests": 1, "avg_download": 22.71, "avg_quality": 61.72}}, {"type": "Feature", "geometry": {"type": "Point", "coordinates": [91.57, 23.91]}, "properties": {"operator": "vi", "technology": "4G", "tests": 1, "avg_download": 8.88, "avg_quality": 60.74}}, {"type": "Feature", "geometry": {"type": "Point", "coordinates": [71.79, 13.21]}, "properties": {"operator": "jio", "technology": "5G", "tests": 1, "avg_download": 50.56, "avg_quality": 73.4}}, {"type": "Feature", "geometry": {"type": "Point", "coordinates": [73.73, 20.48]}, "properties": {"operator": "vi", "technology": "5G", "tests": 1, "avg_download": 46.87, "avg_quality": 76.37}}, {"type": "Feature", "geometry": {"type": "Point", "coordinates": [82.25, 28.36]}, "properties": {"operator": "vi", "technology": "4G", "tests": 1, "avg_download": 14.54, "avg_quality": 51.72}}, {"type": "Feature", "geometry": {"type": "Point", "coordinates": [86.02, 24.08]}, "properties": {"operator": "vi", "technology": "5G", "tests": 1, "avg_download": 71.88, "avg_quality": 74.16}}, {"type": "Feature", "geometry": {"type": "Point", "coordinates": [85.4, 33.33]}, "properties": {"operator": "vi", "technology": "5G", "tests": 1, "avg_download": 85.96, "avg_quality": 84.91}}, {"type": "Feature", "geometry": {"type": "Point", "coordinates": [83.49, 17.01]}, "properties": {"operator": "jio", "technology": "4G", "tests": 1, "avg_download": 12.0, "avg_quality": 52.1}}, {"type": "Feature", "geometry": {"type": "Point", "coordinates": [95.33, 8.9]}, "properties": {"operator": "vi", "technology": "4G", "tests": 1, "avg_download": 16.49, "avg_quality": 57.04}}, {"type": "Feature", "geometry": {"type": "Point", "coordinates": [75.33, 29.2]}, "properties": {"operator": "jio", "technology": "4G", "tests": 1, "avg_download": 36.97, "avg_quality": 55.85}}, {"type": "Feature", "geometry": {"type": "Point", "coordinates": [69.27, 8.72]}, "properties": {"operator": "airtel", "technology": "4G", "tests": 1, "avg_download": 23.38, "avg_quality": 74.68}}, {"type": "Feature", "geometry": {"type": "Point", "coordinates": [89.27, 9.29]}, "properties": {"operator": "vi", "technology": "5G", "tests": 1, "avg_download": 59.86, "avg_quality": 74.77}}, {"type": "Feature", "geometry": {"type": "Point", "coordinates": [95.05, 22.39]}, "properties": {"operator": "vi", "technology": "5G", "tests": 1, "avg_download": 65.9, "avg_quality": 64.36}}, {"type": "Feature", "geometry": {"type": "Point", "coordinates": [68.33, 33.09]}, "properties": {"operator": "vi", "technology": "4G", "tests": 1, "avg_download": 13.94, "avg_quality": 73.82}}, {"type": "Feature", "geometry": {"type": "Point", "coordinates": [75.1, 10.7]}, "properties": {"operator": "vi", "technology": "5G", "tests": 1, "avg_download": 49.36, "avg_quality": 86.73}}, {"type": "Feature", "geometry": {"type": "Point", "coordinates": [75.24, 12.91]}, "properties": {"operator": "vi", "technology": "4G", "tests": 1, "avg_download": 23.72, "avg_quality": 70.65}}, {"type": "Feature", "geometry": {"type": "Point", "coordinates": [80.25, 20.07]}, "properties": {"operator": "airtel", "technology": "5G", "tests": 1, "avg_download": 78.19, "avg_quality": 60.89}}, {"type": "Feature", "geometry": {"type": "Point", "coordinates": [74.71, 18.25]}, "properties": {"operator": "vi", "technology": "4G", "tests": 1, "avg_download": 16.81, "avg_quality": 48.56}}, {"type": "Feature", "geometry": {"type": "Point", "coordinates": [88.27, 18.36]}, "properties": {"operator": "jio", "technology": "4G", "tests": 1, "avg_download": 19.99, "avg_quality": 50.23}}, {"type": "Feature", "geometry": {"type": "Point", "coordinates": [94.05, 32.69]}, "properties": {"operator": "airtel", "technology": "4G", "tests": 1, "avg_download": 21.73, "avg_quality": 75.4}}, {"type": "Feature", "geometry": {"type": "Point", "coordinates": [70.88, 9.37]}, "properties": {"operator": "vi", "technology": "5G", "tests": 1, "avg_download": 32.25, "avg_quality": 62.58}}, {"type": "Feature", "geometry": {"type": "Point", "coordinates": [73.26, 8.23]}, "properties": {"operator": "jio", "technology": "4G", "tests": 1, "avg_download": 30.14, "avg_quality": 62.7}}, {"type": "Feature", "geometry": {"type": "Point", "coordinates": [90.0, 26.72]}, "properties": {"operator": "vi", "technology": "5G", "tests": 1, "avg_download": 92.35, "avg_quality": 47.75}}, {"type": "Feature", "geometry": {"type": "Point", "coordinates": [73.09, 15.1]}, "properties": {"operator": "jio", "technology": "5G", "tests": 1, "avg_download": 55.2, "avg_quality": 71.61}}, {"type": "Feature", "geometry": {"type": "Point", "coordinates": [90.31, 9.73]}, "properties": {"operator": "vi", "technology": "5G", "tests": 1, "avg_download": 64.69, "avg_quality": 75.46}}, {"type": "Feature", "geometry": {"type": "Point", "coordinates": [77.36, 34.62]}, "properties": {"operator": "airtel", "technology": "4G", "tests": 1, "avg_download": 16.77, "avg_quality": 47.0}}, {"type": "Feature", "geometry": {"type": "Point", "coordinates": [81.84, 35.3]}, "properties": {"operator": "jio", "technology": "5G", "tests": 1, "avg_download": 98.98, "avg_quality": 86.81}}, {"type": "Feature", "geometry": {"type": "Point", "coordinates": [87.13, 10.79]}, "properties": {"operator": "vi", "technology": "4G", "tests": 1, "avg_download": 16.08, "avg_quality": 54.67}}, {"type": "Feature", "geometry": {"type": "Point", "coordinates": [88.78, 27.76]}, "properties": {"operator": "vi", "technology": "5G", "tests": 1, "avg_download": 93.27, "avg_quality": 97.78}}, {"type": "Feature", "geometry": {"type": "Point", "coordinates": [87.27, 19.15]}, "properties": {"operator": "jio", "technology": "4G", "tests": 1, "avg_download": 17.8, "avg_quality": 58.68}}, {"type": "Feature", "geometry": {"type": "Point", "coordinates": [79.89, 25.08]}, "properties": {"operator": "jio", "technology": "4G", "tests": 1, "avg_download": 25.93, "avg_quality": 58.97}}, {"type": "Feature", "geometry": {"type": "Point", "coordinates": [81.2, 18.1]}, "properties": {"operator": "vi", "technology": "4G", "tests": 1, "avg_download": 12.89, "avg_quality": 49.45}}, {"type": "Feature", "geometry": {"type": "Point", "coordinates": [83.51, 21.42]}, "properties": {"operator": "vi", "technology": "5G", "tests": 1, "avg_download": 41.8, "avg_quality": 78.74}}, {"type": "Feature", "geometry": {"type": "Point", "coordinates": [81.87, 23.75]}, "properties": {"operator": "airtel", "technology": "5G", "tests": 1, "avg_download": 24.21, "avg_quality": 63.86}}, {"type": "Feature", "geometry": {"type": "Point", "coordinates": [90.54, 11.26]}, "properties": {"operator": "vi", "technology": "5G", "tests": 1, "avg_download": 76.92, "avg_quality": 76.31}}, {"type": "Feature", "geometry": {"type": "Point", "coordinates": [89.03, 8.65]}, "properties": {"operator": "vi", "technology": "5G", "tests": 1, "avg_download": 20.14, "avg_quality": 65.45}}, {"type": "Feature", "geometry": {"type": "Point", "coordinates": [85.82, 19.29]}, "properties": {"operator": "airtel", "technology": "4G", "tests": 1, "avg_download": 10.09, "avg_quality": 42.56}}, {"type": "Feature", "geometry": {"type": "Point", "coordinates": [72.72, 27.86]}, "properties": {"operator": "vi", "technology": "4G", "tests": 1, "avg_download": 13.28, "avg_quality": 71.84}}, {"type": "Feature", "geometry": {"type": "Point", "coordinates": [75.42, 22.45]}, "properties": {"operator": "jio", "technology": "5G", "tests": 1, "avg_download": 75.43, "avg_quality": 64.8}}, {"type": "Feature", "geometry": {"type": "Point", "coordinates": [91.71, 34.86]}, "properties": {"operator": "jio", "technology": "5G", "tests": 1, "avg_download": 94.59, "avg_quality": 90.65}}, {"type": "Feature", "geometry": {"type": "Point", "coordinates": [89.76, 33.87]}, "properties": {"operator": "vi", "technology": "5G", "tests": 1, "avg_download": 70.04, "avg_quality": 75.29}}, {"type": "Feature", "geometry": {"type": "Point", "coordinates": [73.71, 17.48]}, "properties": {"operator": "airtel", "technology": "5G", "tests": 1, "avg_download": 48.41, "avg_quality": 63.4}}, {"type": "Feature", "geometry": {"type": "Point", "coordinates": [95.92, 15.51]}, "properties": {"operator": "airtel", "technology": "4G", "tests": 1, "avg_download": 21.0, "avg_quality": 73.98}}, {"type": "Feature", "geometry": {"type": "Point", "coordinates": [91.42, 22.32]}, "properties": {"operator": "jio", "technology": "5G", "tests": 1, "avg_download": 84.9, "avg_quality": 92.77}}, {"type": "Feature", "geometry": {"type": "Point", "coordinates": [70.65, 19.9]}, "properties": {"operator": "vi", "technology": "4G", "tests": 1, "avg_download": 21.42, "avg_quality": 42.29}}, {"type": "Feature", "geometry": {"type": "Point", "coordinates": [79.52, 15.69]}, "properties": {"operator": "vi", "technology": "5G", "tests": 1, "avg_download": 76.29, "avg_quality": 76.29}}, {"type": "Feature", "geometry": {"type": "Point", "coordinates": [77.73, 14.76]}, "properties": {"operator": "jio", "technology": "5G", "tests": 1, "avg_download": 66.88, "avg_quality": 75.48}}, {"type": "Feature", "geometry": {"type": "Point", "coordinates": [92.56, 13.66]}, "properties": {"operator": "airtel", "technology": "5G", "tests": 1, "avg_download": 86.18, "avg_quality": 74.21}}, {"type": "Feature", "geometry": {"type": "Point", "coordinates": [74.95, 35.66]}, "properties": {"operator": "jio", "technology": "4G", "tests": 1, "avg_download": 42.01, "avg_quality": 65.79}}, {"type": "Feature", "geometry": {"type": "Point", "coordinates": [81.28, 9.31]}, "properties": {"operator": "jio", "technology": "5G", "tests": 1, "avg_download": 76.33, "avg_quality": 93.53}}, {"type": "Feature", "geometry": {"type": "Point", "coordinates": [79.1, 11.68]}, "properties": {"operator": "vi", "technology": "4G", "tests": 1, "avg_download": 11.82, "avg_quality": 43.34}}, {"type": "Feature", "geometry": {"type": "Point", "coordinates": [81.56, 25.7]}, "properties": {"operator": "airtel", "technology": "5G", "tests": 1, "avg_download": 53.07, "avg_quality": 57.29}}, {"type": "Feature", "geometry": {"type": "Point", "coordinates": [89.98, 8.52]}, "properties": {"operator": "vi", "technology": "4G", "tests": 1, "avg_download": 11.16, "avg_quality": 48.97}}, {"type": "Feature", "geometry": {"type": "Point", "coordinates": [92.97, 26.19]}, "properties": {"operator": "jio", "technology": "4G", "tests": 1, "avg_download": 32.42, "avg_quality": 75.22}}, {"type": "Feature", "geometry": {"type": "Point", "coordinates": [81.51, 14.93]}, "properties": {"operator": "jio", "technology": "5G", "tests": 1, "avg_download": 80.61, "avg_quality": 66.78}}, {"type": "Feature", "geometry": {"type": "Point", "coordinates": [91.7, 24.75]}, "properties": {"operator": "airtel", "technology": "4G", "tests": 1, "avg_download": 13.09, "avg_quality": 37.33}}, {"type": "Feature", "geometry": {"type": "Point", "coordinates": [85.11, 20.76]}, "properties": {"operator": "airtel", "technology": "4G", "tests": 1, "avg_download": 29.46, "avg_quality": 54.4}}, {"type": "Feature", "geometry": {"type": "Point", "coordinates": [76.2, 9.05]}, "properties": {"operator": "jio", "technology": "4G", "tests": 1, "avg_download": 29.83, "avg_quality": 42.65}}, {"type": "Feature", "geometry": {"type": "Point", "coordinates": [88.53, 29.36]}, "properties": {"operator": "jio", "technology": "4G", "tests": 1, "avg_download": 36.74, "avg_quality": 67.84}}, {"type": "Feature", "geometry": {"type": "Point", "coordinates": [70.88, 8.88]}, "properties": {"operator": "jio", "technology": "4G", "tests": 1, "avg_download": 14.83, "avg_quality": 47.7}}, {"type": "Feature", "geometry": {"type": "Point", "coordinates": [74.66, 31.18]}, "properties": {"operator": "jio", "technology": "4G", "tests": 1, "avg_download": 36.74, "avg_quality": 77.45}}, {"type": "Feature", "geometry": {"type": "Point", "coordinates": [82.83, 26.09]}, "properties": {"operator": "jio", "technology": "4G", "tests": 1, "avg_download": 32.03, "avg_quality": 74.96}}, {"type": "Feature", "geometry": {"type": "Point", "coordinates": [68.71, 30.63]}, "properties": {"operator": "vi", "technology": "4G", "tests": 1, "avg_download": 20.98, "avg_quality": 48.05}}, {"type": "Feature", "geometry": {"type": "Point", "coordinates": [73.18, 17.03]}, "properties": {"operator": "jio", "technology": "5G", "tests": 1, "avg_download": 83.79, "avg_quality": 75.8}}, {"type": "Feature", "geometry": {"type": "Point", "coordinates": [85.45, 27.05]}, "properties": {"operator": "airtel", "technology": "5G", "tests": 1, "avg_download": 78.95, "avg_quality": 63.81}}, {"type": "Feature", "geometry": {"type": "Point", "coordinates": [78.93, 31.52]}, "properties": {"operator": "vi", "technology": "4G", "tests": 1, "avg_download": 20.7, "avg_quality": 76.38}}, {"type": "Feature", "geometry": {"type": "Point", "coordinates": [94.24, 30.26]}, "properties": {"operator": "jio", "technology": "5G", "tests": 1, "avg_download": 100.36, "avg_quality": 72.7}}, {"type": "Feature", "geometry": {"type": "Point", "coordinates": [84.57, 12.89]}, "properties": {"operator": "vi", "technology": "4G", "tests": 1, "avg_download": 23.45, "avg_quality": 35.43}}, {"type": "Feature", "geometry": {"type": "Point", "coordinates": [69.31, 8.24]}, "properties": {"operator": "vi", "technology": "4G", "tests": 1, "avg_download": 26.87, "avg_quality": 66.9}}, {"type": "Feature", "geometry": {"type": "Point", "coordinates": [90.51, 26.1]}, "properties": {"operator": "airtel", "technology": "5G", "tests": 1, "avg_download": 100.7, "avg_quality": 85.01}}, {"type": "Feature", "geometry": {"type": "Point", "coordinates": [80.9, 15.32]}, "properties": {"operator": "vi", "technology": "5G", "tests": 1, "avg_download": 44.67, "avg_quality": 68.36}}, {"type": "Feature", "geometry": {"type": "Point", "coordinates": [92.38, 9.06]}, "properties": {"operator": "airtel", "technology": "5G", "tests": 1, "avg_download": 65.69, "avg_quality": 72.38}}, {"type": "Feature", "geometry": {"type": "Point", "coordinates": [89.19, 19.45]}, "properties": {"operator": "vi", "technology": "4G", "tests": 1, "avg_download": 13.71, "avg_quality": 67.65}}, {"type": "Feature", "geometry": {"type": "Point", "coordinates": [76.21, 16.57]}, "properties": {"operator": "airtel", "technology": "5G", "tests": 1, "avg_download": 124.99, "avg_quality": 92.4}}, {"type": "Feature", "geometry": {"type": "Point", "coordinates": [89.92, 31.15]}, "properties": {"operator": "vi", "technology": "4G", "tests": 1, "avg_download": 14.35, "avg_quality": 49.58}}, {"type": "Feature", "geometry": {"type": "Point", "coordinates": [76.95, 24.01]}, "properties": {"operator": "airtel", "technology": "5G", "tests": 1, "avg_download": 62.0, "avg_quality": 70.12}}, {"type": "Feature", "geometry": {"type": "Point", "coordinates": [80.0, 17.54]}, "properties": {"operator": "airtel", "technology": "5G", "tests": 1, "avg_download": 36.58, "avg_quality": 78.38}}, {"type": "Feature", "geometry": {"type": "Point", "coordinates": [74.48, 31.59]}, "properties": {"operator": "jio", "technology": "5G", "tests": 1, "avg_download": 63.91, "avg_quality": 63.86}}, {"type": "Feature", "geometry": {"type": "Point", "coordinates": [77.46, 34.72]}, "properties": {"operator": "vi", "technology": "5G", "tests": 1, "avg_download": 55.27, "avg_quality": 76.98}}, {"type": "Feature", "geometry": {"type": "Point", "coordinates": [75.93, 35.72]}, "properties": {"operator": "jio", "technology": "5G", "tests": 1, "avg_download": 67.91, "avg_quality": 88.21}}, {"type": "Feature", "geometry": {"type": "Point", "coordinates": [68.38, 26.22]}, "properties": {"operator": "vi", "technology": "5G", "tests": 1, "avg_download": 90.14, "avg_quality": 81.47}}, {"type": "Feature", "geometry": {"type": "Point", "coordinates": [81.74, 33.63]}, "properties": {"operator": "airtel", "technology": "4G", "tests": 1, "avg_download": 21.0, "avg_quality": 65.32}}, {"type": "Feature", "geometry": {"type": "Point", "coordinates": [77.09, 22.77]}, "properties": {"operator": "airtel", "technology": "5G", "tests": 1, "avg_download": 60.03, "avg_quality": 50.73}}, {"type": "Feature", "geometry": {"type": "Point", "coordinates": [72.35, 26.56]}, "properties": {"operator": "jio", "technology": "4G", "tests": 1, "avg_download": 9.58, "avg_quality": 59.48}}, {"type": "Feature", "geometry": {"type": "Point", "coordinates": [76.03, 8.34]}, "properties": {"operator": "jio", "technology": "5G", "tests": 1, "avg_download": 97.41, "avg_quality": 80.79}}, {"type": "Feature", "geometry": {"type": "Point", "coordinates": [90.68, 15.09]}, "properties": {"operator": "jio", "technology": "5G", "tests": 1, "avg_download": 68.3, "avg_quality": 60.16}}, {"type": "Feature", "geometry": {"type": "Point", "coordinates": [71.54, 11.48]}, "properties": {"operator": "jio", "technology": "5G", "tests": 1, "avg_download": 78.72, "avg_quality": 65.64}}, {"type": "Feature", "geometry": {"type": "Point", "coordinates": [84.87, 30.89]}, "properties": {"operator": "vi", "technology": "4G", "tests": 1, "avg_download": 15.41, "avg_quality": 65.73}}, {"type": "Feature", "geometry": {"type": "Point", "coordinates": [87.17, 22.78]}, "properties": {"operator": "airtel", "technology": "5G", "tests": 1, "avg_download": 93.29, "avg_quality": 86.31}}, {"type": "Feature", "geometry": {"type": "Point", "coordinates": [83.67, 24.29]}, "properties": {"operator": "vi", "technology": "4G", "tests": 1, "avg_download": 9.85, "avg_quality": 65.31}}, {"type": "Feature", "geometry": {"type": "Point", "coordinates": [71.54, 12.34]}, "properties": {"operator": "vi", "technology": "5G", "tests": 1, "avg_download": 55.52, "avg_quality": 84.3}}, {"type": "Feature", "geometry": {"type": "Point", "coordinates": [82.24, 15.26]}, "properties": {"operator": "jio", "technology": "5G", "tests": 1, "avg_download": 44.25, "avg_quality": 62.14}}, {"type": "Feature", "geometry": {"type": "Point", "coordinates": [75.32, 13.73]}, "properties": {"operator": "vi", "technology": "4G", "tests": 1, "avg_download": 22.92, "avg_quality": 62.49}}, {"type": "Feature", "geometry": {"type": "Point", "coordinates": [82.63, 23.17]}, "properties": {"operator": "airtel", "technology": "4G", "tests": 1, "avg_download": 18.5, "avg_quality": 66.58}}, {"type": "Feature", "geometry": {"type": "Point", "coordinates": [94.92, 22.27]}, "properties": {"operator": "airtel", "technology": "4G", "tests": 1, "avg_download": 34.5, "avg_quality": 69.72}}, {"type": "Feature", "geometry": {"type": "Point", "coordinates": [71.17, 33.64]}, "properties": {"operator": "vi", "technology": "4G", "tests": 1, "avg_download": 14.49, "avg_quality": 46.96}}, {"type": "Feature", "geometry": {"type": "Point", "coordinates": [71.38, 33.17]}, "properties": {"operator": "jio", "technology": "5G", "tests": 1, "avg_download": 90.32, "avg_quality": 78.2}}, {"type": "Feature", "geometry": {"type": "Point", "coordinates": [94.34, 35.11]}, "properties": {"operator": "jio", "technology": "5G", "tests": 1, "avg_download": 103.77, "avg_quality": 85.14}}, {"type": "Feature", "geometry": {"type": "Point", "coordinates": [94.6, 21.21]}, "properties": {"operator": "airtel", "technology": "5G", "tests": 1, "avg_download": 71.98, "avg_quality": 100.77}}, {"type": "Feature", "geometry": {"type": "Point", "coordinates": [75.47, 22.14]}, "properties": {"operator": "airtel", "technology": "4G", "tests": 1, "avg_download": 23.95, "avg_quality": 80.65}}, {"type": "Feature", "geometry": {"type": "Point", "coordinates": [88.35, 9.48]}, "properties": {"operator": "vi", "technology": "4G", "tests": 1, "avg_download": 18.04, "avg_quality": 57.64}}, {"type": "Feature", "geometry": {"type": "Point", "coordinates": [68.37, 34.11]}, "properties": {"operator": "airtel", "technology": "4G", "tests": 1, "avg_download": 21.51, "avg_quality": 60.05}}, {"type": "Feature", "geometry": {"type": "Point", "coordinates": [70.11, 33.44]}, "properties": {"operator": "jio", "technology": "5G", "tests": 1, "avg_download": 68.69, "avg_quality": 83.9}}, {"type": "Feature", "geometry": {"type": "Point", "coordinates": [88.19, 15.81]}, "properties": {"operator": "vi", "technology": "4G", "tests": 1, "avg_download": 7.75, "avg_quality": 72.99}}, {"type": "Feature", "geometry": {"type": "Point", "coordinates": [77.8, 25.93]}, "properties": {"operator": "jio", "technology": "4G", "tests": 1, "avg_download": 24.68, "avg_quality": 69.17}}, {"type": "Feature", "geometry": {"type": "Point", "coordinates": [68.54, 14.25]}, "properties": {"operator": "airtel", "technology": "5G", "tests": 1, "avg_download": 55.04, "avg_quality": 71.58}}, {"type": "Feature", "geometry": {"type": "Point", "coordinates": [91.75, 9.27]}, "properties": {"operator": "vi", "technology": "4G", "tests": 1, "avg_download": 13.91, "avg_quality": 70.91}}, {"type": "Feature", "geometry": {"type": "Point", "coordinates": [76.7, 22.43]}, "properties": {"operator": "vi", "technology": "4G", "tests": 1, "avg_download": 15.44, "avg_quality": 67.53}}, {"type": "Feature", "geometry": {"type": "Point", "coordinates": [86.66, 13.89]}, "properties": {"operator": "jio", "technology": "5G", "tests": 1, "avg_download": 81.5, "avg_quality": 89.42}}, {"type": "Feature", "geometry": {"type": "Point", "coordinates": [81.62, 16.62]}, "properties": {"operator": "airtel", "technology": "5G", "tests": 1, "avg_download": 64.3, "avg_quality": 65.55}}, {"type": "Feature", "geometry": {"type": "Point", "coordinates": [92.92, 32.3]}, "properties": {"operator": "airtel", "technology": "5G", "tests": 1, "avg_download": 64.73, "avg_quality": 89.32}}, {"type": "Feature", "geometry": {"type": "Point", "coordinates": [89.25, 10.88]}, "properties": {"operator": "airtel", "technology": "4G", "tests": 1, "avg_download": 21.28, "avg_quality": 55.99}}, {"type": "Feature", "geometry": {"type": "Point", "coordinates": [84.56, 34.75]}, "properties": {"operator": "airtel", "technology": "5G", "tests": 1, "avg_download": 55.38, "avg_quality": 69.69}}, {"type": "Feature", "geometry": {"type": "Point", "coordinates": [82.21, 17.73]}, "properties": {"operator": "airtel", "technology": "4G", "tests": 1, "avg_download": 14.45, "avg_quality": 68.05}}, {"type": "Feature", "geometry": {"type": "Point", "coordinates": [69.54, 13.62]}, "properties": {"operator": "jio", "technology": "5G", "tests": 1, "avg_download": 154.42, "avg_quality": 102.59}}, {"type": "Feature", "geometry": {"type": "Point", "coordinates": [73.93, 8.04]}, "properties": {"operator": "jio", "technology": "5G", "tests": 1, "avg_download": 78.04, "avg_quality": 95.58}}, {"type": "Feature", "geometry": {"type": "Point", "coordinates": [72.97, 24.95]}, "properties": {"operator": "jio", "technology": "5G", "tests": 1, "avg_download": 80.04, "avg_quality": 64.87}}, {"type": "Feature", "geometry": {"type": "Point", "coordinates": [78.67, 20.78]}, "properties": {"operator": "jio", "technology": "4G", "tests": 1, "avg_download": 21.99, "avg_quality": 41.72}}, {"type": "Feature", "geometry": {"type": "Point", "coordinates": [92.88, 34.72]}, "properties": {"operator": "vi", "technology": "5G", "tests": 1, "avg_download": 31.82, "avg_quality": 60.31}}, {"type": "Feature", "geometry": {"type": "Point", "coordinates": [80.12, 35.84]}, "properties": {"operator": "vi", "technology": "5G", "tests": 1, "avg_download": 32.01, "avg_quality": 55.35}}, {"type": "Feature", "geometry": {"type": "Point", "coordinates": [68.0, 15.69]}, "properties": {"operator": "vi", "technology": "5G", "tests": 1, "avg_download": 56.18, "avg_quality": 81.37}}, {"type": "Feature", "geometry": {"type": "Point", "coordinates": [71.91, 30.15]}, "properties": {"operator": "airtel", "technology": "5G", "tests": 1, "avg_download": 58.47, "avg_quality": 55.19}}, {"type": "Feature", "geometry": {"type": "Point", "coordinates": [81.69, 18.58]}, "properties": {"operator": "airtel", "technology": "5G", "tests": 1, "avg_download": 84.1, "avg_quality": 80.58}}, {"type": "Feature", "geometry": {"type": "Point", "coordinates": [91.09, 16.14]}, "properties": {"operator": "airtel", "technology": "4G", "tests": 1, "avg_download": 20.62, "avg_quality": 45.87}}, {"type": "Feature", "geometry": {"type": "Point", "coordinates": [89.02, 11.08]}, "properties": {"operator": "jio", "technology": "4G", "tests": 1, "avg_download": 28.46, "avg_quality": 71.66}}, {"type": "Feature", "geometry": {"type": "Point", "coordinates": [80.67, 25.76]}, "properties": {"operator": "airtel", "technology": "5G", "tests": 1, "avg_download": 85.14, "avg_quality": 70.75}}, {"type": "Feature", "geometry": {"type": "Point", "coordinates": [95.02, 17.67]}, "properties": {"operator": "vi", "technology": "5G", "tests": 1, "avg_download": 83.22, "avg_quality": 76.7}}, {"type": "Feature", "geometry": {"type": "Point", "coordinates": [73.34, 10.44]}, "properties": {"operator": "airtel", "technology": "5G", "tests": 1, "avg_download": 49.81, "avg_quality": 66.37}}, {"type": "Feature", "geometry": {"type": "Point", "coordinates": [68.11, 9.53]}, "properties": {"operator": "airtel", "technology": "5G", "tests": 1, "avg_download": 122.24, "avg_quality": 90.72}}, {"type": "Feature", "geometry": {"type": "Point", "coordinates": [92.6, 25.67]}, "properties": {"operator": "jio", "technology": "4G", "tests": 1, "avg_download": 14.1, "avg_quality": 47.8}}, {"type": "Feature", "geometry": {"type": "Point", "coordinates": [82.18, 19.87]}, "properties": {"operator": "jio", "technology": "4G", "tests": 1, "avg_download": 46.17, "avg_quality": 81.79}}, {"type": "Feature", "geometry": {"type": "Point", "coordinates": [68.93, 21.02]}, "properties": {"operator": "airtel", "technology": "4G", "tests": 1, "avg_download": 25.42, "avg_quality": 79.97}}, {"type": "Feature", "geometry": {"type": "Point", "coordinates": [94.75, 10.6]}, "properties": {"operator": "jio", "technology": "4G", "tests": 1, "avg_download": 17.41, "avg_quality": 66.39}}, {"type": "Feature", "geometry": {"type": "Point", "coordinates": [92.62, 9.79]}, "properties": {"operator": "airtel", "technology": "4G", "tests": 1, "avg_download": 24.72, "avg_quality": 67.87}}, {"type": "Feature", "geometry": {"type": "Point", "coordinates": [82.67, 24.36]}, "properties": {"operator": "airtel", "technology": "5G", "tests": 1, "avg_download": 111.05, "avg_quality": 99.84}}, {"type": "Feature", "geometry": {"type": "Point", "coordinates": [91.25, 15.03]}, "properties": {"operator": "jio", "technology": "4G", "tests": 1, "avg_download": 23.92, "avg_quality": 59.29}}, {"type": "Feature", "geometry": {"type": "Point", "coordinates": [89.04, 30.94]}, "properties": {"operator": "airtel", "technology": "4G", "tests": 1, "avg_download": 32.09, "avg_quality": 73.22}}, {"type": "Feature", "geometry": {"type": "Point", "coordinates": [92.46, 8.18]}, "properties": {"operator": "airtel", "technology": "5G", "tests": 1, "avg_download": 95.64, "avg_quality": 71.66}}, {"type": "Feature", "geometry": {"type": "Point", "coordinates": [70.19, 13.51]}, "properties": {"operator": "airtel", "technology": "5G", "tests": 1, "avg_download": 80.98, "avg_quality": 80.58}}, {"type": "Feature", "geometry": {"type": "Point", "coordinates": [93.64, 22.12]}, "properties": {"operator": "jio", "technology": "4G", "tests": 1, "avg_download": 22.37, "avg_quality": 40.16}}, {"type": "Feature", "geometry": {"type": "Point", "coordinates": [82.01, 29.12]}, "properties": {"operator": "airtel", "technology": "4G", "tests": 1, "avg_download": 20.93, "avg_quality": 68.96}}, {"type": "Feature", "geometry": {"type": "Point", "coordinates": [70.84, 13.5]}, "properties": {"operator": "vi", "technology": "4G", "tests": 1, "avg_download": 10.99, "avg_quality": 59.64}}, {"type": "Feature", "geometry": {"type": "Point", "coordinates": [78.36, 23.01]}, "properties": {"operator": "vi", "technology": "4G", "tests": 1, "avg_download": 17.05, "avg_quality": 72.77}}, {"type": "Feature", "geometry": {"type": "Point", "coordinates": [71.55, 8.32]}, "properties": {"operator": "vi", "technology": "5G", "tests": 1, "avg_download": 57.63, "avg_quality": 68.16}}, {"type": "Feature", "geometry": {"type": "Point", "coordinates": [83.09, 30.53]}, "properties": {"operator": "airtel", "technology": "5G", "tests": 1, "avg_download": 113.68, "avg_quality": 75.58}}, {"type": "Feature", "geometry": {"type": "Point", "coordinates": [84.09, 18.7]}, "properties": {"operator": "airtel", "technology": "5G", "tests": 1, "avg_download": 101.07, "avg_quality": 81.28}}, {"type": "Feature", "geometry": {"type": "Point", "coordinates": [91.32, 13.85]}, "properties": {"operator": "jio", "technology": "4G", "tests": 1, "avg_download": 25.33, "avg_quality": 60.27}}, {"type": "Feature", "geometry": {"type": "Point", "coordinates": [75.16, 23.1]}, "properties": {"operator": "airtel", "technology": "5G", "tests": 1, "avg_download": 72.6, "avg_quality": 79.06}}, {"type": "Feature", "geometry": {"type": "Point", "coordinates": [90.54, 27.2]}, "properties": {"operator": "vi", "technology": "5G", "tests": 1, "avg_download": 65.17, "avg_quality": 78.73}}, {"type": "Feature", "geometry": {"type": "Point", "coordinates": [71.04, 20.95]}, "properties": {"operator": "jio", "technology": "4G", "tests": 1, "avg_download": 17.13, "avg_quality": 41.51}}, {"type": "Feature", "geometry": {"type": "Point", "coordinates": [88.17, 10.35]}, "properties": {"operator": "jio", "technology": "5G", "tests": 1, "avg_download": 105.84, "avg_quality": 77.2}}, {"type": "Feature", "geometry": {"type": "Point", "coordinates": [74.24, 23.85]}, "properties": {"operator": "airtel", "technology": "4G", "tests": 1, "avg_download": 17.41, "avg_quality": 68.62}}, {"type": "Feature", "geometry": {"type": "Point", "coordinates": [77.92, 14.08]}, "properties": {"operator": "vi", "technology": "5G", "tests": 1, "avg_download": 58.86, "avg_quality": 87.06}}, {"type": "Feature", "geometry": {"type": "Point", "coordinates": [68.05, 19.21]}, "properties": {"operator": "jio", "technology": "5G", "tests": 1, "avg_download": 131.72, "avg_quality": 81.54}}, {"type": "Feature", "geometry": {"type": "Point", "coordinates": [71.92, 26.76]}, "properties": {"operator": "jio", "technology": "5G", "tests": 1, "avg_download": 82.65, "avg_quality": 79.58}}, {"type": "Feature", "geometry": {"type": "Point", "coordinates": [82.43, 30.54]}, "properties": {"operator": "airtel", "technology": "4G", "tests": 1, "avg_download": 24.46, "avg_quality": 49.05}}, {"type": "Feature", "geometry": {"type": "Point", "coordinates": [78.15, 27.54]}, "properties": {"operator": "airtel", "technology": "5G", "tests": 1, "avg_download": 67.39, "avg_quality": 83.05}}, {"type": "Feature", "geometry": {"type": "Point", "coordinates": [73.41, 35.66]}, "properties": {"operator": "airtel", "technology": "5G", "tests": 1, "avg_download": 62.81, "avg_quality": 87.87}}, {"type": "Feature", "geometry": {"type": "Point", "coordinates": [83.25, 31.03]}, "properties": {"operator": "airtel", "technology": "5G", "tests": 1, "avg_download": 74.16, "avg_quality": 77.76}}, {"type": "Feature", "geometry": {"type": "Point", "coordinates": [68.76, 8.52]}, "properties": {"operator": "vi", "technology": "4G", "tests": 1, "avg_download": 19.56, "avg_quality": 77.28}}, {"type": "Feature", "geometry": {"type": "Point", "coordinates": [74.72, 31.77]}, "properties": {"operator": "jio", "technology": "5G", "tests": 1, "avg_download": 70.18, "avg_quality": 73.46}}, {"type": "Feature", "geometry": {"type": "Point", "coordinates": [79.09, 14.62]}, "properties": {"operator": "airtel", "technology": "4G", "tests": 1, "avg_download": 18.85, "avg_quality": 75.03}}, {"type": "Feature", "geometry": {"type": "Point", "coordinates": [70.85, 35.2]}, "properties": {"operator": "jio", "technology": "4G", "tests": 1, "avg_download": 23.95, "avg_quality": 72.02}}, {"type": "Feature", "geometry": {"type": "Point", "coordinates": [89.86, 8.24]}, "properties": {"operator": "jio", "technology": "4G", "tests": 1, "avg_download": 34.15, "avg_quality": 49.62}}, {"type": "Feature", "geometry": {"type": "Point", "coordinates": [68.42, 13.18]}, "properties": {"operator": "airtel", "technology": "4G", "tests": 1, "avg_download": 19.65, "avg_quality": 73.81}}, {"type": "Feature", "geometry": {"type": "Point", "coordinates": [79.58, 20.24]}, "properties": {"operator": "airtel", "technology": "5G", "tests": 1, "avg_download": 47.75, "avg_quality": 57.04}}, {"type": "Feature", "geometry": {"type": "Point", "coordinates": [94.21, 31.35]}, "properties": {"operator": "vi", "technology": "4G", "tests": 1, "avg_download": 19.93, "avg_quality": 69.01}}, {"type": "Feature", "geometry": {"type": "Point", "coordinates": [80.13, 31.2]}, "properties": {"operator": "jio", "technology": "5G", "tests": 1, "avg_download": 61.47, "avg_quality": 81.81}}, {"type": "Feature", "geometry": {"type": "Point", "coordinates": [88.73, 28.96]}, "properties": {"operator": "airtel", "technology": "5G", "tests": 1, "avg_download": 67.24, "avg_quality": 78.15}}, {"type": "Feature", "geometry": {"type": "Point", "coordinates": [94.31, 32.34]}, "properties": {"operator": "vi", "technology": "4G", "tests": 1, "avg_download": 15.48, "avg_quality": 42.76}}, {"type": "Feature", "geometry": {"type": "Point", "coordinates": [76.51, 21.8]}, "properties": {"operator": "airtel", "technology": "4G", "tests": 1, "avg_download": 28.9, "avg_quality": 38.37}}, {"type": "Feature", "geometry": {"type": "Point", "coordinates": [83.35, 11.14]}, "properties": {"operator": "airtel", "technology": "4G", "tests": 1, "avg_download": 10.21, "avg_quality": 34.63}}, {"type": "Feature", "geometry": {"type": "Point", "coordinates": [95.43, 34.28]}, "properties": {"operator": "jio", "technology": "5G", "tests": 1, "avg_download": 115.5, "avg_quality": 94.23}}, {"type": "Feature", "geometry": {"type": "Point", "coordinates": [79.02, 27.29]}, "properties": {"operator": "vi", "technology": "4G", "tests": 1, "avg_download": 22.55, "avg_quality": 50.32}}, {"type": "Feature", "geometry": {"type": "Point", "coordinates": [69.07, 17.29]}, "properties": {"operator": "vi", "technology": "5G", "tests": 1, "avg_download": 39.05, "avg_quality": 73.01}}, {"type": "Feature", "geometry": {"type": "Point", "coordinates": [84.33, 30.97]}, "properties": {"operator": "vi", "technology": "5G", "tests": 1, "avg_download": 64.62, "avg_quality": 76.48}}, {"type": "Feature", "geometry": {"type": "Point", "coordinates": [95.18, 13.25]}, "properties": {"operator": "vi", "technology": "4G", "tests": 1, "avg_download": 10.6, "avg_quality": 71.87}}, {"type": "Feature", "geometry": {"type": "Point", "coordinates": [72.32, 15.46]}, "properties": {"operator": "airtel", "technology": "4G", "tests": 1, "avg_download": 10.74, "avg_quality": 64.42}}, {"type": "Feature", "geometry": {"type": "Point", "coordinates": [90.5, 12.54]}, "properties": {"operator": "vi", "technology": "4G", "tests": 1, "avg_download": 24.19, "avg_quality": 50.07}}, {"type": "Feature", "geometry": {"type": "Point", "coordinates": [88.41, 30.13]}, "properties": {"operator": "airtel", "technology": "5G", "tests": 1, "avg_download": 42.14, "avg_quality": 68.87}}, {"type": "Feature", "geometry": {"type": "Point", "coordinates": [78.68, 24.23]}, "properties": {"operator": "jio", "technology": "5G", "tests": 1, "avg_download": 69.56, "avg_quality": 93.63}}, {"type": "Feature", "geometry": {"type": "Point", "coordinates": [95.86, 26.75]}, "properties": {"operator": "airtel", "technology": "5G", "tests": 1, "avg_download": 91.77, "avg_quality": 55.65}}, {"type": "Feature", "geometry": {"type": "Point", "coordinates": [90.8, 12.53]}, "properties": {"operator": "airtel", "technology": "4G", "tests": 1, "avg_download": 29.61, "avg_quality": 63.22}}, {"type": "Feature", "geometry": {"type": "Point", "coordinates": [91.85, 30.85]}, "properties": {"operator": "airtel", "technology": "5G", "tests": 1, "avg_download": 76.84, "avg_quality": 75.65}}, {"type": "Feature", "geometry": {"type": "Point", "coordinates": [70.72, 21.65]}, "properties": {"operator": "vi", "technology": "5G", "tests": 1, "avg_download": 45.77, "avg_quality": 69.82}}, {"type": "Feature", "geometry": {"type": "Point", "coordinates": [76.09, 32.69]}, "properties": {"operator": "airtel", "technology": "5G", "tests": 1, "avg_download": 96.05, "avg_quality": 67.6}}, {"type": "Feature", "geometry": {"type": "Point", "coordinates": [68.95, 18.38]}, "properties": {"operator": "vi", "technology": "5G", "tests": 1, "avg_download": 62.97, "avg_quality": 76.81}}, {"type": "Feature", "geometry": {"type": "Point", "coordinates": [82.65, 15.66]}, "properties": {"operator": "vi", "technology": "4G", "tests": 1, "avg_download": 5.76, "avg_quality": 49.3}}, {"type": "Feature", "geometry": {"type": "Point", "coordinates": [78.97, 10.41]}, "properties": {"operator": "jio", "technology": "5G", "tests": 1, "avg_download": 93.21, "avg_quality": 80.24}}, {"type": "Feature", "geometry": {"type": "Point", "coordinates": [93.24, 30.53]}, "properties": {"operator": "vi", "technology": "4G", "tests": 1, "avg_download": 27.84, "avg_quality": 58.45}}, {"type": "Feature", "geometry": {"type": "Point", "coordinates": [95.84, 17.1]}, "properties": {"operator": "airtel", "technology": "5G", "tests": 1, "avg_download": 108.46, "avg_quality": 78.96}}, {"type": "Feature", "geometry": {"type": "Point", "coordinates": [95.25, 19.02]}, "properties": {"operator": "airtel", "technology": "4G", "tests": 1, "avg_download": 26.42, "avg_quality": 73.2}}, {"type": "Feature", "geometry": {"type": "Point", "coordinates": [83.11, 23.45]}, "properties": {"operator": "jio", "technology": "5G", "tests": 1, "avg_download": 87.4, "avg_quality": 65.1}}, {"type": "Feature", "geometry": {"type": "Point", "coordinates": [91.45, 33.86]}, "properties": {"operator": "jio", "technology": "5G", "tests": 1, "avg_download": 80.04, "avg_quality": 84.4}}, {"type": "Feature", "geometry": {"type": "Point", "coordinates": [92.82, 8.23]}, "properties": {"operator": "vi", "technology": "5G", "tests": 1, "avg_download": 52.47, "avg_quality": 66.46}}, {"type": "Feature", "geometry": {"type": "Point", "coordinates": [68.15, 29.69]}, "properties": {"operator": "jio", "technology": "4G", "tests": 1, "avg_download": 32.5, "avg_quality": 72.44}}, {"type": "Feature", "geometry": {"type": "Point", "coordinates": [74.22, 17.02]}, "properties": {"operator": "jio", "technology": "4G", "tests": 1, "avg_download": 38.15, "avg_quality": 68.86}}, {"type": "Feature", "geometry": {"type": "Point", "coordinates": [90.64, 33.67]}, "properties": {"operator": "vi", "technology": "4G", "tests": 1, "avg_download": 19.29, "avg_quality": 70.05}}, {"type": "Feature", "geometry": {"type": "Point", "coordinates": [90.98, 9.0]}, "properties": {"operator": "vi", "technology": "5G", "tests": 1, "avg_download": 61.55, "avg_quality": 60.88}}, {"type": "Feature", "geometry": {"type": "Point", "coordinates": [85.38, 22.23]}, "properties": {"operator": "vi", "technology": "5G", "tests": 1, "avg_download": 72.85, "avg_quality": 94.38}}, {"type": "Feature", "geometry": {"type": "Point", "coordinates": [80.23, 20.91]}, "properties": {"operator": "airtel", "technology": "5G", "tests": 1, "avg_download": 56.55, "avg_quality": 70.39}}, {"type": "Feature", "geometry": {"type": "Point", "coordinates": [73.62, 31.83]}, "properties": {"operator": "jio", "technology": "4G", "tests": 1, "avg_download": 24.09, "avg_quality": 45.32}}, {"type": "Feature", "geometry": {"type": "Point", "coordinates": [79.07, 8.54]}, "properties": {"operator": "airtel", "technology": "5G", "tests": 1, "avg_download": 73.9, "avg_quality": 63.67}}, {"type": "Feature", "geometry": {"type": "Point", "coordinates": [91.59, 27.68]}, "properties": {"operator": "airtel", "technology": "5G", "tests": 1, "avg_download": 53.27, "avg_quality": 92.32}}, {"type": "Feature", "geometry": {"type": "Point", "coordinates": [77.77, 25.65]}, "properties": {"operator": "vi", "technology": "4G", "tests": 1, "avg_download": 28.36, "avg_quality": 75.66}}, {"type": "Feature", "geometry": {"type": "Point", "coordinates": [90.96, 25.27]}, "properties": {"operator": "airtel", "technology": "5G", "tests": 1, "avg_download": 65.61, "avg_quality": 72.57}}, {"type": "Feature", "geometry": {"type": "Point", "coordinates": [71.45, 28.45]}, "properties": {"operator": "airtel", "technology": "5G", "tests": 1, "avg_download": 57.76, "avg_quality": 81.52}}, {"type": "Feature", "geometry": {"type": "Point", "coordinates": [76.96, 16.65]}, "properties": {"operator": "vi", "technology": "4G", "tests": 1, "avg_download": 24.25, "avg_quality": 57.44}}, {"type": "Feature", "geometry": {"type": "Point", "coordinates": [79.04, 33.97]}, "properties": {"operator": "airtel", "technology": "5G", "tests": 1, "avg_download": 89.67, "avg_quality": 65.05}}, {"type": "Feature", "geometry": {"type": "Point", "coordinates": [73.82, 28.85]}, "properties": {"operator": "airtel", "technology": "5G", "tests": 1, "avg_download": 43.21, "avg_quality": 68.79}}, {"type": "Feature", "geometry": {"type": "Point", "coordinates": [86.48, 21.72]}, "properties": {"operator": "vi", "technology": "4G", "tests": 1, "avg_download": 10.75, "avg_quality": 35.54}}, {"type": "Feature", "geometry": {"type": "Point", "coordinates": [94.66, 26.1]}, "properties": {"operator": "airtel", "technology": "4G", "tests": 1, "avg_download": 14.09, "avg_quality": 69.42}}, {"type": "Feature", "geometry": {"type": "Point", "coordinates": [74.59, 9.95]}, "properties": {"operator": "jio", "technology": "4G", "tests": 1, "avg_download": 32.88, "avg_quality": 67.71}}, {"type": "Feature", "geometry": {"type": "Point", "coordinates": [75.09, 21.84]}, "properties": {"operator": "airtel", "technology": "5G", "tests": 1, "avg_download": 88.41, "avg_quality": 81.12}}, {"type": "Feature", "geometry": {"type": "Point", "coordinates": [69.63, 17.88]}, "properties": {"operator": "airtel", "technology": "5G", "tests": 1, "avg_download": 59.26, "avg_quality": 78.8}}, {"type": "Feature", "geometry": {"type": "Point", "coordinates": [80.14, 29.24]}, "properties": {"operator": "vi", "technology": "4G", "tests": 1, "avg_download": 20.34, "avg_quality": 66.63}}, {"type": "Feature", "geometry": {"type": "Point", "coordinates": [78.27, 29.88]}, "properties": {"operator": "vi", "technology": "5G", "tests": 1, "avg_download": 45.98, "avg_quality": 58.56}}, {"type": "Feature", "geometry": {"type": "Point", "coordinates": [76.5, 13.8]}, "properties": {"operator": "airtel", "technology": "5G", "tests": 1, "avg_download": 89.19, "avg_quality": 92.57}}, {"type": "Feature", "geometry": {"type": "Point", "coordinates": [92.78, 13.37]}, "properties": {"operator": "vi", "technology": "4G", "tests": 1, "avg_download": 33.26, "avg_quality": 75.3}}, {"type": "Feature", "geometry": {"type": "Point", "coordinates": [80.57, 23.18]}, "properties": {"operator": "vi", "technology": "4G", "tests": 1, "avg_download": 27.99, "avg_quality": 68.57}}, {"type": "Feature", "geometry": {"type": "Point", "coordinates": [78.17, 8.47]}, "properties": {"operator": "jio", "technology": "4G", "tests": 1, "avg_download": 24.97, "avg_quality": 76.27}}, {"type": "Feature", "geometry": {"type": "Point", "coordinates": [86.67, 27.73]}, "properties": {"operator": "vi", "technology": "5G", "tests": 1, "avg_download": 48.59, "avg_quality": 53.67}}, {"type": "Feature", "geometry": {"type": "Point", "coordinates": [88.46, 25.22]}, "properties": {"operator": "airtel", "technology": "5G", "tests": 1, "avg_download": 51.28, "avg_quality": 89.9}}, {"type": "Feature", "geometry": {"type": "Point", "coordinates": [87.49, 33.52]}, "properties": {"operator": "vi", "technology": "4G", "tests": 1, "avg_download": 24.45, "avg_quality": 57.03}}, {"type": "Feature", "geometry": {"type": "Point", "coordinates": [83.74, 15.07]}, "properties": {"operator": "jio", "technology": "5G", "tests": 1, "avg_download": 104.37, "avg_quality": 92.41}}, {"type": "Feature", "geometry": {"type": "Point", "coordinates": [89.34, 18.18]}, "properties": {"operator": "vi", "technology": "5G", "tests": 1, "avg_download": 91.09, "avg_quality": 69.79}}, {"type": "Feature", "geometry": {"type": "Point", "coordinates": [70.91, 35.05]}, "properties": {"operator": "airtel", "technology": "5G", "tests": 1, "avg_download": 67.11, "avg_quality": 70.51}}, {"type": "Feature", "geometry": {"type": "Point", "coordinates": [82.01, 8.77]}, "properties": {"operator": "vi", "technology": "5G", "tests": 1, "avg_download": 42.62, "avg_quality": 61.19}}, {"type": "Feature", "geometry": {"type": "Point", "coordinates": [89.06, 34.98]}, "properties": {"operator": "jio", "technology": "4G", "tests": 1, "avg_download": 20.02, "avg_quality": 59.44}}, {"type": "Feature", "geometry": {"type": "Point", "coordinates": [68.16, 21.25]}, "properties": {"operator": "airtel", "technology": "4G", "tests": 1, "avg_download": 32.72, "avg_quality": 72.02}}, {"type": "Feature", "geometry": {"type": "Point", "coordinates": [85.25, 16.25]}, "properties": {"operator": "airtel", "technology": "4G", "tests": 1, "avg_download": 16.15, "avg_quality": 36.18}}, {"type": "Feature", "geometry": {"type": "Point", "coordinates": [87.44, 11.67]}, "properties": {"operator": "airtel", "technology": "5G", "tests": 1, "avg_download": 89.62, "avg_quality": 94.16}}, {"type": "Feature", "geometry": {"type": "Point", "coordinates": [88.18, 34.25]}, "properties": {"operator": "airtel", "technology": "4G", "tests": 1, "avg_download": 22.06, "avg_quality": 56.41}}, {"type": "Feature", "geometry": {"type": "Point", "coordinates": [73.52, 16.12]}, "properties": {"operator": "vi", "technology": "5G", "tests": 1, "avg_download": 56.47, "avg_quality": 84.04}}, {"type": "Feature", "geometry": {"type": "Point", "coordinates": [92.75, 10.15]}, "properties": {"operator": "vi", "technology": "4G", "tests": 1, "avg_download": 12.75, "avg_quality": 57.06}}, {"type": "Feature", "geometry": {"type": "Point", "coordinates": [85.06, 27.92]}, "properties": {"operator": "jio", "technology": "5G", "tests": 1, "avg_download": 110.46, "avg_quality": 94.07}}, {"type": "Feature", "geometry": {"type": "Point", "coordinates": [79.97, 8.61]}, "properties": {"operator": "airtel", "technology": "5G", "tests": 1, "avg_download": 61.6, "avg_quality": 67.75}}, {"type": "Feature", "geometry": {"type": "Point", "coordinates": [90.73, 21.22]}, "properties": {"operator": "jio", "technology": "5G", "tests": 1, "avg_download": 74.39, "avg_quality": 79.03}}, {"type": "Feature", "geometry": {"type": "Point", "coordinates": [72.2, 24.17]}, "properties": {"operator": "airtel", "technology": "4G", "tests": 1, "avg_download": 24.62, "avg_quality": 73.0}}, {"type": "Feature", "geometry": {"type": "Point", "coordinates": [80.3, 23.09]}, "properties": {"operator": "airtel", "technology": "5G", "tests": 1, "avg_download": 116.22, "avg_quality": 91.34}}, {"type": "Feature", "geometry": {"type": "Point", "coordinates": [76.16, 26.75]}, "properties": {"operator": "vi", "technology": "5G", "tests": 1, "avg_download": 47.82, "avg_quality": 56.39}}, {"type": "Feature", "geometry": {"type": "Point", "coordinates": [76.5, 29.09]}, "properties": {"operator": "vi", "technology": "5G", "tests": 1, "avg_download": 25.24, "avg_quality": 65.37}}, {"type": "Feature", "geometry": {"type": "Point", "coordinates": [93.62, 14.13]}, "properties": {"operator": "airtel", "technology": "5G", "tests": 1, "avg_download": 49.37, "avg_quality": 53.19}}, {"type": "Feature", "geometry": {"type": "Point", "coordinates": [88.53, 29.22]}, "properties": {"operator": "jio", "technology": "5G", "tests": 1, "avg_download": 109.64, "avg_quality": 84.77}}, {"type": "Feature", "geometry": {"type": "Point", "coordinates": [80.48, 19.47]}, "properties": {"operator": "jio", "technology": "5G", "tests": 1, "avg_download": 50.18, "avg_quality": 59.09}}, {"type": "Feature", "geometry": {"type": "Point", "coordinates": [78.65, 33.95]}, "properties": {"operator": "vi", "technology": "5G", "tests": 1, "avg_download": 39.93, "avg_quality": 72.59}}, {"type": "Feature", "geometry": {"type": "Point", "coordinates": [69.79, 35.37]}, "properties": {"operator": "vi", "technology": "5G", "tests": 1, "avg_download": 75.99, "avg_quality": 51.51}}, {"type": "Feature", "geometry": {"type": "Point", "coordinates": [69.01, 23.86]}, "properties": {"operator": "vi", "technology": "4G", "tests": 1, "avg_download": 11.37, "avg_quality": 52.86}}, {"type": "Feature", "geometry": {"type": "Point", "coordinates": [87.37, 23.93]}, "properties": {"operator": "vi", "technology": "4G", "tests": 1, "avg_download": 13.43, "avg_quality": 58.68}}, {"type": "Feature", "geometry": {"type": "Point", "coordinates": [90.81, 14.26]}, "properties": {"operator": "airtel", "technology": "4G", "tests": 1, "avg_download": 16.65, "avg_quality": 69.0}}, {"type": "Feature", "geometry": {"type": "Point", "coordinates": [71.21, 33.41]}, "properties": {"operator": "vi", "technology": "4G", "tests": 1, "avg_download": 17.0, "avg_quality": 70.76}}, {"type": "Feature", "geometry": {"type": "Point", "coordinates": [79.58, 26.79]}, "properties": {"operator": "jio", "technology": "4G", "tests": 1, "avg_download": 35.67, "avg_quality": 52.15}}, {"type": "Feature", "geometry": {"type": "Point", "coordinates": [76.28, 18.73]}, "properties": {"operator": "vi", "technology": "5G", "tests": 1, "avg_download": 40.25, "avg_quality": 69.3}}, {"type": "Feature", "geometry": {"type": "Point", "coordinates": [84.5, 16.59]}, "properties": {"operator": "airtel", "technology": "4G", "tests": 1, "avg_download": 22.66, "avg_quality": 64.04}}, {"type": "Feature", "geometry": {"type": "Point", "coordinates": [87.29, 13.98]}, "properties": {"operator": "jio", "technology": "5G", "tests": 1, "avg_download": 119.58, "avg_quality": 106.92}}, {"type": "Feature", "geometry": {"type": "Point", "coordinates": [82.66, 33.13]}, "properties": {"operator": "vi", "technology": "5G", "tests": 1, "avg_download": 52.94, "avg_quality": 79.42}}, {"type": "Feature", "geometry": {"type": "Point", "coordinates": [79.36, 19.44]}, "properties": {"operator": "vi", "technology": "4G", "tests": 1, "avg_download": 14.11, "avg_quality": 61.38}}, {"type": "Feature", "geometry": {"type": "Point", "coordinates": [74.35, 33.64]}, "properties": {"operator": "jio", "technology": "4G", "tests": 1, "avg_download": 18.68, "avg_quality": 53.49}}, {"type": "Feature", "geometry": {"type": "Point", "coordinates": [78.7, 28.95]}, "properties": {"operator": "airtel", "technology": "4G", "tests": 1, "avg_download": 24.1, "avg_quality": 74.72}}, {"type": "Feature", "geometry": {"type": "Point", "coordinates": [73.51, 31.23]}, "properties": {"operator": "vi", "technology": "4G", "tests": 1, "avg_download": 17.49, "avg_quality": 54.43}}, {"type": "Feature", "geometry": {"type": "Point", "coordinates": [80.47, 11.71]}, "properties": {"operator": "airtel", "technology": "5G", "tests": 1, "avg_download": 96.33, "avg_quality": 66.32}}, {"type": "Feature", "geometry": {"type": "Point", "coordinates": [78.9, 27.19]}, "properties": {"operator": "vi", "technology": "5G", "tests": 1, "avg_download": 74.99, "avg_quality": 78.4}}, {"type": "Feature", "geometry": {"type": "Point", "coordinates": [72.57, 28.71]}, "properties": {"operator": "jio", "technology": "5G", "tests": 1, "avg_download": 87.11, "avg_quality": 81.69}}, {"type": "Feature", "geometry": {"type": "Point", "coordinates": [73.13, 35.67]}, "properties": {"operator": "jio", "technology": "5G", "tests": 1, "avg_download": 93.47, "avg_quality": 64.87}}, {"type": "Feature", "geometry": {"type": "Point", "coordinates": [82.29, 9.65]}, "properties": {"operator": "jio", "technology": "5G", "tests": 1, "avg_download": 110.65, "avg_quality": 111.09}}, {"type": "Feature", "geometry": {"type": "Point", "coordinates": [95.6, 19.36]}, "properties": {"operator": "vi", "technology": "5G", "tests": 1, "avg_download": 57.14, "avg_quality": 69.3}}, {"type": "Feature", "geometry": {"type": "Point", "coordinates": [88.46, 26.5]}, "properties": {"operator": "airtel", "technology": "4G", "tests": 1, "avg_download": 28.54, "avg_quality": 37.33}}, {"type": "Feature", "geometry": {"type": "Point", "coordinates": [68.28, 23.45]}, "properties": {"operator": "jio", "technology": "5G", "tests": 1, "avg_download": 64.66, "avg_quality": 68.94}}, {"type": "Feature", "geometry": {"type": "Point", "coordinates": [69.78, 25.61]}, "properties": {"operator": "vi", "technology": "5G", "tests": 1, "avg_download": 40.56, "avg_quality": 63.59}}, {"type": "Feature", "geometry": {"type": "Point", "coordinates": [91.59, 28.3]}, "properties": {"operator": "vi", "technology": "5G", "tests": 1, "avg_download": 68.64, "avg_quality": 71.27}}, {"type": "Feature", "geometry": {"type": "Point", "coordinates": [82.31, 23.09]}, "properties": {"operator": "airtel", "technology": "4G", "tests": 1, "avg_download": 29.51, "avg_quality": 59.86}}, {"type": "Feature", "geometry": {"type": "Point", "coordinates": [81.8, 30.47]}, "properties": {"operator": "airtel", "technology": "5G", "tests": 1, "avg_download": 90.88, "avg_quality": 81.81}}, {"type": "Feature", "geometry": {"type": "Point", "coordinates": [81.51, 21.26]}, "properties": {"operator": "vi", "technology": "5G", "tests": 1, "avg_download": 88.98, "avg_quality": 68.03}}, {"type": "Feature", "geometry": {"type": "Point", "coordinates": [75.91, 11.85]}, "properties": {"operator": "vi", "technology": "4G", "tests": 1, "avg_download": 20.17, "avg_quality": 64.28}}, {"type": "Feature", "geometry": {"type": "Point", "coordinates": [73.15, 14.4]}, "properties": {"operator": "jio", "technology": "4G", "tests": 1, "avg_download": 21.57, "avg_quality": 64.69}}, {"type": "Feature", "geometry": {"type": "Point", "coordinates": [75.87, 32.1]}, "properties": {"operator": "jio", "technology": "4G", "tests": 1, "avg_download": 39.24, "avg_quality": 51.4}}, {"type": "Feature", "geometry": {"type": "Point", "coordinates": [74.7, 29.17]}, "properties": {"operator": "airtel", "technology": "4G", "tests": 1, "avg_download": 13.8, "avg_quality": 69.44}}, {"type": "Feature", "geometry": {"type": "Point", "coordinates": [93.33, 31.67]}, "properties": {"operator": "airtel", "technology": "5G", "tests": 1, "avg_download": 77.39, "avg_quality": 50.7}}, {"type": "Feature", "geometry": {"type": "Point", "coordinates": [95.51, 17.98]}, "properties": {"operator": "jio", "technology": "4G", "tests": 1, "avg_download": 22.62, "avg_quality": 45.44}}, {"type": "Feature", "geometry": {"type": "Point", "coordinates": [79.48, 12.83]}, "properties": {"operator": "jio", "technology": "4G", "tests": 1, "avg_download": 38.7, "avg_quality": 75.34}}, {"type": "Feature", "geometry": {"type": "Point", "coordinates": [73.6, 12.43]}, "properties": {"operator": "vi", "technology": "5G", "tests": 1, "avg_download": 95.05, "avg_quality": 85.17}}, {"type": "Feature", "geometry": {"type": "Point", "coordinates": [82.29, 19.46]}, "properties": {"operator": "vi", "technology": "4G", "tests": 1, "avg_download": 14.77, "avg_quality": 58.7}}, {"type": "Feature", "geometry": {"type": "Point", "coordinates": [76.52, 9.88]}, "properties": {"operator": "vi", "technology": "5G", "tests": 1, "avg_download": 55.87, "avg_quality": 74.74}}, {"type": "Feature", "geometry": {"type": "Point", "coordinates": [74.8, 23.5]}, "properties": {"operator": "airtel", "technology": "4G", "tests": 1, "avg_download": 13.26, "avg_quality": 48.38}}, {"type": "Feature", "geometry": {"type": "Point", "coordinates": [77.16, 9.01]}, "properties": {"operator": "vi", "technology": "4G", "tests": 1, "avg_download": 5.6, "avg_quality": 60.62}}, {"type": "Feature", "geometry": {"type": "Point", "coordinates": [82.84, 25.57]}, "properties": {"operator": "vi", "technology": "5G", "tests": 1, "avg_download": 68.87, "avg_quality": 92.57}}, {"type": "Feature", "geometry": {"type": "Point", "coordinates": [73.09, 11.18]}, "properties": {"operator": "vi", "technology": "5G", "tests": 1, "avg_download": 71.22, "avg_quality": 67.82}}, {"type": "Feature", "geometry": {"type": "Point", "coordinates": [83.11, 13.32]}, "properties": {"operator": "vi", "technology": "5G", "tests": 1, "avg_download": 65.35, "avg_quality": 80.46}}, {"type": "Feature", "geometry": {"type": "Point", "coordinates": [76.25, 25.84]}, "properties": {"operator": "airtel", "technology": "5G", "tests": 1, "avg_download": 80.65, "avg_quality": 83.06}}, {"type": "Feature", "geometry": {"type": "Point", "coordinates": [69.09, 34.91]}, "properties": {"operator": "jio", "technology": "5G", "tests": 1, "avg_download": 88.8, "avg_quality": 81.75}}, {"type": "Feature", "geometry": {"type": "Point", "coordinates": [75.54, 27.94]}, "properties": {"operator": "vi", "technology": "5G", "tests": 1, "avg_download": 62.52, "avg_quality": 80.16}}, {"type": "Feature", "geometry": {"type": "Point", "coordinates": [78.61, 34.36]}, "properties": {"operator": "vi", "technology": "5G", "tests": 1, "avg_download": 58.64, "avg_quality": 64.61}}, {"type": "Feature", "geometry": {"type": "Point", "coordinates": [89.82, 11.09]}, "properties": {"operator": "airtel", "technology": "5G", "tests": 1, "avg_download": 68.25, "avg_quality": 83.73}}, {"type": "Feature", "geometry": {"type": "Point", "coordinates": [87.59, 12.5]}, "properties": {"operator": "jio", "technology": "5G", "tests": 1, "avg_download": 133.39, "avg_quality": 89.91}}, {"type": "Feature", "geometry": {"type": "Point", "coordinates": [92.17, 25.65]}, "properties": {"operator": "jio", "technology": "5G", "tests": 1, "avg_download": 61.13, "avg_quality": 87.39}}, {"type": "Feature", "geometry": {"type": "Point", "coordinates": [83.69, 33.33]}, "properties": {"operator": "vi", "technology": "4G", "tests": 1, "avg_download": 25.7, "avg_quality": 58.43}}, {"type": "Feature", "geometry": {"type": "Point", "coordinates": [94.81, 19.19]}, "properties": {"operator": "jio", "technology": "5G", "tests": 1, "avg_download": 118.21, "avg_quality": 90.8}}, {"type": "Feature", "geometry": {"type": "Point", "coordinates": [94.3, 31.86]}, "properties": {"operator": "airtel", "technology": "5G", "tests": 1, "avg_download": 96.93, "avg_quality": 93.88}}, {"type": "Feature", "geometry": {"type": "Point", "coordinates": [89.62, 27.86]}, "properties": {"operator": "airtel", "technology": "4G", "tests": 1, "avg_download": 18.85, "avg_quality": 71.41}}, {"type": "Feature", "geometry": {"type": "Point", "coordinates": [90.0, 24.37]}, "properties": {"operator": "vi", "technology": "5G", "tests": 1, "avg_download": 71.71, "avg_quality": 79.69}}, {"type": "Feature", "geometry": {"type": "Point", "coordinates": [83.17, 15.83]}, "properties": {"operator": "jio", "technology": "4G", "tests": 1, "avg_download": 32.53, "avg_quality": 79.34}}, {"type": "Feature", "geometry": {"type": "Point", "coordinates": [83.53, 8.95]}, "properties": {"operator": "airtel", "technology": "5G", "tests": 1, "avg_download": 101.01, "avg_quality": 89.5}}, {"type": "Feature", "geometry": {"type": "Point", "coordinates": [76.58, 33.68]}, "properties": {"operator": "vi", "technology": "5G", "tests": 1, "avg_download": 79.96, "avg_quality": 81.0}}, {"type": "Feature", "geometry": {"type": "Point", "coordinates": [72.29, 32.53]}, "properties": {"operator": "airtel", "technology": "5G", "tests": 1, "avg_download": 35.22, "avg_quality": 74.18}}, {"type": "Feature", "geometry": {"type": "Point", "coordinates": [75.82, 24.27]}, "properties": {"operator": "airtel", "technology": "5G", "tests": 1, "avg_download": 83.72, "avg_quality": 84.73}}, {"type": "Feature", "geometry": {"type": "Point", "coordinates": [84.94, 24.58]}, "properties": {"operator": "jio", "technology": "5G", "tests": 1, "avg_download": 119.74, "avg_quality": 88.78}}, {"type": "Feature", "geometry": {"type": "Point", "coordinates": [83.18, 14.91]}, "properties": {"operator": "vi", "technology": "4G", "tests": 1, "avg_download": 16.55, "avg_quality": 50.66}}, {"type": "Feature", "geometry": {"type": "Point", "coordinates": [94.12, 19.2]}, "properties": {"operator": "airtel", "technology": "4G", "tests": 1, "avg_download": 29.38, "avg_quality": 66.09}}, {"type": "Feature", "geometry": {"type": "Point", "coordinates": [81.36, 27.52]}, "properties": {"operator": "vi", "technology": "5G", "tests": 1, "avg_download": 49.16, "avg_quality": 61.82}}, {"type": "Feature", "geometry": {"type": "Point", "coordinates": [94.09, 35.28]}, "properties": {"operator": "airtel", "technology": "4G", "tests": 1, "avg_download": 25.5, "avg_quality": 68.84}}, {"type": "Feature", "geometry": {"type": "Point", "coordinates": [89.4, 17.82]}, "properties": {"operator": "jio", "technology": "4G", "tests": 1, "avg_download": 14.41, "avg_quality": 67.31}}, {"type": "Feature", "geometry": {"type": "Point", "coordinates": [81.24, 12.07]}, "properties": {"operator": "vi", "technology": "4G", "tests": 1, "avg_download": 23.42, "avg_quality": 76.07}}, {"type": "Feature", "geometry": {"type": "Point", "coordinates": [90.23, 34.72]}, "properties": {"operator": "airtel", "technology": "4G", "tests": 1, "avg_download": 28.91, "avg_quality": 54.89}}, {"type": "Feature", "geometry": {"type": "Point", "coordinates": [89.93, 22.9]}, "properties": {"operator": "vi", "technology": "5G", "tests": 1, "avg_download": 91.61, "avg_quality": 81.53}}, {"type": "Feature", "geometry": {"type": "Point", "coordinates": [76.77, 27.35]}, "properties": {"operator": "vi", "technology": "5G", "tests": 1, "avg_download": 42.87, "avg_quality": 76.32}}, {"type": "Feature", "geometry": {"type": "Point", "coordinates": [74.67, 26.02]}, "properties": {"operator": "airtel", "technology": "4G", "tests": 1, "avg_download": 17.08, "avg_quality": 59.37}}, {"type": "Feature", "geometry": {"type": "Point", "coordinates": [91.3, 24.36]}, "properties": {"operator": "vi", "technology": "4G", "tests": 1, "avg_download": 21.9, "avg_quality": 60.38}}, {"type": "Feature", "geometry": {"type": "Point", "coordinates": [94.27, 31.4]}, "properties": {"operator": "airtel", "technology": "4G", "tests": 1, "avg_download": 22.65, "avg_quality": 46.31}}, {"type": "Feature", "geometry": {"type": "Point", "coordinates": [95.86, 28.81]}, "properties": {"operator": "jio", "technology": "4G", "tests": 1, "avg_download": 31.84, "avg_quality": 64.12}}, {"type": "Feature", "geometry": {"type": "Point", "coordinates": [93.73, 24.04]}, "properties": {"operator": "jio", "technology": "5G", "tests": 1, "avg_download": 56.69, "avg_quality": 57.32}}, {"type": "Feature", "geometry": {"type": "Point", "coordinates": [76.68, 14.14]}, "properties": {"operator": "airtel", "technology": "4G", "tests": 1, "avg_download": 17.26, "avg_quality": 66.32}}, {"type": "Feature", "geometry": {"type": "Point", "coordinates": [89.03, 22.91]}, "properties": {"operator": "vi", "technology": "5G", "tests": 1, "avg_download": 48.09, "avg_quality": 72.68}}, {"type": "Feature", "geometry": {"type": "Point", "coordinates": [80.39, 15.77]}, "properties": {"operator": "vi", "technology": "4G", "tests": 1, "avg_download": 11.35, "avg_quality": 58.7}}, {"type": "Feature", "geometry": {"type": "Point", "coordinates": [81.54, 24.78]}, "properties": {"operator": "vi", "technology": "4G", "tests": 1, "avg_download": 17.94, "avg_quality": 62.0}}, {"type": "Feature", "geometry": {"type": "Point", "coordinates": [86.83, 22.35]}, "properties": {"operator": "airtel", "technology": "5G", "tests": 1, "avg_download": 83.82, "avg_quality": 91.4}}, {"type": "Feature", "geometry": {"type": "Point", "coordinates": [87.86, 32.09]}, "properties": {"operator": "airtel", "technology": "5G", "tests": 1, "avg_download": 38.43, "avg_quality": 83.44}}, {"type": "Feature", "geometry": {"type": "Point", "coordinates": [83.28, 26.9]}, "properties": {"operator": "jio", "technology": "4G", "tests": 1, "avg_download": 30.37, "avg_quality": 74.22}}, {"type": "Feature", "geometry": {"type": "Point", "coordinates": [68.1, 35.73]}, "properties": {"operator": "jio", "technology": "4G", "tests": 1, "avg_download": 27.94, "avg_quality": 55.84}}, {"type": "Feature", "geometry": {"type": "Point", "coordinates": [70.18, 26.54]}, "properties": {"operator": "jio", "technology": "4G", "tests": 1, "avg_download": 28.79, "avg_quality": 52.15}}, {"type": "Feature", "geometry": {"type": "Point", "coordinates": [73.05, 35.65]}, "properties": {"operator": "jio", "technology": "4G", "tests": 1, "avg_download": 31.81, "avg_quality": 72.45}}, {"type": "Feature", "geometry": {"type": "Point", "coordinates": [76.73, 33.83]}, "properties": {"operator": "jio", "technology": "5G", "tests": 1, "avg_download": 92.72, "avg_quality": 72.31}}, {"type": "Feature", "geometry": {"type": "Point", "coordinates": [81.44, 34.83]}, "properties": {"operator": "airtel", "technology": "4G", "tests": 1, "avg_download": 17.4, "avg_quality": 70.01}}, {"type": "Feature", "geometry": {"type": "Point", "coordinates": [76.99, 19.81]}, "properties": {"operator": "vi", "technology": "5G", "tests": 1, "avg_download": 38.44, "avg_quality": 70.33}}, {"type": "Feature", "geometry": {"type": "Point", "coordinates": [72.18, 16.89]}, "properties": {"operator": "jio", "technology": "4G", "tests": 1, "avg_download": 28.91, "avg_quality": 53.04}}, {"type": "Feature", "geometry": {"type": "Point", "coordinates": [83.18, 21.37]}, "properties": {"operator": "jio", "technology": "4G", "tests": 1, "avg_download": 31.26, "avg_quality": 67.53}}, {"type": "Feature", "geometry": {"type": "Point", "coordinates": [92.21, 19.38]}, "properties": {"operator": "airtel", "technology": "5G", "tests": 1, "avg_download": 77.19, "avg_quality": 62.47}}, {"type": "Feature", "geometry": {"type": "Point", "coordinates": [75.54, 28.98]}, "properties": {"operator": "vi", "technology": "4G", "tests": 1, "avg_download": 21.8, "avg_quality": 63.48}}, {"type": "Feature", "geometry": {"type": "Point", "coordinates": [93.07, 8.45]}, "properties": {"operator": "jio", "technology": "4G", "tests": 1, "avg_download": 41.48, "avg_quality": 63.26}}, {"type": "Feature", "geometry": {"type": "Point", "coordinates": [70.37, 12.87]}, "properties": {"operator": "vi", "technology": "5G", "tests": 1, "avg_download": 51.52, "avg_quality": 84.3}}, {"type": "Feature", "geometry": {"type": "Point", "coordinates": [87.03, 27.26]}, "properties": {"operator": "vi", "technology": "5G", "tests": 1, "avg_download": 52.76, "avg_quality": 65.74}}, {"type": "Feature", "geometry": {"type": "Point", "coordinates": [76.06, 25.53]}, "properties": {"operator": "vi", "technology": "5G", "tests": 1, "avg_download": 67.46, "avg_quality": 80.02}}, {"type": "Feature", "geometry": {"type": "Point", "coordinates": [92.25, 25.94]}, "properties": {"operator": "vi", "technology": "4G", "tests": 1, "avg_download": 26.14, "avg_quality": 76.49}}, {"type": "Feature", "geometry": {"type": "Point", "coordinates": [79.23, 12.53]}, "properties": {"operator": "jio", "technology": "5G", "tests": 1, "avg_download": 125.21, "avg_quality": 95.1}}, {"type": "Feature", "geometry": {"type": "Point", "coordinates": [89.86, 15.07]}, "properties": {"operator": "jio", "technology": "5G", "tests": 1, "avg_download": 77.14, "avg_quality": 95.05}}, {"type": "Feature", "geometry": {"type": "Point", "coordinates": [93.88, 26.31]}, "properties": {"operator": "vi", "technology": "5G", "tests": 1, "avg_download": 74.74, "avg_quality": 70.55}}, {"type": "Feature", "geometry": {"type": "Point", "coordinates": [91.57, 32.18]}, "properties": {"operator": "airtel", "technology": "4G", "tests": 1, "avg_download": 20.9, "avg_quality": 64.92}}, {"type": "Feature", "geometry": {"type": "Point", "coordinates": [82.2, 17.02]}, "properties": {"operator": "jio", "technology": "5G", "tests": 1, "avg_download": 106.58, "avg_quality": 90.14}}, {"type": "Feature", "geometry": {"type": "Point", "coordinates": [76.83, 28.3]}, "properties": {"operator": "vi", "technology": "5G", "tests": 1, "avg_download": 75.11, "avg_quality": 76.7}}, {"type": "Feature", "geometry": {"type": "Point", "coordinates": [81.48, 33.57]}, "properties": {"operator": "airtel", "technology": "4G", "tests": 1, "avg_download": 37.17, "avg_quality": 66.15}}, {"type": "Feature", "geometry": {"type": "Point", "coordinates": [75.73, 9.76]}, "properties": {"operator": "vi", "technology": "5G", "tests": 1, "avg_download": 84.37, "avg_quality": 70.27}}, {"type": "Feature", "geometry": {"type": "Point", "coordinates": [78.32, 23.22]}, "properties": {"operator": "jio", "technology": "5G", "tests": 1, "avg_download": 113.94, "avg_quality": 98.09}}, {"type": "Feature", "geometry": {"type": "Point", "coordinates": [72.77, 33.28]}, "properties": {"operator": "airtel", "technology": "5G", "tests": 1, "avg_download": 61.86, "avg_quality": 82.44}}, {"type": "Feature", "geometry": {"type": "Point", "coordinates": [68.43, 12.26]}, "properties": {"operator": "airtel", "technology": "5G", "tests": 1, "avg_download": 62.45, "avg_quality": 85.29}}, {"type": "Feature", "geometry": {"type": "Point", "coordinates": [73.16, 27.85]}, "properties": {"operator": "airtel", "technology": "5G", "tests": 1, "avg_download": 117.2, "avg_quality": 103.77}}, {"type": "Feature", "geometry": {"type": "Point", "coordinates": [69.32, 20.38]}, "properties": {"operator": "vi", "technology": "5G", "tests": 1, "avg_download": 66.93, "avg_quality": 67.62}}, {"type": "Feature", "geometry": {"type": "Point", "coordinates": [71.71, 20.94]}, "properties": {"operator": "jio", "technology": "4G", "tests": 1, "avg_download": 16.84, "avg_quality": 52.44}}, {"type": "Feature", "geometry": {"type": "Point", "coordinates": [76.29, 19.33]}, "properties": {"operator": "vi", "technology": "4G", "tests": 1, "avg_download": 21.86, "avg_quality": 63.01}}, {"type": "Feature", "geometry": {"type": "Point", "coordinates": [91.81, 22.96]}, "properties": {"operator": "vi", "technology": "4G", "tests": 1, "avg_download": 18.94, "avg_quality": 64.54}}, {"type": "Feature", "geometry": {"type": "Point", "coordinates": [78.04, 21.29]}, "properties": {"operator": "vi", "technology": "5G", "tests": 1, "avg_download": 56.11, "avg_quality": 74.11}}, {"type": "Feature", "geometry": {"type": "Point", "coordinates": [81.63, 13.7]}, "properties": {"operator": "vi", "technology": "5G", "tests": 1, "avg_download": 40.0, "avg_quality": 77.23}}, {"type": "Feature", "geometry": {"type": "Point", "coordinates": [87.05, 22.82]}, "properties": {"operator": "vi", "technology": "5G", "tests": 1, "avg_download": 49.0, "avg_quality": 62.25}}, {"type": "Feature", "geometry": {"type": "Point", "coordinates": [72.08, 9.23]}, "properties": {"operator": "jio", "technology": "5G", "tests": 1, "avg_download": 120.54, "avg_quality": 96.78}}, {"type": "Feature", "geometry": {"type": "Point", "coordinates": [75.2, 15.09]}, "properties": {"operator": "vi", "technology": "4G", "tests": 1, "avg_download": 20.3, "avg_quality": 63.96}}, {"type": "Feature", "geometry": {"type": "Point", "coordinates": [91.56, 26.87]}, "properties": {"operator": "vi", "technology": "4G", "tests": 1, "avg_download": 22.06, "avg_quality": 55.57}}, {"type": "Feature", "geometry": {"type": "Point", "coordinates": [95.91, 30.37]}, "properties": {"operator": "airtel", "technology": "4G", "tests": 1, "avg_download": 10.59, "avg_quality": 66.99}}, {"type": "Feature", "geometry": {"type": "Point", "coordinates": [80.07, 34.99]}, "properties": {"operator": "jio", "technology": "4G", "tests": 1, "avg_download": 26.25, "avg_quality": 66.18}}, {"type": "Feature", "geometry": {"type": "Point", "coordinates": [68.52, 23.24]}, "properties": {"operator": "vi", "technology": "4G", "tests": 1, "avg_download": 24.17, "avg_quality": 51.37}}, {"type": "Feature", "geometry": {"type": "Point", "coordinates": [70.21, 33.73]}, "properties": {"operator": "jio", "technology": "5G", "tests": 1, "avg_download": 102.08, "avg_quality": 69.06}}, {"type": "Feature", "geometry": {"type": "Point", "coordinates": [81.9, 21.67]}, "properties": {"operator": "jio", "technology": "4G", "tests": 1, "avg_download": 25.27, "avg_quality": 63.16}}, {"type": "Feature", "geometry": {"type": "Point", "coordinates": [81.76, 21.91]}, "properties": {"operator": "jio", "technology": "4G", "tests": 1, "avg_download": 25.6, "avg_quality": 77.15}}, {"type": "Feature", "geometry": {"type": "Point", "coordinates": [79.91, 27.88]}, "properties": {"operator": "airtel", "technology": "5G", "tests": 1, "avg_download": 108.16, "avg_quality": 97.33}}, {"type": "Feature", "geometry": {"type": "Point", "coordinates": [92.58, 9.83]}, "properties": {"operator": "airtel", "technology": "5G", "tests": 1, "avg_download": 97.59, "avg_quality": 75.46}}, {"type": "Feature", "geometry": {"type": "Point", "coordinates": [91.1, 34.42]}, "properties": {"operator": "vi", "technology": "5G", "tests": 1, "avg_download": 63.21, "avg_quality": 79.96}}, {"type": "Feature", "geometry": {"type": "Point", "coordinates": [77.83, 9.41]}, "properties": {"operator": "vi", "technology": "5G", "tests": 1, "avg_download": 58.29, "avg_quality": 63.22}}, {"type": "Feature", "geometry": {"type": "Point", "coordinates": [85.04, 20.96]}, "properties": {"operator": "jio", "technology": "5G", "tests": 1, "avg_download": 61.71, "avg_quality": 68.74}}, {"type": "Feature", "geometry": {"type": "Point", "coordinates": [85.47, 8.69]}, "properties": {"operator": "airtel", "technology": "5G", "tests": 1, "avg_download": 18.0, "avg_quality": 59.92}}, {"type": "Feature", "geometry": {"type": "Point", "coordinates": [69.36, 27.31]}, "properties": {"operator": "vi", "technology": "4G", "tests": 1, "avg_download": 22.57, "avg_quality": 58.65}}, {"type": "Feature", "geometry": {"type": "Point", "coordinates": [84.03, 23.5]}, "properties": {"operator": "airtel", "technology": "4G", "tests": 1, "avg_download": 21.11, "avg_quality": 62.9}}, {"type": "Feature", "geometry": {"type": "Point", "coordinates": [78.47, 18.96]}, "properties": {"operator": "vi", "technology": "5G", "tests": 1, "avg_download": 51.26, "avg_quality": 77.02}}, {"type": "Feature", "geometry": {"type": "Point", "coordinates": [82.93, 20.07]}, "properties": {"operator": "jio", "technology": "4G", "tests": 1, "avg_download": 22.87, "avg_quality": 77.26}}, {"type": "Feature", "geometry": {"type": "Point", "coordinates": [87.87, 19.06]}, "properties": {"operator": "airtel", "technology": "4G", "tests": 1, "avg_download": 16.94, "avg_quality": 64.0}}, {"type": "Feature", "geometry": {"type": "Point", "coordinates": [83.78, 34.6]}, "properties": {"operator": "vi", "technology": "5G", "tests": 1, "avg_download": 39.55, "avg_quality": 76.4}}, {"type": "Feature", "geometry": {"type": "Point", "coordinates": [76.83, 35.51]}, "properties": {"operator": "airtel", "technology": "5G", "tests": 1, "avg_download": 48.49, "avg_quality": 61.47}}, {"type": "Feature", "geometry": {"type": "Point", "coordinates": [82.2, 33.88]}, "properties": {"operator": "vi", "technology": "4G", "tests": 1, "avg_download": 12.21, "avg_quality": 52.17}}, {"type": "Feature", "geometry": {"type": "Point", "coordinates": [85.82, 16.59]}, "properties": {"operator": "jio", "technology": "4G", "tests": 1, "avg_download": 45.63, "avg_quality": 77.53}}, {"type": "Feature", "geometry": {"type": "Point", "coordinates": [69.09, 25.4]}, "properties": {"operator": "airtel", "technology": "5G", "tests": 1, "avg_download": 93.74, "avg_quality": 61.11}}, {"type": "Feature", "geometry": {"type": "Point", "coordinates": [73.05, 35.39]}, "properties": {"operator": "vi", "technology": "4G", "tests": 1, "avg_download": 12.99, "avg_quality": 67.84}}, {"type": "Feature", "geometry": {"type": "Point", "coordinates": [91.83, 22.96]}, "properties": {"operator": "jio", "technology": "5G", "tests": 1, "avg_download": 72.63, "avg_quality": 71.15}}, {"type": "Feature", "geometry": {"type": "Point", "coordinates": [93.36, 26.58]}, "properties": {"operator": "jio", "technology": "4G", "tests": 1, "avg_download": 32.88, "avg_quality": 44.92}}, {"type": "Feature", "geometry": {"type": "Point", "coordinates": [68.04, 31.88]}, "properties": {"operator": "jio", "technology": "5G", "tests": 1, "avg_download": 67.85, "avg_quality": 71.16}}, {"type": "Feature", "geometry": {"type": "Point", "coordinates": [93.38, 35.14]}, "properties": {"operator": "jio", "technology": "4G", "tests": 1, "avg_download": 31.79, "avg_quality": 77.32}}, {"type": "Feature", "geometry": {"type": "Point", "coordinates": [95.74, 19.36]}, "properties": {"operator": "vi", "technology": "5G", "tests": 1, "avg_download": 47.2, "avg_quality": 56.36}}, {"type": "Feature", "geometry": {"type": "Point", "coordinates": [92.71, 16.54]}, "properties": {"operator": "jio", "technology": "5G", "tests": 1, "avg_download": 101.36, "avg_quality": 92.43}}, {"type": "Feature", "geometry": {"type": "Point", "coordinates": [93.12, 28.16]}, "properties": {"operator": "vi", "technology": "4G", "tests": 1, "avg_download": 23.91, "avg_quality": 39.94}}, {"type": "Feature", "geometry": {"type": "Point", "coordinates": [85.78, 29.0]}, "properties": {"operator": "vi", "technology": "5G", "tests": 1, "avg_download": 56.15, "avg_quality": 64.03}}, {"type": "Feature", "geometry": {"type": "Point", "coordinates": [79.64, 20.9]}, "properties": {"operator": "airtel", "technology": "4G", "tests": 1, "avg_download": 17.68, "avg_quality": 61.64}}, {"type": "Feature", "geometry": {"type": "Point", "coordinates": [80.52, 19.71]}, "properties": {"operator": "vi", "technology": "5G", "tests": 1, "avg_download": 57.45, "avg_quality": 81.92}}, {"type": "Feature", "geometry": {"type": "Point", "coordinates": [90.22, 21.24]}, "properties": {"operator": "airtel", "technology": "5G", "tests": 1, "avg_download": 72.65, "avg_quality": 93.96}}, {"type": "Feature", "geometry": {"type": "Point", "coordinates": [80.7, 9.99]}, "properties": {"operator": "airtel", "technology": "5G", "tests": 1, "avg_download": 53.37, "avg_quality": 74.09}}, {"type": "Feature", "geometry": {"type": "Point", "coordinates": [84.15, 19.76]}, "properties": {"operator": "jio", "technology": "4G", "tests": 1, "avg_download": 22.96, "avg_quality": 49.22}}, {"type": "Feature", "geometry": {"type": "Point", "coordinates": [91.23, 22.34]}, "properties": {"operator": "vi", "technology": "4G", "tests": 1, "avg_download": 22.43, "avg_quality": 32.29}}, {"type": "Feature", "geometry": {"type": "Point", "coordinates": [79.32, 14.56]}, "properties": {"operator": "airtel", "technology": "5G", "tests": 1, "avg_download": 131.65, "avg_quality": 79.26}}, {"type": "Feature", "geometry": {"type": "Point", "coordinates": [91.69, 10.62]}, "properties": {"operator": "vi", "technology": "4G", "tests": 1, "avg_download": 23.4, "avg_quality": 57.47}}, {"type": "Feature", "geometry": {"type": "Point", "coordinates": [87.63, 8.98]}, "properties": {"operator": "vi", "technology": "5G", "tests": 1, "avg_download": 101.69, "avg_quality": 86.86}}, {"type": "Feature", "geometry": {"type": "Point", "coordinates": [91.48, 29.88]}, "properties": {"operator": "jio", "technology": "4G", "tests": 1, "avg_download": 29.53, "avg_quality": 81.62}}, {"type": "Feature", "geometry": {"type": "Point", "coordinates": [83.73, 26.93]}, "properties": {"operator": "jio", "technology": "5G", "tests": 1, "avg_download": 128.21, "avg_quality": 73.73}}, {"type": "Feature", "geometry": {"type": "Point", "coordinates": [79.02, 11.28]}, "properties": {"operator": "vi", "technology": "4G", "tests": 1, "avg_download": 27.7, "avg_quality": 57.5}}, {"type": "Feature", "geometry": {"type": "Point", "coordinates": [77.69, 34.07]}, "properties": {"operator": "jio", "technology": "5G", "tests": 1, "avg_download": 109.38, "avg_quality": 92.55}}, {"type": "Feature", "geometry": {"type": "Point", "coordinates": [81.52, 27.92]}, "properties": {"operator": "airtel", "technology": "5G", "tests": 1, "avg_download": 83.36, "avg_quality": 69.73}}, {"type": "Feature", "geometry": {"type": "Point", "coordinates": [79.02, 20.97]}, "properties": {"operator": "airtel", "technology": "4G", "tests": 1, "avg_download": 11.7, "avg_quality": 65.26}}, {"type": "Feature", "geometry": {"type": "Point", "coordinates": [75.77, 28.89]}, "properties": {"operator": "airtel", "technology": "5G", "tests": 1, "avg_download": 72.77, "avg_quality": 84.93}}, {"type": "Feature", "geometry": {"type": "Point", "coordinates": [81.2, 31.72]}, "properties": {"operator": "jio", "technology": "4G", "tests": 1, "avg_download": 25.15, "avg_quality": 63.66}}, {"type": "Feature", "geometry": {"type": "Point", "coordinates": [93.65, 20.48]}, "properties": {"operator": "airtel", "technology": "4G", "tests": 1, "avg_download": 33.01, "avg_quality": 52.85}}, {"type": "Feature", "geometry": {"type": "Point", "coordinates": [73.75, 30.04]}, "properties": {"operator": "airtel", "technology": "4G", "tests": 1, "avg_download": 22.17, "avg_quality": 59.79}}, {"type": "Feature", "geometry": {"type": "Point", "coordinates": [86.04, 18.29]}, "properties": {"operator": "jio", "technology": "5G", "tests": 1, "avg_download": 99.85, "avg_quality": 82.91}}, {"type": "Feature", "geometry": {"type": "Point", "coordinates": [82.8, 9.83]}, "properties": {"operator": "airtel", "technology": "5G", "tests": 1, "avg_download": 75.16, "avg_quality": 85.57}}, {"type": "Feature", "geometry": {"type": "Point", "coordinates": [70.51, 20.92]}, "properties": {"operator": "airtel", "technology": "4G", "tests": 1, "avg_download": 23.07, "avg_quality": 60.1}}, {"type": "Feature", "geometry": {"type": "Point", "coordinates": [84.35, 32.9]}, "properties": {"operator": "vi", "technology": "5G", "tests": 1, "avg_download": 62.95, "avg_quality": 59.59}}, {"type": "Feature", "geometry": {"type": "Point", "coordinates": [69.29, 12.04]}, "properties": {"operator": "vi", "technology": "4G", "tests": 1, "avg_download": 11.58, "avg_quality": 68.59}}, {"type": "Feature", "geometry": {"type": "Point", "coordinates": [90.27, 9.28]}, "properties": {"operator": "airtel", "technology": "4G", "tests": 1, "avg_download": 16.96, "avg_quality": 63.13}}, {"type": "Feature", "geometry": {"type": "Point", "coordinates": [70.5, 30.05]}, "properties": {"operator": "airtel", "technology": "5G", "tests": 1, "avg_download": 75.15, "avg_quality": 54.46}}, {"type": "Feature", "geometry": {"type": "Point", "coordinates": [95.87, 33.11]}, "properties": {"operator": "vi", "technology": "5G", "tests": 1, "avg_download": 79.79, "avg_quality": 76.61}}, {"type": "Feature", "geometry": {"type": "Point", "coordinates": [74.0, 31.7]}, "properties": {"operator": "airtel", "technology": "4G", "tests": 1, "avg_download": 15.96, "avg_quality": 62.54}}, {"type": "Feature", "geometry": {"type": "Point", "coordinates": [75.33, 26.8]}, "properties": {"operator": "vi", "technology": "4G", "tests": 1, "avg_download": 26.42, "avg_quality": 65.02}}, {"type": "Feature", "geometry": {"type": "Point", "coordinates": [86.71, 8.76]}, "properties": {"operator": "vi", "technology": "5G", "tests": 1, "avg_download": 87.63, "avg_quality": 74.13}}, {"type": "Feature", "geometry": {"type": "Point", "coordinates": [72.47, 25.97]}, "properties": {"operator": "airtel", "technology": "4G", "tests": 1, "avg_download": 22.77, "avg_quality": 73.83}}, {"type": "Feature", "geometry": {"type": "Point", "coordinates": [81.43, 16.74]}, "properties": {"operator": "airtel", "technology": "5G", "tests": 1, "avg_download": 26.34, "avg_quality": 68.01}}, {"type": "Feature", "geometry": {"type": "Point", "coordinates": [93.76, 10.55]}, "properties": {"operator": "vi", "technology": "5G", "tests": 1, "avg_download": 72.89, "avg_quality": 77.94}}, {"type": "Feature", "geometry": {"type": "Point", "coordinates": [90.05, 24.24]}, "properties": {"operator": "airtel", "technology": "5G", "tests": 1, "avg_download": 59.76, "avg_quality": 82.63}}, {"type": "Feature", "geometry": {"type": "Point", "coordinates": [90.89, 29.99]}, "properties": {"operator": "airtel", "technology": "4G", "tests": 1, "avg_download": 10.18, "avg_quality": 65.37}}, {"type": "Feature", "geometry": {"type": "Point", "coordinates": [71.94, 14.85]}, "properties": {"operator": "airtel", "technology": "4G", "tests": 1, "avg_download": 22.01, "avg_quality": 73.66}}, {"type": "Feature", "geometry": {"type": "Point", "coordinates": [93.22, 30.09]}, "properties": {"operator": "airtel", "technology": "4G", "tests": 1, "avg_download": 19.81, "avg_quality": 45.93}}, {"type": "Feature", "geometry": {"type": "Point", "coordinates": [72.1, 23.32]}, "properties": {"operator": "jio", "technology": "4G", "tests": 1, "avg_download": 28.93, "avg_quality": 73.89}}, {"type": "Feature", "geometry": {"type": "Point", "coordinates": [93.7, 24.47]}, "properties": {"operator": "airtel", "technology": "4G", "tests": 1, "avg_download": 31.78, "avg_quality": 70.76}}, {"type": "Feature", "geometry": {"type": "Point", "coordinates": [75.39, 16.02]}, "properties": {"operator": "vi", "technology": "5G", "tests": 1, "avg_download": 91.4, "avg_quality": 81.12}}, {"type": "Feature", "geometry": {"type": "Point", "coordinates": [76.49, 14.4]}, "properties": {"operator": "vi", "technology": "4G", "tests": 1, "avg_download": 15.11, "avg_quality": 54.79}}, {"type": "Feature", "geometry": {"type": "Point", "coordinates": [93.57, 26.41]}, "properties": {"operator": "jio", "technology": "5G", "tests": 1, "avg_download": 100.59, "avg_quality": 79.07}}, {"type": "Feature", "geometry": {"type": "Point", "coordinates": [80.59, 30.21]}, "properties": {"operator": "vi", "technology": "4G", "tests": 1, "avg_download": 17.82, "avg_quality": 72.61}}, {"type": "Feature", "geometry": {"type": "Point", "coordinates": [72.66, 20.16]}, "properties": {"operator": "jio", "technology": "5G", "tests": 1, "avg_download": 85.7, "avg_quality": 97.02}}, {"type": "Feature", "geometry": {"type": "Point", "coordinates": [79.01, 30.53]}, "properties": {"operator": "airtel", "technology": "4G", "tests": 1, "avg_download": 35.03, "avg_quality": 66.78}}, {"type": "Feature", "geometry": {"type": "Point", "coordinates": [72.49, 25.98]}, "properties": {"operator": "airtel", "technology": "4G", "tests": 1, "avg_download": 20.13, "avg_quality": 52.29}}, {"type": "Feature", "geometry": {"type": "Point", "coordinates": [80.95, 21.15]}, "properties": {"operator": "airtel", "technology": "5G", "tests": 1, "avg_download": 72.86, "avg_quality": 86.28}}, {"type": "Feature", "geometry": {"type": "Point", "coordinates": [72.65, 34.4]}, "properties": {"operator": "vi", "technology": "4G", "tests": 1, "avg_download": 16.74, "avg_quality": 57.31}}, {"type": "Feature", "geometry": {"type": "Point", "coordinates": [89.12, 22.83]}, "properties": {"operator": "jio", "technology": "4G", "tests": 1, "avg_download": 30.79, "avg_quality": 67.33}}, {"type": "Feature", "geometry": {"type": "Point", "coordinates": [87.56, 20.8]}, "properties": {"operator": "airtel", "technology": "4G", "tests": 1, "avg_download": 24.55, "avg_quality": 62.14}}, {"type": "Feature", "geometry": {"type": "Point", "coordinates": [80.58, 33.34]}, "properties": {"operator": "jio", "technology": "5G", "tests": 1, "avg_download": 80.47, "avg_quality": 88.38}}, {"type": "Feature", "geometry": {"type": "Point", "coordinates": [90.12, 20.78]}, "properties": {"operator": "airtel", "technology": "5G", "tests": 1, "avg_download": 62.97, "avg_quality": 79.91}}, {"type": "Feature", "geometry": {"type": "Point", "coordinates": [91.29, 21.4]}, "properties": {"operator": "vi", "technology": "4G", "tests": 1, "avg_download": 23.95, "avg_quality": 46.45}}, {"type": "Feature", "geometry": {"type": "Point", "coordinates": [72.46, 10.28]}, "properties": {"operator": "airtel", "technology": "4G", "tests": 1, "avg_download": 21.74, "avg_quality": 60.2}}, {"type": "Feature", "geometry": {"type": "Point", "coordinates": [88.89, 32.12]}, "properties": {"operator": "vi", "technology": "4G", "tests": 1, "avg_download": 18.71, "avg_quality": 74.56}}, {"type": "Feature", "geometry": {"type": "Point", "coordinates": [90.36, 30.03]}, "properties": {"operator": "jio", "technology": "5G", "tests": 1, "avg_download": 95.85, "avg_quality": 69.03}}, {"type": "Feature", "geometry": {"type": "Point", "coordinates": [72.05, 35.94]}, "properties": {"operator": "airtel", "technology": "4G", "tests": 1, "avg_download": 28.83, "avg_quality": 72.45}}, {"type": "Feature", "geometry": {"type": "Point", "coordinates": [72.46, 20.14]}, "properties": {"operator": "airtel", "technology": "5G", "tests": 1, "avg_download": 77.47, "avg_quality": 90.68}}, {"type": "Feature", "geometry": {"type": "Point", "coordinates": [74.79, 34.45]}, "properties": {"operator": "jio", "technology": "5G", "tests": 1, "avg_download": 94.67, "avg_quality": 76.86}}, {"type": "Feature", "geometry": {"type": "Point", "coordinates": [79.28, 9.63]}, "properties": {"operator": "airtel", "technology": "5G", "tests": 1, "avg_download": 76.98, "avg_quality": 85.88}}, {"type": "Feature", "geometry": {"type": "Point", "coordinates": [84.26, 10.84]}, "properties": {"operator": "jio", "technology": "4G", "tests": 1, "avg_download": 26.57, "avg_quality": 71.82}}, {"type": "Feature", "geometry": {"type": "Point", "coordinates": [82.2, 24.8]}, "properties": {"operator": "vi", "technology": "5G", "tests": 1, "avg_download": 91.02, "avg_quality": 83.32}}, {"type": "Feature", "geometry": {"type": "Point", "coordinates": [90.01, 30.45]}, "properties": {"operator": "jio", "technology": "4G", "tests": 1, "avg_download": 13.58, "avg_quality": 72.99}}, {"type": "Feature", "geometry": {"type": "Point", "coordinates": [69.1, 35.08]}, "properties": {"operator": "jio", "technology": "4G", "tests": 1, "avg_download": 34.99, "avg_quality": 63.53}}, {"type": "Feature", "geometry": {"type": "Point", "coordinates": [85.32, 35.35]}, "properties": {"operator": "airtel", "technology": "4G", "tests": 1, "avg_download": 14.46, "avg_quality": 59.4}}, {"type": "Feature", "geometry": {"type": "Point", "coordinates": [73.57, 10.85]}, "properties": {"operator": "airtel", "technology": "5G", "tests": 1, "avg_download": 111.54, "avg_quality": 82.73}}, {"type": "Feature", "geometry": {"type": "Point", "coordinates": [91.67, 27.1]}, "properties": {"operator": "jio", "technology": "4G", "tests": 1, "avg_download": 32.61, "avg_quality": 47.91}}, {"type": "Feature", "geometry": {"type": "Point", "coordinates": [83.4, 15.44]}, "properties": {"operator": "jio", "technology": "4G", "tests": 1, "avg_download": 29.73, "avg_quality": 48.84}}, {"type": "Feature", "geometry": {"type": "Point", "coordinates": [69.63, 11.78]}, "properties": {"operator": "jio", "technology": "4G", "tests": 1, "avg_download": 22.49, "avg_quality": 64.21}}, {"type": "Feature", "geometry": {"type": "Point", "coordinates": [84.95, 18.65]}, "properties": {"operator": "vi", "technology": "5G", "tests": 1, "avg_download": 79.14, "avg_quality": 78.8}}, {"type": "Feature", "geometry": {"type": "Point", "coordinates": [86.97, 29.88]}, "properties": {"operator": "airtel", "technology": "4G", "tests": 1, "avg_download": 20.91, "avg_quality": 76.32}}, {"type": "Feature", "geometry": {"type": "Point", "coordinates": [82.68, 17.41]}, "properties": {"operator": "airtel", "technology": "4G", "tests": 1, "avg_download": 13.35, "avg_quality": 51.36}}, {"type": "Feature", "geometry": {"type": "Point", "coordinates": [87.36, 35.14]}, "properties": {"operator": "vi", "technology": "5G", "tests": 1, "avg_download": 58.43, "avg_quality": 83.67}}, {"type": "Feature", "geometry": {"type": "Point", "coordinates": [74.91, 18.18]}, "properties": {"operator": "jio", "technology": "4G", "tests": 1, "avg_download": 35.3, "avg_quality": 67.6}}, {"type": "Feature", "geometry": {"type": "Point", "coordinates": [82.2, 34.99]}, "properties": {"operator": "jio", "technology": "5G", "tests": 1, "avg_download": 119.59, "avg_quality": 105.24}}, {"type": "Feature", "geometry": {"type": "Point", "coordinates": [92.86, 11.43]}, "properties": {"operator": "jio", "technology": "4G", "tests": 1, "avg_download": 40.64, "avg_quality": 63.65}}, {"type": "Feature", "geometry": {"type": "Point", "coordinates": [81.42, 28.67]}, "properties": {"operator": "airtel", "technology": "4G", "tests": 1, "avg_download": 13.44, "avg_quality": 61.3}}, {"type": "Feature", "geometry": {"type": "Point", "coordinates": [91.47, 17.96]}, "properties": {"operator": "vi", "technology": "5G", "tests": 1, "avg_download": 65.87, "avg_quality": 72.05}}, {"type": "Feature", "geometry": {"type": "Point", "coordinates": [75.52, 13.38]}, "properties": {"operator": "jio", "technology": "4G", "tests": 1, "avg_download": 23.19, "avg_quality": 48.17}}, {"type": "Feature", "geometry": {"type": "Point", "coordinates": [68.78, 11.38]}, "properties": {"operator": "jio", "technology": "5G", "tests": 1, "avg_download": 145.76, "avg_quality": 110.28}}, {"type": "Feature", "geometry": {"type": "Point", "coordinates": [95.59, 24.39]}, "properties": {"operator": "vi", "technology": "5G", "tests": 1, "avg_download": 38.11, "avg_quality": 73.93}}, {"type": "Feature", "geometry": {"type": "Point", "coordinates": [82.58, 20.66]}, "properties": {"operator": "vi", "technology": "5G", "tests": 1, "avg_download": 57.41, "avg_quality": 70.2}}, {"type": "Feature", "geometry": {"type": "Point", "coordinates": [73.43, 25.17]}, "properties": {"operator": "airtel", "technology": "4G", "tests": 1, "avg_download": 16.07, "avg_quality": 71.86}}, {"type": "Feature", "geometry": {"type": "Point", "coordinates": [75.67, 9.77]}, "properties": {"operator": "vi", "technology": "4G", "tests": 1, "avg_download": 25.08, "avg_quality": 68.85}}, {"type": "Feature", "geometry": {"type": "Point", "coordinates": [69.66, 13.67]}, "properties": {"operator": "airtel", "technology": "4G", "tests": 1, "avg_download": 21.02, "avg_quality": 53.5}}, {"type": "Feature", "geometry": {"type": "Point", "coordinates": [80.01, 11.01]}, "properties": {"operator": "jio", "technology": "5G", "tests": 1, "avg_download": 70.32, "avg_quality": 77.85}}, {"type": "Feature", "geometry": {"type": "Point", "coordinates": [93.72, 27.48]}, "properties": {"operator": "vi", "technology": "4G", "tests": 1, "avg_download": 21.08, "avg_quality": 78.0}}, {"type": "Feature", "geometry": {"type": "Point", "coordinates": [92.08, 20.04]}, "properties": {"operator": "airtel", "technology": "4G", "tests": 1, "avg_download": 14.65, "avg_quality": 49.38}}, {"type": "Feature", "geometry": {"type": "Point", "coordinates": [72.11, 30.31]}, "properties": {"operator": "vi", "technology": "4G", "tests": 1, "avg_download": 17.69, "avg_quality": 73.3}}, {"type": "Feature", "geometry": {"type": "Point", "coordinates": [77.75, 16.43]}, "properties": {"operator": "airtel", "technology": "4G", "tests": 1, "avg_download": 24.65, "avg_quality": 60.87}}, {"type": "Feature", "geometry": {"type": "Point", "coordinates": [93.88, 11.38]}, "properties": {"operator": "airtel", "technology": "5G", "tests": 1, "avg_download": 79.84, "avg_quality": 71.73}}, {"type": "Feature", "geometry": {"type": "Point", "coordinates": [69.97, 12.13]}, "properties": {"operator": "jio", "technology": "5G", "tests": 1, "avg_download": 49.63, "avg_quality": 79.05}}, {"type": "Feature", "geometry": {"type": "Point", "coordinates": [85.14, 34.01]}, "properties": {"operator": "vi", "technology": "4G", "tests": 1, "avg_download": 25.66, "avg_quality": 68.88}}, {"type": "Feature", "geometry": {"type": "Point", "coordinates": [81.24, 20.35]}, "properties": {"operator": "vi", "technology": "5G", "tests": 1, "avg_download": 62.25, "avg_quality": 82.05}}, {"type": "Feature", "geometry": {"type": "Point", "coordinates": [90.96, 11.93]}, "properties": {"operator": "jio", "technology": "4G", "tests": 1, "avg_download": 28.25, "avg_quality": 52.02}}, {"type": "Feature", "geometry": {"type": "Point", "coordinates": [74.05, 14.43]}, "properties": {"operator": "airtel", "technology": "4G", "tests": 1, "avg_download": 33.03, "avg_quality": 59.76}}, {"type": "Feature", "geometry": {"type": "Point", "coordinates": [78.38, 30.51]}, "properties": {"operator": "vi", "technology": "4G", "tests": 1, "avg_download": 21.16, "avg_quality": 71.5}}, {"type": "Feature", "geometry": {"type": "Point", "coordinates": [92.74, 18.34]}, "properties": {"operator": "airtel", "technology": "4G", "tests": 1, "avg_download": 20.81, "avg_quality": 70.07}}, {"type": "Feature", "geometry": {"type": "Point", "coordinates": [89.39, 17.33]}, "properties": {"operator": "vi", "technology": "5G", "tests": 1, "avg_download": 47.27, "avg_quality": 62.8}}, {"type": "Feature", "geometry": {"type": "Point", "coordinates": [77.42, 19.1]}, "properties": {"operator": "vi", "technology": "4G", "tests": 1, "avg_download": 13.59, "avg_quality": 39.54}}, {"type": "Feature", "geometry": {"type": "Point", "coordinates": [85.72, 31.7]}, "properties": {"operator": "airtel", "technology": "4G", "tests": 1, "avg_download": 21.41, "avg_quality": 67.43}}, {"type": "Feature", "geometry": {"type": "Point", "coordinates": [80.55, 24.31]}, "properties": {"operator": "jio", "technology": "4G", "tests": 1, "avg_download": 15.16, "avg_quality": 65.75}}, {"type": "Feature", "geometry": {"type": "Point", "coordinates": [78.69, 20.39]}, "properties": {"operator": "vi", "technology": "5G", "tests": 1, "avg_download": 74.63, "avg_quality": 75.58}}, {"type": "Feature", "geometry": {"type": "Point", "coordinates": [79.22, 30.85]}, "properties": {"operator": "jio", "technology": "5G", "tests": 1, "avg_download": 84.91, "avg_quality": 87.44}}, {"type": "Feature", "geometry": {"type": "Point", "coordinates": [91.6, 22.09]}, "properties": {"operator": "vi", "technology": "5G", "tests": 1, "avg_download": 94.35, "avg_quality": 85.1}}, {"type": "Feature", "geometry": {"type": "Point", "coordinates": [71.08, 35.07]}, "properties": {"operator": "vi", "technology": "4G", "tests": 1, "avg_download": 26.35, "avg_quality": 49.05}}, {"type": "Feature", "geometry": {"type": "Point", "coordinates": [71.3, 22.03]}, "properties": {"operator": "airtel", "technology": "5G", "tests": 1, "avg_download": 61.7, "avg_quality": 57.86}}, {"type": "Feature", "geometry": {"type": "Point", "coordinates": [79.43, 22.49]}, "properties": {"operator": "jio", "technology": "5G", "tests": 1, "avg_download": 102.52, "avg_quality": 74.03}}, {"type": "Feature", "geometry": {"type": "Point", "coordinates": [71.74, 35.33]}, "properties": {"operator": "vi", "technology": "4G", "tests": 1, "avg_download": 23.06, "avg_quality": 42.11}}, {"type": "Feature", "geometry": {"type": "Point", "coordinates": [87.96, 9.36]}, "properties": {"operator": "vi", "technology": "5G", "tests": 1, "avg_download": 55.43, "avg_quality": 64.51}}, {"type": "Feature", "geometry": {"type": "Point", "coordinates": [68.96, 9.95]}, "properties": {"operator": "vi", "technology": "5G", "tests": 1, "avg_download": 56.96, "avg_quality": 56.42}}, {"type": "Feature", "geometry": {"type": "Point", "coordinates": [85.74, 15.2]}, "properties": {"operator": "airtel", "technology": "4G", "tests": 1, "avg_download": 23.21, "avg_quality": 64.59}}, {"type": "Feature", "geometry": {"type": "Point", "coordinates": [90.15, 28.25]}, "properties": {"operator": "vi", "technology": "4G", "tests": 1, "avg_download": 17.28, "avg_quality": 71.77}}, {"type": "Feature", "geometry": {"type": "Point", "coordinates": [79.64, 14.54]}, "properties": {"operator": "jio", "technology": "4G", "tests": 1, "avg_download": 37.0, "avg_quality": 63.21}}, {"type": "Feature", "geometry": {"type": "Point", "coordinates": [93.93, 32.05]}, "properties": {"operator": "airtel", "technology": "5G", "tests": 1, "avg_download": 88.72, "avg_quality": 73.5}}, {"type": "Feature", "geometry": {"type": "Point", "coordinates": [84.5, 13.36]}, "properties": {"operator": "jio", "technology": "4G", "tests": 1, "avg_download": 15.38, "avg_quality": 69.77}}, {"type": "Feature", "geometry": {"type": "Point", "coordinates": [71.17, 34.06]}, "properties": {"operator": "vi", "technology": "4G", "tests": 1, "avg_download": 20.18, "avg_quality": 66.88}}, {"type": "Feature", "geometry": {"type": "Point", "coordinates": [70.04, 31.16]}, "properties": {"operator": "vi", "technology": "5G", "tests": 1, "avg_download": 40.21, "avg_quality": 83.3}}, {"type": "Feature", "geometry": {"type": "Point", "coordinates": [85.15, 15.71]}, "properties": {"operator": "jio", "technology": "4G", "tests": 1, "avg_download": 30.01, "avg_quality": 74.56}}, {"type": "Feature", "geometry": {"type": "Point", "coordinates": [79.87, 14.94]}, "properties": {"operator": "airtel", "technology": "4G", "tests": 1, "avg_download": 18.54, "avg_quality": 68.56}}, {"type": "Feature", "geometry": {"type": "Point", "coordinates": [93.38, 27.45]}, "properties": {"operator": "airtel", "technology": "5G", "tests": 1, "avg_download": 77.66, "avg_quality": 77.84}}, {"type": "Feature", "geometry": {"type": "Point", "coordinates": [71.93, 20.26]}, "properties": {"operator": "jio", "technology": "4G", "tests": 1, "avg_download": 32.38, "avg_quality": 58.84}}, {"type": "Feature", "geometry": {"type": "Point", "coordinates": [82.98, 12.91]}, "properties": {"operator": "vi", "technology": "5G", "tests": 1, "avg_download": 80.45, "avg_quality": 88.18}}, {"type": "Feature", "geometry": {"type": "Point", "coordinates": [75.9, 8.4]}, "properties": {"operator": "vi", "technology": "5G", "tests": 1, "avg_download": 73.27, "avg_quality": 89.43}}, {"type": "Feature", "geometry": {"type": "Point", "coordinates": [87.17, 34.62]}, "properties": {"operator": "jio", "technology": "4G", "tests": 1, "avg_download": 20.93, "avg_quality": 58.32}}, {"type": "Feature", "geometry": {"type": "Point", "coordinates": [80.83, 12.14]}, "properties": {"operator": "airtel", "technology": "5G", "tests": 1, "avg_download": 92.4, "avg_quality": 87.9}}, {"type": "Feature", "geometry": {"type": "Point", "coordinates": [95.6, 19.94]}, "properties": {"operator": "vi", "technology": "4G", "tests": 1, "avg_download": 17.1, "avg_quality": 61.74}}, {"type": "Feature", "geometry": {"type": "Point", "coordinates": [80.97, 26.29]}, "properties": {"operator": "jio", "technology": "4G", "tests": 1, "avg_download": 33.24, "avg_quality": 71.44}}, {"type": "Feature", "geometry": {"type": "Point", "coordinates": [68.95, 18.09]}, "properties": {"operator": "jio", "technology": "5G", "tests": 1, "avg_download": 87.61, "avg_quality": 88.06}}, {"type": "Feature", "geometry": {"type": "Point", "coordinates": [83.8, 18.31]}, "properties": {"operator": "vi", "technology": "4G", "tests": 1, "avg_download": 20.83, "avg_quality": 63.49}}, {"type": "Feature", "geometry": {"type": "Point", "coordinates": [95.5, 22.59]}, "properties": {"operator": "jio", "technology": "5G", "tests": 1, "avg_download": 89.71, "avg_quality": 97.26}}, {"type": "Feature", "geometry": {"type": "Point", "coordinates": [94.61, 33.92]}, "properties": {"operator": "jio", "technology": "4G", "tests": 1, "avg_download": 40.58, "avg_quality": 70.31}}, {"type": "Feature", "geometry": {"type": "Point", "coordinates": [91.12, 22.28]}, "properties": {"operator": "jio", "technology": "5G", "tests": 1, "avg_download": 106.86, "avg_quality": 85.95}}, {"type": "Feature", "geometry": {"type": "Point", "coordinates": [95.26, 9.48]}, "properties": {"operator": "airtel", "technology": "5G", "tests": 1, "avg_download": 90.6, "avg_quality": 75.84}}, {"type": "Feature", "geometry": {"type": "Point", "coordinates": [73.11, 19.7]}, "properties": {"operator": "jio", "technology": "5G", "tests": 1, "avg_download": 54.17, "avg_quality": 56.81}}, {"type": "Feature", "geometry": {"type": "Point", "coordinates": [81.55, 8.84]}, "properties": {"operator": "jio", "technology": "4G", "tests": 1, "avg_download": 34.58, "avg_quality": 68.66}}, {"type": "Feature", "geometry": {"type": "Point", "coordinates": [94.32, 9.73]}, "properties": {"operator": "airtel", "technology": "4G", "tests": 1, "avg_download": 18.9, "avg_quality": 64.79}}, {"type": "Feature", "geometry": {"type": "Point", "coordinates": [78.73, 34.81]}, "properties": {"operator": "vi", "technology": "4G", "tests": 1, "avg_download": 16.7, "avg_quality": 40.2}}, {"type": "Feature", "geometry": {"type": "Point", "coordinates": [85.23, 22.64]}, "properties": {"operator": "airtel", "technology": "5G", "tests": 1, "avg_download": 122.99, "avg_quality": 85.5}}, {"type": "Feature", "geometry": {"type": "Point", "coordinates": [75.52, 18.27]}, "properties": {"operator": "airtel", "technology": "5G", "tests": 1, "avg_download": 55.75, "avg_quality": 79.08}}, {"type": "Feature", "geometry": {"type": "Point", "coordinates": [91.09, 22.74]}, "properties": {"operator": "airtel", "technology": "4G", "tests": 1, "avg_download": 7.74, "avg_quality": 64.99}}, {"type": "Feature", "geometry": {"type": "Point", "coordinates": [78.93, 26.97]}, "properties": {"operator": "vi", "technology": "4G", "tests": 1, "avg_download": 17.6, "avg_quality": 64.25}}, {"type": "Feature", "geometry": {"type": "Point", "coordinates": [87.38, 14.16]}, "properties": {"operator": "airtel", "technology": "5G", "tests": 1, "avg_download": 74.12, "avg_quality": 68.66}}, {"type": "Feature", "geometry": {"type": "Point", "coordinates": [74.92, 20.02]}, "properties": {"operator": "jio", "technology": "5G", "tests": 1, "avg_download": 59.97, "avg_quality": 56.5}}, {"type": "Feature", "geometry": {"type": "Point", "coordinates": [70.43, 35.0]}, "properties": {"operator": "airtel", "technology": "4G", "tests": 1, "avg_download": 15.18, "avg_quality": 65.49}}, {"type": "Feature", "geometry": {"type": "Point", "coordinates": [84.58, 9.61]}, "properties": {"operator": "vi", "technology": "4G", "tests": 1, "avg_download": 15.46, "avg_quality": 60.69}}, {"type": "Feature", "geometry": {"type": "Point", "coordinates": [81.6, 11.7]}, "properties": {"operator": "vi", "technology": "4G", "tests": 1, "avg_download": 28.63, "avg_quality": 57.46}}, {"type": "Feature", "geometry": {"type": "Point", "coordinates": [77.79, 9.72]}, "properties": {"operator": "jio", "technology": "5G", "tests": 1, "avg_download": 123.85, "avg_quality": 88.96}}, {"type": "Feature", "geometry": {"type": "Point", "coordinates": [77.24, 12.25]}, "properties": {"operator": "vi", "technology": "5G", "tests": 1, "avg_download": 58.58, "avg_quality": 73.42}}, {"type": "Feature", "geometry": {"type": "Point", "coordinates": [82.86, 33.7]}, "properties": {"operator": "airtel", "technology": "4G", "tests": 1, "avg_download": 19.75, "avg_quality": 48.39}}, {"type": "Feature", "geometry": {"type": "Point", "coordinates": [90.02, 18.53]}, "properties": {"operator": "airtel", "technology": "4G", "tests": 1, "avg_download": 20.82, "avg_quality": 53.27}}, {"type": "Feature", "geometry": {"type": "Point", "coordinates": [72.28, 27.02]}, "properties": {"operator": "jio", "technology": "5G", "tests": 1, "avg_download": 94.67, "avg_quality": 67.58}}, {"type": "Feature", "geometry": {"type": "Point", "coordinates": [72.66, 17.85]}, "properties": {"operator": "airtel", "technology": "5G", "tests": 1, "avg_download": 75.11, "avg_quality": 80.96}}, {"type": "Feature", "geometry": {"type": "Point", "coordinates": [89.88, 23.51]}, "properties": {"operator": "vi", "technology": "4G", "tests": 1, "avg_download": 13.43, "avg_quality": 60.81}}, {"type": "Feature", "geometry": {"type": "Point", "coordinates": [73.96, 30.63]}, "properties": {"operator": "vi", "technology": "4G", "tests": 1, "avg_download": 17.03, "avg_quality": 55.81}}, {"type": "Feature", "geometry": {"type": "Point", "coordinates": [83.38, 17.47]}, "properties": {"operator": "airtel", "technology": "5G", "tests": 1, "avg_download": 75.02, "avg_quality": 87.1}}, {"type": "Feature", "geometry": {"type": "Point", "coordinates": [82.68, 16.3]}, "properties": {"operator": "jio", "technology": "4G", "tests": 1, "avg_download": 24.66, "avg_quality": 53.7}}, {"type": "Feature", "geometry": {"type": "Point", "coordinates": [95.27, 9.53]}, "properties": {"operator": "vi", "technology": "5G", "tests": 1, "avg_download": 58.67, "avg_quality": 82.63}}, {"type": "Feature", "geometry": {"type": "Point", "coordinates": [88.24, 22.79]}, "properties": {"operator": "jio", "technology": "5G", "tests": 1, "avg_download": 83.99, "avg_quality": 82.53}}, {"type": "Feature", "geometry": {"type": "Point", "coordinates": [75.16, 35.04]}, "properties": {"operator": "airtel", "technology": "5G", "tests": 1, "avg_download": 58.54, "avg_quality": 81.13}}, {"type": "Feature", "geometry": {"type": "Point", "coordinates": [91.89, 25.44]}, "properties": {"operator": "jio", "technology": "4G", "tests": 1, "avg_download": 36.65, "avg_quality": 63.92}}, {"type": "Feature", "geometry": {"type": "Point", "coordinates": [70.42, 30.75]}, "properties": {"operator": "airtel", "technology": "5G", "tests": 1, "avg_download": 87.32, "avg_quality": 65.79}}, {"type": "Feature", "geometry": {"type": "Point", "coordinates": [76.8, 35.0]}, "properties": {"operator": "airtel", "technology": "4G", "tests": 1, "avg_download": 23.45, "avg_quality": 55.59}}, {"type": "Feature", "geometry": {"type": "Point", "coordinates": [78.0, 20.82]}, "properties": {"operator": "jio", "technology": "5G", "tests": 1, "avg_download": 99.93, "avg_quality": 75.34}}, {"type": "Feature", "geometry": {"type": "Point", "coordinates": [93.72, 22.12]}, "properties": {"operator": "airtel", "technology": "5G", "tests": 1, "avg_download": 72.17, "avg_quality": 72.69}}, {"type": "Feature", "geometry": {"type": "Point", "coordinates": [73.84, 18.66]}, "properties": {"operator": "vi", "technology": "5G", "tests": 1, "avg_download": 60.46, "avg_quality": 68.46}}, {"type": "Feature", "geometry": {"type": "Point", "coordinates": [77.4, 15.96]}, "properties": {"operator": "airtel", "technology": "4G", "tests": 1, "avg_download": 31.38, "avg_quality": 64.96}}, {"type": "Feature", "geometry": {"type": "Point", "coordinates": [79.35, 16.77]}, "properties": {"operator": "jio", "technology": "5G", "tests": 1, "avg_download": 90.37, "avg_quality": 84.13}}, {"type": "Feature", "geometry": {"type": "Point", "coordinates": [91.07, 23.03]}, "properties": {"operator": "airtel", "technology": "4G", "tests": 1, "avg_download": 20.3, "avg_quality": 36.16}}, {"type": "Feature", "geometry": {"type": "Point", "coordinates": [79.94, 35.7]}, "properties": {"operator": "jio", "technology": "5G", "tests": 1, "avg_download": 76.29, "avg_quality": 82.81}}, {"type": "Feature", "geometry": {"type": "Point", "coordinates": [89.18, 26.28]}, "properties": {"operator": "vi", "technology": "4G", "tests": 1, "avg_download": 21.94, "avg_quality": 48.73}}, {"type": "Feature", "geometry": {"type": "Point", "coordinates": [70.51, 21.31]}, "properties": {"operator": "jio", "technology": "4G", "tests": 1, "avg_download": 19.31, "avg_quality": 31.49}}, {"type": "Feature", "geometry": {"type": "Point", "coordinates": [70.87, 16.71]}, "properties": {"operator": "vi", "technology": "4G", "tests": 1, "avg_download": 14.83, "avg_quality": 69.03}}, {"type": "Feature", "geometry": {"type": "Point", "coordinates": [95.99, 34.53]}, "properties": {"operator": "vi", "technology": "5G", "tests": 1, "avg_download": 84.32, "avg_quality": 87.62}}, {"type": "Feature", "geometry": {"type": "Point", "coordinates": [88.36, 30.62]}, "properties": {"operator": "jio", "technology": "5G", "tests": 1, "avg_download": 100.38, "avg_quality": 73.49}}, {"type": "Feature", "geometry": {"type": "Point", "coordinates": [73.0, 21.99]}, "properties": {"operator": "vi", "technology": "4G", "tests": 1, "avg_download": 21.08, "avg_quality": 64.4}}, {"type": "Feature", "geometry": {"type": "Point", "coordinates": [68.47, 22.71]}, "properties": {"operator": "vi", "technology": "5G", "tests": 1, "avg_download": 88.57, "avg_quality": 88.56}}, {"type": "Feature", "geometry": {"type": "Point", "coordinates": [84.32, 32.34]}, "properties": {"operator": "jio", "technology": "5G", "tests": 1, "avg_download": 65.29, "avg_quality": 74.24}}, {"type": "Feature", "geometry": {"type": "Point", "coordinates": [70.99, 9.89]}, "properties": {"operator": "vi", "technology": "4G", "tests": 1, "avg_download": 13.43, "avg_quality": 64.87}}, {"type": "Feature", "geometry": {"type": "Point", "coordinates": [83.44, 33.12]}, "properties": {"operator": "vi", "technology": "4G", "tests": 1, "avg_download": 23.68, "avg_quality": 62.43}}, {"type": "Feature", "geometry": {"type": "Point", "coordinates": [90.67, 32.02]}, "properties": {"operator": "airtel", "technology": "5G", "tests": 1, "avg_download": 65.21, "avg_quality": 81.34}}, {"type": "Feature", "geometry": {"type": "Point", "coordinates": [93.6, 27.12]}, "properties": {"operator": "airtel", "technology": "5G", "tests": 1, "avg_download": 73.09, "avg_quality": 93.14}}, {"type": "Feature", "geometry": {"type": "Point", "coordinates": [85.27, 12.11]}, "properties": {"operator": "vi", "technology": "5G", "tests": 1, "avg_download": 64.33, "avg_quality": 71.47}}, {"type": "Feature", "geometry": {"type": "Point", "coordinates": [91.27, 14.91]}, "properties": {"operator": "vi", "technology": "4G", "tests": 1, "avg_download": 24.63, "avg_quality": 62.65}}, {"type": "Feature", "geometry": {"type": "Point", "coordinates": [83.51, 10.42]}, "properties": {"operator": "airtel", "technology": "5G", "tests": 1, "avg_download": 60.07, "avg_quality": 81.5}}, {"type": "Feature", "geometry": {"type": "Point", "coordinates": [88.36, 24.03]}, "properties": {"operator": "vi", "technology": "5G", "tests": 1, "avg_download": 38.63, "avg_quality": 70.34}}, {"type": "Feature", "geometry": {"type": "Point", "coordinates": [87.91, 28.04]}, "properties": {"operator": "airtel", "technology": "4G", "tests": 1, "avg_download": 10.71, "avg_quality": 38.27}}, {"type": "Feature", "geometry": {"type": "Point", "coordinates": [76.56, 32.47]}, "properties": {"operator": "airtel", "technology": "4G", "tests": 1, "avg_download": 16.35, "avg_quality": 71.68}}, {"type": "Feature", "geometry": {"type": "Point", "coordinates": [77.15, 23.54]}, "properties": {"operator": "jio", "technology": "4G", "tests": 1, "avg_download": 19.64, "avg_quality": 55.2}}, {"type": "Feature", "geometry": {"type": "Point", "coordinates": [93.53, 18.87]}, "properties": {"operator": "airtel", "technology": "4G", "tests": 1, "avg_download": 17.42, "avg_quality": 39.22}}, {"type": "Feature", "geometry": {"type": "Point", "coordinates": [80.38, 25.58]}, "properties": {"operator": "jio", "technology": "4G", "tests": 1, "avg_download": 16.65, "avg_quality": 54.5}}, {"type": "Feature", "geometry": {"type": "Point", "coordinates": [75.92, 26.53]}, "properties": {"operator": "vi", "technology": "5G", "tests": 1, "avg_download": 85.8, "avg_quality": 78.71}}, {"type": "Feature", "geometry": {"type": "Point", "coordinates": [70.64, 19.59]}, "properties": {"operator": "vi", "technology": "4G", "tests": 1, "avg_download": 14.78, "avg_quality": 70.42}}, {"type": "Feature", "geometry": {"type": "Point", "coordinates": [74.33, 10.67]}, "properties": {"operator": "jio", "technology": "4G", "tests": 1, "avg_download": 17.09, "avg_quality": 71.03}}, {"type": "Feature", "geometry": {"type": "Point", "coordinates": [84.01, 19.37]}, "properties": {"operator": "vi", "technology": "4G", "tests": 1, "avg_download": 15.59, "avg_quality": 51.03}}, {"type": "Feature", "geometry": {"type": "Point", "coordinates": [95.71, 25.24]}, "properties": {"operator": "jio", "technology": "4G", "tests": 1, "avg_download": 22.59, "avg_quality": 56.53}}, {"type": "Feature", "geometry": {"type": "Point", "coordinates": [70.48, 35.11]}, "properties": {"operator": "airtel", "technology": "4G", "tests": 1, "avg_download": 26.66, "avg_quality": 67.42}}, {"type": "Feature", "geometry": {"type": "Point", "coordinates": [85.7, 8.48]}, "properties": {"operator": "airtel", "technology": "4G", "tests": 1, "avg_download": 11.02, "avg_quality": 59.42}}, {"type": "Feature", "geometry": {"type": "Point", "coordinates": [81.14, 21.25]}, "properties": {"operator": "airtel", "technology": "5G", "tests": 1, "avg_download": 94.36, "avg_quality": 79.44}}, {"type": "Feature", "geometry": {"type": "Point", "coordinates": [72.24, 19.07]}, "properties": {"operator": "airtel", "technology": "4G", "tests": 1, "avg_download": 16.98, "avg_quality": 68.45}}, {"type": "Feature", "geometry": {"type": "Point", "coordinates": [79.64, 19.33]}, "properties": {"operator": "jio", "technology": "5G", "tests": 1, "avg_download": 85.75, "avg_quality": 91.33}}, {"type": "Feature", "geometry": {"type": "Point", "coordinates": [94.79, 14.72]}, "properties": {"operator": "vi", "technology": "5G", "tests": 1, "avg_download": 52.17, "avg_quality": 84.01}}, {"type": "Feature", "geometry": {"type": "Point", "coordinates": [81.09, 15.48]}, "properties": {"operator": "jio", "technology": "5G", "tests": 1, "avg_download": 84.27, "avg_quality": 76.5}}, {"type": "Feature", "geometry": {"type": "Point", "coordinates": [72.67, 9.76]}, "properties": {"operator": "jio", "technology": "5G", "tests": 1, "avg_download": 109.41, "avg_quality": 72.91}}, {"type": "Feature", "geometry": {"type": "Point", "coordinates": [74.42, 13.99]}, "properties": {"operator": "vi", "technology": "4G", "tests": 1, "avg_download": 13.67, "avg_quality": 43.49}}, {"type": "Feature", "geometry": {"type": "Point", "coordinates": [69.85, 33.17]}, "properties": {"operator": "vi", "technology": "4G", "tests": 1, "avg_download": 20.25, "avg_quality": 51.42}}, {"type": "Feature", "geometry": {"type": "Point", "coordinates": [93.83, 21.08]}, "properties": {"operator": "vi", "technology": "5G", "tests": 1, "avg_download": 78.18, "avg_quality": 67.72}}, {"type": "Feature", "geometry": {"type": "Point", "coordinates": [89.51, 16.92]}, "properties": {"operator": "airtel", "technology": "4G", "tests": 1, "avg_download": 30.77, "avg_quality": 72.95}}, {"type": "Feature", "geometry": {"type": "Point", "coordinates": [82.04, 35.67]}, "properties": {"operator": "vi", "technology": "4G", "tests": 1, "avg_download": 10.83, "avg_quality": 61.87}}, {"type": "Feature", "geometry": {"type": "Point", "coordinates": [95.14, 31.29]}, "properties": {"operator": "jio", "technology": "5G", "tests": 1, "avg_download": 120.59, "avg_quality": 79.07}}, {"type": "Feature", "geometry": {"type": "Point", "coordinates": [75.03, 35.03]}, "properties": {"operator": "vi", "technology": "4G", "tests": 1, "avg_download": 25.33, "avg_quality": 45.91}}, {"type": "Feature", "geometry": {"type": "Point", "coordinates": [76.49, 12.98]}, "properties": {"operator": "airtel", "technology": "5G", "tests": 1, "avg_download": 49.91, "avg_quality": 64.21}}, {"type": "Feature", "geometry": {"type": "Point", "coordinates": [85.89, 13.07]}, "properties": {"operator": "jio", "technology": "5G", "tests": 1, "avg_download": 103.57, "avg_quality": 84.2}}, {"type": "Feature", "geometry": {"type": "Point", "coordinates": [85.55, 26.95]}, "properties": {"operator": "airtel", "technology": "4G", "tests": 1, "avg_download": 21.13, "avg_quality": 53.97}}, {"type": "Feature", "geometry": {"type": "Point", "coordinates": [68.74, 22.47]}, "properties": {"operator": "airtel", "technology": "4G", "tests": 1, "avg_download": 26.47, "avg_quality": 39.27}}, {"type": "Feature", "geometry": {"type": "Point", "coordinates": [79.66, 20.76]}, "properties": {"operator": "vi", "technology": "5G", "tests": 1, "avg_download": 55.7, "avg_quality": 81.36}}, {"type": "Feature", "geometry": {"type": "Point", "coordinates": [83.69, 25.84]}, "properties": {"operator": "vi", "technology": "4G", "tests": 1, "avg_download": 24.83, "avg_quality": 71.7}}, {"type": "Feature", "geometry": {"type": "Point", "coordinates": [95.14, 18.23]}, "properties": {"operator": "vi", "technology": "5G", "tests": 1, "avg_download": 67.53, "avg_quality": 70.39}}, {"type": "Feature", "geometry": {"type": "Point", "coordinates": [82.36, 27.45]}, "properties": {"operator": "vi", "technology": "5G", "tests": 1, "avg_download": 82.14, "avg_quality": 56.09}}, {"type": "Feature", "geometry": {"type": "Point", "coordinates": [69.37, 18.67]}, "properties": {"operator": "airtel", "technology": "5G", "tests": 1, "avg_download": 64.16, "avg_quality": 68.79}}, {"type": "Feature", "geometry": {"type": "Point", "coordinates": [90.01, 21.48]}, "properties": {"operator": "jio", "technology": "4G", "tests": 1, "avg_download": 16.06, "avg_quality": 54.55}}, {"type": "Feature", "geometry": {"type": "Point", "coordinates": [81.74, 10.15]}, "properties": {"operator": "airtel", "technology": "4G", "tests": 1, "avg_download": 22.58, "avg_quality": 47.11}}, {"type": "Feature", "geometry": {"type": "Point", "coordinates": [86.03, 31.87]}, "properties": {"operator": "airtel", "technology": "4G", "tests": 1, "avg_download": 21.21, "avg_quality": 54.57}}, {"type": "Feature", "geometry": {"type": "Point", "coordinates": [70.39, 17.77]}, "properties": {"operator": "vi", "technology": "4G", "tests": 1, "avg_download": 8.63, "avg_quality": 69.58}}, {"type": "Feature", "geometry": {"type": "Point", "coordinates": [77.13, 23.88]}, "properties": {"operator": "airtel", "technology": "5G", "tests": 1, "avg_download": 77.68, "avg_quality": 65.31}}, {"type": "Feature", "geometry": {"type": "Point", "coordinates": [86.1, 21.23]}, "properties": {"operator": "airtel", "technology": "4G", "tests": 1, "avg_download": 21.06, "avg_quality": 43.65}}, {"type": "Feature", "geometry": {"type": "Point", "coordinates": [78.0, 32.75]}, "properties": {"operator": "vi", "technology": "5G", "tests": 1, "avg_download": 59.17, "avg_quality": 54.55}}, {"type": "Feature", "geometry": {"type": "Point", "coordinates": [68.04, 15.62]}, "properties": {"operator": "vi", "technology": "5G", "tests": 1, "avg_download": 65.88, "avg_quality": 78.85}}, {"type": "Feature", "geometry": {"type": "Point", "coordinates": [74.03, 15.78]}, "properties": {"operator": "jio", "technology": "5G", "tests": 1, "avg_download": 59.17, "avg_quality": 75.46}}, {"type": "Feature", "geometry": {"type": "Point", "coordinates": [94.24, 35.63]}, "properties": {"operator": "jio", "technology": "5G", "tests": 1, "avg_download": 44.62, "avg_quality": 92.41}}, {"type": "Feature", "geometry": {"type": "Point", "coordinates": [79.51, 18.56]}, "properties": {"operator": "vi", "technology": "4G", "tests": 1, "avg_download": 11.92, "avg_quality": 53.45}}, {"type": "Feature", "geometry": {"type": "Point", "coordinates": [94.44, 19.76]}, "properties": {"operator": "airtel", "technology": "4G", "tests": 1, "avg_download": 12.88, "avg_quality": 52.97}}, {"type": "Feature", "geometry": {"type": "Point", "coordinates": [85.49, 9.66]}, "properties": {"operator": "jio", "technology": "4G", "tests": 1, "avg_download": 23.78, "avg_quality": 76.23}}, {"type": "Feature", "geometry": {"type": "Point", "coordinates": [90.1, 11.35]}, "properties": {"operator": "jio", "technology": "5G", "tests": 1, "avg_download": 101.29, "avg_quality": 96.13}}, {"type": "Feature", "geometry": {"type": "Point", "coordinates": [68.73, 15.34]}, "properties": {"operator": "jio", "technology": "4G", "tests": 1, "avg_download": 21.89, "avg_quality": 74.36}}, {"type": "Feature", "geometry": {"type": "Point", "coordinates": [72.06, 20.76]}, "properties": {"operator": "jio", "technology": "4G", "tests": 1, "avg_download": 29.7, "avg_quality": 82.4}}, {"type": "Feature", "geometry": {"type": "Point", "coordinates": [80.37, 28.94]}, "properties": {"operator": "vi", "technology": "4G", "tests": 1, "avg_download": 29.04, "avg_quality": 61.35}}, {"type": "Feature", "geometry": {"type": "Point", "coordinates": [90.63, 8.81]}, "properties": {"operator": "vi", "technology": "4G", "tests": 1, "avg_download": 12.89, "avg_quality": 63.04}}, {"type": "Feature", "geometry": {"type": "Point", "coordinates": [91.99, 10.11]}, "properties": {"operator": "airtel", "technology": "5G", "tests": 1, "avg_download": 77.89, "avg_quality": 79.66}}, {"type": "Feature", "geometry": {"type": "Point", "coordinates": [91.6, 30.01]}, "properties": {"operator": "jio", "technology": "5G", "tests": 1, "avg_download": 64.04, "avg_quality": 72.62}}, {"type": "Feature", "geometry": {"type": "Point", "coordinates": [77.68, 17.74]}, "properties": {"operator": "vi", "technology": "4G", "tests": 1, "avg_download": 4.12, "avg_quality": 61.44}}, {"type": "Feature", "geometry": {"type": "Point", "coordinates": [80.74, 31.57]}, "properties": {"operator": "jio", "technology": "4G", "tests": 1, "avg_download": 38.17, "avg_quality": 66.31}}, {"type": "Feature", "geometry": {"type": "Point", "coordinates": [78.68, 17.05]}, "properties": {"operator": "airtel", "technology": "5G", "tests": 1, "avg_download": 62.97, "avg_quality": 57.92}}, {"type": "Feature", "geometry": {"type": "Point", "coordinates": [78.48, 32.0]}, "properties": {"operator": "vi", "technology": "4G", "tests": 1, "avg_download": 16.02, "avg_quality": 66.09}}, {"type": "Feature", "geometry": {"type": "Point", "coordinates": [87.54, 26.15]}, "properties": {"operator": "jio", "technology": "5G", "tests": 1, "avg_download": 107.34, "avg_quality": 85.69}}, {"type": "Feature", "geometry": {"type": "Point", "coordinates": [78.32, 32.52]}, "properties": {"operator": "jio", "technology": "4G", "tests": 1, "avg_download": 23.85, "avg_quality": 70.77}}, {"type": "Feature", "geometry": {"type": "Point", "coordinates": [83.84, 18.46]}, "properties": {"operator": "vi", "technology": "4G", "tests": 1, "avg_download": 29.93, "avg_quality": 65.3}}, {"type": "Feature", "geometry": {"type": "Point", "coordinates": [76.86, 15.15]}, "properties": {"operator": "jio", "technology": "5G", "tests": 1, "avg_download": 83.07, "avg_quality": 79.27}}, {"type": "Feature", "geometry": {"type": "Point", "coordinates": [73.44, 11.84]}, "properties": {"operator": "jio", "technology": "5G", "tests": 1, "avg_download": 108.92, "avg_quality": 80.74}}, {"type": "Feature", "geometry": {"type": "Point", "coordinates": [90.26, 33.79]}, "properties": {"operator": "vi", "technology": "5G", "tests": 1, "avg_download": 37.63, "avg_quality": 70.59}}, {"type": "Feature", "geometry": {"type": "Point", "coordinates": [79.95, 29.65]}, "properties": {"operator": "airtel", "technology": "5G", "tests": 1, "avg_download": 55.4, "avg_quality": 87.81}}, {"type": "Feature", "geometry": {"type": "Point", "coordinates": [71.64, 20.77]}, "properties": {"operator": "vi", "technology": "5G", "tests": 1, "avg_download": 58.32, "avg_quality": 62.05}}, {"type": "Feature", "geometry": {"type": "Point", "coordinates": [68.62, 14.55]}, "properties": {"operator": "airtel", "technology": "4G", "tests": 1, "avg_download": 16.4, "avg_quality": 70.19}}, {"type": "Feature", "geometry": {"type": "Point", "coordinates": [80.59, 18.26]}, "properties": {"operator": "airtel", "technology": "5G", "tests": 1, "avg_download": 56.06, "avg_quality": 73.15}}, {"type": "Feature", "geometry": {"type": "Point", "coordinates": [89.48, 27.95]}, "properties": {"operator": "airtel", "technology": "5G", "tests": 1, "avg_download": 74.34, "avg_quality": 87.45}}, {"type": "Feature", "geometry": {"type": "Point", "coordinates": [74.72, 21.21]}, "properties": {"operator": "vi", "technology": "5G", "tests": 1, "avg_download": 68.53, "avg_quality": 70.23}}, {"type": "Feature", "geometry": {"type": "Point", "coordinates": [90.55, 17.9]}, "properties": {"operator": "airtel", "technology": "4G", "tests": 1, "avg_download": 13.73, "avg_quality": 54.45}}, {"type": "Feature", "geometry": {"type": "Point", "coordinates": [74.41, 9.79]}, "properties": {"operator": "jio", "technology": "5G", "tests": 1, "avg_download": 76.35, "avg_quality": 59.69}}, {"type": "Feature", "geometry": {"type": "Point", "coordinates": [94.62, 29.87]}, "properties": {"operator": "jio", "technology": "5G", "tests": 1, "avg_download": 10.36, "avg_quality": 75.24}}, {"type": "Feature", "geometry": {"type": "Point", "coordinates": [95.3, 32.53]}, "properties": {"operator": "airtel", "technology": "5G", "tests": 1, "avg_download": 59.68, "avg_quality": 77.74}}, {"type": "Feature", "geometry": {"type": "Point", "coordinates": [94.35, 18.96]}, "properties": {"operator": "airtel", "technology": "5G", "tests": 1, "avg_download": 67.1, "avg_quality": 78.96}}, {"type": "Feature", "geometry": {"type": "Point", "coordinates": [74.74, 27.76]}, "properties": {"operator": "vi", "technology": "5G", "tests": 1, "avg_download": 46.29, "avg_quality": 80.37}}, {"type": "Feature", "geometry": {"type": "Point", "coordinates": [77.18, 18.01]}, "properties": {"operator": "vi", "technology": "4G", "tests": 1, "avg_download": 10.06, "avg_quality": 64.63}}, {"type": "Feature", "geometry": {"type": "Point", "coordinates": [77.44, 18.95]}, "properties": {"operator": "airtel", "technology": "5G", "tests": 1, "avg_download": 85.19, "avg_quality": 78.9}}, {"type": "Feature", "geometry": {"type": "Point", "coordinates": [72.98, 10.63]}, "properties": {"operator": "airtel", "technology": "5G", "tests": 1, "avg_download": 62.36, "avg_quality": 79.09}}, {"type": "Feature", "geometry": {"type": "Point", "coordinates": [71.98, 28.14]}, "properties": {"operator": "vi", "technology": "5G", "tests": 1, "avg_download": 54.24, "avg_quality": 79.93}}, {"type": "Feature", "geometry": {"type": "Point", "coordinates": [68.95, 19.02]}, "properties": {"operator": "jio", "technology": "5G", "tests": 1, "avg_download": 88.75, "avg_quality": 81.87}}, {"type": "Feature", "geometry": {"type": "Point", "coordinates": [89.37, 10.08]}, "properties": {"operator": "jio", "technology": "5G", "tests": 1, "avg_download": 125.95, "avg_quality": 84.93}}, {"type": "Feature", "geometry": {"type": "Point", "coordinates": [84.76, 9.07]}, "properties": {"operator": "jio", "technology": "5G", "tests": 1, "avg_download": 91.22, "avg_quality": 92.51}}, {"type": "Feature", "geometry": {"type": "Point", "coordinates": [76.99, 16.96]}, "properties": {"operator": "airtel", "technology": "4G", "tests": 1, "avg_download": 20.13, "avg_quality": 59.4}}, {"type": "Feature", "geometry": {"type": "Point", "coordinates": [80.53, 13.34]}, "properties": {"operator": "jio", "technology": "4G", "tests": 1, "avg_download": 35.63, "avg_quality": 72.2}}, {"type": "Feature", "geometry": {"type": "Point", "coordinates": [76.25, 16.47]}, "properties": {"operator": "vi", "technology": "4G", "tests": 1, "avg_download": 16.35, "avg_quality": 59.95}}, {"type": "Feature", "geometry": {"type": "Point", "coordinates": [72.0, 13.98]}, "properties": {"operator": "vi", "technology": "5G", "tests": 1, "avg_download": 23.36, "avg_quality": 55.87}}, {"type": "Feature", "geometry": {"type": "Point", "coordinates": [87.66, 8.37]}, "properties": {"operator": "airtel", "technology": "5G", "tests": 1, "avg_download": 59.46, "avg_quality": 72.43}}, {"type": "Feature", "geometry": {"type": "Point", "coordinates": [76.32, 35.14]}, "properties": {"operator": "jio", "technology": "4G", "tests": 1, "avg_download": 18.96, "avg_quality": 66.63}}, {"type": "Feature", "geometry": {"type": "Point", "coordinates": [80.32, 30.14]}, "properties": {"operator": "airtel", "technology": "4G", "tests": 1, "avg_download": 16.52, "avg_quality": 46.3}}, {"type": "Feature", "geometry": {"type": "Point", "coordinates": [79.46, 21.93]}, "properties": {"operator": "vi", "technology": "4G", "tests": 1, "avg_download": 17.79, "avg_quality": 50.83}}, {"type": "Feature", "geometry": {"type": "Point", "coordinates": [78.15, 22.31]}, "properties": {"operator": "vi", "technology": "5G", "tests": 1, "avg_download": 43.44, "avg_quality": 79.65}}, {"type": "Feature", "geometry": {"type": "Point", "coordinates": [72.84, 14.1]}, "properties": {"operator": "jio", "technology": "4G", "tests": 1, "avg_download": 30.34, "avg_quality": 66.15}}, {"type": "Feature", "geometry": {"type": "Point", "coordinates": [87.52, 10.75]}, "properties": {"operator": "vi", "technology": "5G", "tests": 1, "avg_download": 39.95, "avg_quality": 59.69}}, {"type": "Feature", "geometry": {"type": "Point", "coordinates": [84.25, 35.95]}, "properties": {"operator": "vi", "technology": "4G", "tests": 1, "avg_download": 19.61, "avg_quality": 50.83}}, {"type": "Feature", "geometry": {"type": "Point", "coordinates": [70.59, 35.84]}, "properties": {"operator": "airtel", "technology": "5G", "tests": 1, "avg_download": 58.17, "avg_quality": 90.7}}, {"type": "Feature", "geometry": {"type": "Point", "coordinates": [90.72, 15.77]}, "properties": {"operator": "airtel", "technology": "5G", "tests": 1, "avg_download": 68.74, "avg_quality": 62.9}}, {"type": "Feature", "geometry": {"type": "Point", "coordinates": [71.44, 8.72]}, "properties": {"operator": "airtel", "technology": "5G", "tests": 1, "avg_download": 24.97, "avg_quality": 60.97}}, {"type": "Feature", "geometry": {"type": "Point", "coordinates": [95.75, 17.31]}, "properties": {"operator": "airtel", "technology": "5G", "tests": 1, "avg_download": 59.04, "avg_quality": 74.67}}, {"type": "Feature", "geometry": {"type": "Point", "coordinates": [80.84, 35.99]}, "properties": {"operator": "airtel", "technology": "5G", "tests": 1, "avg_download": 65.19, "avg_quality": 82.07}}, {"type": "Feature", "geometry": {"type": "Point", "coordinates": [86.75, 31.46]}, "properties": {"operator": "vi", "technology": "5G", "tests": 1, "avg_download": 79.08, "avg_quality": 88.43}}, {"type": "Feature", "geometry": {"type": "Point", "coordinates": [92.93, 16.41]}, "properties": {"operator": "airtel", "technology": "4G", "tests": 1, "avg_download": 31.52, "avg_quality": 68.84}}, {"type": "Feature", "geometry": {"type": "Point", "coordinates": [92.46, 19.72]}, "properties": {"operator": "airtel", "technology": "5G", "tests": 1, "avg_download": 90.33, "avg_quality": 82.96}}, {"type": "Feature", "geometry": {"type": "Point", "coordinates": [86.12, 17.59]}, "properties": {"operator": "jio", "technology": "5G", "tests": 1, "avg_download": 74.89, "avg_quality": 83.72}}, {"type": "Feature", "geometry": {"type": "Point", "coordinates": [89.36, 26.16]}, "properties": {"operator": "airtel", "technology": "4G", "tests": 1, "avg_download": 22.74, "avg_quality": 49.62}}, {"type": "Feature", "geometry": {"type": "Point", "coordinates": [79.64, 14.21]}, "properties": {"operator": "vi", "technology": "5G", "tests": 1, "avg_download": 65.32, "avg_quality": 87.78}}, {"type": "Feature", "geometry": {"type": "Point", "coordinates": [74.84, 8.65]}, "properties": {"operator": "airtel", "technology": "5G", "tests": 1, "avg_download": 93.73, "avg_quality": 79.7}}, {"type": "Feature", "geometry": {"type": "Point", "coordinates": [74.08, 13.02]}, "properties": {"operator": "jio", "technology": "5G", "tests": 1, "avg_download": 51.53, "avg_quality": 60.56}}, {"type": "Feature", "geometry": {"type": "Point", "coordinates": [94.62, 8.27]}, "properties": {"operator": "jio", "technology": "4G", "tests": 1, "avg_download": 25.97, "avg_quality": 77.47}}, {"type": "Feature", "geometry": {"type": "Point", "coordinates": [73.21, 23.62]}, "properties": {"operator": "vi", "technology": "5G", "tests": 1, "avg_download": 86.03, "avg_quality": 76.14}}, {"type": "Feature", "geometry": {"type": "Point", "coordinates": [94.16, 26.09]}, "properties": {"operator": "airtel", "technology": "5G", "tests": 1, "avg_download": 65.89, "avg_quality": 85.31}}, {"type": "Feature", "geometry": {"type": "Point", "coordinates": [68.69, 18.43]}, "properties": {"operator": "vi", "technology": "5G", "tests": 1, "avg_download": 65.75, "avg_quality": 69.6}}, {"type": "Feature", "geometry": {"type": "Point", "coordinates": [83.23, 25.2]}, "properties": {"operator": "airtel", "technology": "5G", "tests": 1, "avg_download": 82.1, "avg_quality": 70.54}}, {"type": "Feature", "geometry": {"type": "Point", "coordinates": [85.81, 15.23]}, "properties": {"operator": "vi", "technology": "4G", "tests": 1, "avg_download": 19.9, "avg_quality": 60.68}}, {"type": "Feature", "geometry": {"type": "Point", "coordinates": [89.16, 18.06]}, "properties": {"operator": "airtel", "technology": "5G", "tests": 1, "avg_download": 72.15, "avg_quality": 82.06}}, {"type": "Feature", "geometry": {"type": "Point", "coordinates": [70.36, 35.51]}, "properties": {"operator": "airtel", "technology": "4G", "tests": 1, "avg_download": 18.31, "avg_quality": 62.39}}, {"type": "Feature", "geometry": {"type": "Point", "coordinates": [87.4, 31.88]}, "properties": {"operator": "vi", "technology": "5G", "tests": 1, "avg_download": 55.52, "avg_quality": 74.5}}, {"type": "Feature", "geometry": {"type": "Point", "coordinates": [77.25, 30.0]}, "properties": {"operator": "jio", "technology": "5G", "tests": 1, "avg_download": 88.33, "avg_quality": 96.43}}, {"type": "Feature", "geometry": {"type": "Point", "coordinates": [92.19, 16.96]}, "properties": {"operator": "jio", "technology": "5G", "tests": 1, "avg_download": 25.58, "avg_quality": 80.49}}, {"type": "Feature", "geometry": {"type": "Point", "coordinates": [85.97, 9.65]}, "properties": {"operator": "jio", "technology": "4G", "tests": 1, "avg_download": 28.82, "avg_quality": 56.43}}, {"type": "Feature", "geometry": {"type": "Point", "coordinates": [89.29, 33.05]}, "properties": {"operator": "vi", "technology": "5G", "tests": 1, "avg_download": 88.48, "avg_quality": 67.98}}, {"type": "Feature", "geometry": {"type": "Point", "coordinates": [68.23, 19.31]}, "properties": {"operator": "jio", "technology": "4G", "tests": 1, "avg_download": 17.09, "avg_quality": 46.28}}, {"type": "Feature", "geometry": {"type": "Point", "coordinates": [91.87, 35.27]}, "properties": {"operator": "vi", "technology": "5G", "tests": 1, "avg_download": 61.79, "avg_quality": 89.17}}, {"type": "Feature", "geometry": {"type": "Point", "coordinates": [72.39, 9.63]}, "properties": {"operator": "airtel", "technology": "4G", "tests": 1, "avg_download": 25.12, "avg_quality": 65.38}}, {"type": "Feature", "geometry": {"type": "Point", "coordinates": [93.49, 30.22]}, "properties": {"operator": "airtel", "technology": "5G", "tests": 1, "avg_download": 84.18, "avg_quality": 93.28}}, {"type": "Feature", "geometry": {"type": "Point", "coordinates": [79.19, 21.55]}, "properties": {"operator": "vi", "technology": "5G", "tests": 1, "avg_download": 65.62, "avg_quality": 62.67}}, {"type": "Feature", "geometry": {"type": "Point", "coordinates": [79.05, 9.33]}, "properties": {"operator": "jio", "technology": "4G", "tests": 1, "avg_download": 22.4, "avg_quality": 63.99}}, {"type": "Feature", "geometry": {"type": "Point", "coordinates": [68.8, 20.7]}, "properties": {"operator": "jio", "technology": "4G", "tests": 1, "avg_download": 23.23, "avg_quality": 55.45}}, {"type": "Feature", "geometry": {"type": "Point", "coordinates": [73.66, 16.99]}, "properties": {"operator": "airtel", "technology": "5G", "tests": 1, "avg_download": 74.63, "avg_quality": 83.36}}, {"type": "Feature", "geometry": {"type": "Point", "coordinates": [90.1, 13.52]}, "properties": {"operator": "airtel", "technology": "4G", "tests": 1, "avg_download": 27.02, "avg_quality": 63.09}}, {"type": "Feature", "geometry": {"type": "Point", "coordinates": [85.71, 19.92]}, "properties": {"operator": "airtel", "technology": "4G", "tests": 1, "avg_download": 22.43, "avg_quality": 45.33}}, {"type": "Feature", "geometry": {"type": "Point", "coordinates": [93.8, 18.03]}, "properties": {"operator": "vi", "technology": "4G", "tests": 1, "avg_download": 29.48, "avg_quality": 67.32}}, {"type": "Feature", "geometry": {"type": "Point", "coordinates": [79.6, 18.33]}, "properties": {"operator": "airtel", "technology": "4G", "tests": 1, "avg_download": 16.4, "avg_quality": 61.07}}, {"type": "Feature", "geometry": {"type": "Point", "coordinates": [76.43, 9.99]}, "properties": {"operator": "vi", "technology": "4G", "tests": 1, "avg_download": 20.78, "avg_quality": 67.48}}, {"type": "Feature", "geometry": {"type": "Point", "coordinates": [68.58, 12.7]}, "properties": {"operator": "airtel", "technology": "4G", "tests": 1, "avg_download": 25.91, "avg_quality": 67.17}}, {"type": "Feature", "geometry": {"type": "Point", "coordinates": [76.92, 15.5]}, "properties": {"operator": "jio", "technology": "5G", "tests": 1, "avg_download": 88.98, "avg_quality": 59.4}}, {"type": "Feature", "geometry": {"type": "Point", "coordinates": [90.29, 12.79]}, "properties": {"operator": "vi", "technology": "5G", "tests": 1, "avg_download": 21.32, "avg_quality": 53.08}}, {"type": "Feature", "geometry": {"type": "Point", "coordinates": [83.65, 11.91]}, "properties": {"operator": "jio", "technology": "4G", "tests": 1, "avg_download": 29.5, "avg_quality": 53.37}}, {"type": "Feature", "geometry": {"type": "Point", "coordinates": [80.03, 33.49]}, "properties": {"operator": "vi", "technology": "5G", "tests": 1, "avg_download": 65.48, "avg_quality": 61.97}}, {"type": "Feature", "geometry": {"type": "Point", "coordinates": [69.3, 25.52]}, "properties": {"operator": "airtel", "technology": "4G", "tests": 1, "avg_download": 28.37, "avg_quality": 56.69}}, {"type": "Feature", "geometry": {"type": "Point", "coordinates": [76.42, 15.46]}, "properties": {"operator": "airtel", "technology": "5G", "tests": 1, "avg_download": 65.38, "avg_quality": 77.48}}, {"type": "Feature", "geometry": {"type": "Point", "coordinates": [79.29, 21.45]}, "properties": {"operator": "vi", "technology": "4G", "tests": 1, "avg_download": 18.87, "avg_quality": 73.01}}, {"type": "Feature", "geometry": {"type": "Point", "coordinates": [69.46, 35.02]}, "properties": {"operator": "vi", "technology": "4G", "tests": 1, "avg_download": 21.24, "avg_quality": 60.08}}, {"type": "Feature", "geometry": {"type": "Point", "coordinates": [72.95, 34.17]}, "properties": {"operator": "airtel", "technology": "4G", "tests": 1, "avg_download": 30.59, "avg_quality": 71.43}}, {"type": "Feature", "geometry": {"type": "Point", "coordinates": [75.59, 34.47]}, "properties": {"operator": "vi", "technology": "5G", "tests": 1, "avg_download": 50.19, "avg_quality": 72.45}}, {"type": "Feature", "geometry": {"type": "Point", "coordinates": [86.69, 15.47]}, "properties": {"operator": "airtel", "technology": "5G", "tests": 1, "avg_download": 152.37, "avg_quality": 82.41}}, {"type": "Feature", "geometry": {"type": "Point", "coordinates": [86.28, 14.61]}, "properties": {"operator": "airtel", "technology": "5G", "tests": 1, "avg_download": 63.58, "avg_quality": 75.62}}, {"type": "Feature", "geometry": {"type": "Point", "coordinates": [93.88, 29.49]}, "properties": {"operator": "jio", "technology": "4G", "tests": 1, "avg_download": 21.92, "avg_quality": 68.06}}, {"type": "Feature", "geometry": {"type": "Point", "coordinates": [93.14, 29.38]}, "properties": {"operator": "airtel", "technology": "5G", "tests": 1, "avg_download": 66.85, "avg_quality": 93.04}}, {"type": "Feature", "geometry": {"type": "Point", "coordinates": [73.05, 10.2]}, "properties": {"operator": "vi", "technology": "4G", "tests": 1, "avg_download": 16.15, "avg_quality": 73.66}}, {"type": "Feature", "geometry": {"type": "Point", "coordinates": [76.45, 33.75]}, "properties": {"operator": "airtel", "technology": "4G", "tests": 1, "avg_download": 28.21, "avg_quality": 50.82}}, {"type": "Feature", "geometry": {"type": "Point", "coordinates": [94.99, 13.65]}, "properties": {"operator": "vi", "technology": "5G", "tests": 1, "avg_download": 53.69, "avg_quality": 67.47}}, {"type": "Feature", "geometry": {"type": "Point", "coordinates": [92.14, 24.55]}, "properties": {"operator": "vi", "technology": "4G", "tests": 1, "avg_download": 17.01, "avg_quality": 66.47}}, {"type": "Feature", "geometry": {"type": "Point", "coordinates": [82.68, 23.06]}, "properties": {"operator": "jio", "technology": "5G", "tests": 1, "avg_download": 71.34, "avg_quality": 76.81}}, {"type": "Feature", "geometry": {"type": "Point", "coordinates": [86.24, 12.9]}, "properties": {"operator": "airtel", "technology": "5G", "tests": 1, "avg_download": 92.24, "avg_quality": 84.49}}, {"type": "Feature", "geometry": {"type": "Point", "coordinates": [92.54, 19.59]}, "properties": {"operator": "vi", "technology": "4G", "tests": 1, "avg_download": 8.64, "avg_quality": 62.7}}, {"type": "Feature", "geometry": {"type": "Point", "coordinates": [88.39, 27.94]}, "properties": {"operator": "airtel", "technology": "5G", "tests": 1, "avg_download": 86.41, "avg_quality": 85.56}}, {"type": "Feature", "geometry": {"type": "Point", "coordinates": [77.44, 25.02]}, "properties": {"operator": "vi", "technology": "5G", "tests": 1, "avg_download": 57.45, "avg_quality": 58.07}}, {"type": "Feature", "geometry": {"type": "Point", "coordinates": [76.86, 8.62]}, "properties": {"operator": "vi", "technology": "5G", "tests": 1, "avg_download": 90.94, "avg_quality": 72.13}}, {"type": "Feature", "geometry": {"type": "Point", "coordinates": [86.16, 15.31]}, "properties": {"operator": "airtel", "technology": "4G", "tests": 1, "avg_download": 32.02, "avg_quality": 75.8}}, {"type": "Feature", "geometry": {"type": "Point", "coordinates": [83.04, 31.22]}, "properties": {"operator": "airtel", "technology": "5G", "tests": 1, "avg_download": 94.95, "avg_quality": 74.16}}, {"type": "Feature", "geometry": {"type": "Point", "coordinates": [78.76, 23.49]}, "properties": {"operator": "jio", "technology": "4G", "tests": 1, "avg_download": 30.0, "avg_quality": 62.65}}, {"type": "Feature", "geometry": {"type": "Point", "coordinates": [91.44, 35.23]}, "properties": {"operator": "jio", "technology": "5G", "tests": 1, "avg_download": 102.11, "avg_quality": 90.26}}, {"type": "Feature", "geometry": {"type": "Point", "coordinates": [73.7, 17.19]}, "properties": {"operator": "jio", "technology": "5G", "tests": 1, "avg_download": 71.96, "avg_quality": 99.47}}, {"type": "Feature", "geometry": {"type": "Point", "coordinates": [87.79, 23.88]}, "properties": {"operator": "vi", "technology": "5G", "tests": 1, "avg_download": 78.55, "avg_quality": 77.46}}, {"type": "Feature", "geometry": {"type": "Point", "coordinates": [70.43, 31.26]}, "properties": {"operator": "airtel", "technology": "4G", "tests": 1, "avg_download": 26.05, "avg_quality": 74.59}}, {"type": "Feature", "geometry": {"type": "Point", "coordinates": [80.45, 34.21]}, "properties": {"operator": "jio", "technology": "5G", "tests": 1, "avg_download": 47.5, "avg_quality": 58.44}}, {"type": "Feature", "geometry": {"type": "Point", "coordinates": [68.34, 28.74]}, "properties": {"operator": "jio", "technology": "4G", "tests": 1, "avg_download": 40.34, "avg_quality": 55.34}}, {"type": "Feature", "geometry": {"type": "Point", "coordinates": [68.36, 35.58]}, "properties": {"operator": "jio", "technology": "4G", "tests": 1, "avg_download": 10.38, "avg_quality": 42.31}}, {"type": "Feature", "geometry": {"type": "Point", "coordinates": [68.16, 12.68]}, "properties": {"operator": "jio", "technology": "4G", "tests": 1, "avg_download": 15.52, "avg_quality": 62.57}}, {"type": "Feature", "geometry": {"type": "Point", "coordinates": [94.94, 34.23]}, "properties": {"operator": "airtel", "technology": "5G", "tests": 1, "avg_download": 61.2, "avg_quality": 73.85}}, {"type": "Feature", "geometry": {"type": "Point", "coordinates": [86.96, 9.62]}, "properties": {"operator": "airtel", "technology": "5G", "tests": 1, "avg_download": 91.07, "avg_quality": 91.61}}, {"type": "Feature", "geometry": {"type": "Point", "coordinates": [76.06, 11.67]}, "properties": {"operator": "jio", "technology": "5G", "tests": 1, "avg_download": 137.92, "avg_quality": 87.07}}, {"type": "Feature", "geometry": {"type": "Point", "coordinates": [83.92, 21.92]}, "properties": {"operator": "jio", "technology": "5G", "tests": 1, "avg_download": 80.58, "avg_quality": 68.99}}, {"type": "Feature", "geometry": {"type": "Point", "coordinates": [81.45, 26.76]}, "properties": {"operator": "airtel", "technology": "5G", "tests": 1, "avg_download": 88.1, "avg_quality": 88.53}}, {"type": "Feature", "geometry": {"type": "Point", "coordinates": [79.32, 10.27]}, "properties": {"operator": "jio", "technology": "4G", "tests": 1, "avg_download": 14.97, "avg_quality": 78.71}}, {"type": "Feature", "geometry": {"type": "Point", "coordinates": [86.33, 8.2]}, "properties": {"operator": "vi", "technology": "4G", "tests": 1, "avg_download": 1.85, "avg_quality": 49.29}}, {"type": "Feature", "geometry": {"type": "Point", "coordinates": [81.94, 18.65]}, "properties": {"operator": "vi", "technology": "4G", "tests": 1, "avg_download": 22.66, "avg_quality": 74.5}}, {"type": "Feature", "geometry": {"type": "Point", "coordinates": [86.79, 26.68]}, "properties": {"operator": "airtel", "technology": "5G", "tests": 1, "avg_download": 37.98, "avg_quality": 55.15}}, {"type": "Feature", "geometry": {"type": "Point", "coordinates": [70.12, 24.08]}, "properties": {"operator": "jio", "technology": "5G", "tests": 1, "avg_download": 80.2, "avg_quality": 66.08}}, {"type": "Feature", "geometry": {"type": "Point", "coordinates": [69.87, 27.66]}, "properties": {"operator": "airtel", "technology": "5G", "tests": 1, "avg_download": 78.23, "avg_quality": 83.52}}, {"type": "Feature", "geometry": {"type": "Point", "coordinates": [78.94, 32.61]}, "properties": {"operator": "airtel", "technology": "4G", "tests": 1, "avg_download": 22.33, "avg_quality": 72.55}}, {"type": "Feature", "geometry": {"type": "Point", "coordinates": [76.34, 35.55]}, "properties": {"operator": "airtel", "technology": "5G", "tests": 1, "avg_download": 47.85, "avg_quality": 47.52}}, {"type": "Feature", "geometry": {"type": "Point", "coordinates": [94.83, 8.53]}, "properties": {"operator": "jio", "technology": "4G", "tests": 1, "avg_download": 24.53, "avg_quality": 44.27}}, {"type": "Feature", "geometry": {"type": "Point", "coordinates": [69.51, 20.96]}, "properties": {"operator": "airtel", "technology": "5G", "tests": 1, "avg_download": 70.96, "avg_quality": 83.62}}, {"type": "Feature", "geometry": {"type": "Point", "coordinates": [71.11, 17.82]}, "properties": {"operator": "vi", "technology": "4G", "tests": 1, "avg_download": 32.58, "avg_quality": 70.51}}, {"type": "Feature", "geometry": {"type": "Point", "coordinates": [73.19, 23.63]}, "properties": {"operator": "airtel", "technology": "4G", "tests": 1, "avg_download": 15.4, "avg_quality": 60.27}}, {"type": "Feature", "geometry": {"type": "Point", "coordinates": [89.0, 30.47]}, "properties": {"operator": "jio", "technology": "4G", "tests": 1, "avg_download": 37.3, "avg_quality": 63.18}}, {"type": "Feature", "geometry": {"type": "Point", "coordinates": [79.53, 18.19]}, "properties": {"operator": "jio", "technology": "5G", "tests": 1, "avg_download": 120.92, "avg_quality": 103.5}}, {"type": "Feature", "geometry": {"type": "Point", "coordinates": [77.9, 15.51]}, "properties": {"operator": "vi", "technology": "5G", "tests": 1, "avg_download": 58.89, "avg_quality": 78.57}}, {"type": "Feature", "geometry": {"type": "Point", "coordinates": [89.85, 20.29]}, "properties": {"operator": "jio", "technology": "5G", "tests": 1, "avg_download": 92.42, "avg_quality": 64.41}}, {"type": "Feature", "geometry": {"type": "Point", "coordinates": [73.76, 9.24]}, "properties": {"operator": "airtel", "technology": "5G", "tests": 1, "avg_download": 101.52, "avg_quality": 72.13}}, {"type": "Feature", "geometry": {"type": "Point", "coordinates": [88.66, 12.99]}, "properties": {"operator": "airtel", "technology": "5G", "tests": 1, "avg_download": 77.8, "avg_quality": 62.86}}, {"type": "Feature", "geometry": {"type": "Point", "coordinates": [89.32, 15.63]}, "properties": {"operator": "airtel", "technology": "4G", "tests": 1, "avg_download": 30.33, "avg_quality": 79.71}}, {"type": "Feature", "geometry": {"type": "Point", "coordinates": [85.49, 11.04]}, "properties": {"operator": "jio", "technology": "4G", "tests": 1, "avg_download": 31.87, "avg_quality": 59.57}}, {"type": "Feature", "geometry": {"type": "Point", "coordinates": [96.0, 8.77]}, "properties": {"operator": "vi", "technology": "5G", "tests": 1, "avg_download": 80.33, "avg_quality": 79.83}}, {"type": "Feature", "geometry": {"type": "Point", "coordinates": [84.47, 34.57]}, "properties": {"operator": "jio", "technology": "4G", "tests": 1, "avg_download": 30.38, "avg_quality": 67.15}}, {"type": "Feature", "geometry": {"type": "Point", "coordinates": [80.63, 35.36]}, "properties": {"operator": "jio", "technology": "5G", "tests": 1, "avg_download": 52.24, "avg_quality": 95.58}}, {"type": "Feature", "geometry": {"type": "Point", "coordinates": [81.89, 27.65]}, "properties": {"operator": "vi", "technology": "4G", "tests": 1, "avg_download": 17.17, "avg_quality": 56.46}}, {"type": "Feature", "geometry": {"type": "Point", "coordinates": [89.57, 35.33]}, "properties": {"operator": "vi", "technology": "4G", "tests": 1, "avg_download": 16.77, "avg_quality": 41.33}}, {"type": "Feature", "geometry": {"type": "Point", "coordinates": [74.02, 19.7]}, "properties": {"operator": "vi", "technology": "5G", "tests": 1, "avg_download": 63.55, "avg_quality": 86.96}}, {"type": "Feature", "geometry": {"type": "Point", "coordinates": [84.32, 13.57]}, "properties": {"operator": "airtel", "technology": "5G", "tests": 1, "avg_download": 71.96, "avg_quality": 86.26}}, {"type": "Feature", "geometry": {"type": "Point", "coordinates": [68.61, 31.96]}, "properties": {"operator": "airtel", "technology": "4G", "tests": 1, "avg_download": 17.32, "avg_quality": 50.12}}, {"type": "Feature", "geometry": {"type": "Point", "coordinates": [88.15, 35.35]}, "properties": {"operator": "jio", "technology": "4G", "tests": 1, "avg_download": 16.61, "avg_quality": 74.37}}, {"type": "Feature", "geometry": {"type": "Point", "coordinates": [91.57, 34.95]}, "properties": {"operator": "jio", "technology": "4G", "tests": 1, "avg_download": 16.2, "avg_quality": 63.05}}, {"type": "Feature", "geometry": {"type": "Point", "coordinates": [80.09, 18.71]}, "properties": {"operator": "jio", "technology": "4G", "tests": 1, "avg_download": 31.6, "avg_quality": 66.94}}, {"type": "Feature", "geometry": {"type": "Point", "coordinates": [75.29, 31.98]}, "properties": {"operator": "jio", "technology": "5G", "tests": 1, "avg_download": 68.5, "avg_quality": 85.58}}, {"type": "Feature", "geometry": {"type": "Point", "coordinates": [86.13, 32.79]}, "properties": {"operator": "airtel", "technology": "5G", "tests": 1, "avg_download": 78.55, "avg_quality": 66.47}}, {"type": "Feature", "geometry": {"type": "Point", "coordinates": [82.5, 26.05]}, "properties": {"operator": "airtel", "technology": "5G", "tests": 1, "avg_download": 48.44, "avg_quality": 79.58}}, {"type": "Feature", "geometry": {"type": "Point", "coordinates": [73.62, 28.25]}, "properties": {"operator": "vi", "technology": "4G", "tests": 1, "avg_download": 10.98, "avg_quality": 47.71}}, {"type": "Feature", "geometry": {"type": "Point", "coordinates": [84.66, 20.65]}, "properties": {"operator": "airtel", "technology": "4G", "tests": 1, "avg_download": 13.54, "avg_quality": 54.03}}, {"type": "Feature", "geometry": {"type": "Point", "coordinates": [71.26, 17.89]}, "properties": {"operator": "vi", "technology": "4G", "tests": 1, "avg_download": 25.62, "avg_quality": 48.16}}, {"type": "Feature", "geometry": {"type": "Point", "coordinates": [83.99, 12.78]}, "properties": {"operator": "jio", "technology": "4G", "tests": 1, "avg_download": 23.36, "avg_quality": 45.52}}, {"type": "Feature", "geometry": {"type": "Point", "coordinates": [77.86, 11.65]}, "properties": {"operator": "jio", "technology": "5G", "tests": 1, "avg_download": 88.02, "avg_quality": 67.98}}, {"type": "Feature", "geometry": {"type": "Point", "coordinates": [73.18, 21.07]}, "properties": {"operator": "airtel", "technology": "4G", "tests": 1, "avg_download": 22.47, "avg_quality": 60.3}}, {"type": "Feature", "geometry": {"type": "Point", "coordinates": [81.91, 28.13]}, "properties": {"operator": "airtel", "technology": "5G", "tests": 1, "avg_download": 80.99, "avg_quality": 90.89}}, {"type": "Feature", "geometry": {"type": "Point", "coordinates": [84.4, 16.79]}, "properties": {"operator": "airtel", "technology": "5G", "tests": 1, "avg_download": 99.26, "avg_quality": 96.0}}, {"type": "Feature", "geometry": {"type": "Point", "coordinates": [70.29, 30.55]}, "properties": {"operator": "vi", "technology": "4G", "tests": 1, "avg_download": 14.74, "avg_quality": 52.78}}, {"type": "Feature", "geometry": {"type": "Point", "coordinates": [75.71, 9.01]}, "properties": {"operator": "jio", "technology": "5G", "tests": 1, "avg_download": 121.12, "avg_quality": 95.66}}, {"type": "Feature", "geometry": {"type": "Point", "coordinates": [91.23, 11.57]}, "properties": {"operator": "vi", "technology": "5G", "tests": 1, "avg_download": 90.63, "avg_quality": 79.61}}, {"type": "Feature", "geometry": {"type": "Point", "coordinates": [82.71, 13.58]}, "properties": {"operator": "airtel", "technology": "4G", "tests": 1, "avg_download": 1.0, "avg_quality": 38.62}}, {"type": "Feature", "geometry": {"type": "Point", "coordinates": [91.14, 31.66]}, "properties": {"operator": "airtel", "technology": "5G", "tests": 1, "avg_download": 55.1, "avg_quality": 67.17}}, {"type": "Feature", "geometry": {"type": "Point", "coordinates": [79.94, 20.97]}, "properties": {"operator": "airtel", "technology": "5G", "tests": 1, "avg_download": 47.08, "avg_quality": 63.64}}, {"type": "Feature", "geometry": {"type": "Point", "coordinates": [92.89, 9.83]}, "properties": {"operator": "airtel", "technology": "5G", "tests": 1, "avg_download": 102.68, "avg_quality": 92.59}}, {"type": "Feature", "geometry": {"type": "Point", "coordinates": [77.98, 10.03]}, "properties": {"operator": "jio", "technology": "4G", "tests": 1, "avg_download": 23.85, "avg_quality": 64.9}}, {"type": "Feature", "geometry": {"type": "Point", "coordinates": [92.02, 14.23]}, "properties": {"operator": "airtel", "technology": "5G", "tests": 1, "avg_download": 68.55, "avg_quality": 75.77}}, {"type": "Feature", "geometry": {"type": "Point", "coordinates": [85.6, 28.63]}, "properties": {"operator": "vi", "technology": "4G", "tests": 1, "avg_download": 15.17, "avg_quality": 72.46}}, {"type": "Feature", "geometry": {"type": "Point", "coordinates": [74.68, 28.88]}, "properties": {"operator": "vi", "technology": "5G", "tests": 1, "avg_download": 50.15, "avg_quality": 64.88}}, {"type": "Feature", "geometry": {"type": "Point", "coordinates": [86.66, 29.88]}, "properties": {"operator": "jio", "technology": "4G", "tests": 1, "avg_download": 41.6, "avg_quality": 61.36}}, {"type": "Feature", "geometry": {"type": "Point", "coordinates": [78.63, 16.49]}, "properties": {"operator": "jio", "technology": "5G", "tests": 1, "avg_download": 131.52, "avg_quality": 98.96}}, {"type": "Feature", "geometry": {"type": "Point", "coordinates": [89.15, 15.05]}, "properties": {"operator": "vi", "technology": "5G", "tests": 1, "avg_download": 68.94, "avg_quality": 84.96}}, {"type": "Feature", "geometry": {"type": "Point", "coordinates": [79.18, 17.62]}, "properties": {"operator": "jio", "technology": "5G", "tests": 1, "avg_download": 87.38, "avg_quality": 86.87}}, {"type": "Feature", "geometry": {"type": "Point", "coordinates": [77.43, 32.03]}, "properties": {"operator": "jio", "technology": "4G", "tests": 1, "avg_download": 26.61, "avg_quality": 66.74}}, {"type": "Feature", "geometry": {"type": "Point", "coordinates": [71.24, 16.74]}, "properties": {"operator": "jio", "technology": "5G", "tests": 1, "avg_download": 69.37, "avg_quality": 82.21}}, {"type": "Feature", "geometry": {"type": "Point", "coordinates": [85.08, 16.98]}, "properties": {"operator": "vi", "technology": "5G", "tests": 1, "avg_download": 59.4, "avg_quality": 65.87}}, {"type": "Feature", "geometry": {"type": "Point", "coordinates": [68.79, 28.44]}, "properties": {"operator": "airtel", "technology": "5G", "tests": 1, "avg_download": 87.21, "avg_quality": 90.15}}, {"type": "Feature", "geometry": {"type": "Point", "coordinates": [78.3, 11.49]}, "properties": {"operator": "vi", "technology": "5G", "tests": 1, "avg_download": 66.24, "avg_quality": 82.65}}, {"type": "Feature", "geometry": {"type": "Point", "coordinates": [74.65, 16.72]}, "properties": {"operator": "jio", "technology": "4G", "tests": 1, "avg_download": 29.01, "avg_quality": 52.52}}, {"type": "Feature", "geometry": {"type": "Point", "coordinates": [90.48, 24.69]}, "properties": {"operator": "airtel", "technology": "4G", "tests": 1, "avg_download": 14.27, "avg_quality": 55.42}}, {"type": "Feature", "geometry": {"type": "Point", "coordinates": [73.44, 26.47]}, "properties": {"operator": "airtel", "technology": "4G", "tests": 1, "avg_download": 24.43, "avg_quality": 74.07}}, {"type": "Feature", "geometry": {"type": "Point", "coordinates": [73.04, 12.69]}, "properties": {"operator": "jio", "technology": "5G", "tests": 1, "avg_download": 54.6, "avg_quality": 86.6}}, {"type": "Feature", "geometry": {"type": "Point", "coordinates": [80.42, 29.74]}, "properties": {"operator": "airtel", "technology": "5G", "tests": 1, "avg_download": 76.25, "avg_quality": 73.59}}, {"type": "Feature", "geometry": {"type": "Point", "coordinates": [79.65, 20.42]}, "properties": {"operator": "airtel", "technology": "5G", "tests": 1, "avg_download": 106.96, "avg_quality": 81.81}}, {"type": "Feature", "geometry": {"type": "Point", "coordinates": [71.66, 18.52]}, "properties": {"operator": "jio", "technology": "5G", "tests": 1, "avg_download": 128.21, "avg_quality": 105.63}}, {"type": "Feature", "geometry": {"type": "Point", "coordinates": [86.17, 19.28]}, "properties": {"operator": "jio", "technology": "5G", "tests": 1, "avg_download": 62.61, "avg_quality": 87.35}}, {"type": "Feature", "geometry": {"type": "Point", "coordinates": [70.27, 19.79]}, "properties": {"operator": "jio", "technology": "4G", "tests": 1, "avg_download": 25.97, "avg_quality": 68.48}}, {"type": "Feature", "geometry": {"type": "Point", "coordinates": [77.73, 27.44]}, "properties": {"operator": "vi", "technology": "5G", "tests": 1, "avg_download": 48.98, "avg_quality": 69.2}}, {"type": "Feature", "geometry": {"type": "Point", "coordinates": [81.94, 19.12]}, "properties": {"operator": "airtel", "technology": "5G", "tests": 1, "avg_download": 103.55, "avg_quality": 87.12}}, {"type": "Feature", "geometry": {"type": "Point", "coordinates": [87.93, 14.2]}, "properties": {"operator": "airtel", "technology": "5G", "tests": 1, "avg_download": 74.08, "avg_quality": 68.07}}, {"type": "Feature", "geometry": {"type": "Point", "coordinates": [68.73, 14.68]}, "properties": {"operator": "jio", "technology": "5G", "tests": 1, "avg_download": 84.3, "avg_quality": 84.89}}, {"type": "Feature", "geometry": {"type": "Point", "coordinates": [95.6, 17.09]}, "properties": {"operator": "airtel", "technology": "5G", "tests": 1, "avg_download": 64.94, "avg_quality": 79.77}}, {"type": "Feature", "geometry": {"type": "Point", "coordinates": [69.26, 14.78]}, "properties": {"operator": "jio", "technology": "4G", "tests": 1, "avg_download": 15.73, "avg_quality": 56.26}}, {"type": "Feature", "geometry": {"type": "Point", "coordinates": [79.09, 29.01]}, "properties": {"operator": "airtel", "technology": "4G", "tests": 1, "avg_download": 16.54, "avg_quality": 72.21}}, {"type": "Feature", "geometry": {"type": "Point", "coordinates": [95.34, 8.62]}, "properties": {"operator": "airtel", "technology": "4G", "tests": 1, "avg_download": 12.62, "avg_quality": 76.0}}, {"type": "Feature", "geometry": {"type": "Point", "coordinates": [74.83, 28.43]}, "properties": {"operator": "vi", "technology": "4G", "tests": 1, "avg_download": 18.76, "avg_quality": 63.05}}, {"type": "Feature", "geometry": {"type": "Point", "coordinates": [83.52, 15.47]}, "properties": {"operator": "airtel", "technology": "4G", "tests": 1, "avg_download": 11.34, "avg_quality": 63.87}}, {"type": "Feature", "geometry": {"type": "Point", "coordinates": [77.46, 32.73]}, "properties": {"operator": "jio", "technology": "4G", "tests": 1, "avg_download": 28.37, "avg_quality": 76.15}}, {"type": "Feature", "geometry": {"type": "Point", "coordinates": [91.15, 35.36]}, "properties": {"operator": "airtel", "technology": "5G", "tests": 1, "avg_download": 83.48, "avg_quality": 84.34}}, {"type": "Feature", "geometry": {"type": "Point", "coordinates": [70.44, 8.92]}, "properties": {"operator": "jio", "technology": "5G", "tests": 1, "avg_download": 67.07, "avg_quality": 71.39}}, {"type": "Feature", "geometry": {"type": "Point", "coordinates": [78.48, 23.19]}, "properties": {"operator": "airtel", "technology": "5G", "tests": 1, "avg_download": 82.47, "avg_quality": 85.05}}, {"type": "Feature", "geometry": {"type": "Point", "coordinates": [74.85, 18.1]}, "properties": {"operator": "jio", "technology": "4G", "tests": 1, "avg_download": 18.87, "avg_quality": 73.48}}, {"type": "Feature", "geometry": {"type": "Point", "coordinates": [69.84, 20.94]}, "properties": {"operator": "jio", "technology": "4G", "tests": 1, "avg_download": 26.38, "avg_quality": 55.76}}, {"type": "Feature", "geometry": {"type": "Point", "coordinates": [94.86, 26.42]}, "properties": {"operator": "airtel", "technology": "5G", "tests": 1, "avg_download": 93.81, "avg_quality": 93.62}}, {"type": "Feature", "geometry": {"type": "Point", "coordinates": [87.0, 30.14]}, "properties": {"operator": "airtel", "technology": "4G", "tests": 1, "avg_download": 20.23, "avg_quality": 62.8}}, {"type": "Feature", "geometry": {"type": "Point", "coordinates": [83.68, 8.03]}, "properties": {"operator": "vi", "technology": "5G", "tests": 1, "avg_download": 53.18, "avg_quality": 75.68}}, {"type": "Feature", "geometry": {"type": "Point", "coordinates": [73.37, 9.63]}, "properties": {"operator": "airtel", "technology": "4G", "tests": 1, "avg_download": 21.37, "avg_quality": 46.05}}, {"type": "Feature", "geometry": {"type": "Point", "coordinates": [68.73, 15.74]}, "properties": {"operator": "jio", "technology": "4G", "tests": 1, "avg_download": 17.23, "avg_quality": 60.0}}, {"type": "Feature", "geometry": {"type": "Point", "coordinates": [84.64, 26.1]}, "properties": {"operator": "vi", "technology": "5G", "tests": 1, "avg_download": 61.72, "avg_quality": 65.79}}, {"type": "Feature", "geometry": {"type": "Point", "coordinates": [79.22, 9.4]}, "properties": {"operator": "vi", "technology": "4G", "tests": 1, "avg_download": 22.46, "avg_quality": 71.95}}, {"type": "Feature", "geometry": {"type": "Point", "coordinates": [74.23, 28.81]}, "properties": {"operator": "airtel", "technology": "4G", "tests": 1, "avg_download": 9.17, "avg_quality": 62.16}}, {"type": "Feature", "geometry": {"type": "Point", "coordinates": [91.49, 29.34]}, "properties": {"operator": "vi", "technology": "4G", "tests": 1, "avg_download": 24.92, "avg_quality": 52.29}}, {"type": "Feature", "geometry": {"type": "Point", "coordinates": [93.75, 35.63]}, "properties": {"operator": "airtel", "technology": "4G", "tests": 1, "avg_download": 21.79, "avg_quality": 71.06}}, {"type": "Feature", "geometry": {"type": "Point", "coordinates": [94.84, 15.36]}, "properties": {"operator": "jio", "technology": "4G", "tests": 1, "avg_download": 11.38, "avg_quality": 75.47}}, {"type": "Feature", "geometry": {"type": "Point", "coordinates": [83.37, 9.0]}, "properties": {"operator": "jio", "technology": "5G", "tests": 1, "avg_download": 101.6, "avg_quality": 86.61}}, {"type": "Feature", "geometry": {"type": "Point", "coordinates": [74.65, 9.51]}, "properties": {"operator": "airtel", "technology": "4G", "tests": 1, "avg_download": 14.17, "avg_quality": 63.87}}, {"type": "Feature", "geometry": {"type": "Point", "coordinates": [80.94, 18.92]}, "properties": {"operator": "airtel", "technology": "5G", "tests": 1, "avg_download": 55.96, "avg_quality": 78.16}}, {"type": "Feature", "geometry": {"type": "Point", "coordinates": [93.46, 11.54]}, "properties": {"operator": "airtel", "technology": "5G", "tests": 1, "avg_download": 85.15, "avg_quality": 80.77}}, {"type": "Feature", "geometry": {"type": "Point", "coordinates": [70.1, 10.19]}, "properties": {"operator": "jio", "technology": "5G", "tests": 1, "avg_download": 59.99, "avg_quality": 87.59}}, {"type": "Feature", "geometry": {"type": "Point", "coordinates": [70.13, 24.69]}, "properties": {"operator": "jio", "technology": "4G", "tests": 1, "avg_download": 31.68, "avg_quality": 54.84}}, {"type": "Feature", "geometry": {"type": "Point", "coordinates": [75.06, 14.36]}, "properties": {"operator": "jio", "technology": "4G", "tests": 1, "avg_download": 32.91, "avg_quality": 73.68}}, {"type": "Feature", "geometry": {"type": "Point", "coordinates": [87.02, 16.47]}, "properties": {"operator": "airtel", "technology": "4G", "tests": 1, "avg_download": 22.0, "avg_quality": 47.08}}, {"type": "Feature", "geometry": {"type": "Point", "coordinates": [90.47, 18.95]}, "properties": {"operator": "jio", "technology": "5G", "tests": 1, "avg_download": 113.25, "avg_quality": 85.02}}, {"type": "Feature", "geometry": {"type": "Point", "coordinates": [74.79, 14.94]}, "properties": {"operator": "vi", "technology": "5G", "tests": 1, "avg_download": 37.28, "avg_quality": 50.87}}, {"type": "Feature", "geometry": {"type": "Point", "coordinates": [78.88, 18.18]}, "properties": {"operator": "airtel", "technology": "5G", "tests": 1, "avg_download": 43.99, "avg_quality": 84.82}}, {"type": "Feature", "geometry": {"type": "Point", "coordinates": [92.83, 9.99]}, "properties": {"operator": "jio", "technology": "5G", "tests": 1, "avg_download": 151.35, "avg_quality": 98.65}}, {"type": "Feature", "geometry": {"type": "Point", "coordinates": [68.31, 25.73]}, "properties": {"operator": "airtel", "technology": "5G", "tests": 1, "avg_download": 50.6, "avg_quality": 74.42}}, {"type": "Feature", "geometry": {"type": "Point", "coordinates": [83.39, 11.04]}, "properties": {"operator": "vi", "technology": "4G", "tests": 1, "avg_download": 20.71, "avg_quality": 70.43}}, {"type": "Feature", "geometry": {"type": "Point", "coordinates": [82.73, 16.97]}, "properties": {"operator": "airtel", "technology": "5G", "tests": 1, "avg_download": 77.63, "avg_quality": 80.08}}, {"type": "Feature", "geometry": {"type": "Point", "coordinates": [84.51, 32.99]}, "properties": {"operator": "vi", "technology": "5G", "tests": 1, "avg_download": 89.79, "avg_quality": 69.63}}, {"type": "Feature", "geometry": {"type": "Point", "coordinates": [87.39, 33.68]}, "properties": {"operator": "vi", "technology": "4G", "tests": 1, "avg_download": 21.86, "avg_quality": 70.63}}, {"type": "Feature", "geometry": {"type": "Point", "coordinates": [86.6, 20.6]}, "properties": {"operator": "vi", "technology": "5G", "tests": 1, "avg_download": 18.65, "avg_quality": 60.06}}, {"type": "Feature", "geometry": {"type": "Point", "coordinates": [83.78, 30.97]}, "properties": {"operator": "vi", "technology": "5G", "tests": 1, "avg_download": 61.77, "avg_quality": 84.72}}, {"type": "Feature", "geometry": {"type": "Point", "coordinates": [84.61, 14.1]}, "properties": {"operator": "airtel", "technology": "4G", "tests": 1, "avg_download": 20.84, "avg_quality": 64.42}}, {"type": "Feature", "geometry": {"type": "Point", "coordinates": [79.53, 12.55]}, "properties": {"operator": "vi", "technology": "5G", "tests": 1, "avg_download": 28.38, "avg_quality": 56.23}}, {"type": "Feature", "geometry": {"type": "Point", "coordinates": [82.57, 23.5]}, "properties": {"operator": "airtel", "technology": "4G", "tests": 1, "avg_download": 19.1, "avg_quality": 78.05}}, {"type": "Feature", "geometry": {"type": "Point", "coordinates": [92.38, 18.03]}, "properties": {"operator": "airtel", "technology": "4G", "tests": 1, "avg_download": 20.61, "avg_quality": 64.17}}, {"type": "Feature", "geometry": {"type": "Point", "coordinates": [84.31, 34.45]}, "properties": {"operator": "vi", "technology": "4G", "tests": 1, "avg_download": 9.84, "avg_quality": 68.24}}, {"type": "Feature", "geometry": {"type": "Point", "coordinates": [89.21, 17.03]}, "properties": {"operator": "vi", "technology": "4G", "tests": 1, "avg_download": 25.85, "avg_quality": 53.07}}, {"type": "Feature", "geometry": {"type": "Point", "coordinates": [77.61, 24.23]}, "properties": {"operator": "airtel", "technology": "5G", "tests": 1, "avg_download": 63.64, "avg_quality": 92.07}}, {"type": "Feature", "geometry": {"type": "Point", "coordinates": [80.71, 23.68]}, "properties": {"operator": "vi", "technology": "5G", "tests": 1, "avg_download": 46.34, "avg_quality": 65.83}}, {"type": "Feature", "geometry": {"type": "Point", "coordinates": [79.98, 16.47]}, "properties": {"operator": "jio", "technology": "5G", "tests": 1, "avg_download": 62.56, "avg_quality": 68.08}}, {"type": "Feature", "geometry": {"type": "Point", "coordinates": [76.59, 14.23]}, "properties": {"operator": "vi", "technology": "5G", "tests": 1, "avg_download": 58.99, "avg_quality": 77.39}}, {"type": "Feature", "geometry": {"type": "Point", "coordinates": [82.54, 30.39]}, "properties": {"operator": "vi", "technology": "4G", "tests": 1, "avg_download": 27.12, "avg_quality": 41.01}}, {"type": "Feature", "geometry": {"type": "Point", "coordinates": [74.65, 9.82]}, "properties": {"operator": "airtel", "technology": "4G", "tests": 1, "avg_download": 33.38, "avg_quality": 63.0}}, {"type": "Feature", "geometry": {"type": "Point", "coordinates": [89.21, 35.21]}, "properties": {"operator": "vi", "technology": "4G", "tests": 1, "avg_download": 17.3, "avg_quality": 64.6}}, {"type": "Feature", "geometry": {"type": "Point", "coordinates": [92.98, 21.67]}, "properties": {"operator": "vi", "technology": "4G", "tests": 1, "avg_download": 16.51, "avg_quality": 68.65}}, {"type": "Feature", "geometry": {"type": "Point", "coordinates": [73.77, 22.2]}, "properties": {"operator": "jio", "technology": "4G", "tests": 1, "avg_download": 33.32, "avg_quality": 45.25}}, {"type": "Feature", "geometry": {"type": "Point", "coordinates": [72.65, 29.29]}, "properties": {"operator": "vi", "technology": "4G", "tests": 1, "avg_download": 17.46, "avg_quality": 49.37}}, {"type": "Feature", "geometry": {"type": "Point", "coordinates": [92.23, 13.83]}, "properties": {"operator": "vi", "technology": "5G", "tests": 1, "avg_download": 36.92, "avg_quality": 49.39}}, {"type": "Feature", "geometry": {"type": "Point", "coordinates": [93.72, 15.56]}, "properties": {"operator": "vi", "technology": "5G", "tests": 1, "avg_download": 69.24, "avg_quality": 66.43}}, {"type": "Feature", "geometry": {"type": "Point", "coordinates": [86.79, 25.19]}, "properties": {"operator": "jio", "technology": "5G", "tests": 1, "avg_download": 67.93, "avg_quality": 79.39}}, {"type": "Feature", "geometry": {"type": "Point", "coordinates": [82.04, 20.67]}, "properties": {"operator": "jio", "technology": "5G", "tests": 1, "avg_download": 45.14, "avg_quality": 76.87}}, {"type": "Feature", "geometry": {"type": "Point", "coordinates": [77.57, 8.74]}, "properties": {"operator": "airtel", "technology": "4G", "tests": 1, "avg_download": 22.67, "avg_quality": 67.11}}, {"type": "Feature", "geometry": {"type": "Point", "coordinates": [78.66, 26.86]}, "properties": {"operator": "vi", "technology": "5G", "tests": 1, "avg_download": 40.11, "avg_quality": 62.65}}, {"type": "Feature", "geometry": {"type": "Point", "coordinates": [70.64, 26.0]}, "properties": {"operator": "vi", "technology": "4G", "tests": 1, "avg_download": 17.81, "avg_quality": 64.49}}, {"type": "Feature", "geometry": {"type": "Point", "coordinates": [88.24, 9.17]}, "properties": {"operator": "airtel", "technology": "5G", "tests": 1, "avg_download": 54.51, "avg_quality": 66.45}}, {"type": "Feature", "geometry": {"type": "Point", "coordinates": [78.37, 18.13]}, "properties": {"operator": "vi", "technology": "5G", "tests": 1, "avg_download": 50.65, "avg_quality": 76.36}}, {"type": "Feature", "geometry": {"type": "Point", "coordinates": [74.11, 18.95]}, "properties": {"operator": "airtel", "technology": "5G", "tests": 1, "avg_download": 86.48, "avg_quality": 71.51}}, {"type": "Feature", "geometry": {"type": "Point", "coordinates": [85.88, 19.33]}, "properties": {"operator": "jio", "technology": "4G", "tests": 1, "avg_download": 28.04, "avg_quality": 52.65}}, {"type": "Feature", "geometry": {"type": "Point", "coordinates": [68.84, 27.56]}, "properties": {"operator": "airtel", "technology": "5G", "tests": 1, "avg_download": 86.43, "avg_quality": 77.16}}, {"type": "Feature", "geometry": {"type": "Point", "coordinates": [79.64, 15.95]}, "properties": {"operator": "jio", "technology": "5G", "tests": 1, "avg_download": 54.42, "avg_quality": 93.52}}, {"type": "Feature", "geometry": {"type": "Point", "coordinates": [86.99, 9.35]}, "properties": {"operator": "airtel", "technology": "4G", "tests": 1, "avg_download": 34.19, "avg_quality": 78.11}}, {"type": "Feature", "geometry": {"type": "Point", "coordinates": [80.63, 16.37]}, "properties": {"operator": "airtel", "technology": "5G", "tests": 1, "avg_download": 111.46, "avg_quality": 87.68}}, {"type": "Feature", "geometry": {"type": "Point", "coordinates": [91.98, 19.86]}, "properties": {"operator": "airtel", "technology": "5G", "tests": 1, "avg_download": 97.03, "avg_quality": 88.47}}, {"type": "Feature", "geometry": {"type": "Point", "coordinates": [68.29, 30.52]}, "properties": {"operator": "airtel", "technology": "5G", "tests": 1, "avg_download": 57.05, "avg_quality": 72.49}}, {"type": "Feature", "geometry": {"type": "Point", "coordinates": [71.38, 32.07]}, "properties": {"operator": "airtel", "technology": "4G", "tests": 1, "avg_download": 18.71, "avg_quality": 66.7}}, {"type": "Feature", "geometry": {"type": "Point", "coordinates": [68.87, 25.24]}, "properties": {"operator": "jio", "technology": "5G", "tests": 1, "avg_download": 64.39, "avg_quality": 68.84}}, {"type": "Feature", "geometry": {"type": "Point", "coordinates": [83.24, 21.76]}, "properties": {"operator": "airtel", "technology": "5G", "tests": 1, "avg_download": 58.28, "avg_quality": 65.62}}, {"type": "Feature", "geometry": {"type": "Point", "coordinates": [95.51, 17.32]}, "properties": {"operator": "jio", "technology": "5G", "tests": 1, "avg_download": 91.27, "avg_quality": 57.52}}, {"type": "Feature", "geometry": {"type": "Point", "coordinates": [81.82, 8.68]}, "properties": {"operator": "jio", "technology": "4G", "tests": 1, "avg_download": 32.43, "avg_quality": 66.56}}, {"type": "Feature", "geometry": {"type": "Point", "coordinates": [70.7, 22.63]}, "properties": {"operator": "vi", "technology": "5G", "tests": 1, "avg_download": 60.82, "avg_quality": 50.6}}, {"type": "Feature", "geometry": {"type": "Point", "coordinates": [91.19, 26.51]}, "properties": {"operator": "vi", "technology": "5G", "tests": 1, "avg_download": 13.02, "avg_quality": 65.52}}, {"type": "Feature", "geometry": {"type": "Point", "coordinates": [88.37, 32.14]}, "properties": {"operator": "jio", "technology": "5G", "tests": 1, "avg_download": 7.33, "avg_quality": 76.51}}, {"type": "Feature", "geometry": {"type": "Point", "coordinates": [77.65, 27.84]}, "properties": {"operator": "airtel", "technology": "4G", "tests": 1, "avg_download": 29.44, "avg_quality": 65.96}}, {"type": "Feature", "geometry": {"type": "Point", "coordinates": [68.61, 23.38]}, "properties": {"operator": "airtel", "technology": "4G", "tests": 1, "avg_download": 17.31, "avg_quality": 66.62}}, {"type": "Feature", "geometry": {"type": "Point", "coordinates": [73.21, 31.24]}, "properties": {"operator": "airtel", "technology": "5G", "tests": 1, "avg_download": 69.78, "avg_quality": 67.75}}, {"type": "Feature", "geometry": {"type": "Point", "coordinates": [95.2, 12.95]}, "properties": {"operator": "airtel", "technology": "4G", "tests": 1, "avg_download": 19.06, "avg_quality": 78.56}}, {"type": "Feature", "geometry": {"type": "Point", "coordinates": [95.34, 12.72]}, "properties": {"operator": "jio", "technology": "4G", "tests": 1, "avg_download": 12.79, "avg_quality": 57.9}}, {"type": "Feature", "geometry": {"type": "Point", "coordinates": [71.06, 32.81]}, "properties": {"operator": "vi", "technology": "4G", "tests": 1, "avg_download": 24.01, "avg_quality": 46.14}}, {"type": "Feature", "geometry": {"type": "Point", "coordinates": [91.57, 35.85]}, "properties": {"operator": "jio", "technology": "4G", "tests": 1, "avg_download": 36.59, "avg_quality": 64.92}}, {"type": "Feature", "geometry": {"type": "Point", "coordinates": [75.21, 33.18]}, "properties": {"operator": "vi", "technology": "5G", "tests": 1, "avg_download": 33.37, "avg_quality": 73.05}}, {"type": "Feature", "geometry": {"type": "Point", "coordinates": [82.74, 13.26]}, "properties": {"operator": "airtel", "technology": "4G", "tests": 1, "avg_download": 25.77, "avg_quality": 72.58}}, {"type": "Feature", "geometry": {"type": "Point", "coordinates": [88.37, 31.19]}, "properties": {"operator": "airtel", "technology": "5G", "tests": 1, "avg_download": 85.81, "avg_quality": 70.65}}, {"type": "Feature", "geometry": {"type": "Point", "coordinates": [86.84, 29.86]}, "properties": {"operator": "jio", "technology": "5G", "tests": 1, "avg_download": 99.54, "avg_quality": 84.34}}, {"type": "Feature", "geometry": {"type": "Point", "coordinates": [69.37, 15.24]}, "properties": {"operator": "jio", "technology": "4G", "tests": 1, "avg_download": 25.45, "avg_quality": 58.86}}, {"type": "Feature", "geometry": {"type": "Point", "coordinates": [95.12, 35.6]}, "properties": {"operator": "vi", "technology": "4G", "tests": 1, "avg_download": 12.74, "avg_quality": 72.71}}, {"type": "Feature", "geometry": {"type": "Point", "coordinates": [95.17, 21.03]}, "properties": {"operator": "vi", "technology": "5G", "tests": 1, "avg_download": 44.63, "avg_quality": 79.99}}, {"type": "Feature", "geometry": {"type": "Point", "coordinates": [78.4, 24.69]}, "properties": {"operator": "jio", "technology": "5G", "tests": 1, "avg_download": 88.78, "avg_quality": 76.9}}, {"type": "Feature", "geometry": {"type": "Point", "coordinates": [78.03, 16.39]}, "properties": {"operator": "jio", "technology": "5G", "tests": 1, "avg_download": 81.16, "avg_quality": 81.65}}, {"type": "Feature", "geometry": {"type": "Point", "coordinates": [93.26, 29.86]}, "properties": {"operator": "jio", "technology": "5G", "tests": 1, "avg_download": 74.93, "avg_quality": 78.24}}, {"type": "Feature", "geometry": {"type": "Point", "coordinates": [81.88, 15.42]}, "properties": {"operator": "vi", "technology": "5G", "tests": 1, "avg_download": 74.69, "avg_quality": 71.37}}, {"type": "Feature", "geometry": {"type": "Point", "coordinates": [88.32, 24.51]}, "properties": {"operator": "vi", "technology": "5G", "tests": 1, "avg_download": 63.34, "avg_quality": 73.29}}, {"type": "Feature", "geometry": {"type": "Point", "coordinates": [73.73, 28.2]}, "properties": {"operator": "vi", "technology": "4G", "tests": 1, "avg_download": 13.85, "avg_quality": 41.78}}, {"type": "Feature", "geometry": {"type": "Point", "coordinates": [73.04, 20.63]}, "properties": {"operator": "airtel", "technology": "4G", "tests": 1, "avg_download": 32.05, "avg_quality": 53.53}}, {"type": "Feature", "geometry": {"type": "Point", "coordinates": [76.51, 18.32]}, "properties": {"operator": "airtel", "technology": "4G", "tests": 1, "avg_download": 22.94, "avg_quality": 63.74}}, {"type": "Feature", "geometry": {"type": "Point", "coordinates": [73.25, 25.96]}, "properties": {"operator": "vi", "technology": "4G", "tests": 1, "avg_download": 21.72, "avg_quality": 59.23}}, {"type": "Feature", "geometry": {"type": "Point", "coordinates": [92.89, 18.21]}, "properties": {"operator": "airtel", "technology": "5G", "tests": 1, "avg_download": 24.83, "avg_quality": 56.25}}, {"type": "Feature", "geometry": {"type": "Point", "coordinates": [74.57, 35.83]}, "properties": {"operator": "jio", "technology": "4G", "tests": 1, "avg_download": 35.37, "avg_quality": 48.17}}, {"type": "Feature", "geometry": {"type": "Point", "coordinates": [86.22, 18.8]}, "properties": {"operator": "airtel", "technology": "5G", "tests": 1, "avg_download": 95.45, "avg_quality": 87.8}}, {"type": "Feature", "geometry": {"type": "Point", "coordinates": [77.45, 22.67]}, "properties": {"operator": "jio", "technology": "4G", "tests": 1, "avg_download": 25.53, "avg_quality": 78.48}}, {"type": "Feature", "geometry": {"type": "Point", "coordinates": [82.36, 12.5]}, "properties": {"operator": "vi", "technology": "4G", "tests": 1, "avg_download": 18.96, "avg_quality": 70.53}}, {"type": "Feature", "geometry": {"type": "Point", "coordinates": [89.01, 21.2]}, "properties": {"operator": "jio", "technology": "5G", "tests": 1, "avg_download": 88.94, "avg_quality": 83.36}}, {"type": "Feature", "geometry": {"type": "Point", "coordinates": [81.76, 12.3]}, "properties": {"operator": "vi", "technology": "5G", "tests": 1, "avg_download": 61.19, "avg_quality": 79.71}}, {"type": "Feature", "geometry": {"type": "Point", "coordinates": [73.62, 30.5]}, "properties": {"operator": "airtel", "technology": "5G", "tests": 1, "avg_download": 69.07, "avg_quality": 84.23}}, {"type": "Feature", "geometry": {"type": "Point", "coordinates": [77.35, 15.78]}, "properties": {"operator": "vi", "technology": "4G", "tests": 1, "avg_download": 19.95, "avg_quality": 64.73}}, {"type": "Feature", "geometry": {"type": "Point", "coordinates": [69.86, 13.2]}, "properties": {"operator": "airtel", "technology": "5G", "tests": 1, "avg_download": 43.43, "avg_quality": 88.66}}, {"type": "Feature", "geometry": {"type": "Point", "coordinates": [79.71, 8.99]}, "properties": {"operator": "airtel", "technology": "4G", "tests": 1, "avg_download": 28.68, "avg_quality": 66.06}}, {"type": "Feature", "geometry": {"type": "Point", "coordinates": [88.76, 27.93]}, "properties": {"operator": "vi", "technology": "4G", "tests": 1, "avg_download": 17.49, "avg_quality": 76.41}}, {"type": "Feature", "geometry": {"type": "Point", "coordinates": [80.49, 30.47]}, "properties": {"operator": "jio", "technology": "4G", "tests": 1, "avg_download": 23.31, "avg_quality": 66.9}}, {"type": "Feature", "geometry": {"type": "Point", "coordinates": [92.51, 11.63]}, "properties": {"operator": "vi", "technology": "5G", "tests": 1, "avg_download": 54.73, "avg_quality": 65.34}}, {"type": "Feature", "geometry": {"type": "Point", "coordinates": [71.61, 12.05]}, "properties": {"operator": "airtel", "technology": "5G", "tests": 1, "avg_download": 94.84, "avg_quality": 76.77}}, {"type": "Feature", "geometry": {"type": "Point", "coordinates": [93.53, 17.65]}, "properties": {"operator": "vi", "technology": "4G", "tests": 1, "avg_download": 19.24, "avg_quality": 62.86}}, {"type": "Feature", "geometry": {"type": "Point", "coordinates": [69.86, 33.69]}, "properties": {"operator": "vi", "technology": "4G", "tests": 1, "avg_download": 15.71, "avg_quality": 50.08}}, {"type": "Feature", "geometry": {"type": "Point", "coordinates": [86.32, 14.23]}, "properties": {"operator": "jio", "technology": "5G", "tests": 1, "avg_download": 53.23, "avg_quality": 83.77}}, {"type": "Feature", "geometry": {"type": "Point", "coordinates": [87.15, 14.74]}, "properties": {"operator": "jio", "technology": "4G", "tests": 1, "avg_download": 17.4, "avg_quality": 63.2}}, {"type": "Feature", "geometry": {"type": "Point", "coordinates": [75.45, 14.78]}, "properties": {"operator": "vi", "technology": "4G", "tests": 1, "avg_download": 29.51, "avg_quality": 71.41}}, {"type": "Feature", "geometry": {"type": "Point", "coordinates": [74.1, 35.94]}, "properties": {"operator": "vi", "technology": "5G", "tests": 1, "avg_download": 62.31, "avg_quality": 59.32}}, {"type": "Feature", "geometry": {"type": "Point", "coordinates": [78.83, 13.52]}, "properties": {"operator": "airtel", "technology": "5G", "tests": 1, "avg_download": 81.29, "avg_quality": 67.36}}, {"type": "Feature", "geometry": {"type": "Point", "coordinates": [76.73, 22.32]}, "properties": {"operator": "vi", "technology": "5G", "tests": 1, "avg_download": 57.08, "avg_quality": 51.68}}, {"type": "Feature", "geometry": {"type": "Point", "coordinates": [87.13, 17.77]}, "properties": {"operator": "vi", "technology": "4G", "tests": 1, "avg_download": 20.71, "avg_quality": 71.28}}, {"type": "Feature", "geometry": {"type": "Point", "coordinates": [79.57, 13.27]}, "properties": {"operator": "vi", "technology": "4G", "tests": 1, "avg_download": 21.16, "avg_quality": 72.59}}, {"type": "Feature", "geometry": {"type": "Point", "coordinates": [79.01, 26.94]}, "properties": {"operator": "airtel", "technology": "4G", "tests": 1, "avg_download": 16.7, "avg_quality": 45.77}}, {"type": "Feature", "geometry": {"type": "Point", "coordinates": [83.21, 18.52]}, "properties": {"operator": "airtel", "technology": "5G", "tests": 1, "avg_download": 36.84, "avg_quality": 67.13}}, {"type": "Feature", "geometry": {"type": "Point", "coordinates": [84.62, 13.1]}, "properties": {"operator": "vi", "technology": "4G", "tests": 1, "avg_download": 8.98, "avg_quality": 71.56}}, {"type": "Feature", "geometry": {"type": "Point", "coordinates": [89.22, 23.23]}, "properties": {"operator": "jio", "technology": "5G", "tests": 1, "avg_download": 81.91, "avg_quality": 70.85}}, {"type": "Feature", "geometry": {"type": "Point", "coordinates": [82.5, 22.45]}, "properties": {"operator": "vi", "technology": "4G", "tests": 1, "avg_download": 13.44, "avg_quality": 56.92}}, {"type": "Feature", "geometry": {"type": "Point", "coordinates": [90.38, 23.91]}, "properties": {"operator": "jio", "technology": "4G", "tests": 1, "avg_download": 43.76, "avg_quality": 76.74}}, {"type": "Feature", "geometry": {"type": "Point", "coordinates": [69.88, 12.21]}, "properties": {"operator": "airtel", "technology": "5G", "tests": 1, "avg_download": 60.65, "avg_quality": 72.42}}, {"type": "Feature", "geometry": {"type": "Point", "coordinates": [94.31, 10.77]}, "properties": {"operator": "jio", "technology": "4G", "tests": 1, "avg_download": 40.58, "avg_quality": 69.21}}, {"type": "Feature", "geometry": {"type": "Point", "coordinates": [85.3, 34.61]}, "properties": {"operator": "vi", "technology": "5G", "tests": 1, "avg_download": 81.55, "avg_quality": 81.28}}, {"type": "Feature", "geometry": {"type": "Point", "coordinates": [87.23, 10.31]}, "properties": {"operator": "vi", "technology": "5G", "tests": 1, "avg_download": 39.07, "avg_quality": 75.95}}, {"type": "Feature", "geometry": {"type": "Point", "coordinates": [85.63, 28.65]}, "properties": {"operator": "jio", "technology": "5G", "tests": 1, "avg_download": 85.79, "avg_quality": 84.37}}, {"type": "Feature", "geometry": {"type": "Point", "coordinates": [73.6, 25.37]}, "properties": {"operator": "jio", "technology": "5G", "tests": 1, "avg_download": 62.92, "avg_quality": 60.26}}, {"type": "Feature", "geometry": {"type": "Point", "coordinates": [85.83, 16.54]}, "properties": {"operator": "airtel", "technology": "5G", "tests": 1, "avg_download": 91.68, "avg_quality": 79.1}}, {"type": "Feature", "geometry": {"type": "Point", "coordinates": [79.07, 24.97]}, "properties": {"operator": "airtel", "technology": "5G", "tests": 1, "avg_download": 62.45, "avg_quality": 62.35}}, {"type": "Feature", "geometry": {"type": "Point", "coordinates": [84.15, 13.82]}, "properties": {"operator": "vi", "technology": "5G", "tests": 1, "avg_download": 66.98, "avg_quality": 58.76}}, {"type": "Feature", "geometry": {"type": "Point", "coordinates": [89.42, 14.62]}, "properties": {"operator": "vi", "technology": "4G", "tests": 1, "avg_download": 14.95, "avg_quality": 51.81}}, {"type": "Feature", "geometry": {"type": "Point", "coordinates": [81.35, 22.02]}, "properties": {"operator": "airtel", "technology": "4G", "tests": 1, "avg_download": 34.66, "avg_quality": 61.61}}, {"type": "Feature", "geometry": {"type": "Point", "coordinates": [74.38, 31.86]}, "properties": {"operator": "airtel", "technology": "4G", "tests": 1, "avg_download": 28.19, "avg_quality": 62.89}}, {"type": "Feature", "geometry": {"type": "Point", "coordinates": [87.82, 23.12]}, "properties": {"operator": "airtel", "technology": "4G", "tests": 1, "avg_download": 31.8, "avg_quality": 73.47}}, {"type": "Feature", "geometry": {"type": "Point", "coordinates": [90.89, 15.43]}, "properties": {"operator": "vi", "technology": "4G", "tests": 1, "avg_download": 16.05, "avg_quality": 55.55}}, {"type": "Feature", "geometry": {"type": "Point", "coordinates": [89.64, 31.24]}, "properties": {"operator": "vi", "technology": "4G", "tests": 1, "avg_download": 19.6, "avg_quality": 67.73}}, {"type": "Feature", "geometry": {"type": "Point", "coordinates": [91.01, 8.55]}, "properties": {"operator": "vi", "technology": "4G", "tests": 1, "avg_download": 18.95, "avg_quality": 59.89}}, {"type": "Feature", "geometry": {"type": "Point", "coordinates": [68.14, 28.73]}, "properties": {"operator": "vi", "technology": "5G", "tests": 1, "avg_download": 50.16, "avg_quality": 77.95}}, {"type": "Feature", "geometry": {"type": "Point", "coordinates": [83.83, 34.96]}, "properties": {"operator": "jio", "technology": "5G", "tests": 1, "avg_download": 89.53, "avg_quality": 90.02}}, {"type": "Feature", "geometry": {"type": "Point", "coordinates": [79.9, 18.5]}, "properties": {"operator": "jio", "technology": "5G", "tests": 1, "avg_download": 17.19, "avg_quality": 62.29}}, {"type": "Feature", "geometry": {"type": "Point", "coordinates": [77.88, 17.33]}, "properties": {"operator": "airtel", "technology": "4G", "tests": 1, "avg_download": 27.9, "avg_quality": 72.29}}, {"type": "Feature", "geometry": {"type": "Point", "coordinates": [93.26, 29.9]}, "properties": {"operator": "jio", "technology": "5G", "tests": 1, "avg_download": 131.9, "avg_quality": 87.55}}, {"type": "Feature", "geometry": {"type": "Point", "coordinates": [78.71, 35.78]}, "properties": {"operator": "jio", "technology": "5G", "tests": 1, "avg_download": 102.04, "avg_quality": 83.09}}, {"type": "Feature", "geometry": {"type": "Point", "coordinates": [95.81, 17.68]}, "properties": {"operator": "vi", "technology": "4G", "tests": 1, "avg_download": 16.25, "avg_quality": 72.3}}, {"type": "Feature", "geometry": {"type": "Point", "coordinates": [79.37, 15.06]}, "properties": {"operator": "jio", "technology": "4G", "tests": 1, "avg_download": 41.08, "avg_quality": 72.0}}, {"type": "Feature", "geometry": {"type": "Point", "coordinates": [80.31, 23.56]}, "properties": {"operator": "jio", "technology": "4G", "tests": 1, "avg_download": 35.0, "avg_quality": 47.74}}, {"type": "Feature", "geometry": {"type": "Point", "coordinates": [78.35, 9.97]}, "properties": {"operator": "jio", "technology": "5G", "tests": 1, "avg_download": 42.74, "avg_quality": 73.74}}, {"type": "Feature", "geometry": {"type": "Point", "coordinates": [89.63, 27.5]}, "properties": {"operator": "jio", "technology": "4G", "tests": 1, "avg_download": 9.84, "avg_quality": 67.86}}, {"type": "Feature", "geometry": {"type": "Point", "coordinates": [81.53, 34.62]}, "properties": {"operator": "airtel", "technology": "5G", "tests": 1, "avg_download": 73.8, "avg_quality": 84.14}}, {"type": "Feature", "geometry": {"type": "Point", "coordinates": [81.26, 34.37]}, "properties": {"operator": "airtel", "technology": "5G", "tests": 1, "avg_download": 70.27, "avg_quality": 85.54}}, {"type": "Feature", "geometry": {"type": "Point", "coordinates": [82.04, 24.94]}, "properties": {"operator": "airtel", "technology": "4G", "tests": 1, "avg_download": 17.38, "avg_quality": 48.17}}, {"type": "Feature", "geometry": {"type": "Point", "coordinates": [81.7, 18.47]}, "properties": {"operator": "jio", "technology": "5G", "tests": 1, "avg_download": 48.07, "avg_quality": 76.02}}, {"type": "Feature", "geometry": {"type": "Point", "coordinates": [89.32, 26.79]}, "properties": {"operator": "airtel", "technology": "4G", "tests": 1, "avg_download": 12.92, "avg_quality": 52.58}}, {"type": "Feature", "geometry": {"type": "Point", "coordinates": [94.46, 15.12]}, "properties": {"operator": "vi", "technology": "5G", "tests": 1, "avg_download": 55.19, "avg_quality": 75.81}}, {"type": "Feature", "geometry": {"type": "Point", "coordinates": [91.37, 29.04]}, "properties": {"operator": "airtel", "technology": "4G", "tests": 1, "avg_download": 31.86, "avg_quality": 67.96}}, {"type": "Feature", "geometry": {"type": "Point", "coordinates": [95.23, 8.95]}, "properties": {"operator": "airtel", "technology": "4G", "tests": 1, "avg_download": 27.85, "avg_quality": 50.91}}, {"type": "Feature", "geometry": {"type": "Point", "coordinates": [90.43, 29.25]}, "properties": {"operator": "jio", "technology": "5G", "tests": 1, "avg_download": 90.34, "avg_quality": 74.54}}, {"type": "Feature", "geometry": {"type": "Point", "coordinates": [92.1, 22.11]}, "properties": {"operator": "vi", "technology": "4G", "tests": 1, "avg_download": 14.68, "avg_quality": 77.17}}, {"type": "Feature", "geometry": {"type": "Point", "coordinates": [76.79, 10.85]}, "properties": {"operator": "vi", "technology": "4G", "tests": 1, "avg_download": 23.92, "avg_quality": 73.01}}, {"type": "Feature", "geometry": {"type": "Point", "coordinates": [70.65, 24.53]}, "properties": {"operator": "jio", "technology": "4G", "tests": 1, "avg_download": 29.94, "avg_quality": 64.1}}, {"type": "Feature", "geometry": {"type": "Point", "coordinates": [74.12, 27.44]}, "properties": {"operator": "airtel", "technology": "5G", "tests": 1, "avg_download": 47.67, "avg_quality": 67.11}}, {"type": "Feature", "geometry": {"type": "Point", "coordinates": [91.06, 27.2]}, "properties": {"operator": "vi", "technology": "5G", "tests": 1, "avg_download": 66.34, "avg_quality": 74.14}}, {"type": "Feature", "geometry": {"type": "Point", "coordinates": [95.69, 22.9]}, "properties": {"operator": "airtel", "technology": "5G", "tests": 1, "avg_download": 56.91, "avg_quality": 68.53}}, {"type": "Feature", "geometry": {"type": "Point", "coordinates": [90.8, 11.93]}, "properties": {"operator": "jio", "technology": "5G", "tests": 1, "avg_download": 84.66, "avg_quality": 75.58}}, {"type": "Feature", "geometry": {"type": "Point", "coordinates": [77.91, 33.88]}, "properties": {"operator": "airtel", "technology": "5G", "tests": 1, "avg_download": 49.59, "avg_quality": 65.15}}, {"type": "Feature", "geometry": {"type": "Point", "coordinates": [69.44, 30.69]}, "properties": {"operator": "vi", "technology": "5G", "tests": 1, "avg_download": 71.0, "avg_quality": 75.39}}, {"type": "Feature", "geometry": {"type": "Point", "coordinates": [89.95, 14.23]}, "properties": {"operator": "vi", "technology": "4G", "tests": 1, "avg_download": 22.67, "avg_quality": 43.01}}, {"type": "Feature", "geometry": {"type": "Point", "coordinates": [79.36, 22.83]}, "properties": {"operator": "jio", "technology": "4G", "tests": 1, "avg_download": 29.36, "avg_quality": 46.89}}, {"type": "Feature", "geometry": {"type": "Point", "coordinates": [95.36, 20.01]}, "properties": {"operator": "jio", "technology": "5G", "tests": 1, "avg_download": 85.24, "avg_quality": 81.88}}, {"type": "Feature", "geometry": {"type": "Point", "coordinates": [89.77, 23.93]}, "properties": {"operator": "jio", "technology": "4G", "tests": 1, "avg_download": 16.14, "avg_quality": 71.31}}, {"type": "Feature", "geometry": {"type": "Point", "coordinates": [88.35, 13.58]}, "properties": {"operator": "jio", "technology": "4G", "tests": 1, "avg_download": 33.54, "avg_quality": 50.53}}, {"type": "Feature", "geometry": {"type": "Point", "coordinates": [89.91, 8.43]}, "properties": {"operator": "airtel", "technology": "5G", "tests": 1, "avg_download": 98.09, "avg_quality": 73.21}}, {"type": "Feature", "geometry": {"type": "Point", "coordinates": [79.38, 29.7]}, "properties": {"operator": "jio", "technology": "4G", "tests": 1, "avg_download": 17.83, "avg_quality": 75.03}}, {"type": "Feature", "geometry": {"type": "Point", "coordinates": [73.85, 9.77]}, "properties": {"operator": "vi", "technology": "4G", "tests": 1, "avg_download": 1.0, "avg_quality": 70.46}}, {"type": "Feature", "geometry": {"type": "Point", "coordinates": [75.96, 15.89]}, "properties": {"operator": "jio", "technology": "4G", "tests": 1, "avg_download": 42.4, "avg_quality": 68.26}}, {"type": "Feature", "geometry": {"type": "Point", "coordinates": [78.57, 13.96]}, "properties": {"operator": "vi", "technology": "5G", "tests": 1, "avg_download": 67.44, "avg_quality": 67.26}}, {"type": "Feature", "geometry": {"type": "Point", "coordinates": [72.7, 21.79]}, "properties": {"operator": "airtel", "technology": "4G", "tests": 1, "avg_download": 22.4, "avg_quality": 68.24}}, {"type": "Feature", "geometry": {"type": "Point", "coordinates": [86.01, 29.95]}, "properties": {"operator": "airtel", "technology": "4G", "tests": 1, "avg_download": 18.35, "avg_quality": 77.77}}, {"type": "Feature", "geometry": {"type": "Point", "coordinates": [69.53, 19.12]}, "properties": {"operator": "airtel", "technology": "5G", "tests": 1, "avg_download": 66.82, "avg_quality": 68.07}}, {"type": "Feature", "geometry": {"type": "Point", "coordinates": [85.03, 32.26]}, "properties": {"operator": "jio", "technology": "4G", "tests": 1, "avg_download": 25.97, "avg_quality": 59.73}}, {"type": "Feature", "geometry": {"type": "Point", "coordinates": [74.14, 20.06]}, "properties": {"operator": "airtel", "technology": "5G", "tests": 1, "avg_download": 79.83, "avg_quality": 86.04}}, {"type": "Feature", "geometry": {"type": "Point", "coordinates": [85.97, 16.79]}, "properties": {"operator": "vi", "technology": "5G", "tests": 1, "avg_download": 32.1, "avg_quality": 84.04}}, {"type": "Feature", "geometry": {"type": "Point", "coordinates": [79.94, 8.33]}, "properties": {"operator": "jio", "technology": "4G", "tests": 1, "avg_download": 34.9, "avg_quality": 82.15}}, {"type": "Feature", "geometry": {"type": "Point", "coordinates": [86.88, 33.97]}, "properties": {"operator": "jio", "technology": "5G", "tests": 1, "avg_download": 100.73, "avg_quality": 81.15}}, {"type": "Feature", "geometry": {"type": "Point", "coordinates": [85.86, 34.43]}, "properties": {"operator": "jio", "technology": "5G", "tests": 1, "avg_download": 99.7, "avg_quality": 105.18}}, {"type": "Feature", "geometry": {"type": "Point", "coordinates": [81.36, 15.49]}, "properties": {"operator": "airtel", "technology": "5G", "tests": 1, "avg_download": 23.59, "avg_quality": 66.98}}, {"type": "Feature", "geometry": {"type": "Point", "coordinates": [80.78, 28.64]}, "properties": {"operator": "jio", "technology": "4G", "tests": 1, "avg_download": 25.42, "avg_quality": 59.3}}, {"type": "Feature", "geometry": {"type": "Point", "coordinates": [69.18, 31.1]}, "properties": {"operator": "vi", "technology": "4G", "tests": 1, "avg_download": 16.98, "avg_quality": 46.84}}, {"type": "Feature", "geometry": {"type": "Point", "coordinates": [93.14, 12.94]}, "properties": {"operator": "airtel", "technology": "4G", "tests": 1, "avg_download": 29.33, "avg_quality": 77.93}}, {"type": "Feature", "geometry": {"type": "Point", "coordinates": [95.58, 31.57]}, "properties": {"operator": "jio", "technology": "4G", "tests": 1, "avg_download": 40.23, "avg_quality": 66.07}}, {"type": "Feature", "geometry": {"type": "Point", "coordinates": [91.12, 9.44]}, "properties": {"operator": "airtel", "technology": "4G", "tests": 1, "avg_download": 29.3, "avg_quality": 53.83}}, {"type": "Feature", "geometry": {"type": "Point", "coordinates": [70.51, 11.34]}, "properties": {"operator": "jio", "technology": "5G", "tests": 1, "avg_download": 49.79, "avg_quality": 75.7}}, {"type": "Feature", "geometry": {"type": "Point", "coordinates": [76.41, 18.89]}, "properties": {"operator": "vi", "technology": "5G", "tests": 1, "avg_download": 64.69, "avg_quality": 88.76}}, {"type": "Feature", "geometry": {"type": "Point", "coordinates": [71.78, 10.62]}, "properties": {"operator": "vi", "technology": "5G", "tests": 1, "avg_download": 73.03, "avg_quality": 86.11}}, {"type": "Feature", "geometry": {"type": "Point", "coordinates": [94.58, 29.71]}, "properties": {"operator": "airtel", "technology": "5G", "tests": 1, "avg_download": 72.16, "avg_quality": 82.38}}, {"type": "Feature", "geometry": {"type": "Point", "coordinates": [78.74, 27.37]}, "properties": {"operator": "vi", "technology": "4G", "tests": 1, "avg_download": 14.63, "avg_quality": 50.43}}, {"type": "Feature", "geometry": {"type": "Point", "coordinates": [73.07, 21.42]}, "properties": {"operator": "airtel", "technology": "5G", "tests": 1, "avg_download": 27.59, "avg_quality": 65.24}}, {"type": "Feature", "geometry": {"type": "Point", "coordinates": [93.16, 19.69]}, "properties": {"operator": "airtel", "technology": "5G", "tests": 1, "avg_download": 79.64, "avg_quality": 89.93}}, {"type": "Feature", "geometry": {"type": "Point", "coordinates": [78.1, 26.61]}, "properties": {"operator": "vi", "technology": "5G", "tests": 1, "avg_download": 49.18, "avg_quality": 78.6}}, {"type": "Feature", "geometry": {"type": "Point", "coordinates": [88.37, 27.33]}, "properties": {"operator": "airtel", "technology": "5G", "tests": 1, "avg_download": 71.93, "avg_quality": 69.15}}, {"type": "Feature", "geometry": {"type": "Point", "coordinates": [89.46, 19.26]}, "properties": {"operator": "jio", "technology": "4G", "tests": 1, "avg_download": 20.52, "avg_quality": 61.75}}, {"type": "Feature", "geometry": {"type": "Point", "coordinates": [80.91, 29.63]}, "properties": {"operator": "jio", "technology": "4G", "tests": 1, "avg_download": 14.35, "avg_quality": 55.33}}, {"type": "Feature", "geometry": {"type": "Point", "coordinates": [85.38, 25.85]}, "properties": {"operator": "airtel", "technology": "5G", "tests": 1, "avg_download": 68.82, "avg_quality": 84.39}}, {"type": "Feature", "geometry": {"type": "Point", "coordinates": [80.09, 29.64]}, "properties": {"operator": "airtel", "technology": "5G", "tests": 1, "avg_download": 42.78, "avg_quality": 77.65}}, {"type": "Feature", "geometry": {"type": "Point", "coordinates": [85.83, 26.07]}, "properties": {"operator": "jio", "technology": "5G", "tests": 1, "avg_download": 111.36, "avg_quality": 102.46}}, {"type": "Feature", "geometry": {"type": "Point", "coordinates": [83.2, 35.69]}, "properties": {"operator": "vi", "technology": "4G", "tests": 1, "avg_download": 18.37, "avg_quality": 63.06}}, {"type": "Feature", "geometry": {"type": "Point", "coordinates": [91.6, 12.19]}, "properties": {"operator": "vi", "technology": "5G", "tests": 1, "avg_download": 24.61, "avg_quality": 51.36}}, {"type": "Feature", "geometry": {"type": "Point", "coordinates": [73.54, 15.51]}, "properties": {"operator": "airtel", "technology": "5G", "tests": 1, "avg_download": 58.75, "avg_quality": 82.62}}, {"type": "Feature", "geometry": {"type": "Point", "coordinates": [75.38, 8.95]}, "properties": {"operator": "jio", "technology": "5G", "tests": 1, "avg_download": 109.67, "avg_quality": 92.57}}, {"type": "Feature", "geometry": {"type": "Point", "coordinates": [78.31, 12.13]}, "properties": {"operator": "airtel", "technology": "4G", "tests": 1, "avg_download": 34.03, "avg_quality": 71.84}}, {"type": "Feature", "geometry": {"type": "Point", "coordinates": [76.75, 20.28]}, "properties": {"operator": "vi", "technology": "4G", "tests": 1, "avg_download": 19.18, "avg_quality": 68.8}}, {"type": "Feature", "geometry": {"type": "Point", "coordinates": [70.88, 35.0]}, "properties": {"operator": "jio", "technology": "5G", "tests": 1, "avg_download": 116.13, "avg_quality": 81.51}}, {"type": "Feature", "geometry": {"type": "Point", "coordinates": [85.66, 24.61]}, "properties": {"operator": "jio", "technology": "4G", "tests": 1, "avg_download": 14.31, "avg_quality": 64.95}}, {"type": "Feature", "geometry": {"type": "Point", "coordinates": [74.36, 15.36]}, "properties": {"operator": "airtel", "technology": "5G", "tests": 1, "avg_download": 27.53, "avg_quality": 71.47}}, {"type": "Feature", "geometry": {"type": "Point", "coordinates": [78.01, 17.91]}, "properties": {"operator": "airtel", "technology": "4G", "tests": 1, "avg_download": 20.49, "avg_quality": 45.81}}, {"type": "Feature", "geometry": {"type": "Point", "coordinates": [72.01, 22.02]}, "properties": {"operator": "jio", "technology": "5G", "tests": 1, "avg_download": 81.14, "avg_quality": 96.2}}, {"type": "Feature", "geometry": {"type": "Point", "coordinates": [79.7, 32.52]}, "properties": {"operator": "airtel", "technology": "4G", "tests": 1, "avg_download": 18.63, "avg_quality": 75.05}}, {"type": "Feature", "geometry": {"type": "Point", "coordinates": [70.8, 32.85]}, "properties": {"operator": "airtel", "technology": "4G", "tests": 1, "avg_download": 21.0, "avg_quality": 42.77}}, {"type": "Feature", "geometry": {"type": "Point", "coordinates": [71.09, 25.93]}, "properties": {"operator": "airtel", "technology": "5G", "tests": 1, "avg_download": 46.56, "avg_quality": 55.8}}, {"type": "Feature", "geometry": {"type": "Point", "coordinates": [72.62, 27.73]}, "properties": {"operator": "airtel", "technology": "4G", "tests": 1, "avg_download": 28.39, "avg_quality": 44.88}}, {"type": "Feature", "geometry": {"type": "Point", "coordinates": [92.76, 24.28]}, "properties": {"operator": "jio", "technology": "5G", "tests": 1, "avg_download": 25.01, "avg_quality": 80.52}}, {"type": "Feature", "geometry": {"type": "Point", "coordinates": [83.36, 19.08]}, "properties": {"operator": "airtel", "technology": "5G", "tests": 1, "avg_download": 76.73, "avg_quality": 80.01}}, {"type": "Feature", "geometry": {"type": "Point", "coordinates": [74.33, 29.28]}, "properties": {"operator": "jio", "technology": "4G", "tests": 1, "avg_download": 25.05, "avg_quality": 60.21}}, {"type": "Feature", "geometry": {"type": "Point", "coordinates": [72.86, 11.96]}, "properties": {"operator": "jio", "technology": "5G", "tests": 1, "avg_download": 113.78, "avg_quality": 87.86}}, {"type": "Feature", "geometry": {"type": "Point", "coordinates": [83.7, 12.06]}, "properties": {"operator": "jio", "technology": "4G", "tests": 1, "avg_download": 12.75, "avg_quality": 54.55}}, {"type": "Feature", "geometry": {"type": "Point", "coordinates": [89.48, 24.83]}, "properties": {"operator": "airtel", "technology": "5G", "tests": 1, "avg_download": 99.88, "avg_quality": 81.32}}, {"type": "Feature", "geometry": {"type": "Point", "coordinates": [85.33, 11.71]}, "properties": {"operator": "airtel", "technology": "4G", "tests": 1, "avg_download": 22.23, "avg_quality": 43.0}}, {"type": "Feature", "geometry": {"type": "Point", "coordinates": [80.39, 14.8]}, "properties": {"operator": "vi", "technology": "4G", "tests": 1, "avg_download": 16.57, "avg_quality": 62.09}}, {"type": "Feature", "geometry": {"type": "Point", "coordinates": [87.63, 22.19]}, "properties": {"operator": "airtel", "technology": "4G", "tests": 1, "avg_download": 30.31, "avg_quality": 61.9}}, {"type": "Feature", "geometry": {"type": "Point", "coordinates": [95.55, 10.84]}, "properties": {"operator": "jio", "technology": "5G", "tests": 1, "avg_download": 103.88, "avg_quality": 98.02}}, {"type": "Feature", "geometry": {"type": "Point", "coordinates": [87.36, 18.52]}, "properties": {"operator": "vi", "technology": "5G", "tests": 1, "avg_download": 62.71, "avg_quality": 62.95}}, {"type": "Feature", "geometry": {"type": "Point", "coordinates": [95.85, 27.06]}, "properties": {"operator": "airtel", "technology": "5G", "tests": 1, "avg_download": 78.68, "avg_quality": 83.26}}, {"type": "Feature", "geometry": {"type": "Point", "coordinates": [68.18, 23.9]}, "properties": {"operator": "airtel", "technology": "4G", "tests": 1, "avg_download": 28.84, "avg_quality": 63.49}}, {"type": "Feature", "geometry": {"type": "Point", "coordinates": [73.25, 33.29]}, "properties": {"operator": "airtel", "technology": "4G", "tests": 1, "avg_download": 28.97, "avg_quality": 71.84}}, {"type": "Feature", "geometry": {"type": "Point", "coordinates": [94.51, 35.14]}, "properties": {"operator": "vi", "technology": "4G", "tests": 1, "avg_download": 16.7, "avg_quality": 53.66}}, {"type": "Feature", "geometry": {"type": "Point", "coordinates": [92.99, 30.88]}, "properties": {"operator": "jio", "technology": "4G", "tests": 1, "avg_download": 17.43, "avg_quality": 73.07}}, {"type": "Feature", "geometry": {"type": "Point", "coordinates": [76.12, 14.69]}, "properties": {"operator": "airtel", "technology": "4G", "tests": 1, "avg_download": 16.2, "avg_quality": 63.63}}, {"type": "Feature", "geometry": {"type": "Point", "coordinates": [72.95, 14.22]}, "properties": {"operator": "airtel", "technology": "4G", "tests": 1, "avg_download": 37.14, "avg_quality": 53.36}}, {"type": "Feature", "geometry": {"type": "Point", "coordinates": [82.76, 22.27]}, "properties": {"operator": "vi", "technology": "4G", "tests": 1, "avg_download": 15.59, "avg_quality": 57.79}}, {"type": "Feature", "geometry": {"type": "Point", "coordinates": [81.09, 31.15]}, "properties": {"operator": "airtel", "technology": "4G", "tests": 1, "avg_download": 33.64, "avg_quality": 74.34}}, {"type": "Feature", "geometry": {"type": "Point", "coordinates": [69.96, 17.0]}, "properties": {"operator": "airtel", "technology": "4G", "tests": 1, "avg_download": 22.57, "avg_quality": 65.57}}, {"type": "Feature", "geometry": {"type": "Point", "coordinates": [92.25, 35.71]}, "properties": {"operator": "vi", "technology": "5G", "tests": 1, "avg_download": 73.91, "avg_quality": 88.24}}, {"type": "Feature", "geometry": {"type": "Point", "coordinates": [83.84, 35.47]}, "properties": {"operator": "jio", "technology": "5G", "tests": 1, "avg_download": 68.83, "avg_quality": 78.44}}, {"type": "Feature", "geometry": {"type": "Point", "coordinates": [74.21, 15.59]}, "properties": {"operator": "airtel", "technology": "5G", "tests": 1, "avg_download": 39.86, "avg_quality": 74.66}}, {"type": "Feature", "geometry": {"type": "Point", "coordinates": [91.98, 28.29]}, "properties": {"operator": "airtel", "technology": "4G", "tests": 1, "avg_download": 25.65, "avg_quality": 65.84}}, {"type": "Feature", "geometry": {"type": "Point", "coordinates": [78.29, 15.87]}, "properties": {"operator": "airtel", "technology": "4G", "tests": 1, "avg_download": 17.65, "avg_quality": 69.03}}, {"type": "Feature", "geometry": {"type": "Point", "coordinates": [71.71, 10.58]}, "properties": {"operator": "jio", "technology": "4G", "tests": 1, "avg_download": 31.45, "avg_quality": 74.45}}, {"type": "Feature", "geometry": {"type": "Point", "coordinates": [84.79, 12.21]}, "properties": {"operator": "jio", "technology": "4G", "tests": 1, "avg_download": 26.4, "avg_quality": 60.04}}, {"type": "Feature", "geometry": {"type": "Point", "coordinates": [71.89, 23.55]}, "properties": {"operator": "airtel", "technology": "4G", "tests": 1, "avg_download": 20.47, "avg_quality": 65.45}}, {"type": "Feature", "geometry": {"type": "Point", "coordinates": [95.06, 16.36]}, "properties": {"operator": "jio", "technology": "4G", "tests": 1, "avg_download": 18.32, "avg_quality": 54.47}}, {"type": "Feature", "geometry": {"type": "Point", "coordinates": [83.11, 31.28]}, "properties": {"operator": "airtel", "technology": "4G", "tests": 1, "avg_download": 36.95, "avg_quality": 74.84}}, {"type": "Feature", "geometry": {"type": "Point", "coordinates": [68.06, 10.49]}, "properties": {"operator": "jio", "technology": "5G", "tests": 1, "avg_download": 58.15, "avg_quality": 73.33}}, {"type": "Feature", "geometry": {"type": "Point", "coordinates": [82.09, 27.97]}, "properties": {"operator": "airtel", "technology": "5G", "tests": 1, "avg_download": 67.16, "avg_quality": 78.48}}, {"type": "Feature", "geometry": {"type": "Point", "coordinates": [72.01, 21.01]}, "properties": {"operator": "jio", "technology": "5G", "tests": 1, "avg_download": 47.57, "avg_quality": 64.69}}, {"type": "Feature", "geometry": {"type": "Point", "coordinates": [74.9, 13.29]}, "properties": {"operator": "vi", "technology": "5G", "tests": 1, "avg_download": 50.2, "avg_quality": 72.79}}, {"type": "Feature", "geometry": {"type": "Point", "coordinates": [83.41, 21.07]}, "properties": {"operator": "jio", "technology": "4G", "tests": 1, "avg_download": 27.6, "avg_quality": 70.42}}, {"type": "Feature", "geometry": {"type": "Point", "coordinates": [86.99, 18.78]}, "properties": {"operator": "airtel", "technology": "5G", "tests": 1, "avg_download": 88.19, "avg_quality": 85.5}}, {"type": "Feature", "geometry": {"type": "Point", "coordinates": [68.62, 34.31]}, "properties": {"operator": "vi", "technology": "5G", "tests": 1, "avg_download": 28.53, "avg_quality": 48.84}}, {"type": "Feature", "geometry": {"type": "Point", "coordinates": [77.14, 26.83]}, "properties": {"operator": "jio", "technology": "4G", "tests": 1, "avg_download": 35.16, "avg_quality": 70.12}}, {"type": "Feature", "geometry": {"type": "Point", "coordinates": [75.53, 11.66]}, "properties": {"operator": "vi", "technology": "4G", "tests": 1, "avg_download": 15.09, "avg_quality": 62.46}}, {"type": "Feature", "geometry": {"type": "Point", "coordinates": [73.64, 22.06]}, "properties": {"operator": "vi", "technology": "4G", "tests": 1, "avg_download": 26.87, "avg_quality": 53.0}}, {"type": "Feature", "geometry": {"type": "Point", "coordinates": [90.59, 18.9]}, "properties": {"operator": "airtel", "technology": "4G", "tests": 1, "avg_download": 23.07, "avg_quality": 83.94}}, {"type": "Feature", "geometry": {"type": "Point", "coordinates": [69.6, 19.0]}, "properties": {"operator": "airtel", "technology": "4G", "tests": 1, "avg_download": 19.35, "avg_quality": 65.8}}, {"type": "Feature", "geometry": {"type": "Point", "coordinates": [89.69, 9.79]}, "properties": {"operator": "jio", "technology": "4G", "tests": 1, "avg_download": 33.06, "avg_quality": 70.14}}, {"type": "Feature", "geometry": {"type": "Point", "coordinates": [81.45, 31.79]}, "properties": {"operator": "vi", "technology": "5G", "tests": 1, "avg_download": 54.0, "avg_quality": 72.33}}, {"type": "Feature", "geometry": {"type": "Point", "coordinates": [83.02, 12.31]}, "properties": {"operator": "jio", "technology": "5G", "tests": 1, "avg_download": 114.91, "avg_quality": 96.2}}, {"type": "Feature", "geometry": {"type": "Point", "coordinates": [87.99, 11.07]}, "properties": {"operator": "jio", "technology": "5G", "tests": 1, "avg_download": 57.23, "avg_quality": 95.44}}, {"type": "Feature", "geometry": {"type": "Point", "coordinates": [92.69, 28.29]}, "properties": {"operator": "jio", "technology": "5G", "tests": 1, "avg_download": 38.04, "avg_quality": 65.21}}, {"type": "Feature", "geometry": {"type": "Point", "coordinates": [69.19, 18.72]}, "properties": {"operator": "airtel", "technology": "4G", "tests": 1, "avg_download": 12.78, "avg_quality": 52.64}}, {"type": "Feature", "geometry": {"type": "Point", "coordinates": [82.27, 18.37]}, "properties": {"operator": "airtel", "technology": "4G", "tests": 1, "avg_download": 16.72, "avg_quality": 49.03}}, {"type": "Feature", "geometry": {"type": "Point", "coordinates": [83.31, 26.36]}, "properties": {"operator": "vi", "technology": "4G", "tests": 1, "avg_download": 25.92, "avg_quality": 82.31}}, {"type": "Feature", "geometry": {"type": "Point", "coordinates": [68.81, 15.63]}, "properties": {"operator": "vi", "technology": "5G", "tests": 1, "avg_download": 64.87, "avg_quality": 68.2}}, {"type": "Feature", "geometry": {"type": "Point", "coordinates": [68.46, 13.44]}, "properties": {"operator": "jio", "technology": "4G", "tests": 1, "avg_download": 19.7, "avg_quality": 51.76}}, {"type": "Feature", "geometry": {"type": "Point", "coordinates": [90.58, 34.39]}, "properties": {"operator": "jio", "technology": "5G", "tests": 1, "avg_download": 82.06, "avg_quality": 83.95}}, {"type": "Feature", "geometry": {"type": "Point", "coordinates": [72.58, 31.63]}, "properties": {"operator": "jio", "technology": "5G", "tests": 1, "avg_download": 103.17, "avg_quality": 77.18}}, {"type": "Feature", "geometry": {"type": "Point", "coordinates": [89.8, 18.22]}, "properties": {"operator": "airtel", "technology": "4G", "tests": 1, "avg_download": 15.55, "avg_quality": 55.74}}, {"type": "Feature", "geometry": {"type": "Point", "coordinates": [77.71, 19.95]}, "properties": {"operator": "vi", "technology": "4G", "tests": 1, "avg_download": 11.79, "avg_quality": 72.63}}, {"type": "Feature", "geometry": {"type": "Point", "coordinates": [71.86, 23.41]}, "properties": {"operator": "jio", "technology": "5G", "tests": 1, "avg_download": 121.14, "avg_quality": 92.47}}, {"type": "Feature", "geometry": {"type": "Point", "coordinates": [81.88, 29.01]}, "properties": {"operator": "jio", "technology": "5G", "tests": 1, "avg_download": 105.96, "avg_quality": 105.43}}, {"type": "Feature", "geometry": {"type": "Point", "coordinates": [72.35, 23.34]}, "properties": {"operator": "vi", "technology": "4G", "tests": 1, "avg_download": 35.64, "avg_quality": 50.9}}, {"type": "Feature", "geometry": {"type": "Point", "coordinates": [71.96, 19.16]}, "properties": {"operator": "airtel", "technology": "5G", "tests": 1, "avg_download": 78.89, "avg_quality": 72.7}}, {"type": "Feature", "geometry": {"type": "Point", "coordinates": [80.81, 11.66]}, "properties": {"operator": "jio", "technology": "5G", "tests": 1, "avg_download": 100.33, "avg_quality": 94.58}}, {"type": "Feature", "geometry": {"type": "Point", "coordinates": [86.21, 25.77]}, "properties": {"operator": "vi", "technology": "4G", "tests": 1, "avg_download": 16.54, "avg_quality": 59.56}}, {"type": "Feature", "geometry": {"type": "Point", "coordinates": [73.01, 33.63]}, "properties": {"operator": "vi", "technology": "4G", "tests": 1, "avg_download": 15.5, "avg_quality": 49.85}}, {"type": "Feature", "geometry": {"type": "Point", "coordinates": [72.54, 31.91]}, "properties": {"operator": "vi", "technology": "5G", "tests": 1, "avg_download": 65.53, "avg_quality": 50.04}}, {"type": "Feature", "geometry": {"type": "Point", "coordinates": [95.13, 12.0]}, "properties": {"operator": "airtel", "technology": "5G", "tests": 1, "avg_download": 60.09, "avg_quality": 69.49}}, {"type": "Feature", "geometry": {"type": "Point", "coordinates": [90.96, 29.1]}, "properties": {"operator": "vi", "technology": "4G", "tests": 1, "avg_download": 12.17, "avg_quality": 69.85}}, {"type": "Feature", "geometry": {"type": "Point", "coordinates": [91.48, 16.25]}, "properties": {"operator": "vi", "technology": "4G", "tests": 1, "avg_download": 11.95, "avg_quality": 58.19}}, {"type": "Feature", "geometry": {"type": "Point", "coordinates": [88.23, 34.21]}, "properties": {"operator": "airtel", "technology": "5G", "tests": 1, "avg_download": 68.99, "avg_quality": 94.14}}, {"type": "Feature", "geometry": {"type": "Point", "coordinates": [68.4, 16.72]}, "properties": {"operator": "airtel", "technology": "4G", "tests": 1, "avg_download": 17.7, "avg_quality": 70.4}}, {"type": "Feature", "geometry": {"type": "Point", "coordinates": [90.27, 23.35]}, "properties": {"operator": "vi", "technology": "4G", "tests": 1, "avg_download": 15.96, "avg_quality": 61.72}}, {"type": "Feature", "geometry": {"type": "Point", "coordinates": [76.77, 35.6]}, "properties": {"operator": "vi", "technology": "4G", "tests": 1, "avg_download": 17.45, "avg_quality": 65.7}}, {"type": "Feature", "geometry": {"type": "Point", "coordinates": [82.81, 19.35]}, "properties": {"operator": "airtel", "technology": "4G", "tests": 1, "avg_download": 22.08, "avg_quality": 82.56}}, {"type": "Feature", "geometry": {"type": "Point", "coordinates": [81.02, 10.47]}, "properties": {"operator": "vi", "technology": "4G", "tests": 1, "avg_download": 14.59, "avg_quality": 63.23}}, {"type": "Feature", "geometry": {"type": "Point", "coordinates": [77.39, 19.97]}, "properties": {"operator": "airtel", "technology": "5G", "tests": 1, "avg_download": 74.22, "avg_quality": 73.16}}, {"type": "Feature", "geometry": {"type": "Point", "coordinates": [90.94, 21.36]}, "properties": {"operator": "airtel", "technology": "4G", "tests": 1, "avg_download": 17.62, "avg_quality": 57.0}}, {"type": "Feature", "geometry": {"type": "Point", "coordinates": [78.98, 12.64]}, "properties": {"operator": "jio", "technology": "5G", "tests": 1, "avg_download": 106.04, "avg_quality": 74.74}}, {"type": "Feature", "geometry": {"type": "Point", "coordinates": [71.93, 25.76]}, "properties": {"operator": "jio", "technology": "5G", "tests": 1, "avg_download": 53.51, "avg_quality": 74.6}}, {"type": "Feature", "geometry": {"type": "Point", "coordinates": [95.98, 24.16]}, "properties": {"operator": "airtel", "technology": "5G", "tests": 1, "avg_download": 28.1, "avg_quality": 75.93}}, {"type": "Feature", "geometry": {"type": "Point", "coordinates": [95.22, 13.81]}, "properties": {"operator": "airtel", "technology": "4G", "tests": 1, "avg_download": 14.45, "avg_quality": 72.53}}, {"type": "Feature", "geometry": {"type": "Point", "coordinates": [72.2, 25.52]}, "properties": {"operator": "airtel", "technology": "5G", "tests": 1, "avg_download": 41.56, "avg_quality": 72.35}}, {"type": "Feature", "geometry": {"type": "Point", "coordinates": [81.61, 28.33]}, "properties": {"operator": "vi", "technology": "5G", "tests": 1, "avg_download": 76.04, "avg_quality": 59.14}}, {"type": "Feature", "geometry": {"type": "Point", "coordinates": [85.13, 16.8]}, "properties": {"operator": "vi", "technology": "5G", "tests": 1, "avg_download": 45.09, "avg_quality": 89.63}}, {"type": "Feature", "geometry": {"type": "Point", "coordinates": [83.42, 17.39]}, "properties": {"operator": "jio", "technology": "4G", "tests": 1, "avg_download": 33.27, "avg_quality": 40.96}}, {"type": "Feature", "geometry": {"type": "Point", "coordinates": [80.27, 19.32]}, "properties": {"operator": "vi", "technology": "4G", "tests": 1, "avg_download": 20.24, "avg_quality": 63.52}}, {"type": "Feature", "geometry": {"type": "Point", "coordinates": [88.55, 23.26]}, "properties": {"operator": "vi", "technology": "4G", "tests": 1, "avg_download": 14.58, "avg_quality": 74.59}}, {"type": "Feature", "geometry": {"type": "Point", "coordinates": [69.39, 9.29]}, "properties": {"operator": "vi", "technology": "5G", "tests": 1, "avg_download": 63.9, "avg_quality": 64.81}}, {"type": "Feature", "geometry": {"type": "Point", "coordinates": [85.99, 33.36]}, "properties": {"operator": "vi", "technology": "4G", "tests": 1, "avg_download": 13.01, "avg_quality": 46.71}}, {"type": "Feature", "geometry": {"type": "Point", "coordinates": [74.51, 29.68]}, "properties": {"operator": "airtel", "technology": "5G", "tests": 1, "avg_download": 68.69, "avg_quality": 61.64}}, {"type": "Feature", "geometry": {"type": "Point", "coordinates": [86.78, 25.25]}, "properties": {"operator": "jio", "technology": "5G", "tests": 1, "avg_download": 71.73, "avg_quality": 82.34}}, {"type": "Feature", "geometry": {"type": "Point", "coordinates": [79.66, 8.82]}, "properties": {"operator": "vi", "technology": "4G", "tests": 1, "avg_download": 14.69, "avg_quality": 62.5}}, {"type": "Feature", "geometry": {"type": "Point", "coordinates": [95.66, 22.56]}, "properties": {"operator": "vi", "technology": "4G", "tests": 1, "avg_download": 19.86, "avg_quality": 72.32}}, {"type": "Feature", "geometry": {"type": "Point", "coordinates": [76.79, 17.35]}, "properties": {"operator": "jio", "technology": "4G", "tests": 1, "avg_download": 36.78, "avg_quality": 70.99}}, {"type": "Feature", "geometry": {"type": "Point", "coordinates": [82.98, 33.62]}, "properties": {"operator": "airtel", "technology": "5G", "tests": 1, "avg_download": 80.96, "avg_quality": 91.4}}, {"type": "Feature", "geometry": {"type": "Point", "coordinates": [95.29, 31.56]}, "properties": {"operator": "vi", "technology": "4G", "tests": 1, "avg_download": 24.86, "avg_quality": 56.42}}, {"type": "Feature", "geometry": {"type": "Point", "coordinates": [69.93, 29.78]}, "properties": {"operator": "vi", "technology": "5G", "tests": 1, "avg_download": 47.83, "avg_quality": 83.54}}, {"type": "Feature", "geometry": {"type": "Point", "coordinates": [90.24, 18.2]}, "properties": {"operator": "vi", "technology": "5G", "tests": 1, "avg_download": 67.47, "avg_quality": 67.8}}, {"type": "Feature", "geometry": {"type": "Point", "coordinates": [89.09, 10.05]}, "properties": {"operator": "vi", "technology": "5G", "tests": 1, "avg_download": 72.44, "avg_quality": 70.01}}, {"type": "Feature", "geometry": {"type": "Point", "coordinates": [77.35, 12.78]}, "properties": {"operator": "airtel", "technology": "4G", "tests": 1, "avg_download": 26.53, "avg_quality": 42.95}}, {"type": "Feature", "geometry": {"type": "Point", "coordinates": [76.44, 32.81]}, "properties": {"operator": "airtel", "technology": "4G", "tests": 1, "avg_download": 29.39, "avg_quality": 69.16}}, {"type": "Feature", "geometry": {"type": "Point", "coordinates": [87.04, 35.79]}, "properties": {"operator": "airtel", "technology": "5G", "tests": 1, "avg_download": 114.68, "avg_quality": 81.15}}, {"type": "Feature", "geometry": {"type": "Point", "coordinates": [75.99, 34.72]}, "properties": {"operator": "vi", "technology": "5G", "tests": 1, "avg_download": 82.78, "avg_quality": 81.4}}, {"type": "Feature", "geometry": {"type": "Point", "coordinates": [68.17, 12.33]}, "properties": {"operator": "jio", "technology": "5G", "tests": 1, "avg_download": 81.76, "avg_quality": 88.6}}, {"type": "Feature", "geometry": {"type": "Point", "coordinates": [82.45, 23.62]}, "properties": {"operator": "jio", "technology": "5G", "tests": 1, "avg_download": 109.44, "avg_quality": 75.08}}, {"type": "Feature", "geometry": {"type": "Point", "coordinates": [68.43, 25.98]}, "properties": {"operator": "airtel", "technology": "4G", "tests": 1, "avg_download": 34.03, "avg_quality": 53.63}}, {"type": "Feature", "geometry": {"type": "Point", "coordinates": [76.75, 35.6]}, "properties": {"operator": "jio", "technology": "5G", "tests": 1, "avg_download": 56.08, "avg_quality": 72.41}}, {"type": "Feature", "geometry": {"type": "Point", "coordinates": [85.18, 13.06]}, "properties": {"operator": "vi", "technology": "5G", "tests": 1, "avg_download": 62.58, "avg_quality": 67.73}}, {"type": "Feature", "geometry": {"type": "Point", "coordinates": [84.62, 30.67]}, "properties": {"operator": "jio", "technology": "5G", "tests": 1, "avg_download": 54.7, "avg_quality": 87.34}}, {"type": "Feature", "geometry": {"type": "Point", "coordinates": [88.96, 33.7]}, "properties": {"operator": "airtel", "technology": "4G", "tests": 1, "avg_download": 26.25, "avg_quality": 62.44}}, {"type": "Feature", "geometry": {"type": "Point", "coordinates": [77.18, 10.25]}, "properties": {"operator": "vi", "technology": "4G", "tests": 1, "avg_download": 22.85, "avg_quality": 60.09}}, {"type": "Feature", "geometry": {"type": "Point", "coordinates": [79.3, 24.57]}, "properties": {"operator": "jio", "technology": "4G", "tests": 1, "avg_download": 35.76, "avg_quality": 67.71}}, {"type": "Feature", "geometry": {"type": "Point", "coordinates": [73.7, 33.51]}, "properties": {"operator": "airtel", "technology": "4G", "tests": 1, "avg_download": 30.65, "avg_quality": 77.98}}, {"type": "Feature", "geometry": {"type": "Point", "coordinates": [73.54, 28.49]}, "properties": {"operator": "jio", "technology": "5G", "tests": 1, "avg_download": 78.11, "avg_quality": 94.4}}, {"type": "Feature", "geometry": {"type": "Point", "coordinates": [68.1, 29.59]}, "properties": {"operator": "airtel", "technology": "5G", "tests": 1, "avg_download": 71.57, "avg_quality": 70.35}}, {"type": "Feature", "geometry": {"type": "Point", "coordinates": [69.96, 14.79]}, "properties": {"operator": "airtel", "technology": "5G", "tests": 1, "avg_download": 56.61, "avg_quality": 88.73}}, {"type": "Feature", "geometry": {"type": "Point", "coordinates": [78.61, 25.61]}, "properties": {"operator": "jio", "technology": "4G", "tests": 1, "avg_download": 10.38, "avg_quality": 46.7}}, {"type": "Feature", "geometry": {"type": "Point", "coordinates": [78.08, 27.52]}, "properties": {"operator": "jio", "technology": "5G", "tests": 1, "avg_download": 83.46, "avg_quality": 87.07}}, {"type": "Feature", "geometry": {"type": "Point", "coordinates": [74.1, 14.45]}, "properties": {"operator": "vi", "technology": "4G", "tests": 1, "avg_download": 10.68, "avg_quality": 62.98}}, {"type": "Feature", "geometry": {"type": "Point", "coordinates": [90.46, 24.93]}, "properties": {"operator": "vi", "technology": "4G", "tests": 1, "avg_download": 20.81, "avg_quality": 46.3}}, {"type": "Feature", "geometry": {"type": "Point", "coordinates": [91.45, 25.27]}, "properties": {"operator": "airtel", "technology": "5G", "tests": 1, "avg_download": 83.1, "avg_quality": 56.29}}, {"type": "Feature", "geometry": {"type": "Point", "coordinates": [69.47, 16.74]}, "properties": {"operator": "jio", "technology": "5G", "tests": 1, "avg_download": 106.58, "avg_quality": 100.14}}, {"type": "Feature", "geometry": {"type": "Point", "coordinates": [91.89, 24.97]}, "properties": {"operator": "vi", "technology": "5G", "tests": 1, "avg_download": 12.28, "avg_quality": 78.05}}, {"type": "Feature", "geometry": {"type": "Point", "coordinates": [78.94, 33.24]}, "properties": {"operator": "airtel", "technology": "5G", "tests": 1, "avg_download": 66.23, "avg_quality": 68.94}}, {"type": "Feature", "geometry": {"type": "Point", "coordinates": [87.7, 35.57]}, "properties": {"operator": "jio", "technology": "5G", "tests": 1, "avg_download": 73.31, "avg_quality": 78.61}}, {"type": "Feature", "geometry": {"type": "Point", "coordinates": [83.48, 35.69]}, "properties": {"operator": "vi", "technology": "4G", "tests": 1, "avg_download": 16.72, "avg_quality": 52.1}}, {"type": "Feature", "geometry": {"type": "Point", "coordinates": [88.77, 32.59]}, "properties": {"operator": "jio", "technology": "5G", "tests": 1, "avg_download": 108.95, "avg_quality": 75.06}}, {"type": "Feature", "geometry": {"type": "Point", "coordinates": [72.87, 30.62]}, "properties": {"operator": "airtel", "technology": "4G", "tests": 1, "avg_download": 24.15, "avg_quality": 52.13}}, {"type": "Feature", "geometry": {"type": "Point", "coordinates": [89.44, 33.8]}, "properties": {"operator": "jio", "technology": "5G", "tests": 1, "avg_download": 76.69, "avg_quality": 88.69}}, {"type": "Feature", "geometry": {"type": "Point", "coordinates": [89.26, 30.81]}, "properties": {"operator": "vi", "technology": "5G", "tests": 1, "avg_download": 44.79, "avg_quality": 71.76}}, {"type": "Feature", "geometry": {"type": "Point", "coordinates": [89.52, 32.61]}, "properties": {"operator": "airtel", "technology": "5G", "tests": 1, "avg_download": 119.54, "avg_quality": 70.4}}, {"type": "Feature", "geometry": {"type": "Point", "coordinates": [92.31, 15.19]}, "properties": {"operator": "jio", "technology": "4G", "tests": 1, "avg_download": 20.77, "avg_quality": 66.02}}, {"type": "Feature", "geometry": {"type": "Point", "coordinates": [75.8, 10.64]}, "properties": {"operator": "vi", "technology": "4G", "tests": 1, "avg_download": 19.78, "avg_quality": 39.82}}, {"type": "Feature", "geometry": {"type": "Point", "coordinates": [75.96, 14.71]}, "properties": {"operator": "airtel", "technology": "5G", "tests": 1, "avg_download": 103.82, "avg_quality": 81.22}}, {"type": "Feature", "geometry": {"type": "Point", "coordinates": [92.67, 16.91]}, "properties": {"operator": "vi", "technology": "4G", "tests": 1, "avg_download": 12.78, "avg_quality": 45.49}}, {"type": "Feature", "geometry": {"type": "Point", "coordinates": [83.76, 28.7]}, "properties": {"operator": "airtel", "technology": "5G", "tests": 1, "avg_download": 52.96, "avg_quality": 81.47}}, {"type": "Feature", "geometry": {"type": "Point", "coordinates": [79.32, 27.8]}, "properties": {"operator": "vi", "technology": "4G", "tests": 1, "avg_download": 19.02, "avg_quality": 57.34}}, {"type": "Feature", "geometry": {"type": "Point", "coordinates": [69.13, 33.9]}, "properties": {"operator": "jio", "technology": "5G", "tests": 1, "avg_download": 48.43, "avg_quality": 66.14}}, {"type": "Feature", "geometry": {"type": "Point", "coordinates": [71.87, 33.43]}, "properties": {"operator": "airtel", "technology": "5G", "tests": 1, "avg_download": 77.87, "avg_quality": 86.02}}, {"type": "Feature", "geometry": {"type": "Point", "coordinates": [88.59, 14.86]}, "properties": {"operator": "airtel", "technology": "4G", "tests": 1, "avg_download": 25.66, "avg_quality": 61.37}}, {"type": "Feature", "geometry": {"type": "Point", "coordinates": [93.28, 21.56]}, "properties": {"operator": "airtel", "technology": "4G", "tests": 1, "avg_download": 22.75, "avg_quality": 43.54}}, {"type": "Feature", "geometry": {"type": "Point", "coordinates": [77.89, 29.83]}, "properties": {"operator": "jio", "technology": "4G", "tests": 1, "avg_download": 39.16, "avg_quality": 65.55}}, {"type": "Feature", "geometry": {"type": "Point", "coordinates": [83.24, 12.49]}, "properties": {"operator": "jio", "technology": "5G", "tests": 1, "avg_download": 98.62, "avg_quality": 91.17}}, {"type": "Feature", "geometry": {"type": "Point", "coordinates": [76.32, 19.77]}, "properties": {"operator": "jio", "technology": "5G", "tests": 1, "avg_download": 125.77, "avg_quality": 87.43}}, {"type": "Feature", "geometry": {"type": "Point", "coordinates": [83.28, 32.62]}, "properties": {"operator": "airtel", "technology": "4G", "tests": 1, "avg_download": 10.18, "avg_quality": 69.97}}]}