test_id,operator,technology,circle,download_speed,upload_speed,signal_strength,latency_ms,test_date,latitude,longitude,quality_score
TEST_000004,jio,5G,Mumbai,59.17,27.36,-95.9,44.13,2026-04-13,15.780398,74.028785,75.46
TEST_000013,jio,4G,Mumbai,19.6,4.77,-95.57,46.74,2026-04-10,19.232614,69.853281,56.13
TEST_000020,vi,4G,Mumbai,17.81,8.82,-116.44,35.39,2026-05-27,32.774077,89.024578,63.31
TEST_000043,vi,4G,Mumbai,20.56,7.32,-96.45,39.06,2026-04-10,9.600628,84.356973,65.01
TEST_000061,airtel,4G,Mumbai,29.19,10.28,-83.46,38.65,2026-05-27,14.986833,70.878221,72.85
TEST_000071,vi,5G,Mumbai,37.54,26.33,-69.12,35.7,2026-03-01,22.55777,90.582304,89.37
TEST_000076,airtel,5G,Mumbai,81.32,17.89,-87.5,62.95,2026-03-27,20.036868,84.239574,66.72
TEST_000091,jio,5G,Mumbai,49.11,20.02,-68.68,36.31,2026-04-19,33.335477,84.354224,88.92
TEST_000092,vi,5G,Mumbai,65.6,25.97,-74.71,36.77,2026-05-01,8.16509,77.849246,92.09
TEST_000094,airtel,5G,Mumbai,82.26,16.54,-78.77,84.12,2026-05-25,27.015973,79.320867,61.57
TEST_000104,airtel,5G,Mumbai,36.45,30.94,-86.37,43.04,2026-04-20,34.361177,73.553234,75.97
TEST_000124,jio,5G,Mumbai,99.7,27.33,-60.0,36.7,2026-05-29,34.434509,85.86035,105.18
TEST_000146,jio,5G,Mumbai,95.06,21.84,-81.52,41.67,2026-05-19,29.180408,85.511445,88.8
TEST_000147,jio,5G,Mumbai,137.92,22.97,-73.63,60.44,2026-05-10,11.66837,76.064816,87.07
TEST_000183,airtel,4G,Mumbai,26.07,3.49,-63.82,68.48,2026-04-28,18.320398,88.972325,54.59
TEST_000195,airtel,4G,Mumbai,22.17,6.27,-82.62,48.86,2026-03-17,30.035387,73.745756,59.79
TEST_000202,vi,5G,Mumbai,48.71,27.79,-76.51,59.1,2026-04-28,26.013539,68.872218,68.71
TEST_000213,airtel,5G,Mumbai,54.87,24.72,-108.16,58.46,2026-04-15,10.900816,82.207551,58.78
TEST_000226,jio,4G,Mumbai,36.61,12.31,-92.35,67.94,2026-04-08,34.469074,89.485787,50.85
TEST_000243,airtel,4G,Mumbai,17.38,5.99,-83.47,65.78,2026-04-11,24.940163,82.038284,48.17
TEST_000244,airtel,4G,Mumbai,18.31,7.79,-66.21,52.25,2026-04-13,35.506796,70.361216,62.39
TEST_000276,airtel,5G,Mumbai,108.22,31.11,-92.51,53.87,2026-05-22,12.902496,89.815993,81.01
TEST_000279,airtel,5G,Mumbai,10.91,14.37,-81.17,42.44,2026-05-05,19.150274,90.83137,66.63
TEST_000281,vi,5G,Mumbai,66.24,9.6,-88.27,36.15,2026-04-04,11.4853,78.304537,82.65
TEST_000305,jio,4G,Mumbai,22.56,6.91,-85.24,41.26,2026-04-08,12.610398,77.034501,66.45
TEST_000313,jio,5G,Mumbai,79.27,17.73,-78.39,46.17,2026-04-23,21.559032,73.712644,80.36
TEST_000321,airtel,5G,Mumbai,123.27,25.46,-93.82,64.79,2026-05-16,32.705505,86.319281,75.83
TEST_000352,airtel,5G,Mumbai,61.2,20.0,-89.66,45.68,2026-03-24,34.225045,94.939679,73.85
TEST_000371,airtel,4G,Mumbai,36.29,10.06,-63.41,55.68,2026-05-05,19.631888,83.789513,65.88
TEST_000382,jio,4G,Mumbai,34.67,9.62,-86.66,35.14,2026-03-09,10.825108,68.940136,77.67
TEST_000394,airtel,5G,Mumbai,71.17,19.01,-76.64,58.31,2026-05-26,24.939144,69.107332,70.93
TEST_000407,jio,5G,Mumbai,63.91,18.7,-96.07,56.37,2026-03-18,31.591252,74.480135,63.86
TEST_000410,jio,5G,Mumbai,103.79,22.89,-84.2,76.43,2026-05-08,35.369422,68.479993,69.19
TEST_000415,jio,5G,Mumbai,114.29,22.78,-83.17,53.46,2026-04-18,18.560748,81.328143,82.73
TEST_000416,vi,4G,Mumbai,13.53,6.16,-97.87,37.72,2026-03-11,21.996035,80.14947,64.28
TEST_000469,airtel,4G,Mumbai,26.43,5.14,-81.78,41.35,2026-03-25,30.826046,94.987215,67.72
TEST_000482,airtel,4G,Mumbai,18.38,7.19,-83.08,41.3,2026-05-29,32.250206,74.990963,66.29
TEST_000509,airtel,5G,Mumbai,74.34,23.68,-72.45,42.06,2026-05-20,27.953614,89.47908,87.45
TEST_000547,jio,5G,Mumbai,92.66,22.22,-60.0,66.82,2026-04-20,21.891539,78.716424,78.19
TEST_000557,jio,5G,Mumbai,113.42,25.91,-66.43,90.95,2026-04-15,34.185769,95.763174,74.28
TEST_000561,jio,4G,Mumbai,25.38,9.61,-76.88,44.19,2026-03-30,24.846558,68.557984,67.77
TEST_000582,airtel,5G,Mumbai,122.24,20.37,-89.3,42.61,2026-03-20,9.526136,68.106836,90.72
TEST_000609,jio,4G,Mumbai,37.56,2.26,-85.9,37.67,2026-04-28,9.41566,78.090502,72.27
TEST_000638,airtel,4G,Mumbai,21.13,8.73,-90.24,54.28,2026-03-03,26.948948,85.547234,53.97
TEST_000644,vi,4G,Mumbai,14.87,6.43,-79.0,75.48,2026-03-16,18.264561,86.215131,45.46
TEST_000645,airtel,5G,Mumbai,85.62,12.76,-82.52,49.39,2026-05-08,25.447774,84.629874,75.89
TEST_000646,vi,4G,Mumbai,22.69,7.6,-94.16,41.96,2026-05-23,31.41136,69.350582,62.98
TEST_000657,airtel,5G,Mumbai,61.22,22.66,-104.92,46.5,2026-05-26,16.755799,88.679125,68.99
TEST_000673,jio,5G,Mumbai,101.6,24.01,-82.88,45.63,2026-04-22,9.003294,83.374766,86.61
TEST_000694,vi,4G,Mumbai,13.1,8.73,-78.87,58.86,2026-03-26,15.475392,89.994901,53.21
TEST_000705,vi,5G,Mumbai,57.58,8.21,-77.31,50.93,2026-05-02,30.117429,83.404485,68.55
TEST_000710,jio,5G,Mumbai,94.38,9.25,-77.49,48.49,2026-04-27,14.729741,85.983402,78.96
TEST_000721,vi,4G,Mumbai,13.91,6.6,-75.41,38.56,2026-05-14,9.274472,91.751035,70.91
TEST_000740,vi,4G,Mumbai,23.14,5.34,-105.45,44.08,2026-05-14,24.209222,89.537607,56.31
TEST_000749,vi,5G,Mumbai,72.26,16.05,-78.53,39.58,2026-03-14,27.704615,82.598441,85.03
TEST_000764,jio,5G,Mumbai,80.04,24.52,-83.9,75.59,2026-03-20,24.954309,72.967821,64.87
TEST_000771,vi,4G,Mumbai,1.85,9.74,-89.47,55.87,2026-05-06,8.201433,86.327291,49.29
TEST_000785,jio,4G,Mumbai,39.16,4.6,-77.16,47.93,2026-04-05,29.830841,77.887575,65.55
TEST_000801,airtel,5G,Mumbai,75.41,24.33,-88.07,75.84,2026-05-19,16.831673,93.147394,62.3
TEST_000806,jio,4G,Mumbai,23.61,8.74,-85.68,45.83,2026-04-18,24.26823,77.112214,62.58
TEST_000833,jio,4G,Mumbai,34.98,7.1,-87.48,108.56,2026-04-14,16.029343,82.982769,39.46
TEST_000848,jio,5G,Mumbai,89.71,32.03,-84.85,36.08,2026-03-13,22.591895,95.499244,97.26
TEST_000852,jio,5G,Mumbai,101.29,32.94,-80.59,40.26,2026-05-14,11.350189,90.096026,96.13
TEST_000853,jio,5G,Mumbai,88.78,29.89,-98.65,50.07,2026-05-28,24.693944,78.399163,76.9
TEST_000855,jio,5G,Mumbai,114.91,10.22,-76.5,37.17,2026-05-22,12.309716,83.017893,96.2
TEST_000867,jio,4G,Mumbai,25.0,6.9,-105.86,49.4,2026-03-05,13.658213,81.590368,52.47
TEST_000870,jio,5G,Mumbai,90.0,18.22,-103.59,50.23,2026-03-11,21.105656,85.889668,71.17
TEST_000881,airtel,4G,Mumbai,10.86,6.55,-73.48,42.35,2026-05-06,11.7824,92.929088,66.44
TEST_000882,airtel,4G,Mumbai,17.32,11.1,-91.31,60.21,2026-03-28,31.960172,68.607638,50.12
TEST_000906,airtel,4G,Mumbai,21.16,5.82,-120.0,42.24,2026-03-08,15.952379,90.097278,53.08
TEST_000912,jio,4G,Mumbai,32.33,2.95,-71.16,42.93,2026-05-07,16.537971,81.71812,70.08
TEST_000915,vi,5G,Mumbai,71.97,10.47,-91.79,36.53,2026-03-29,12.247829,93.120909,82.53
TEST_000929,airtel,5G,Mumbai,82.05,20.27,-60.0,37.14,2026-03-29,28.786267,95.670816,98.07
TEST_000934,jio,5G,Mumbai,109.44,25.39,-82.25,68.2,2026-03-06,23.615627,82.451547,75.08
TEST_000935,jio,5G,Mumbai,112.4,34.4,-80.3,43.42,2026-04-26,19.145117,76.527516,95.78
TEST_000953,jio,5G,Mumbai,91.8,13.69,-98.88,35.97,2026-04-11,18.319944,78.610302,86.56
TEST_000956,jio,4G,Mumbai,28.06,9.32,-79.66,78.51,2026-05-01,28.274076,84.933785,48.23
TEST_000967,vi,5G,Mumbai,75.11,20.55,-73.75,52.91,2026-05-12,28.298996,76.83408,76.7
TEST_000986,jio,5G,Mumbai,93.21,24.92,-94.76,46.6,2026-03-07,10.411348,78.973669,80.24
TEST_001003,jio,4G,Mumbai,27.02,11.16,-91.79,41.29,2026-04-27,22.875163,78.919514,66.76
TEST_001008,vi,5G,Mumbai,77.62,10.59,-65.69,41.75,2026-03-15,32.11494,92.23903,86.02
TEST_001016,vi,5G,Mumbai,62.52,23.38,-101.68,37.73,2026-03-31,27.93964,75.539013,80.16
TEST_001022,airtel,5G,Mumbai,78.22,27.61,-76.69,41.27,2026-05-05,33.369542,84.071028,89.2
TEST_001028,vi,4G,Mumbai,23.45,4.48,-102.99,86.29,2026-05-17,12.889188,84.569564,35.43
TEST_001037,jio,5G,Mumbai,52.38,27.36,-62.94,50.13,2026-04-25,25.093596,86.257846,79.73
TEST_001054,vi,5G,Mumbai,58.58,14.87,-90.77,43.22,2026-04-04,12.245009,77.235264,73.42
TEST_001064,airtel,4G,Mumbai,25.04,7.41,-97.24,48.07,2026-03-28,30.598904,86.68486,56.61
TEST_001072,vi,4G,Mumbai,25.08,5.6,-74.68,42.36,2026-04-12,9.770213,75.669014,68.85
TEST_001086,airtel,4G,Mumbai,29.06,9.67,-86.33,92.97,2026-03-10,33.062217,88.199286,42.49
TEST_001090,airtel,4G,Mumbai,18.6,7.51,-85.72,36.07,2026-03-28,33.980839,80.739744,72.25
TEST_001107,vi,5G,Mumbai,70.05,16.17,-104.71,52.71,2026-03-07,11.107063,78.236544,63.81
TEST_001112,jio,5G,Mumbai,45.14,16.15,-67.78,44.93,2026-04-14,20.667498,82.040603,76.87
TEST_001118,airtel,4G,Mumbai,21.39,5.14,-73.03,39.2,2026-03-09,8.617025,90.455695,72.04
TEST_001122,jio,5G,Mumbai,81.63,21.07,-101.3,45.13,2026-04-06,20.765943,72.658166,75.42
TEST_001126,vi,5G,Mumbai,45.98,19.1,-90.49,48.6,2026-04-14,12.142438,80.556015,67.33
TEST_001146,jio,4G,Mumbai,27.07,10.87,-92.16,46.28,2026-04-03,16.404743,85.935546,61.56
TEST_001187,jio,5G,Mumbai,94.67,27.2,-93.91,70.63,2026-05-17,27.017722,72.276626,67.58
TEST_001191,airtel,4G,Mumbai,24.27,4.6,-78.5,36.54,2026-04-19,20.603235,91.88048,74.19
TEST_001196,airtel,5G,Mumbai,91.71,17.79,-82.4,71.15,2026-05-03,24.549263,78.578336,67.14
TEST_001203,vi,5G,Mumbai,90.94,16.68,-79.79,60.7,2026-05-15,8.622621,76.862401,72.13
TEST_001221,jio,4G,Mumbai,28.19,9.44,-89.74,51.6,2026-04-04,11.820058,75.235112,57.81
TEST_001276,vi,5G,Mumbai,84.32,14.47,-94.68,35.27,2026-04-11,34.527715,95.994991,87.62
TEST_001278,vi,4G,Mumbai,24.3,6.96,-111.14,36.72,2026-05-10,34.653205,78.678946,63.91
TEST_001290,vi,4G,Mumbai,21.42,5.15,-94.26,72.89,2026-05-05,19.897579,70.645562,42.29
TEST_001292,jio,5G,Mumbai,64.04,15.86,-91.83,45.29,2026-03-23,30.012959,91.601475,72.62
TEST_001293,jio,5G,Mumbai,81.84,23.09,-96.6,41.48,2026-05-30,16.33413,84.441835,81.49
TEST_001300,vi,4G,Mumbai,26.98,6.55,-77.95,37.74,2026-03-04,13.858425,86.16145,74.03
TEST_001317,airtel,5G,Mumbai,128.82,17.59,-87.7,38.22,2026-04-15,26.95398,72.892014,96.84
TEST_001327,jio,5G,Mumbai,66.25,6.46,-105.11,48.09,2026-04-13,16.029232,72.79533,62.81
TEST_001364,vi,5G,Mumbai,64.91,6.8,-86.1,56.47,2026-05-11,26.064471,86.029597,63.03
TEST_001367,airtel,4G,Mumbai,13.59,9.87,-96.99,47.32,2026-04-01,31.231335,91.489688,55.67
TEST_001369,airtel,4G,Mumbai,22.1,7.97,-82.28,39.73,2026-04-13,20.236488,79.61822,69.49
TEST_001378,airtel,4G,Mumbai,23.92,5.94,-91.17,45.45,2026-04-01,29.363392,86.243425,60.15
TEST_001390,vi,5G,Mumbai,81.44,13.58,-71.89,39.24,2026-03-01,33.24046,86.835779,88.81
TEST_001394,jio,5G,Mumbai,47.5,15.53,-94.31,58.42,2026-04-17,34.21494,80.448174,58.44
TEST_001402,vi,5G,Mumbai,46.34,12.71,-88.27,48.6,2026-05-27,23.683247,80.709931,65.83
TEST_001418,airtel,5G,Mumbai,70.72,12.12,-68.64,55.18,2026-05-15,13.389477,70.87531,72.87
TEST_001425,jio,4G,Mumbai,13.66,7.15,-100.6,43.94,2026-04-24,17.626851,95.342302,56.61
TEST_001429,airtel,4G,Mumbai,24.06,7.64,-100.05,82.54,2026-03-01,25.885477,87.410176,38.72
TEST_001432,airtel,4G,Mumbai,16.96,8.84,-93.51,40.82,2026-03-10,18.020827,83.531365,63.64
TEST_001462,airtel,4G,Mumbai,16.35,5.72,-71.58,39.14,2026-05-13,32.465006,76.556014,71.68
TEST_001463,airtel,5G,Mumbai,75.29,20.55,-92.74,55.65,2026-04-13,14.313738,79.920142,68.62
TEST_001465,jio,4G,Mumbai,43.76,7.93,-83.58,37.48,2026-04-12,23.909345,90.376082,76.74
TEST_001481,jio,4G,Mumbai,22.92,4.54,-76.76,36.04,2026-04-05,32.711563,83.056651,75.16
TEST_001485,jio,5G,Mumbai,87.38,19.18,-85.39,39.89,2026-04-18,17.622416,79.181571,86.87
TEST_001496,airtel,4G,Mumbai,28.67,6.91,-68.46,36.53,2026-05-27,26.730585,74.1759,79.37
TEST_001500,airtel,5G,Mumbai,36.07,30.8,-60.0,47.31,2026-03-02,18.897226,80.845726,80.61
TEST_001509,jio,5G,Mumbai,100.63,20.57,-85.9,46.77,2026-05-03,16.305212,72.246776,83.12
TEST_001512,vi,5G,Mumbai,61.57,12.4,-74.72,37.67,2026-05-22,30.755895,89.015426,85.03
TEST_001522,airtel,5G,Mumbai,66.36,23.34,-85.21,37.63,2026-03-11,29.248033,93.80291,86.62
TEST_001526,jio,5G,Mumbai,85.75,28.87,-96.78,36.03,2026-05-02,19.327547,79.642965,91.33
TEST_001540,jio,4G,Mumbai,26.64,5.98,-114.22,48.33,2026-05-29,19.699509,79.671585,50.57
TEST_001547,jio,5G,Mumbai,121.83,29.97,-98.27,87.94,2026-03-01,26.629024,90.097801,67.75
TEST_001548,jio,4G,Mumbai,27.69,5.13,-102.92,39.4,2026-05-06,30.170023,78.518642,63.23
TEST_001552,airtel,5G,Mumbai,24.97,18.58,-88.61,51.35,2026-03-18,8.719052,71.441047,60.97
TEST_001574,vi,5G,Mumbai,82.4,30.05,-100.85,36.33,2026-04-09,22.066584,87.2808,89.22
TEST_001586,jio,5G,Mumbai,135.78,27.95,-65.92,46.07,2026-05-15,20.147,72.159913,100.91
TEST_001590,jio,4G,Mumbai,16.64,6.49,-96.3,69.83,2026-03-11,11.417444,85.959461,42.2
TEST_001597,vi,5G,Mumbai,32.88,17.76,-89.98,41.07,2026-04-10,11.445268,71.606848,71.32
TEST_001599,jio,4G,Mumbai,18.32,6.52,-97.28,48.44,2026-05-04,16.360182,95.055733,54.47
TEST_001627,vi,5G,Mumbai,39.35,18.15,-84.74,45.95,2026-05-29,22.961095,77.661698,69.7
TEST_001635,vi,5G,Mumbai,32.41,16.04,-64.47,64.15,2026-04-12,16.353818,71.000594,62.25
TEST_001655,airtel,5G,Mumbai,83.11,33.66,-97.77,53.68,2026-05-07,16.580487,85.732679,74.71
TEST_001657,airtel,4G,Mumbai,26.24,4.43,-95.08,36.95,2026-04-04,18.180132,94.403965,68.46
TEST_001670,jio,5G,Mumbai,54.63,30.09,-96.15,36.86,2026-05-29,35.089634,76.110378,83.86
TEST_001681,airtel,4G,Mumbai,19.06,6.09,-63.31,36.59,2026-04-05,12.948587,95.204932,78.56
TEST_001690,jio,4G,Mumbai,33.39,11.06,-87.06,48.22,2026-05-22,34.170977,71.701013,63.07
TEST_001692,jio,5G,Mumbai,137.47,14.21,-91.18,59.23,2026-05-30,10.379025,71.898443,78.59
TEST_001694,vi,5G,Mumbai,75.17,22.08,-108.3,89.6,2026-05-20,23.221161,68.593821,50.73
TEST_001695,jio,5G,Mumbai,84.9,17.72,-64.27,39.94,2026-03-14,22.323188,91.421535,92.77
TEST_001717,jio,5G,Mumbai,61.78,22.87,-75.96,47.02,2026-03-19,10.211812,70.157828,78.39
TEST_001720,airtel,4G,Mumbai,22.71,5.1,-73.5,49.88,2026-03-20,9.680022,85.98872,61.72
TEST_001730,jio,5G,Mumbai,76.35,24.69,-84.76,87.32,2026-03-11,35.346568,83.814311,60.36
TEST_001732,airtel,5G,Mumbai,88.03,25.04,-66.51,35.43,2026-04-20,22.00605,76.805228,101.43
TEST_001749,vi,4G,Mumbai,11.64,6.93,-66.39,42.37,2026-04-01,27.592868,83.702411,69.09
TEST_001761,jio,5G,Mumbai,74.96,19.97,-83.38,64.75,2026-04-13,34.974242,76.31334,66.57
TEST_001764,vi,4G,Mumbai,20.99,4.31,-71.73,36.87,2026-03-10,28.236263,84.197702,75.14
TEST_001786,vi,5G,Mumbai,45.46,16.79,-97.54,42.8,2026-03-17,34.302968,78.931528,69.37
TEST_001824,vi,4G,Mumbai,17.94,7.86,-71.86,38.73,2026-04-13,26.053719,69.944715,73.24
TEST_001831,jio,4G,Mumbai,51.47,8.55,-95.07,38.28,2026-04-08,10.101181,77.221211,73.8
TEST_001838,jio,4G,Mumbai,33.02,4.91,-98.06,45.27,2026-05-25,14.051793,90.91832,59.68
TEST_001848,vi,5G,Mumbai,42.03,8.53,-83.87,78.12,2026-04-24,13.430086,73.30459,49.78
TEST_001860,jio,5G,Mumbai,104.61,21.04,-85.06,35.15,2026-03-30,22.707537,72.684533,97.91
TEST_001865,jio,5G,Mumbai,103.67,41.83,-117.71,61.51,2026-03-29,26.462274,71.965728,71.03
TEST_001877,airtel,4G,Mumbai,25.94,3.74,-77.01,36.24,2026-04-14,32.604219,89.987372,75.17
TEST_001892,jio,4G,Mumbai,21.73,5.98,-90.73,42.59,2026-05-29,13.741805,72.036253,62.65
TEST_001920,jio,4G,Mumbai,20.29,11.09,-88.08,39.74,2026-04-16,29.682799,83.912261,68.28
TEST_001934,jio,4G,Mumbai,39.75,7.91,-70.0,52.99,2026-05-03,22.212919,86.209435,65.44
TEST_001942,jio,4G,Mumbai,16.62,11.69,-96.14,40.14,2026-03-17,20.279565,75.912687,64.51
TEST_001953,airtel,5G,Mumbai,101.52,16.22,-76.84,67.4,2026-04-26,9.243635,73.760443,72.13
TEST_001965,airtel,5G,Mumbai,112.48,26.43,-105.58,42.07,2026-05-21,31.641109,74.09959,85.89
TEST_001966,vi,4G,Mumbai,23.68,6.18,-87.72,44.3,2026-04-05,33.11724,83.44054,62.43
TEST_001969,jio,4G,Mumbai,23.14,9.23,-106.2,40.37,2026-05-23,9.07805,87.164359,61.45
TEST_001977,jio,5G,Mumbai,97.12,17.33,-97.68,40.27,2026-03-06,16.144434,72.201771,83.83
TEST_002014,airtel,4G,Mumbai,11.62,4.79,-73.07,35.73,2026-05-30,30.237527,76.890762,74.42
TEST_002032,airtel,4G,Mumbai,27.9,8.35,-97.36,35.04,2026-05-30,17.332066,77.875618,72.29
TEST_002036,jio,4G,Mumbai,29.0,6.07,-87.58,53.78,2026-05-07,10.87058,79.142247,55.98
TEST_002056,jio,4G,Mumbai,14.45,4.88,-69.23,52.02,2026-03-22,13.526293,92.352977,59.63
TEST_002063,airtel,5G,Mumbai,60.65,16.56,-85.44,47.33,2026-03-23,12.209774,69.877344,72.42
TEST_002064,airtel,4G,Mumbai,15.89,6.05,-84.11,75.61,2026-03-26,27.433265,83.056482,43.8
TEST_002081,jio,5G,Mumbai,77.16,15.52,-73.38,39.39,2026-04-16,22.728073,68.157207,87.88
TEST_002083,vi,5G,Mumbai,69.8,12.44,-66.1,39.34,2026-03-05,26.122107,85.966874,87.61
TEST_002085,vi,5G,Mumbai,74.58,20.58,-102.34,47.68,2026-05-17,25.702722,81.728414,71.05
TEST_002091,vi,5G,Mumbai,79.08,16.88,-69.14,40.9,2026-04-23,31.456067,86.749953,88.43
TEST_002094,airtel,5G,Mumbai,100.03,21.53,-83.97,56.59,2026-05-11,17.819174,77.56067,76.83
TEST_002097,jio,4G,Mumbai,25.02,7.11,-87.88,39.52,2026-03-28,25.862477,80.889775,68.22
TEST_002134,airtel,5G,Mumbai,96.45,27.21,-92.55,46.05,2026-04-03,28.77782,71.246836,83.02
TEST_002141,vi,5G,Mumbai,53.48,14.77,-78.2,39.55,2026-03-23,16.210711,79.677687,80.53
TEST_002143,vi,5G,Mumbai,80.45,25.77,-79.9,41.07,2026-04-01,12.906542,82.979586,88.18
TEST_002181,vi,5G,Mumbai,23.15,29.7,-98.33,40.95,2026-05-06,35.874967,92.140731,70.83
TEST_002190,jio,4G,Mumbai,21.93,5.47,-107.56,59.03,2026-05-06,16.076052,74.188603,44.33
TEST_002227,airtel,4G,Mumbai,13.73,6.86,-78.38,56.1,2026-04-22,17.901135,90.550381,54.45
TEST_002234,vi,5G,Mumbai,58.83,18.5,-91.6,35.21,2026-04-05,23.06108,80.267482,84.52
TEST_002243,vi,4G,Mumbai,29.93,6.26,-96.98,40.08,2026-05-05,18.457282,83.840009,65.3
TEST_002244,vi,5G,Mumbai,44.06,14.63,-98.22,45.67,2026-05-08,21.776265,84.094833,65.24
TEST_002278,airtel,5G,Mumbai,78.91,17.92,-104.43,71.16,2026-04-30,33.187372,75.192125,56.99
TEST_002285,vi,5G,Mumbai,80.48,14.0,-114.93,43.03,2026-05-20,9.344516,73.541092,70.12
TEST_002303,jio,5G,Mumbai,96.36,34.56,-60.0,37.23,2026-05-30,23.561207,76.72495,106.32
TEST_002309,vi,4G,Mumbai,14.83,6.25,-78.11,39.41,2026-05-06,16.712497,70.873142,69.03
TEST_002384,jio,5G,Mumbai,84.51,25.76,-70.99,58.26,2026-04-19,13.270692,94.997239,78.26
TEST_002385,vi,5G,Mumbai,88.59,22.51,-94.36,52.47,2026-05-05,22.671564,72.992123,73.85
TEST_002391,jio,4G,Mumbai,29.99,12.47,-81.69,39.52,2026-05-16,14.892849,86.718919,73.33
TEST_002395,vi,5G,Mumbai,84.24,14.27,-73.38,46.81,2026-03-17,26.562965,74.243289,81.32
TEST_002401,airtel,4G,Mumbai,29.6,4.83,-76.98,64.24,2026-03-11,29.35116,90.579455,53.34
TEST_002403,vi,4G,Mumbai,21.91,6.66,-71.04,42.39,2026-03-27,28.297484,69.225221,69.71
TEST_002404,jio,5G,Mumbai,137.39,36.57,-89.03,41.31,2026-04-02,33.811514,77.803282,101.47
TEST_002413,vi,5G,Mumbai,67.57,19.07,-70.45,52.57,2026-05-13,26.054124,75.909117,75.82
TEST_002428,vi,4G,Mumbai,19.47,6.62,-98.18,38.63,2026-04-19,23.887001,72.825542,64.48
TEST_002432,jio,4G,Mumbai,23.72,7.84,-105.51,36.01,2026-04-12,31.872826,76.772229,67.0
TEST_002446,airtel,5G,Mumbai,101.48,13.34,-78.56,57.19,2026-03-22,9.45631,74.68651,75.63
TEST_002456,vi,5G,Mumbai,41.98,23.58,-92.82,40.51,2026-05-19,9.970718,84.317138,75.15
TEST_002459,airtel,4G,Mumbai,5.36,11.08,-83.89,36.78,2026-03-27,9.399962,70.223535,70.19
TEST_002462,airtel,4G,Mumbai,22.86,4.77,-79.95,40.27,2026-05-04,8.176775,72.923826,68.63
TEST_002469,vi,5G,Mumbai,30.93,21.86,-94.3,40.56,2026-03-11,26.872981,93.161911,71.51
TEST_002487,airtel,5G,Mumbai,114.3,27.11,-76.49,44.75,2026-04-23,14.891076,94.448149,93.52
TEST_002491,airtel,4G,Mumbai,20.63,5.36,-83.54,37.66,2026-04-19,29.005385,85.460996,70.43
TEST_002498,vi,4G,Mumbai,7.31,9.65,-74.65,36.5,2026-05-07,30.367758,75.908775,73.58
TEST_002500,jio,5G,Mumbai,87.92,24.19,-75.08,44.46,2026-03-11,18.321686,89.722313,87.33
TEST_002514,jio,4G,Mumbai,23.78,10.87,-90.76,42.56,2026-03-30,34.599049,94.723789,64.9
TEST_002526,vi,4G,Mumbai,22.43,5.16,-94.58,43.34,2026-05-12,32.925782,91.61974,60.45
TEST_002531,airtel,4G,Mumbai,20.5,11.79,-93.81,39.77,2026-04-08,20.461697,88.40495,66.63
TEST_002538,jio,5G,Mumbai,57.41,22.46,-67.4,46.89,2026-04-25,31.252634,79.547879,80.23
TEST_002539,vi,4G,Mumbai,10.39,4.75,-99.3,49.28,2026-05-24,9.764287,89.546925,50.72
TEST_002542,vi,5G,Mumbai,42.49,17.8,-78.16,46.98,2026-05-11,34.6601,81.678773,71.56
TEST_002569,airtel,5G,Mumbai,75.15,27.11,-67.16,52.08,2026-05-10,29.760586,91.929981,81.87
TEST_002571,vi,5G,Mumbai,72.2,17.65,-79.62,87.28,2026-03-09,22.058033,80.969039,58.6
TEST_002581,airtel,5G,Mumbai,78.23,23.86,-88.56,41.59,2026-05-11,27.657337,69.874279,83.52
TEST_002588,airtel,4G,Mumbai,27.52,7.77,-90.49,48.75,2026-04-10,33.780486,92.096399,58.99
TEST_002611,jio,4G,Mumbai,24.78,7.03,-75.14,103.44,2026-04-02,33.97856,80.733296,42.17
TEST_002613,airtel,5G,Mumbai,106.29,21.75,-82.0,48.9,2026-05-16,11.026217,80.240822,84.32
TEST_002615,jio,4G,Mumbai,23.18,6.77,-91.22,50.89,2026-04-05,11.008926,82.986234,55.76
TEST_002617,jio,4G,Mumbai,16.61,5.7,-74.62,36.4,2026-04-13,35.351415,88.148015,74.37
TEST_002631,vi,4G,Mumbai,27.73,2.93,-79.7,44.69,2026-05-22,27.532266,80.662883,64.45
TEST_002632,airtel,5G,Mumbai,22.28,17.95,-87.38,48.88,2026-04-16,18.667186,81.746809,62.45
TEST_002652,jio,4G,Mumbai,36.59,9.45,-68.67,54.21,2026-05-16,35.852009,91.574488,64.92
TEST_002663,jio,4G,Mumbai,14.2,9.92,-70.7,48.11,2026-05-20,22.590549,68.675916,63.92
TEST_002665,vi,4G,Mumbai,20.34,4.73,-78.46,41.98,2026-04-26,29.237789,80.135429,66.63
TEST_002671,airtel,5G,Mumbai,49.37,13.8,-88.74,73.74,2026-03-09,14.134645,93.623753,53.19
TEST_002676,airtel,5G,Mumbai,73.27,30.67,-93.36,47.27,2026-04-04,17.188301,82.247381,77.77
TEST_002682,airtel,5G,Mumbai,55.75,20.19,-97.63,42.01,2026-04-25,12.313286,81.248876,73.7
TEST_002683,airtel,5G,Mumbai,64.3,10.82,-93.41,51.03,2026-03-16,16.624208,81.622559,65.55
TEST_002691,vi,4G,Mumbai,18.63,6.59,-99.83,51.41,2026-03-25,30.107195,93.117572,51.43
TEST_002695,airtel,5G,Mumbai,88.92,15.3,-85.36,36.32,2026-05-25,12.558582,81.234489,90.5
TEST_002702,airtel,4G,Mumbai,22.07,5.55,-88.73,43.34,2026-04-20,13.361681,69.84955,62.46
TEST_002703,airtel,5G,Mumbai,84.06,21.28,-76.93,41.66,2026-03-24,30.750527,80.978111,87.69
TEST_002727,jio,4G,Mumbai,17.67,7.38,-70.86,50.52,2026-04-04,35.024023,71.174381,61.81
TEST_002739,airtel,5G,Mumbai,53.22,26.89,-73.54,50.12,2026-03-11,11.754229,70.687366,76.22
TEST_002752,jio,4G,Mumbai,30.38,5.94,-90.64,40.29,2026-03-13,34.571547,84.472519,67.15
TEST_002795,airtel,4G,Mumbai,21.0,8.9,-83.17,87.56,2026-04-22,32.849112,70.802619,42.77
TEST_002809,jio,5G,Mumbai,92.51,23.08,-74.37,47.88,2026-04-07,18.514732,82.992537,85.11
TEST_002819,vi,4G,Mumbai,25.85,5.56,-94.18,53.51,2026-03-11,17.029905,89.211639,53.07
TEST_002827,vi,4G,Mumbai,13.41,4.76,-101.42,59.14,2026-03-01,26.537039,92.802198,44.16
TEST_002835,jio,5G,Mumbai,46.28,24.45,-84.13,35.45,2026-04-02,31.37715,71.479405,86.01
TEST_002845,jio,5G,Mumbai,60.99,24.86,-91.29,40.31,2026-03-30,28.191476,78.333333,80.59
TEST_002847,vi,4G,Mumbai,11.92,8.26,-69.98,63.25,2026-04-30,18.563592,79.513366,53.45
TEST_002851,airtel,4G,Mumbai,30.9,5.89,-62.17,39.15,2026-03-27,33.661605,73.850241,78.11
TEST_002857,vi,4G,Mumbai,20.38,5.79,-73.22,40.68,2026-03-11,33.707651,85.132505,70.22
TEST_002860,jio,4G,Mumbai,20.2,9.22,-93.56,79.02,2026-04-12,29.801724,71.13641,41.65
TEST_002872,vi,4G,Mumbai,16.89,5.3,-94.76,38.21,2026-03-15,28.897602,79.942448,65.11
TEST_002873,jio,4G,Mumbai,19.23,3.64,-75.52,60.75,2026-03-08,22.567184,73.689102,52.82
TEST_002880,vi,5G,Mumbai,51.33,19.31,-74.61,39.33,2026-03-25,17.59306,74.647919,83.16
TEST_002883,vi,4G,Mumbai,20.83,5.51,-96.7,39.75,2026-05-04,18.310799,83.80493,63.49
TEST_002892,airtel,4G,Mumbai,15.1,6.56,-89.88,46.36,2026-05-11,21.243371,79.143826,58.01
TEST_002896,airtel,4G,Mumbai,28.06,9.54,-92.74,49.44,2026-04-14,34.880575,92.843916,58.45
TEST_002908,vi,5G,Mumbai,58.25,22.21,-92.14,47.24,2026-03-11,16.204968,84.982943,71.78
TEST_002934,airtel,4G,Mumbai,25.24,7.69,-85.74,59.04,2026-05-13,29.007594,94.873487,53.14
TEST_002935,airtel,5G,Mumbai,78.68,23.5,-102.34,37.97,2026-04-21,27.060869,95.845095,83.26
TEST_002949,vi,5G,Mumbai,52.63,28.0,-88.56,40.54,2026-03-12,17.99426,73.013184,80.51
TEST_002958,jio,4G,Mumbai,32.53,9.32,-75.1,36.21,2026-03-22,15.828718,83.169563,79.34
TEST_002969,vi,5G,Mumbai,57.41,18.41,-106.23,37.89,2026-05-02,29.644091,76.044533,75.49
TEST_002979,airtel,4G,Mumbai,30.16,6.05,-82.6,64.48,2026-04-28,18.722107,82.817939,51.92
TEST_002997,jio,5G,Mumbai,73.31,27.93,-79.98,50.54,2026-05-05,35.574119,87.703161,78.61
TEST_003024,vi,4G,Mumbai,16.55,6.63,-111.16,42.66,2026-03-23,9.054399,69.245037,54.85
TEST_003028,jio,4G,Mumbai,22.09,9.98,-73.47,38.04,2026-03-03,15.787645,76.458899,75.28
TEST_003034,vi,5G,Mumbai,39.07,17.13,-90.57,38.05,2026-04-30,10.314139,87.229659,75.95
TEST_003053,jio,5G,Mumbai,108.3,13.91,-82.08,46.73,2026-03-07,19.828874,78.131032,83.72
TEST_003059,jio,4G,Mumbai,24.97,6.71,-79.3,35.56,2026-03-16,8.472084,78.16923,76.27
TEST_003086,vi,5G,Mumbai,58.24,8.91,-104.36,48.38,2026-05-22,31.243667,91.007927,61.92
TEST_003104,jio,5G,Mumbai,76.33,39.65,-99.71,35.12,2026-05-09,9.311025,81.280614,93.53
TEST_003121,airtel,4G,Mumbai,16.98,3.92,-85.42,37.67,2026-04-03,19.065279,72.237483,68.45
TEST_003126,airtel,5G,Mumbai,91.27,30.17,-98.42,45.39,2026-05-11,22.30922,79.217032,81.59
TEST_003127,jio,5G,Mumbai,105.96,28.03,-65.89,36.3,2026-04-05,29.013341,81.876575,105.43
TEST_003133,airtel,5G,Mumbai,70.2,23.26,-76.18,59.7,2026-05-10,12.072885,75.601961,71.63
TEST_003147,airtel,5G,Mumbai,53.02,9.26,-86.03,47.28,2026-04-18,27.107436,75.671208,67.92
TEST_003151,vi,5G,Mumbai,51.05,25.5,-61.58,35.54,2026-04-09,29.504151,95.013219,94.83
TEST_003197,vi,4G,Mumbai,7.09,10.0,-87.1,72.55,2026-03-22,12.079759,69.253899,43.37
TEST_003200,vi,5G,Mumbai,57.3,24.01,-79.44,52.06,2026-04-19,11.407676,83.336749,72.69
TEST_003206,airtel,5G,Mumbai,119.09,24.07,-97.52,62.94,2026-03-24,8.098233,90.886353,74.04
TEST_003208,airtel,5G,Mumbai,48.99,14.68,-80.59,67.18,2026-05-25,18.918153,75.522831,58.71
TEST_003215,vi,4G,Mumbai,17.54,6.09,-99.74,48.64,2026-05-09,20.136573,83.551782,53.16
TEST_003232,jio,5G,Mumbai,63.06,24.46,-86.88,44.35,2026-03-29,33.909542,93.15734,78.07
TEST_003240,vi,4G,Mumbai,24.01,5.01,-103.08,59.0,2026-04-29,32.80544,71.057804,46.14
TEST_003243,jio,5G,Mumbai,54.7,32.54,-82.75,38.27,2026-03-10,30.670536,84.622156,87.34
TEST_003244,jio,5G,Mumbai,91.97,15.97,-60.32,58.74,2026-04-02,33.369427,91.239359,79.66
TEST_003262,vi,4G,Mumbai,13.03,7.53,-82.51,39.21,2026-03-30,10.792436,70.333371,67.87
TEST_003265,vi,4G,Mumbai,21.06,6.17,-89.37,35.85,2026-03-22,25.747685,79.371441,71.41
TEST_003269,jio,5G,Mumbai,102.08,22.74,-90.16,70.11,2026-05-29,33.73124,70.210317,69.06
TEST_003277,airtel,5G,Mumbai,90.52,22.79,-113.3,41.77,2026-03-17,34.255255,92.592033,77.43
TEST_003282,jio,5G,Mumbai,60.65,13.44,-99.66,36.87,2026-05-02,23.943046,84.173053,77.98
TEST_003283,airtel,5G,Mumbai,94.45,24.95,-106.46,35.99,2026-05-10,9.646115,83.308589,88.68
TEST_003289,jio,5G,Mumbai,54.57,14.48,-87.32,59.99,2026-03-28,35.59031,76.766901,61.1
TEST_003293,vi,4G,Mumbai,17.13,5.25,-88.45,35.82,2026-05-13,9.115347,93.060846,70.56
TEST_003302,vi,4G,Mumbai,17.0,3.92,-78.87,37.58,2026-03-01,33.405265,71.206964,70.76
TEST_003319,vi,4G,Mumbai,17.96,5.29,-86.36,40.94,2026-05-20,28.57402,71.572259,64.82
TEST_003332,vi,4G,Mumbai,19.18,9.0,-103.34,85.21,2026-04-16,19.364159,92.774347,36.29
TEST_003342,vi,5G,Mumbai,81.55,15.53,-106.54,36.74,2026-05-16,34.610388,85.295579,81.28
TEST_003355,vi,5G,Mumbai,79.96,16.2,-98.38,38.92,2026-05-19,33.677821,76.577786,81.0
TEST_003369,vi,5G,Mumbai,99.45,18.84,-86.81,71.05,2026-04-13,32.508738,90.969962,67.81
TEST_003372,vi,4G,Mumbai,14.83,6.14,-82.8,111.9,2026-05-20,27.607447,90.828151,35.65
TEST_003405,airtel,5G,Mumbai,78.83,22.13,-78.01,96.13,2026-04-02,23.922955,90.379901,60.18
TEST_003410,jio,4G,Mumbai,12.79,3.75,-85.77,46.3,2026-04-02,12.724364,95.339043,57.9
TEST_003411,jio,5G,Mumbai,54.08,29.83,-60.0,45.89,2026-03-13,11.806747,86.525707,85.52
TEST_003427,airtel,5G,Mumbai,93.73,16.62,-75.24,51.81,2026-03-05,8.645501,74.83939,79.7
TEST_003432,jio,5G,Mumbai,116.54,20.92,-85.94,42.23,2026-04-14,11.083415,82.812454,91.17
TEST_003445,vi,5G,Mumbai,87.5,26.5,-88.61,46.85,2026-03-17,9.71371,72.853438,81.37
TEST_003454,vi,5G,Mumbai,78.53,16.0,-91.1,35.66,2026-03-11,33.835541,85.06555,87.49
TEST_003459,jio,4G,Mumbai,25.3,13.2,-71.79,134.09,2026-04-09,20.81054,73.127125,41.3
TEST_003465,airtel,4G,Mumbai,25.19,6.47,-60.0,36.51,2026-04-10,9.63647,74.394665,81.28
TEST_003487,jio,5G,Mumbai,87.72,32.16,-80.59,72.33,2026-05-05,9.174982,87.512894,71.62
TEST_003498,airtel,5G,Mumbai,48.75,8.7,-85.03,45.23,2026-05-05,24.778169,93.828562,68.94
TEST_003499,airtel,5G,Mumbai,57.05,10.26,-71.24,49.24,2026-03-03,30.524306,68.289083,72.49
TEST_003514,jio,5G,Mumbai,72.63,12.73,-67.06,60.16,2026-05-13,22.964115,91.827761,71.15
TEST_003547,airtel,5G,Mumbai,95.45,20.1,-107.42,35.33,2026-05-03,18.797997,86.217993,87.8
TEST_003568,jio,5G,Mumbai,88.8,13.64,-79.56,44.94,2026-03-18,34.913026,69.094367,81.75
TEST_003614,jio,4G,Mumbai,38.5,6.68,-95.22,57.78,2026-04-15,19.895962,81.394253,53.29
TEST_003636,vi,4G,Mumbai,19.62,2.44,-86.65,36.01,2026-03-14,20.468257,84.158581,70.41
TEST_003654,vi,4G,Mumbai,27.62,5.34,-85.35,64.17,2026-05-05,33.508379,81.20303,50.33
TEST_003661,jio,4G,Mumbai,26.45,8.02,-63.91,41.9,2026-03-18,21.731619,73.99181,74.12
TEST_003665,vi,5G,Mumbai,51.68,13.25,-78.09,36.85,2026-05-13,30.324058,79.714894,83.13
TEST_003688,jio,4G,Mumbai,31.6,8.8,-88.78,42.2,2026-04-09,18.712013,80.085392,66.94
TEST_003691,jio,5G,Mumbai,113.25,15.03,-100.1,40.93,2026-03-31,18.945864,90.472454,85.02
TEST_003693,jio,5G,Mumbai,100.77,28.74,-76.63,75.07,2026-04-29,21.32229,76.763678,73.63
TEST_003694,jio,5G,Mumbai,79.28,23.42,-60.0,44.81,2026-04-01,11.823722,94.748819,89.82
TEST_003715,jio,5G,Mumbai,102.06,17.7,-87.1,53.79,2026-04-09,20.773222,68.661797,76.63
TEST_003722,jio,4G,Mumbai,33.54,2.66,-94.45,58.57,2026-03-22,13.580452,88.351879,50.53
TEST_003726,jio,4G,Mumbai,41.08,7.38,-83.24,40.74,2026-03-16,15.059432,79.373426,72.0
TEST_003727,jio,4G,Mumbai,14.78,11.62,-83.3,56.97,2026-04-19,23.896087,88.758711,54.24
TEST_003736,jio,5G,Mumbai,116.76,20.62,-72.3,56.09,2026-05-25,8.337072,78.164527,84.43
TEST_003743,vi,5G,Mumbai,49.05,13.76,-71.38,76.75,2026-05-04,32.842792,81.912658,57.85
TEST_003749,airtel,5G,Mumbai,72.14,25.91,-94.33,44.79,2026-03-15,32.734347,69.703303,77.71
TEST_003751,jio,4G,Mumbai,22.05,12.12,-80.91,49.59,2026-05-11,14.784483,72.013079,61.87
TEST_003779,airtel,4G,Mumbai,20.66,2.17,-84.04,55.72,2026-03-13,35.802973,73.088855,52.64
TEST_003784,vi,4G,Mumbai,14.31,2.71,-72.32,51.67,2026-03-14,24.650886,83.421246,58.04
TEST_003786,jio,5G,Mumbai,69.31,38.93,-84.48,38.4,2026-04-30,30.772159,74.739652,92.17
TEST_003791,vi,4G,Mumbai,13.85,8.71,-80.92,56.27,2026-03-10,13.768925,80.251386,54.19
TEST_003800,vi,5G,Mumbai,44.63,24.15,-81.29,40.34,2026-04-15,21.034618,95.167857,79.99
TEST_003801,jio,4G,Mumbai,20.77,7.4,-87.86,40.67,2026-05-23,15.193009,92.307544,66.02
TEST_003814,airtel,4G,Mumbai,34.03,5.01,-63.7,44.79,2026-03-06,12.126083,78.312427,71.84
TEST_003823,vi,5G,Mumbai,72.17,20.34,-77.65,57.62,2026-03-21,14.358317,78.733867,71.69
TEST_003896,vi,5G,Mumbai,57.78,15.35,-72.33,86.19,2026-03-16,20.559928,89.460671,57.27
TEST_003897,jio,4G,Mumbai,21.08,11.1,-86.87,53.04,2026-05-24,28.771148,82.925291,56.78
TEST_003900,airtel,4G,Mumbai,26.4,7.38,-72.98,44.08,2026-04-04,13.876745,89.613005,68.6
TEST_003907,airtel,5G,Mumbai,101.07,24.04,-71.54,58.02,2026-05-21,18.701707,84.088271,81.28
TEST_003930,airtel,5G,Mumbai,86.48,27.23,-69.51,77.32,2026-03-17,18.945825,74.114882,71.51
TEST_003940,airtel,5G,Mumbai,58.16,13.57,-85.5,35.44,2026-03-09,21.254681,92.033744,84.27
TEST_003946,jio,5G,Mumbai,92.95,29.84,-79.74,43.41,2026-04-07,29.635904,78.352247,89.99
TEST_003952,jio,4G,Mumbai,26.59,8.58,-88.65,51.24,2026-05-01,22.941655,75.331807,57.77
TEST_003960,jio,5G,Mumbai,102.44,26.01,-69.26,38.44,2026-04-30,33.886079,72.674241,99.88
TEST_003980,vi,5G,Mumbai,72.31,11.05,-67.32,40.46,2026-04-09,25.100887,72.805239,85.92
TEST_003989,airtel,5G,Mumbai,39.86,24.6,-112.4,35.82,2026-05-22,15.590221,74.210232,74.66
TEST_003994,vi,4G,Mumbai,26.14,5.26,-77.92,35.54,2026-05-06,25.937413,92.252723,76.49
TEST_004002,vi,4G,Mumbai,29.9,7.14,-83.49,59.21,2026-03-03,14.723017,71.361313,54.64
TEST_004003,vi,4G,Mumbai,20.74,2.96,-95.43,44.33,2026-04-23,13.449313,93.237938,58.01
TEST_004018,airtel,5G,Mumbai,94.27,23.28,-60.0,47.88,2026-04-29,24.920932,85.498024,90.36
TEST_004021,airtel,4G,Mumbai,14.73,10.68,-75.13,123.36,2026-05-17,22.684176,73.166529,38.2
TEST_004031,vi,5G,Mumbai,64.33,25.29,-79.59,56.98,2026-04-21,12.110235,85.274312,71.47
TEST_004056,vi,5G,Mumbai,80.83,24.21,-76.98,68.83,2026-04-22,16.997877,89.766981,69.77
TEST_004064,airtel,4G,Mumbai,21.02,9.14,-85.1,52.77,2026-05-15,14.883239,91.208489,56.83
TEST_004065,vi,5G,Mumbai,73.81,18.5,-86.96,41.19,2026-04-10,32.998077,71.282431,81.57
TEST_004070,vi,5G,Mumbai,46.16,18.61,-99.35,54.04,2026-05-08,23.133577,72.243449,60.26
TEST_004075,airtel,5G,Mumbai,99.64,22.47,-93.24,53.07,2026-03-06,22.156496,95.018727,76.26
TEST_004092,airtel,4G,Mumbai,18.85,8.44,-76.65,36.51,2026-04-20,14.622113,79.094346,75.03
TEST_004097,vi,5G,Mumbai,95.05,19.29,-84.29,43.35,2026-04-13,12.426229,73.600868,85.17
TEST_004143,airtel,5G,Mumbai,87.21,25.62,-83.64,39.56,2026-04-08,28.443171,68.79176,90.15
TEST_004145,airtel,5G,Mumbai,55.37,27.48,-96.66,60.08,2026-03-22,25.469338,90.292169,62.83
TEST_004148,vi,5G,Mumbai,45.98,15.25,-119.13,46.07,2026-04-30,29.882034,78.271069,58.56
TEST_004150,airtel,4G,Mumbai,24.86,7.66,-84.21,46.07,2026-03-02,31.59755,74.863087,62.74
TEST_004156,vi,5G,Mumbai,73.27,16.39,-68.33,39.05,2026-04-10,8.397769,75.898678,89.43
TEST_004174,jio,5G,Mumbai,81.5,30.9,-73.79,43.06,2026-04-11,17.977202,76.922365,90.16
TEST_004178,jio,4G,Mumbai,25.53,12.63,-76.14,36.32,2026-04-19,22.665697,77.452198,78.48
TEST_004187,vi,5G,Mumbai,69.43,21.13,-96.18,36.1,2026-03-07,23.135606,88.604765,84.98
TEST_004189,vi,5G,Mumbai,57.87,15.82,-87.11,36.17,2026-05-21,9.853979,85.007256,83.4
TEST_004194,vi,5G,Mumbai,100.33,13.61,-94.93,49.26,2026-05-03,25.926155,94.693543,75.44
TEST_004198,jio,4G,Mumbai,17.74,6.64,-82.59,71.46,2026-04-15,33.517732,84.813009,46.43
TEST_004204,vi,4G,Mumbai,11.2,6.72,-93.73,61.86,2026-05-17,16.96,85.958859,45.51
TEST_004209,airtel,5G,Mumbai,101.54,16.96,-73.71,35.22,2026-03-24,31.615883,73.98182,99.42
TEST_004213,airtel,4G,Mumbai,30.04,9.4,-90.01,41.08,2026-03-31,11.738492,88.298116,67.63
TEST_004233,jio,5G,Mumbai,86.32,21.53,-105.66,35.98,2026-03-06,19.780248,77.181302,85.91
TEST_004242,vi,4G,Mumbai,8.45,7.05,-96.29,49.62,2026-03-20,34.213852,95.377753,51.85
TEST_004260,jio,4G,Mumbai,16.59,7.87,-95.78,38.35,2026-03-10,22.381368,70.633213,65.45
TEST_004263,vi,5G,Mumbai,40.0,24.76,-85.73,40.74,2026-05-11,13.695079,81.631895,77.23
TEST_004267,vi,5G,Mumbai,73.78,13.99,-85.24,44.98,2026-05-30,30.936761,71.264102,76.6
TEST_004271,jio,4G,Mumbai,23.02,3.53,-85.34,57.05,2026-03-18,27.041382,95.407754,52.42
TEST_004274,jio,5G,Mumbai,50.38,22.23,-63.06,36.1,2026-04-27,25.199509,77.167139,92.18
TEST_004278,jio,5G,Mumbai,127.4,18.47,-67.84,49.14,2026-04-01,21.709255,71.590739,92.36
TEST_004298,airtel,4G,Mumbai,21.73,4.61,-93.19,54.88,2026-03-19,32.184296,91.015108,51.24
TEST_004310,jio,4G,Mumbai,30.24,1.39,-81.98,36.74,2026-03-27,15.168727,76.588924,72.91
TEST_004317,vi,5G,Mumbai,16.42,8.5,-78.91,55.36,2026-04-01,20.243431,80.706878,55.93
TEST_004338,jio,5G,Mumbai,98.62,24.38,-84.61,51.17,2026-05-08,25.179248,90.806511,80.95
TEST_004352,jio,4G,Mumbai,26.57,6.48,-78.07,60.48,2026-03-29,14.485467,95.217759,54.78
TEST_004359,jio,5G,Mumbai,79.55,18.96,-88.12,69.53,2026-04-23,33.923229,79.317554,63.59
TEST_004368,jio,4G,Mumbai,31.45,5.37,-74.73,38.68,2026-04-07,10.576438,71.71056,74.45
TEST_004376,airtel,5G,Mumbai,43.43,30.53,-73.58,37.14,2026-05-24,13.195291,69.860021,88.66
TEST_004414,vi,5G,Mumbai,35.68,13.47,-80.07,36.99,2026-04-15,33.028167,82.555013,78.79
TEST_004424,jio,5G,Mumbai,62.41,11.83,-108.61,45.51,2026-03-11,20.722338,71.528533,64.99
TEST_004432,jio,5G,Mumbai,139.59,25.11,-84.41,38.18,2026-04-20,13.146988,92.688897,103.12
TEST_004437,airtel,4G,Mumbai,32.09,7.34,-72.54,41.03,2026-03-17,30.943388,89.042679,73.22
TEST_004442,jio,4G,Mumbai,28.9,6.36,-83.46,47.04,2026-05-22,8.607009,87.844529,62.56
TEST_004457,airtel,5G,Mumbai,74.22,27.93,-88.49,54.57,2026-05-20,19.972184,77.38839,73.16
TEST_004462,vi,4G,Mumbai,19.6,6.17,-80.34,40.75,2026-04-28,31.244987,89.641456,67.73
TEST_004469,airtel,5G,Mumbai,90.68,18.39,-87.01,61.59,2026-03-21,27.609222,79.001742,69.82
TEST_004484,airtel,5G,Mumbai,79.18,26.2,-81.91,37.15,2026-05-03,28.245108,80.98195,92.27
TEST_004489,vi,5G,Mumbai,59.2,26.6,-94.77,72.03,2026-04-10,9.792876,93.83081,58.64
TEST_004501,jio,4G,Mumbai,39.55,11.65,-87.24,35.94,2026-04-12,16.169658,71.072284,78.1
TEST_004511,jio,5G,Mumbai,98.45,21.09,-68.22,45.57,2026-05-24,10.875809,93.128816,89.79
TEST_004527,jio,5G,Mumbai,134.46,18.69,-90.33,38.73,2026-03-17,32.494059,78.377267,96.97
TEST_004533,airtel,4G,Mumbai,5.88,6.71,-69.63,40.26,2026-03-19,10.049134,91.163849,69.01
TEST_004535,airtel,5G,Mumbai,55.81,18.0,-84.53,35.44,2026-05-28,26.542024,95.592757,85.67
TEST_004540,vi,5G,Mumbai,35.97,17.33,-65.37,44.48,2026-03-20,12.521353,91.075362,76.49
TEST_004558,vi,4G,Mumbai,11.47,6.54,-81.92,53.02,2026-03-03,23.290922,86.593983,54.64
TEST_004564,vi,4G,Mumbai,27.3,8.68,-79.58,71.99,2026-05-07,30.981151,84.48204,50.11
TEST_004600,jio,5G,Mumbai,121.12,31.38,-78.56,45.0,2026-05-20,9.01161,75.706637,95.66
TEST_004628,airtel,5G,Mumbai,93.81,28.57,-79.47,39.95,2026-03-03,26.422141,94.8638,93.62
TEST_004647,jio,5G,Mumbai,91.17,25.39,-92.36,39.02,2026-03-10,20.203145,81.834011,88.71
TEST_004648,airtel,5G,Mumbai,51.57,16.64,-76.38,36.22,2026-03-05,27.943754,88.1909,85.8
TEST_004652,airtel,5G,Mumbai,109.85,31.81,-108.4,46.38,2026-03-12,26.411979,86.205961,82.09
TEST_004653,jio,5G,Mumbai,84.91,22.04,-84.84,39.98,2026-05-17,30.845484,79.22066,87.44
TEST_004674,jio,4G,Mumbai,34.15,9.73,-81.01,77.49,2026-04-04,8.238247,89.864391,49.62
TEST_004686,jio,4G,Mumbai,35.67,9.17,-83.58,47.43,2026-04-15,11.623243,75.195417,64.71
TEST_004714,jio,4G,Mumbai,9.84,9.31,-74.7,41.38,2026-04-27,27.502653,89.634948,67.86
TEST_004726,jio,4G,Mumbai,30.94,10.39,-93.37,39.62,2026-05-22,31.052349,81.98855,68.78
TEST_004744,vi,4G,Mumbai,19.97,4.2,-100.04,40.93,2026-05-29,11.013112,81.536745,60.32
TEST_004768,airtel,5G,Mumbai,85.3,29.69,-89.67,46.6,2026-05-26,12.974891,88.851036,81.9
TEST_004772,vi,5G,Mumbai,81.79,15.98,-80.56,35.05,2026-04-16,30.734191,72.92038,92.64
TEST_004775,vi,5G,Mumbai,61.79,27.35,-83.59,36.49,2026-03-21,35.274274,91.871813,89.17
TEST_004785,airtel,4G,Mumbai,24.93,1.71,-81.27,74.86,2026-03-11,31.695821,85.394313,45.45
TEST_004801,jio,4G,Mumbai,35.16,5.37,-90.75,38.43,2026-04-26,23.379602,78.56643,70.25
TEST_004805,jio,5G,Mumbai,75.74,22.94,-79.49,42.49,2026-03-28,15.104424,87.040079,84.69
TEST_004809,airtel,4G,Mumbai,29.39,7.05,-70.76,44.83,2026-03-16,32.805447,76.440688,69.16
TEST_004812,vi,5G,Mumbai,74.69,19.37,-80.01,57.19,2026-05-03,15.419051,81.882267,71.37
TEST_004817,airtel,4G,Mumbai,17.4,10.53,-88.61,37.57,2026-03-03,34.832332,81.440517,70.01
TEST_004825,jio,5G,Mumbai,62.02,19.83,-93.38,76.09,2026-04-29,8.809288,95.987113,55.83
TEST_004834,vi,5G,Mumbai,78.96,18.8,-93.43,47.43,2026-03-18,18.328083,77.606617,74.57
TEST_004838,airtel,5G,Mumbai,78.95,27.78,-86.1,79.51,2026-05-01,27.051455,85.447969,63.81
TEST_004852,vi,5G,Mumbai,76.26,7.14,-105.78,36.5,2026-05-30,32.813396,90.222288,77.65
TEST_004883,vi,4G,Mumbai,23.02,5.97,-112.79,38.56,2026-05-20,34.536304,79.184142,60.25
TEST_004893,airtel,4G,Mumbai,13.43,6.31,-72.5,71.79,2026-03-18,31.613685,68.644843,48.59
TEST_004922,jio,5G,Mumbai,82.91,39.53,-76.23,68.35,2026-05-13,21.3112,85.900439,76.24
TEST_004948,airtel,4G,Mumbai,13.47,4.86,-73.1,42.13,2026-04-16,17.132022,88.307957,66.77
TEST_004971,jio,5G,Mumbai,64.39,24.59,-85.3,57.81,2026-04-14,25.241691,68.874714,68.84
TEST_004972,jio,5G,Mumbai,84.13,24.38,-107.51,39.97,2026-03-05,34.323282,80.880334,80.57
TEST_004985,vi,4G,Mumbai,12.26,3.68,-89.63,84.28,2026-04-28,26.859244,74.393165,37.64
TEST_004987,vi,4G,Mumbai,11.13,4.78,-85.59,72.61,2026-04-13,13.081293,95.766553,42.85
TEST_005002,jio,4G,Mumbai,22.09,5.89,-84.95,86.36,2026-03-24,20.401645,83.167674,41.64
TEST_005016,jio,4G,Mumbai,22.54,7.89,-81.75,41.46,2026-04-17,23.642291,70.795549,67.74
TEST_005050,vi,5G,Mumbai,32.4,8.6,-76.95,41.37,2026-05-27,18.646316,92.031602,71.89
TEST_005062,airtel,5G,Mumbai,110.68,28.97,-88.89,50.05,2026-05-30,14.343842,93.679647,84.72
TEST_005072,jio,4G,Mumbai,40.64,2.51,-75.59,50.44,2026-03-22,11.425612,92.855986,63.65
TEST_005080,jio,5G,Mumbai,60.2,41.0,-83.63,39.96,2026-03-11,27.644347,73.006328,89.24
TEST_005091,airtel,4G,Mumbai,23.11,9.0,-89.4,76.9,2026-03-12,32.204001,77.396044,44.29
TEST_005102,airtel,5G,Mumbai,81.54,17.71,-73.75,42.72,2026-04-28,16.47571,92.057919,85.75
TEST_005111,jio,4G,Mumbai,23.26,5.51,-72.03,35.69,2026-03-29,15.565898,82.950347,77.68
TEST_005112,vi,5G,Mumbai,82.08,19.12,-64.05,69.54,2026-03-17,16.204322,84.273106,72.23
TEST_005129,airtel,5G,Mumbai,77.19,22.0,-119.39,52.93,2026-04-28,19.384219,92.210628,62.47
TEST_005140,jio,4G,Mumbai,17.3,7.67,-104.81,42.28,2026-04-24,16.686332,91.663748,57.91
TEST_005143,airtel,4G,Mumbai,20.24,8.44,-86.81,35.63,2026-04-21,9.349537,74.959067,73.23
TEST_005149,airtel,4G,Mumbai,26.93,8.17,-94.68,53.45,2026-05-15,10.551727,74.985054,54.13
TEST_005156,airtel,5G,Mumbai,108.66,20.06,-97.66,39.34,2026-03-10,16.754504,76.09653,88.51
TEST_005157,airtel,5G,Mumbai,65.67,26.62,-95.34,44.53,2026-05-04,30.642919,86.694049,76.44
TEST_005168,airtel,4G,Mumbai,15.82,5.3,-81.16,35.02,2026-05-02,12.384604,68.049773,73.92
TEST_005171,vi,4G,Mumbai,13.86,5.94,-96.71,50.09,2026-03-07,29.522103,84.902492,52.15
TEST_005177,airtel,5G,Mumbai,89.19,29.66,-93.37,36.69,2026-04-21,13.80239,76.502766,92.57
TEST_005184,jio,4G,Mumbai,24.78,8.8,-84.49,40.55,2026-04-03,26.614018,71.87788,68.68
TEST_005190,jio,4G,Mumbai,36.4,9.75,-82.27,44.07,2026-05-14,10.225101,74.255246,68.6
TEST_005199,airtel,4G,Mumbai,22.03,5.4,-99.37,35.67,2026-05-06,31.823537,72.64805,68.28
TEST_005225,airtel,5G,Mumbai,68.55,22.58,-77.32,51.52,2026-03-04,14.229555,92.01984,75.77
TEST_005230,airtel,4G,Mumbai,33.42,5.27,-96.09,54.04,2026-03-29,12.699231,89.254171,53.66
TEST_005238,vi,4G,Mumbai,20.98,7.02,-120.0,47.99,2026-04-21,30.627461,68.709889,48.05
TEST_005239,airtel,5G,Mumbai,60.46,22.92,-103.1,35.17,2026-03-01,29.09782,80.446442,82.71
TEST_005243,jio,5G,Mumbai,33.36,23.97,-81.2,59.91,2026-05-18,8.661529,93.813582,61.9
TEST_005249,airtel,4G,Mumbai,19.75,3.76,-82.21,38.87,2026-04-19,25.542217,95.438508,68.52
TEST_005271,jio,4G,Mumbai,17.46,6.4,-93.49,40.46,2026-05-23,29.385882,82.863962,63.29
TEST_005282,jio,4G,Mumbai,41.6,8.49,-83.21,53.42,2026-03-29,29.883466,86.659904,61.36
TEST_005290,airtel,5G,Mumbai,93.39,11.32,-109.85,42.03,2026-03-04,24.939994,82.552643,74.78
TEST_005311,jio,5G,Mumbai,121.14,41.89,-81.12,52.58,2026-03-03,23.411569,71.856349,92.47
TEST_005315,jio,5G,Mumbai,79.18,33.72,-95.27,49.29,2026-03-11,8.90611,71.215057,77.89
TEST_005324,jio,4G,Mumbai,24.11,7.86,-81.64,49.01,2026-03-01,15.118696,75.796549,61.0
TEST_005334,airtel,4G,Mumbai,28.12,7.0,-85.73,44.06,2026-04-28,26.141806,85.806909,64.61
TEST_005375,airtel,4G,Mumbai,32.35,8.88,-90.56,46.48,2026-05-27,31.525526,81.039368,62.37
TEST_005377,airtel,4G,Mumbai,22.44,4.83,-94.99,44.97,2026-04-19,24.34831,72.161142,58.6
TEST_005380,vi,4G,Mumbai,14.66,5.18,-79.14,47.99,2026-03-29,10.435954,95.990988,59.59
TEST_005394,airtel,5G,Mumbai,62.15,13.53,-81.52,54.51,2026-04-17,17.067577,94.308178,67.61
TEST_005399,vi,4G,Mumbai,14.42,3.8,-81.23,41.24,2026-05-28,28.771248,74.837501,64.86
TEST_005403,airtel,5G,Mumbai,71.77,21.29,-77.82,60.44,2026-03-04,33.695234,69.879782,70.33
TEST_005411,vi,4G,Mumbai,21.92,6.05,-74.42,37.57,2026-03-19,22.30542,86.266297,74.13
TEST_005423,airtel,4G,Mumbai,15.98,9.96,-93.51,35.46,2026-03-19,33.336693,82.390575,70.86
TEST_005425,vi,4G,Mumbai,17.69,6.57,-78.28,36.69,2026-05-05,30.30617,72.105574,73.3
TEST_005435,vi,5G,Mumbai,31.52,15.87,-88.44,45.43,2026-03-01,34.066936,71.317996,66.38
TEST_005436,vi,5G,Mumbai,80.67,27.1,-87.72,43.38,2026-05-02,32.422233,70.877608,83.63
TEST_005438,airtel,5G,Mumbai,63.58,20.19,-90.37,40.84,2026-03-08,15.979475,74.298191,79.17
TEST_005459,vi,5G,Mumbai,32.88,15.94,-81.8,42.93,2026-04-26,15.15377,77.259628,71.37
TEST_005487,airtel,4G,Mumbai,18.26,6.0,-90.58,43.3,2026-05-24,19.728796,85.172095,61.2
TEST_005505,jio,5G,Mumbai,68.43,21.01,-60.0,35.06,2026-04-18,22.64272,95.444557,98.33
TEST_005510,airtel,4G,Mumbai,20.3,6.16,-103.73,82.39,2026-05-25,23.034431,91.068613,36.16
TEST_005529,jio,4G,Mumbai,23.55,8.07,-116.9,53.08,2026-05-13,22.326262,87.426654,46.19
TEST_005546,vi,4G,Mumbai,23.57,7.57,-88.11,102.32,2026-04-30,25.658902,89.420958,37.98
TEST_005563,vi,4G,Mumbai,12.89,5.96,-88.85,55.37,2026-05-14,18.635692,79.54072,50.9
TEST_005575,vi,5G,Mumbai,44.52,14.25,-81.92,47.92,2026-04-28,17.709068,87.69396,68.67
TEST_005579,airtel,5G,Mumbai,45.81,30.2,-62.9,38.42,2026-03-04,34.714978,89.27138,90.93
TEST_005601,vi,4G,Mumbai,21.8,4.91,-94.89,40.26,2026-03-15,28.980308,75.541933,63.48
TEST_005606,airtel,5G,Mumbai,63.46,17.49,-81.32,38.89,2026-04-13,27.859763,75.549175,83.51
TEST_005609,jio,5G,Mumbai,70.19,21.71,-62.9,39.07,2026-05-26,15.635352,87.207597,92.46
TEST_005611,jio,4G,Mumbai,17.41,7.49,-81.76,41.51,2026-03-12,10.596043,94.747869,66.39
TEST_005631,jio,4G,Mumbai,9.07,10.93,-103.87,45.11,2026-04-26,8.357258,83.573199,54.74
TEST_005651,vi,4G,Mumbai,15.59,5.43,-97.75,51.4,2026-03-22,19.37301,84.009035,51.03
TEST_005659,vi,4G,Mumbai,19.83,4.62,-65.28,35.9,2026-04-04,22.128997,84.628299,78.53
TEST_005666,jio,5G,Mumbai,81.26,29.64,-104.72,35.0,2026-04-12,29.411997,89.134289,89.51
TEST_005667,jio,5G,Mumbai,84.39,23.3,-97.92,57.74,2026-03-23,19.121654,95.767471,68.66
TEST_005670,vi,4G,Mumbai,12.17,5.2,-68.41,40.62,2026-04-29,29.097601,90.960491,69.85
TEST_005671,vi,5G,Mumbai,68.35,17.05,-90.02,42.81,2026-03-30,17.380319,80.115055,77.06
TEST_005686,airtel,5G,Mumbai,86.36,17.54,-82.96,42.26,2026-03-29,20.316869,84.58837,84.18
TEST_005691,airtel,4G,Mumbai,29.0,7.27,-60.0,39.06,2026-03-19,25.618692,80.608462,79.02
TEST_005697,jio,5G,Mumbai,81.01,25.87,-90.77,46.12,2026-03-02,19.091432,80.163243,79.62
TEST_005705,jio,5G,Mumbai,128.24,23.74,-86.56,40.76,2026-04-11,30.060507,76.007906,96.22
TEST_005708,vi,4G,Mumbai,14.62,5.5,-72.02,51.08,2026-04-29,34.32041,78.644744,59.65
TEST_005713,vi,4G,Mumbai,9.95,10.06,-69.58,59.13,2026-04-08,23.364035,80.062159,55.93
TEST_005714,vi,5G,Mumbai,102.26,21.29,-72.49,39.03,2026-03-27,35.332554,88.884772,96.31
TEST_005718,vi,4G,Mumbai,25.12,6.28,-103.09,41.21,2026-05-16,13.539171,70.70837,60.89
TEST_005727,vi,5G,Mumbai,68.78,22.07,-93.87,35.3,2026-05-05,16.929518,74.001012,87.14
TEST_005728,airtel,4G,Mumbai,18.35,7.63,-82.53,43.62,2026-04-11,9.61722,74.712822,64.17
TEST_005740,airtel,4G,Mumbai,32.72,6.35,-96.85,38.11,2026-04-10,22.591746,74.205105,68.45
TEST_005743,jio,4G,Mumbai,22.05,6.1,-105.98,53.71,2026-05-15,17.484607,91.92834,48.36
TEST_005770,vi,4G,Mumbai,18.47,8.03,-86.01,61.4,2026-04-21,30.008654,89.727274,50.41
TEST_005772,vi,4G,Mumbai,11.65,4.82,-76.06,41.71,2026-05-28,25.113174,93.397028,65.82
TEST_005779,airtel,5G,Mumbai,87.28,28.9,-79.67,53.09,2026-04-28,34.037556,95.910761,80.35
TEST_005807,vi,5G,Mumbai,42.1,19.63,-85.68,38.65,2026-03-20,32.12243,72.553496,78.38
TEST_005824,vi,4G,Mumbai,14.74,7.55,-95.28,50.93,2026-03-02,30.547543,70.285347,52.78
TEST_005830,vi,4G,Mumbai,16.35,2.01,-94.34,41.53,2026-05-21,16.471248,76.245799,59.95
TEST_005839,airtel,5G,Mumbai,54.0,15.91,-74.43,62.65,2026-03-27,27.201345,95.455693,64.41
TEST_005877,airtel,5G,Mumbai,55.61,18.39,-109.01,37.73,2026-05-12,23.845313,95.465642,74.36
TEST_005894,vi,5G,Mumbai,64.27,12.58,-61.72,40.46,2026-05-26,31.288989,82.678113,86.55
TEST_005896,jio,5G,Mumbai,104.97,23.92,-99.32,39.59,2026-04-14,15.830416,92.273189,88.23
TEST_005897,airtel,4G,Mumbai,33.03,7.87,-86.93,50.92,2026-04-17,14.428018,74.045541,59.76
TEST_005901,airtel,4G,Mumbai,29.63,3.25,-89.59,39.81,2026-04-15,8.036623,92.637514,66.92
TEST_005913,airtel,4G,Mumbai,26.85,3.27,-68.36,53.9,2026-04-03,15.045112,92.904501,60.81
TEST_005929,airtel,5G,Mumbai,81.04,21.83,-84.54,36.92,2026-05-19,11.620294,73.171678,90.54
TEST_005930,vi,4G,Mumbai,15.25,5.17,-114.37,80.13,2026-03-25,11.295154,80.647215,31.8
TEST_005935,airtel,5G,Mumbai,82.12,40.79,-80.16,52.83,2026-04-25,8.142208,87.970886,83.53
TEST_005944,jio,5G,Mumbai,77.43,42.59,-79.31,39.79,2026-03-17,13.613382,86.600435,95.3
TEST_005947,vi,4G,Mumbai,29.52,7.56,-90.93,53.16,2026-03-08,33.467216,77.704524,55.94
TEST_005988,airtel,5G,Mumbai,80.98,24.17,-77.49,49.5,2026-05-10,13.513299,70.191809,80.58
TEST_005990,jio,4G,Mumbai,32.26,8.34,-75.9,41.62,2026-05-27,26.980244,74.646204,71.84
TEST_005992,vi,4G,Mumbai,11.46,7.14,-85.52,43.3,2026-05-09,23.694456,80.531295,61.78
TEST_006006,jio,5G,Mumbai,65.3,39.81,-104.92,40.0,2026-05-14,29.252123,91.712936,82.8
TEST_006011,jio,5G,Mumbai,86.78,6.72,-78.14,53.95,2026-03-27,14.451306,87.796072,72.12
TEST_006039,vi,4G,Mumbai,20.71,3.39,-82.99,37.28,2026-03-18,11.044579,83.39327,70.43
TEST_006045,airtel,4G,Mumbai,5.99,5.12,-62.53,89.98,2026-04-02,20.703296,77.289192,44.33
TEST_006058,airtel,4G,Mumbai,25.8,8.05,-82.53,65.26,2026-05-23,33.365724,77.043827,51.34
TEST_006063,vi,5G,Mumbai,47.2,17.22,-78.27,76.85,2026-03-16,19.357372,95.743908,56.36
TEST_006071,vi,5G,Mumbai,89.79,14.04,-87.86,58.13,2026-04-16,32.989439,84.510534,69.63
TEST_006078,airtel,5G,Mumbai,68.35,24.53,-72.52,52.26,2026-04-24,12.121737,94.370176,77.51
TEST_006080,jio,5G,Mumbai,87.96,17.05,-72.72,35.01,2026-03-09,11.39587,80.21108,97.08
TEST_006081,vi,4G,Mumbai,11.93,5.81,-93.06,82.62,2026-03-04,35.716061,92.812232,37.66
TEST_006085,airtel,5G,Mumbai,80.55,35.85,-101.39,82.2,2026-04-29,31.051857,91.831841,61.19
TEST_006086,jio,5G,Mumbai,55.13,26.9,-114.5,44.79,2026-05-25,24.482748,71.755686,67.55
TEST_006117,vi,4G,Mumbai,14.77,1.91,-101.69,36.14,2026-04-28,12.421792,85.329225,63.94
TEST_006135,airtel,4G,Mumbai,27.15,3.52,-92.58,41.22,2026-04-26,14.891362,76.262907,63.84
TEST_006139,airtel,5G,Mumbai,85.19,26.96,-90.48,48.63,2026-03-14,18.953121,77.444317,78.9
TEST_006164,vi,4G,Mumbai,20.8,6.05,-94.14,40.08,2026-03-19,32.679422,92.548702,64.13
TEST_006173,airtel,4G,Mumbai,18.5,4.68,-91.89,45.61,2026-03-03,27.261832,90.802515,58.1
TEST_006181,airtel,4G,Mumbai,21.73,7.94,-93.03,37.24,2026-05-23,32.539303,77.86389,69.01
TEST_006186,airtel,5G,Mumbai,100.68,30.95,-85.92,51.5,2026-04-17,8.171639,83.640515,83.11
TEST_006197,airtel,4G,Mumbai,33.38,9.2,-94.78,44.64,2026-04-02,9.816794,74.645829,63.0
TEST_006214,jio,4G,Mumbai,19.6,8.96,-60.34,47.13,2026-03-03,15.84292,86.038362,69.06
TEST_006216,airtel,5G,Mumbai,79.62,21.74,-90.21,37.81,2026-03-09,32.382081,90.534108,87.09
TEST_006227,airtel,5G,Mumbai,87.36,21.21,-75.36,77.5,2026-03-15,24.434003,76.934384,67.52
TEST_006233,airtel,5G,Mumbai,99.88,21.78,-84.43,49.88,2026-04-09,24.826619,89.481806,81.32
TEST_006235,airtel,4G,Mumbai,22.94,6.21,-101.93,62.7,2026-05-06,16.792376,79.773344,44.78
TEST_006238,vi,5G,Mumbai,67.82,21.5,-80.94,49.86,2026-04-15,27.108363,77.750788,75.25
TEST_006240,airtel,5G,Mumbai,109.13,20.81,-102.86,50.25,2026-04-28,21.103555,95.095207,76.6
TEST_006243,airtel,4G,Mumbai,29.92,5.77,-106.41,68.9,2026-05-19,16.689959,89.274804,41.9
TEST_006255,jio,4G,Mumbai,22.27,6.52,-102.99,41.07,2026-04-03,30.346656,74.372231,60.54
TEST_006269,airtel,4G,Mumbai,10.32,9.18,-94.81,36.15,2026-03-23,10.110847,86.897111,67.86
TEST_006279,vi,4G,Mumbai,15.17,3.21,-69.36,38.19,2026-05-25,28.63067,85.600275,72.46
TEST_006286,jio,5G,Mumbai,62.58,18.83,-79.3,56.66,2026-03-02,18.822899,82.898037,69.03
TEST_006326,vi,4G,Mumbai,24.17,6.96,-76.88,67.76,2026-04-22,23.235099,68.519045,51.37
TEST_006338,vi,5G,Mumbai,25.24,20.63,-94.76,44.61,2026-05-13,29.085593,76.502502,65.37
TEST_006339,airtel,5G,Mumbai,66.23,13.58,-84.93,52.23,2026-03-23,33.235194,78.943143,68.94
TEST_006369,airtel,4G,Mumbai,23.79,7.2,-101.4,45.76,2026-05-24,21.669624,76.64842,56.88
TEST_006379,airtel,4G,Mumbai,16.63,6.12,-84.19,42.23,2026-03-28,32.112639,71.881142,64.13
TEST_006380,airtel,5G,Mumbai,88.48,12.59,-84.85,43.32,2026-05-05,15.23989,89.855853,81.12
TEST_006393,airtel,4G,Mumbai,33.64,9.59,-74.46,40.51,2026-05-16,31.152342,81.08757,74.34
TEST_006423,jio,4G,Mumbai,29.01,10.7,-83.36,65.23,2026-05-22,21.846448,76.774339,52.76
TEST_006425,jio,5G,Mumbai,103.0,39.94,-88.14,66.39,2026-05-07,16.330722,89.084659,77.74
TEST_006437,jio,4G,Mumbai,28.82,5.45,-91.92,50.72,2026-04-14,9.648336,85.966713,56.43
TEST_006449,vi,4G,Mumbai,9.97,3.5,-88.53,64.0,2026-04-29,25.619038,72.6242,44.75
TEST_006453,jio,5G,Mumbai,53.51,35.78,-111.76,41.6,2026-03-28,25.755816,71.934298,74.6
TEST_006466,vi,4G,Mumbai,14.67,6.3,-89.63,93.06,2026-03-24,35.181335,71.580697,36.94
TEST_006471,vi,4G,Mumbai,21.46,4.64,-72.23,59.54,2026-03-29,30.122106,72.347156,55.42
TEST_006481,vi,5G,Mumbai,53.46,13.03,-72.97,95.88,2026-03-27,22.505134,82.155652,52.96
TEST_006520,jio,4G,Mumbai,25.92,8.13,-73.65,52.77,2026-03-29,11.127688,80.226283,61.37
TEST_006527,vi,5G,Mumbai,68.68,16.52,-96.87,97.74,2026-03-11,21.533168,90.593753,49.26
TEST_006533,vi,4G,Mumbai,24.64,4.99,-101.7,42.0,2026-03-04,26.211525,78.995694,59.91
TEST_006535,jio,5G,Mumbai,79.46,26.99,-61.59,66.31,2026-03-21,20.372247,80.727748,76.68
TEST_006566,airtel,4G,Mumbai,31.2,7.29,-75.62,43.09,2026-03-08,31.858791,79.508319,69.75
TEST_006611,jio,5G,Mumbai,130.64,21.79,-90.15,64.32,2026-05-10,25.714855,85.331222,77.58
TEST_006623,jio,5G,Mumbai,58.97,25.45,-100.93,36.9,2026-04-11,29.640032,91.858804,81.5
TEST_006639,jio,4G,Mumbai,17.22,5.26,-89.0,52.51,2026-05-26,14.4794,82.128895,53.45
TEST_006643,vi,4G,Mumbai,9.39,6.3,-96.55,41.54,2026-05-27,33.438137,68.879623,59.21
TEST_006647,jio,5G,Mumbai,92.24,28.86,-76.92,44.41,2026-05-04,11.103149,77.263062,89.42
TEST_006650,vi,4G,Mumbai,18.61,4.32,-96.59,44.59,2026-03-25,27.35213,73.280583,57.39
TEST_006659,jio,4G,Mumbai,33.32,9.61,-90.82,80.27,2026-04-16,22.202924,73.774864,45.25
TEST_006671,jio,5G,Mumbai,123.23,33.66,-104.84,55.17,2026-05-25,10.148099,81.539618,80.33
TEST_006672,vi,5G,Mumbai,54.14,24.73,-79.64,73.04,2026-03-31,15.555792,91.817233,61.5
TEST_006673,vi,4G,Mumbai,19.26,7.69,-68.2,46.37,2026-03-14,19.580951,74.203681,66.57
TEST_006694,jio,5G,Mumbai,117.25,13.14,-93.99,44.06,2026-04-19,13.706386,71.021737,83.94
TEST_006696,vi,5G,Mumbai,76.31,14.79,-86.91,67.95,2026-05-25,17.685158,90.74451,62.4
TEST_006697,airtel,4G,Mumbai,27.03,5.73,-92.84,63.08,2026-03-23,13.394149,79.570385,48.37
TEST_006701,vi,4G,Mumbai,22.61,6.98,-101.56,45.47,2026-03-28,31.94406,72.461723,56.75
TEST_006721,vi,4G,Mumbai,23.01,5.18,-98.33,49.6,2026-04-11,11.38251,84.438837,53.75
TEST_006726,jio,5G,Mumbai,79.02,39.76,-94.83,45.63,2026-05-11,31.96385,84.251234,83.31
TEST_006730,vi,4G,Mumbai,13.92,4.61,-60.0,36.96,2026-05-29,18.290113,77.707007,77.46
TEST_006733,jio,5G,Mumbai,43.89,30.52,-97.1,35.45,2026-03-12,12.31856,80.870889,83.35
TEST_006752,jio,4G,Mumbai,22.18,6.4,-95.95,62.06,2026-03-10,33.658218,86.802634,47.0
TEST_006753,airtel,4G,Mumbai,27.32,2.81,-89.12,42.98,2026-05-06,22.181102,76.966328,62.87
TEST_006761,vi,5G,Mumbai,85.8,25.92,-70.08,58.62,2026-03-22,26.531283,75.91524,78.71
TEST_006763,vi,4G,Mumbai,16.55,4.59,-75.3,64.78,2026-03-18,14.913271,83.18276,50.66
TEST_006804,airtel,4G,Mumbai,16.35,5.14,-107.85,36.25,2026-04-14,14.738283,84.233434,63.25
TEST_006820,jio,5G,Mumbai,122.09,14.84,-75.24,45.84,2026-03-21,28.838154,95.088525,90.2
TEST_006825,vi,4G,Mumbai,14.72,5.04,-87.26,47.22,2026-04-19,19.537362,89.520896,57.5
TEST_006830,airtel,5G,Mumbai,55.98,31.38,-70.08,37.41,2026-03-06,28.713646,90.130689,92.57
TEST_006834,airtel,5G,Mumbai,58.28,16.95,-79.69,59.51,2026-05-20,21.764981,83.24173,65.62
TEST_006836,jio,5G,Mumbai,82.64,32.73,-98.43,43.18,2026-03-20,33.113475,89.677232,82.75
TEST_006838,airtel,4G,Mumbai,34.03,7.91,-78.63,67.05,2026-03-09,25.982695,68.428727,53.63
TEST_006840,airtel,4G,Mumbai,14.97,8.39,-74.63,50.83,2026-04-24,20.144191,70.640006,60.09
TEST_006849,airtel,4G,Mumbai,20.38,5.96,-62.14,39.26,2026-05-01,28.626754,95.631852,75.67
TEST_006851,jio,4G,Mumbai,26.11,8.26,-80.55,43.7,2026-04-16,9.28317,89.158655,66.71
TEST_006856,jio,4G,Mumbai,34.89,8.82,-77.19,35.28,2026-03-04,22.636632,85.935839,80.37
TEST_006858,vi,5G,Mumbai,52.99,26.09,-76.65,70.82,2026-03-03,17.315598,69.602332,63.57
TEST_006861,vi,4G,Mumbai,20.3,6.19,-75.51,46.21,2026-05-01,15.087773,75.200357,63.96
TEST_006867,airtel,5G,Mumbai,77.03,19.19,-102.35,83.09,2026-04-03,10.899034,68.187041,53.79
TEST_006900,vi,5G,Mumbai,55.7,21.11,-76.89,41.62,2026-03-28,20.760528,79.657162,81.36
TEST_006902,airtel,4G,Mumbai,31.86,7.37,-103.38,36.99,2026-04-25,29.038529,91.369057,67.96
TEST_006904,vi,5G,Mumbai,48.43,21.23,-94.4,37.57,2026-03-05,29.961628,78.348564,78.88
TEST_006905,jio,4G,Mumbai,18.3,3.63,-86.91,110.06,2026-03-16,9.425652,79.838645,34.43
TEST_006906,airtel,5G,Mumbai,111.05,34.72,-90.44,36.99,2026-03-21,24.360744,82.673529,99.84
TEST_006912,vi,5G,Mumbai,85.46,11.88,-77.75,38.72,2026-03-25,35.269728,88.85597,87.79
TEST_006918,airtel,4G,Mumbai,18.35,6.4,-92.27,84.88,2026-03-20,32.677701,84.11829,38.94
TEST_006920,airtel,5G,Mumbai,65.19,17.79,-78.68,41.27,2026-03-23,35.988265,80.838537,82.07
TEST_006929,vi,5G,Mumbai,73.03,12.88,-90.56,35.13,2026-03-29,10.620707,71.78185,86.11
TEST_006930,vi,5G,Mumbai,70.84,16.21,-60.0,73.34,2026-04-19,20.293472,79.366457,68.57
TEST_006944,airtel,4G,Mumbai,29.97,7.93,-94.81,39.48,2026-04-12,26.634338,69.761441,67.36
TEST_006953,jio,5G,Mumbai,85.05,39.37,-82.1,37.99,2026-05-07,27.347668,72.699065,97.16
TEST_006960,airtel,4G,Mumbai,26.36,5.96,-90.37,36.75,2026-05-10,31.487768,71.144566,70.89
TEST_006961,airtel,5G,Mumbai,63.96,19.34,-91.88,47.75,2026-05-30,14.197972,94.801493,71.67
TEST_006969,vi,4G,Mumbai,24.72,7.61,-85.73,42.9,2026-03-01,14.851361,70.212979,65.25
TEST_006988,jio,4G,Mumbai,14.93,8.21,-83.77,42.06,2026-05-05,8.496942,92.105023,64.83
TEST_006990,jio,5G,Mumbai,98.74,25.91,-91.76,37.55,2026-05-24,29.235214,76.015377,92.69
TEST_007012,jio,5G,Mumbai,114.05,24.95,-84.55,37.6,2026-04-09,19.404466,91.860873,98.09
TEST_007024,jio,4G,Mumbai,15.76,6.22,-100.61,49.0,2026-04-02,12.981361,90.875923,52.23
TEST_007027,vi,5G,Mumbai,39.95,17.9,-94.62,54.81,2026-04-26,10.748338,87.524012,59.69
TEST_007028,vi,4G,Mumbai,15.67,8.06,-85.27,36.11,2026-03-01,27.968834,85.672551,71.89
TEST_007032,airtel,4G,Mumbai,28.0,4.32,-113.1,51.77,2026-04-28,11.480331,81.012961,48.01
TEST_007053,vi,5G,Mumbai,73.32,19.68,-83.36,57.29,2026-03-09,25.627323,91.431507,70.0
TEST_007057,airtel,4G,Mumbai,26.96,9.28,-92.42,36.09,2026-03-12,13.725488,86.313006,72.49
TEST_007080,vi,4G,Mumbai,18.87,5.76,-76.71,37.25,2026-05-09,21.445126,79.287396,73.01
TEST_007082,airtel,4G,Mumbai,16.59,3.92,-83.31,42.25,2026-03-14,8.042235,93.325436,63.59
TEST_007096,vi,5G,Mumbai,105.93,15.88,-79.24,36.22,2026-05-14,11.215842,83.586196,96.68
TEST_007107,jio,5G,Mumbai,97.41,21.42,-96.14,45.12,2026-05-15,8.344268,76.026272,80.79
TEST_007109,airtel,4G,Mumbai,16.07,7.51,-72.98,47.74,2026-05-13,14.27528,76.48167,63.01
TEST_007112,airtel,5G,Mumbai,86.18,17.6,-85.8,52.73,2026-03-31,13.660994,92.563893,74.21
TEST_007121,jio,5G,Mumbai,108.96,38.99,-77.71,57.69,2026-04-05,35.886696,86.529271,86.6
TEST_007123,vi,4G,Mumbai,25.66,3.4,-88.81,37.81,2026-03-03,34.014237,85.14031,68.88
TEST_007151,airtel,5G,Mumbai,107.51,21.02,-73.41,41.29,2026-05-14,14.851465,79.369883,94.4
TEST_007152,vi,4G,Mumbai,16.41,4.71,-89.2,39.51,2026-04-24,29.462749,91.019859,65.0
TEST_007165,jio,4G,Mumbai,10.5,9.99,-74.4,35.34,2026-04-03,17.995047,84.567536,76.2
TEST_007173,jio,5G,Mumbai,101.72,30.38,-90.0,49.31,2026-04-02,17.114419,93.969445,83.44
TEST_007214,jio,4G,Mumbai,22.49,5.45,-69.14,48.67,2026-04-24,11.784815,69.632991,64.21
TEST_007229,vi,4G,Mumbai,19.37,6.03,-103.39,77.34,2026-04-23,23.465657,89.358406,37.57
TEST_007251,jio,5G,Mumbai,61.83,26.42,-78.8,66.22,2026-04-21,8.867839,92.826361,66.85
TEST_007258,airtel,4G,Mumbai,16.11,7.25,-97.32,38.79,2026-05-17,26.644575,84.034405,64.04
TEST_007259,vi,4G,Mumbai,13.94,3.67,-66.4,37.82,2026-05-16,33.087643,68.325209,73.82
TEST_007263,jio,4G,Mumbai,22.94,9.55,-88.15,49.19,2026-05-07,29.934721,78.538426,59.04
TEST_007277,vi,5G,Mumbai,50.16,22.82,-74.6,45.12,2026-04-30,28.727749,68.137605,77.95
TEST_007280,jio,4G,Mumbai,32.26,10.06,-78.38,80.48,2026-05-26,11.520229,73.970081,49.26
TEST_007283,jio,4G,Mumbai,33.06,9.74,-96.25,37.97,2026-05-12,9.7871,89.688627,70.14
TEST_007296,airtel,5G,Mumbai,73.86,12.67,-79.22,60.79,2026-03-14,10.691597,92.686232,67.01
TEST_007308,jio,4G,Mumbai,27.57,5.95,-82.54,48.41,2026-05-06,17.16927,79.139188,61.27
TEST_007317,vi,4G,Mumbai,26.87,6.86,-67.92,72.62,2026-04-20,22.064466,73.63876,53.0
TEST_007336,jio,5G,Mumbai,42.47,14.61,-82.54,49.57,2026-04-21,35.281687,75.809744,66.8
TEST_007344,vi,4G,Mumbai,13.43,5.75,-69.57,45.53,2026-04-27,9.892975,70.987865,64.87
TEST_007374,vi,4G,Mumbai,20.81,5.85,-82.75,72.73,2026-05-12,24.925734,90.462373,46.3
TEST_007377,airtel,5G,Mumbai,90.31,26.24,-65.68,49.21,2026-03-08,33.943321,85.803584,87.58
TEST_007379,vi,4G,Mumbai,27.7,4.23,-100.77,45.1,2026-03-07,11.277212,79.019638,57.5
TEST_007384,jio,4G,Mumbai,29.83,7.06,-87.23,87.83,2026-04-07,9.047482,76.200885,42.65
TEST_007397,jio,5G,Mumbai,44.67,30.74,-86.14,40.33,2026-04-09,34.975449,70.789926,80.78
TEST_007413,vi,4G,Mumbai,13.6,6.03,-74.72,35.04,2026-05-15,11.373759,73.312344,75.8
TEST_007416,vi,5G,Mumbai,73.82,14.7,-86.4,53.32,2026-04-23,29.056694,80.52999,69.8
TEST_007421,jio,5G,Mumbai,83.46,23.93,-84.91,40.58,2026-03-03,27.521939,78.079307,87.07
TEST_007442,vi,4G,Mumbai,14.47,4.29,-93.12,49.8,2026-03-26,14.041249,91.79909,53.11
TEST_007471,jio,5G,Mumbai,58.06,25.71,-65.03,38.69,2026-04-16,20.258477,93.848557,90.98
TEST_007478,jio,4G,Mumbai,29.58,6.8,-95.86,56.0,2026-05-30,34.130701,95.950329,52.19
TEST_007480,jio,4G,Mumbai,17.05,9.87,-99.8,54.42,2026-03-13,26.494808,94.434537,50.2
TEST_007487,jio,5G,Mumbai,125.9,24.75,-78.62,43.13,2026-04-13,9.472566,93.037181,96.14
TEST_007492,airtel,4G,Mumbai,30.35,5.72,-88.33,85.28,2026-03-23,16.669228,92.217597,42.57
TEST_007493,airtel,5G,Mumbai,86.6,28.01,-81.45,36.65,2026-05-24,28.892539,82.00651,95.43
TEST_007497,jio,5G,Mumbai,88.33,26.18,-61.41,40.91,2026-05-25,29.9989,77.248927,96.43
TEST_007506,airtel,5G,Mumbai,116.22,31.42,-107.05,39.22,2026-05-24,23.091252,80.295878,91.34
TEST_007507,jio,5G,Mumbai,52.39,24.85,-109.99,39.27,2026-05-08,10.178651,75.411011,73.69
TEST_007521,airtel,5G,Mumbai,63.82,38.67,-80.46,35.5,2026-04-06,27.266066,85.585402,96.22
TEST_007524,vi,4G,Mumbai,16.18,1.12,-60.0,38.82,2026-03-20,18.014933,91.066471,74.24
TEST_007525,jio,5G,Mumbai,88.63,5.32,-60.0,38.51,2026-05-23,12.715271,69.323432,92.3
TEST_007536,jio,4G,Mumbai,13.33,5.01,-83.37,42.31,2026-04-25,18.906278,83.117559,63.18
TEST_007538,airtel,5G,Mumbai,66.47,22.67,-72.76,53.78,2026-03-08,14.304063,90.734003,75.29
TEST_007551,jio,4G,Mumbai,37.98,7.27,-94.57,60.1,2026-04-12,12.39603,81.107221,52.31
TEST_007553,vi,5G,Mumbai,36.92,15.58,-92.48,74.92,2026-03-16,13.831396,92.232691,49.39
TEST_007556,airtel,5G,Mumbai,87.0,23.47,-90.21,41.34,2026-05-20,33.900765,95.370981,85.06
TEST_007586,jio,5G,Mumbai,1.0,27.88,-96.83,38.03,2026-04-21,31.898542,82.117562,69.3
TEST_007592,vi,4G,Mumbai,6.77,9.77,-69.08,44.58,2026-04-03,23.645411,68.122768,65.91
TEST_007616,jio,5G,Mumbai,89.32,34.69,-85.65,38.26,2026-04-03,10.917977,82.469393,94.88
TEST_007637,airtel,5G,Mumbai,92.4,21.5,-95.58,37.93,2026-03-23,12.135459,80.834704,87.9
TEST_007640,airtel,4G,Mumbai,12.78,9.7,-97.78,49.73,2026-04-06,21.974448,81.729652,53.2
TEST_007644,airtel,4G,Mumbai,17.87,8.71,-87.4,96.96,2026-05-26,17.63942,77.048133,38.42
TEST_007650,airtel,5G,Mumbai,69.74,20.64,-87.92,80.81,2026-04-28,11.625404,85.81613,58.17
TEST_007658,airtel,5G,Mumbai,80.51,18.62,-101.73,48.47,2026-04-30,23.785103,83.900525,71.21
TEST_007662,vi,4G,Mumbai,10.13,4.94,-73.99,36.14,2026-04-23,31.89293,74.06075,73.24
TEST_007670,vi,5G,Mumbai,44.99,17.37,-94.78,57.37,2026-03-17,18.77524,74.08476,59.0
TEST_007680,jio,5G,Mumbai,104.42,25.6,-100.37,54.37,2026-04-15,10.930476,84.891765,75.22
TEST_007686,jio,4G,Mumbai,13.58,10.42,-80.31,36.77,2026-03-03,30.449593,90.005082,72.99
TEST_007696,airtel,5G,Mumbai,78.15,25.48,-91.91,54.16,2026-04-27,24.872573,88.521281,72.28
TEST_007703,airtel,4G,Mumbai,20.0,7.49,-73.75,43.88,2026-05-09,12.369536,70.48285,67.15
TEST_007708,vi,5G,Mumbai,65.88,19.37,-92.52,40.68,2026-03-31,15.619101,68.04116,78.85
TEST_007716,airtel,4G,Mumbai,16.77,9.23,-98.27,60.22,2026-04-18,34.62164,77.363618,47.0
TEST_007721,airtel,5G,Mumbai,66.82,29.23,-102.14,53.61,2026-03-16,19.124613,69.528297,68.07
TEST_007727,vi,5G,Mumbai,41.4,18.26,-73.52,77.95,2026-05-09,22.478135,87.94019,56.67
TEST_007731,vi,5G,Mumbai,33.37,18.85,-85.06,41.44,2026-03-09,33.182689,75.205617,73.05
TEST_007742,airtel,5G,Mumbai,77.33,14.96,-88.53,51.54,2026-04-09,15.87982,75.328144,71.21
TEST_007746,jio,5G,Mumbai,51.45,17.25,-71.43,72.69,2026-05-26,9.399449,79.836891,61.05
TEST_007791,vi,4G,Mumbai,18.66,7.73,-77.54,67.37,2026-04-05,29.605093,91.271397,50.37
TEST_007795,airtel,4G,Mumbai,15.38,9.51,-90.65,40.25,2026-05-06,28.172371,85.25788,65.15
TEST_007797,airtel,4G,Mumbai,30.31,10.3,-71.3,55.85,2026-05-02,22.19174,87.630761,61.9
TEST_007804,airtel,4G,Mumbai,29.41,8.04,-105.89,37.08,2026-04-06,24.683499,72.883755,66.69
TEST_007810,airtel,4G,Mumbai,27.22,3.69,-92.88,46.18,2026-05-05,32.973406,87.555998,58.83
TEST_007811,vi,5G,Mumbai,81.4,21.21,-65.94,53.03,2026-05-12,35.119792,77.224603,80.87
TEST_007813,jio,5G,Mumbai,67.36,23.91,-93.54,49.36,2026-04-05,20.95428,84.754822,72.22
TEST_007817,airtel,4G,Mumbai,22.01,8.2,-79.41,37.28,2026-05-30,14.84594,71.935574,73.66
TEST_007822,jio,4G,Mumbai,39.95,8.38,-83.71,35.39,2026-04-28,24.855056,91.489528,79.0
TEST_007825,jio,4G,Mumbai,28.49,7.86,-95.83,50.85,2026-05-12,26.274866,83.680708,55.83
TEST_007829,vi,5G,Mumbai,55.43,9.53,-80.93,55.06,2026-04-16,9.359836,87.964107,64.51
TEST_007833,airtel,5G,Mumbai,30.44,22.25,-76.06,37.86,2026-04-18,34.274118,81.589787,80.97
TEST_007834,airtel,4G,Mumbai,19.37,6.54,-84.69,41.17,2026-04-13,10.813854,74.19749,65.89
TEST_007838,jio,5G,Mumbai,86.84,28.99,-77.13,74.75,2026-03-29,26.506192,82.489386,70.56
TEST_007842,jio,5G,Mumbai,85.53,21.64,-76.72,54.9,2026-04-25,22.546423,86.154795,77.11
TEST_007851,airtel,5G,Mumbai,78.55,15.65,-72.96,71.42,2026-03-13,32.791119,86.130084,66.47
TEST_007859,jio,4G,Mumbai,23.3,11.56,-90.53,58.69,2026-05-20,25.281938,68.517006,52.72
TEST_007877,vi,4G,Mumbai,14.64,3.94,-102.27,36.31,2026-05-23,32.274073,92.799573,64.21
TEST_007904,jio,4G,Mumbai,23.36,12.38,-74.48,41.96,2026-03-10,22.714886,75.358224,71.42
TEST_007912,vi,5G,Mumbai,54.44,15.72,-71.83,68.4,2026-03-29,23.366928,69.269727,62.71
TEST_007915,vi,5G,Mumbai,72.85,13.17,-63.64,35.64,2026-03-09,22.231152,85.382987,94.38
TEST_007922,vi,4G,Mumbai,19.72,7.63,-83.19,55.51,2026-04-05,23.89521,86.326898,54.82
TEST_007928,jio,4G,Mumbai,18.68,5.02,-88.23,58.09,2026-03-26,19.130707,69.77687,50.42
TEST_007929,vi,4G,Mumbai,21.59,3.32,-71.14,60.54,2026-04-01,22.10242,70.034765,54.8
TEST_007962,airtel,4G,Mumbai,30.57,5.04,-60.0,64.28,2026-05-02,15.152917,85.503813,59.28
TEST_007965,airtel,4G,Mumbai,20.23,9.02,-83.07,45.83,2026-05-19,30.139679,86.99568,62.8
TEST_007970,vi,5G,Mumbai,41.15,23.61,-85.81,36.09,2026-05-25,28.950024,68.089156,83.05
TEST_007973,vi,5G,Mumbai,59.99,19.8,-60.0,41.67,2026-04-18,31.185344,79.424567,87.42
TEST_008008,vi,5G,Mumbai,64.27,23.91,-86.81,49.37,2026-04-02,20.881873,86.178429,73.76
TEST_008020,jio,4G,Mumbai,19.84,9.64,-79.11,38.16,2026-04-22,11.635119,87.175509,72.62
TEST_008028,airtel,4G,Mumbai,8.23,7.34,-87.83,35.05,2026-04-19,16.997679,76.08739,70.7
TEST_008039,jio,4G,Mumbai,45.63,9.82,-93.98,35.28,2026-05-08,16.593773,85.816836,77.53
TEST_008060,airtel,5G,Mumbai,85.69,27.95,-69.69,53.92,2026-04-01,8.422589,91.855222,82.42
TEST_008076,vi,4G,Mumbai,28.63,5.77,-96.98,47.41,2026-05-25,11.700412,81.59784,57.46
TEST_008078,airtel,5G,Mumbai,65.33,21.07,-99.73,42.11,2026-03-27,24.268391,85.718049,75.35
TEST_008091,jio,5G,Mumbai,79.75,21.23,-96.92,42.45,2026-04-07,9.945036,88.673674,79.19
TEST_008093,airtel,4G,Mumbai,20.54,5.73,-95.11,36.24,2026-05-11,32.00515,74.583953,68.66
TEST_008096,airtel,4G,Mumbai,21.41,7.18,-84.34,40.01,2026-04-25,20.718194,86.029074,68.03
TEST_008098,jio,5G,Mumbai,94.39,30.68,-75.34,48.67,2026-03-21,30.576933,68.71189,87.31
TEST_008102,jio,4G,Mumbai,19.67,9.3,-68.21,70.62,2026-04-21,25.596095,92.379158,52.95
TEST_008104,vi,4G,Mumbai,19.28,5.89,-87.37,38.82,2026-05-01,22.819103,83.118153,67.54
TEST_008108,jio,4G,Mumbai,24.75,9.96,-70.13,38.85,2026-04-20,34.682911,81.121128,75.94
TEST_008114,vi,5G,Mumbai,74.18,22.07,-77.77,47.99,2026-05-10,34.130489,91.601513,79.44
TEST_008115,vi,5G,Mumbai,59.38,20.56,-82.38,51.46,2026-05-28,10.214084,72.655452,71.35
TEST_008117,airtel,5G,Mumbai,66.3,15.12,-83.63,51.71,2026-05-27,31.210091,81.003912,70.32
TEST_008130,jio,5G,Mumbai,38.04,34.08,-88.95,57.79,2026-05-26,28.285933,92.691665,65.21
TEST_008170,vi,4G,Mumbai,10.01,1.45,-71.1,46.08,2026-03-18,20.843196,70.057607,61.54
TEST_008180,jio,4G,Mumbai,31.62,9.38,-83.87,44.69,2026-04-16,24.229203,68.720288,66.26
TEST_008199,vi,5G,Mumbai,50.59,32.51,-77.46,51.45,2026-03-09,20.000688,83.856453,75.38
TEST_008205,vi,4G,Mumbai,19.15,3.81,-62.71,97.36,2026-04-23,13.147772,93.516844,45.08
TEST_008208,airtel,5G,Mumbai,83.92,22.91,-87.03,35.86,2026-03-03,10.24934,93.296388,92.26
TEST_008219,vi,4G,Mumbai,19.49,4.16,-102.27,43.98,2026-04-12,20.305136,86.742168,56.23
TEST_008241,airtel,4G,Mumbai,13.03,6.08,-61.62,48.53,2026-05-15,22.55349,84.901214,64.95
TEST_008270,airtel,5G,Mumbai,43.99,26.7,-84.65,36.35,2026-05-08,18.182587,78.876879,84.82
TEST_008291,jio,5G,Mumbai,97.31,8.5,-95.0,77.54,2026-03-14,11.74014,72.043593,58.56
TEST_008296,jio,4G,Mumbai,35.63,11.57,-88.0,39.49,2026-03-13,13.33908,80.532526,72.2
TEST_008304,vi,4G,Mumbai,18.15,4.42,-83.48,56.9,2026-04-20,14.887548,94.036922,52.36
TEST_008317,vi,4G,Mumbai,24.05,8.72,-63.08,43.31,2026-05-13,27.774502,93.341553,72.63
TEST_008331,vi,4G,Mumbai,25.86,6.65,-87.75,87.56,2026-04-12,30.925323,86.969649,41.51
TEST_008333,airtel,5G,Mumbai,49.91,20.93,-94.51,53.06,2026-04-22,12.982301,76.491881,64.21
TEST_008350,jio,5G,Mumbai,88.57,23.95,-85.26,59.92,2026-04-02,24.356833,91.145529,72.83
TEST_008351,airtel,4G,Mumbai,22.83,7.89,-83.59,39.08,2026-05-29,13.38559,69.998819,69.99
TEST_008353,vi,5G,Mumbai,65.56,14.2,-82.48,55.38,2026-04-07,9.584755,75.417204,67.74
TEST_008357,airtel,5G,Mumbai,76.76,22.95,-71.19,36.16,2026-04-15,26.129505,75.483662,95.52
TEST_008359,vi,5G,Mumbai,35.3,21.91,-67.58,38.95,2026-03-16,15.443376,71.684523,83.35
TEST_008364,airtel,4G,Mumbai,22.84,5.47,-81.74,52.0,2026-05-22,31.996207,94.977581,57.56
TEST_008365,vi,5G,Mumbai,48.95,23.06,-81.6,42.13,2026-05-29,32.451438,73.229698,78.44
TEST_008370,vi,5G,Mumbai,78.76,14.18,-92.05,38.71,2026-05-26,24.603467,76.892828,82.37
TEST_008396,vi,4G,Mumbai,14.0,8.87,-60.85,37.03,2026-04-13,31.281393,69.362693,78.64
TEST_008407,airtel,4G,Mumbai,20.8,10.41,-94.74,35.45,2026-05-03,17.491739,92.382358,71.7
TEST_008416,jio,5G,Mumbai,58.15,27.39,-94.69,46.62,2026-05-09,10.49193,68.059693,73.33
TEST_008417,jio,4G,Mumbai,20.45,3.31,-90.93,61.9,2026-03-01,22.077785,91.718116,47.24
TEST_008425,jio,5G,Mumbai,54.18,41.09,-95.6,42.77,2026-03-03,28.878653,73.042241,80.81
TEST_008433,vi,5G,Mumbai,65.35,16.02,-101.79,35.69,2026-04-26,17.504617,89.781592,80.95
TEST_008436,jio,4G,Mumbai,30.87,5.27,-88.13,40.25,2026-04-06,34.109599,72.646322,67.9
TEST_008447,jio,5G,Mumbai,93.47,17.48,-90.75,70.55,2026-04-12,35.669994,73.132632,64.87
TEST_008449,airtel,4G,Mumbai,28.24,6.85,-75.59,48.1,2026-04-29,32.976814,90.341417,64.31
TEST_008457,vi,4G,Mumbai,14.7,4.38,-98.06,115.15,2026-04-26,22.234139,80.522657,29.4
TEST_008469,vi,4G,Mumbai,14.75,3.17,-99.87,37.45,2026-04-11,19.544932,82.301092,63.16
TEST_008505,vi,4G,Mumbai,18.65,8.22,-89.84,39.94,2026-04-07,29.237026,74.235736,66.04
TEST_008510,airtel,5G,Mumbai,92.37,29.08,-76.98,44.79,2026-04-30,26.288455,95.304013,89.15
TEST_008526,airtel,4G,Mumbai,16.15,5.96,-102.66,80.17,2026-05-14,16.246761,85.24773,36.18
TEST_008532,jio,5G,Mumbai,10.36,27.12,-69.52,42.23,2026-03-01,29.868162,94.617657,75.24
TEST_008545,jio,5G,Mumbai,80.17,11.99,-107.34,36.26,2026-05-06,8.38058,89.177025,80.11
TEST_008550,airtel,4G,Mumbai,26.55,4.65,-71.13,45.54,2026-03-23,30.24284,77.628865,66.87
TEST_008564,jio,5G,Mumbai,108.11,31.01,-89.35,67.47,2026-03-04,14.001902,81.20179,74.76
TEST_008568,vi,5G,Mumbai,74.74,28.42,-102.88,51.8,2026-05-28,26.307252,93.877611,70.55
TEST_008569,airtel,4G,Mumbai,13.26,7.65,-83.95,64.29,2026-03-10,23.499466,74.797118,48.38
TEST_008573,vi,5G,Mumbai,85.67,17.75,-92.52,73.41,2026-05-26,17.11005,76.91314,61.56
TEST_008584,jio,5G,Mumbai,69.56,28.43,-82.51,35.15,2026-04-28,24.231704,78.683245,93.63
TEST_008607,airtel,5G,Mumbai,77.87,14.82,-60.0,45.2,2026-05-24,33.433677,71.86661,86.02
TEST_008609,vi,5G,Mumbai,39.44,14.23,-82.61,55.65,2026-05-12,21.058624,85.442602,61.72
TEST_008629,airtel,5G,Mumbai,102.68,12.13,-82.44,36.88,2026-05-20,9.833382,92.89121,92.59
TEST_008644,jio,5G,Mumbai,103.83,35.41,-87.35,62.51,2026-03-26,10.908644,93.986975,78.35
TEST_008652,airtel,5G,Mumbai,76.35,13.53,-87.35,38.35,2026-05-13,19.362887,80.813063,83.63
TEST_008661,vi,4G,Mumbai,20.59,4.67,-78.89,36.95,2026-03-05,23.057528,78.508326,72.69
TEST_008682,airtel,5G,Mumbai,73.6,12.22,-83.69,45.31,2026-05-25,18.641546,69.412784,76.12
TEST_008684,airtel,4G,Mumbai,25.42,9.47,-63.92,37.33,2026-05-02,21.017719,68.927376,79.97
TEST_008686,jio,5G,Mumbai,126.36,34.51,-89.41,55.73,2026-04-22,29.798445,91.296335,86.12
TEST_008766,jio,4G,Mumbai,35.3,8.93,-69.1,49.6,2026-05-21,18.18142,74.909367,67.6
TEST_008773,jio,5G,Mumbai,106.58,17.11,-79.35,41.88,2026-05-22,17.019588,82.19856,90.14
TEST_008790,vi,5G,Mumbai,41.77,14.01,-69.99,48.69,2026-04-29,31.593764,72.116901,71.31
TEST_008793,jio,5G,Mumbai,45.94,27.66,-82.61,43.25,2026-04-02,33.7853,80.068163,77.93
TEST_008796,airtel,5G,Mumbai,67.46,37.22,-70.7,44.83,2026-03-13,25.40085,75.922474,88.61
TEST_008814,vi,5G,Mumbai,62.03,22.76,-72.09,38.42,2026-03-15,23.317348,90.898678,88.78
TEST_008820,vi,4G,Mumbai,17.82,6.79,-83.27,36.08,2026-05-25,30.206118,80.592479,72.61
TEST_008841,vi,5G,Mumbai,69.04,15.71,-93.04,67.07,2026-03-14,28.246949,74.427456,59.45
TEST_008845,airtel,5G,Mumbai,43.21,13.36,-89.53,44.29,2026-05-23,28.850809,73.819749,68.79
TEST_008846,jio,4G,Mumbai,21.13,9.06,-89.42,37.19,2026-04-14,10.897306,78.839525,70.56
TEST_008859,airtel,4G,Mumbai,28.16,11.08,-95.88,40.45,2026-04-12,19.559245,80.778305,66.58
TEST_008893,vi,5G,Mumbai,50.77,21.75,-74.12,45.34,2026-05-14,25.342686,71.679195,77.65
TEST_008913,airtel,4G,Mumbai,13.49,2.48,-91.25,42.93,2026-05-25,32.370357,95.765596,59.02
TEST_008916,vi,4G,Mumbai,21.15,8.96,-60.0,48.16,2026-05-09,30.420099,86.297393,68.65
TEST_008925,airtel,4G,Mumbai,11.01,8.08,-69.64,65.59,2026-03-06,22.396386,94.460276,52.21
TEST_008929,vi,4G,Mumbai,26.86,7.5,-75.03,46.1,2026-03-14,14.715003,75.176027,66.16
TEST_008934,airtel,5G,Mumbai,84.79,13.84,-91.01,41.76,2026-04-02,30.032746,76.585774,80.35
TEST_008946,vi,4G,Mumbai,15.48,5.2,-72.94,46.35,2026-05-07,26.967195,75.701524,63.26
TEST_008975,jio,5G,Mumbai,85.21,24.21,-87.49,36.5,2026-04-26,18.915867,71.279761,91.94
TEST_008984,vi,4G,Mumbai,10.1,9.12,-88.07,42.93,2026-03-12,9.476106,78.65819,61.73
TEST_008990,jio,5G,Mumbai,84.74,9.84,-112.62,45.25,2026-04-13,14.308585,95.973083,68.15
TEST_008996,airtel,5G,Mumbai,84.87,25.33,-98.12,47.77,2026-04-03,35.162508,72.124962,76.4
TEST_009021,jio,5G,Mumbai,75.82,27.79,-79.46,50.54,2026-04-09,30.59595,75.660615,79.29
TEST_009024,airtel,4G,Mumbai,18.85,3.79,-83.6,36.24,2026-03-20,27.856481,89.616564,71.41
TEST_009033,jio,4G,Mumbai,27.32,6.02,-93.93,68.75,2026-03-17,18.371021,86.916382,45.63
TEST_009036,jio,4G,Mumbai,14.39,8.66,-92.33,56.53,2026-03-20,29.008258,71.707438,50.34
TEST_009062,airtel,5G,Mumbai,47.85,15.13,-81.33,107.25,2026-03-16,35.551565,76.338546,47.52
TEST_009071,jio,4G,Mumbai,37.0,6.62,-72.76,53.32,2026-04-08,14.54306,79.64007,63.21
TEST_009086,vi,4G,Mumbai,7.87,3.17,-97.18,42.49,2026-03-08,8.851972,84.190943,56.5
TEST_009090,vi,4G,Mumbai,15.84,5.54,-74.78,37.56,2026-04-18,32.178184,94.1587,72.48
TEST_009106,vi,5G,Mumbai,79.52,26.35,-78.99,48.01,2026-04-26,27.696991,83.299002,81.75
TEST_009109,jio,4G,Mumbai,40.34,4.53,-87.99,45.41,2026-05-23,17.699458,77.834916,64.39
TEST_009134,vi,4G,Mumbai,32.12,7.99,-93.98,78.56,2026-04-22,14.995045,74.465075,43.87
TEST_009140,jio,5G,Mumbai,64.64,34.68,-75.02,55.95,2026-05-22,16.183031,77.433913,77.1
TEST_009146,jio,5G,Mumbai,97.29,30.23,-82.36,43.58,2026-03-03,20.781541,95.678189,90.05
TEST_009148,vi,5G,Mumbai,71.41,17.16,-72.58,49.53,2026-03-19,19.943044,94.560011,77.52
TEST_009159,jio,4G,Mumbai,25.42,6.99,-88.17,48.39,2026-04-29,28.636602,80.784798,59.3
TEST_009160,jio,4G,Mumbai,36.14,6.91,-70.75,50.6,2026-05-06,20.069143,80.307011,65.73
TEST_009205,vi,5G,Mumbai,64.46,25.99,-76.65,92.3,2026-04-22,18.469722,70.665263,59.68
TEST_009216,jio,5G,Mumbai,92.72,28.37,-105.18,53.91,2026-05-13,33.833451,76.73075,72.31
TEST_009217,jio,5G,Mumbai,52.24,36.28,-65.6,36.99,2026-03-14,35.357675,80.632575,95.58
TEST_009234,vi,5G,Mumbai,57.63,12.03,-83.66,50.49,2026-05-21,8.316621,71.554818,68.16
TEST_009280,vi,5G,Mumbai,68.03,12.1,-66.92,61.24,2026-04-25,33.182594,94.119631,69.37
TEST_009282,airtel,4G,Mumbai,18.82,5.75,-86.05,72.81,2026-04-04,25.257593,76.692863,44.69
TEST_009291,airtel,4G,Mumbai,20.61,6.26,-96.25,39.49,2026-04-02,18.033663,92.383504,64.17
TEST_009294,airtel,4G,Mumbai,16.64,6.68,-79.6,49.36,2026-04-14,18.246546,92.769384,59.31
TEST_009310,vi,4G,Mumbai,15.39,6.79,-79.35,71.96,2026-05-10,16.03314,78.097316,46.85
TEST_009313,airtel,5G,Mumbai,77.68,37.81,-70.24,112.0,2026-05-07,23.883204,77.12657,65.31
TEST_009315,vi,4G,Mumbai,16.31,7.59,-80.01,66.66,2026-05-09,34.425369,91.239159,49.28
TEST_009323,airtel,4G,Mumbai,21.21,6.4,-93.86,50.54,2026-05-05,31.871993,86.029756,54.57
TEST_009339,jio,4G,Mumbai,25.04,4.48,-82.73,44.06,2026-04-16,33.407739,84.121506,64.01
TEST_009378,vi,4G,Mumbai,17.59,4.14,-98.32,51.52,2026-05-02,11.115722,78.481484,50.73
TEST_009386,airtel,5G,Mumbai,116.71,23.59,-83.36,38.68,2026-04-05,15.020751,68.089782,97.18
TEST_009387,vi,4G,Mumbai,26.42,7.47,-92.19,41.41,2026-04-18,26.803871,75.32805,65.02
TEST_009403,jio,5G,Mumbai,93.48,37.92,-102.09,44.12,2026-03-17,23.120514,86.085992,84.88
TEST_009455,jio,4G,Mumbai,14.35,6.21,-92.29,48.21,2026-05-24,29.631115,80.906569,55.33
TEST_009461,vi,4G,Mumbai,12.35,5.89,-89.04,57.9,2026-05-10,9.246275,75.631014,49.16
TEST_009464,vi,4G,Mumbai,29.51,8.91,-79.4,40.61,2026-05-30,14.779814,75.454702,71.41
TEST_009489,jio,5G,Mumbai,28.57,14.27,-87.94,56.4,2026-05-28,23.914943,74.909396,57.07
TEST_009502,jio,5G,Mumbai,85.14,23.29,-78.8,38.88,2026-05-13,11.220754,70.861719,91.3
TEST_009503,vi,5G,Mumbai,79.14,13.2,-93.04,41.2,2026-03-17,18.651736,84.945808,78.8
TEST_009520,airtel,4G,Mumbai,18.53,6.73,-67.91,60.25,2026-03-25,9.535702,87.696724,56.59
TEST_009525,airtel,4G,Mumbai,27.02,7.46,-88.82,44.49,2026-03-19,13.516045,90.103148,63.09
TEST_009541,airtel,5G,Mumbai,67.41,22.31,-94.91,50.01,2026-05-13,34.865396,69.478327,70.68
TEST_009565,airtel,4G,Mumbai,22.74,6.89,-96.61,57.38,2026-03-02,26.155251,89.36003,49.62
TEST_009572,jio,4G,Mumbai,12.92,10.79,-82.73,54.45,2026-05-15,20.644585,82.726718,55.29
TEST_009575,jio,4G,Mumbai,29.55,4.82,-82.56,38.96,2026-04-26,29.729627,92.049867,70.86
TEST_009589,airtel,5G,Mumbai,49.86,13.66,-76.53,41.9,2026-03-06,29.812351,93.98961,77.17
TEST_009604,jio,5G,Mumbai,75.7,22.2,-60.0,41.26,2026-04-23,17.651467,76.659758,92.25
TEST_009608,vi,5G,Mumbai,65.62,31.06,-78.22,49.84,2026-05-18,9.576578,87.101489,79.15
TEST_009635,vi,5G,Mumbai,46.88,22.21,-74.06,38.99,2026-03-16,10.594843,69.10974,83.83
TEST_009645,vi,5G,Mumbai,40.89,17.73,-90.84,77.98,2026-03-24,8.134668,91.336503,50.59
TEST_009661,jio,4G,Mumbai,16.77,8.81,-80.6,38.75,2026-05-07,23.03269,91.871814,70.38
TEST_009689,vi,4G,Mumbai,20.09,8.07,-81.62,37.99,2026-04-18,19.178506,90.772919,71.49
TEST_009698,airtel,5G,Mumbai,99.66,26.15,-101.79,73.8,2026-03-14,28.022245,86.738029,64.5
TEST_009701,jio,4G,Mumbai,26.25,14.56,-101.85,39.82,2026-03-21,34.991498,80.065524,66.18
TEST_009730,jio,4G,Mumbai,28.68,10.98,-96.47,38.03,2026-03-10,32.137191,92.71478,69.46
TEST_009738,airtel,5G,Mumbai,76.98,9.02,-85.32,36.11,2026-04-11,9.632071,79.280942,85.88
TEST_009742,airtel,4G,Mumbai,26.99,11.11,-92.15,47.44,2026-03-17,28.775759,89.968669,60.62
TEST_009743,vi,5G,Mumbai,47.64,23.0,-90.93,36.54,2026-03-20,31.640774,75.710769,81.93
TEST_009748,vi,4G,Mumbai,26.41,5.38,-67.23,40.03,2026-03-28,29.281174,94.970625,74.17
TEST_009750,airtel,4G,Mumbai,19.86,5.17,-120.0,39.46,2026-05-04,30.728408,73.333364,55.73
TEST_009756,airtel,4G,Mumbai,7.45,2.79,-110.71,39.31,2026-03-16,22.830787,78.673984,55.38
TEST_009765,jio,4G,Mumbai,25.61,9.6,-90.44,36.68,2026-05-20,23.16686,74.847482,72.12
TEST_009772,vi,4G,Mumbai,20.3,5.56,-66.65,37.26,2026-04-19,12.620796,86.144663,76.6
TEST_009774,airtel,4G,Mumbai,19.46,2.83,-80.02,41.18,2026-04-08,11.243205,80.142367,66.1
TEST_009777,airtel,5G,Mumbai,79.83,17.44,-89.25,37.7,2026-05-04,20.061626,74.142472,86.04
TEST_009786,vi,5G,Mumbai,57.14,15.16,-77.05,53.42,2026-04-17,19.360038,95.603487,69.3
TEST_009788,vi,5G,Mumbai,91.33,11.6,-80.87,36.65,2026-03-30,16.1273,83.61067,90.72
TEST_009848,vi,4G,Mumbai,27.06,6.92,-73.82,72.47,2026-04-18,13.594653,82.350869,51.15
TEST_009851,jio,4G,Mumbai,27.84,7.28,-94.9,45.23,2026-04-22,18.244984,79.133309,60.47
TEST_009856,vi,5G,Mumbai,59.9,14.64,-74.15,68.06,2026-03-26,34.976886,88.576404,62.9
TEST_009860,jio,5G,Mumbai,53.53,24.99,-93.73,47.79,2026-05-19,26.353666,70.903827,70.74
TEST_009876,airtel,4G,Mumbai,27.43,5.29,-93.24,41.44,2026-05-13,15.103204,75.460844,64.08
TEST_009901,vi,4G,Mumbai,19.61,5.93,-81.22,62.72,2026-03-22,35.948988,84.247626,50.83
TEST_009918,jio,5G,Mumbai,91.02,33.46,-92.91,47.63,2026-04-07,31.319075,82.022966,82.58
TEST_009920,jio,4G,Mumbai,31.22,11.15,-100.46,45.88,2026-04-10,24.861598,79.930052,60.18
TEST_009938,jio,4G,Mumbai,31.62,11.69,-116.0,35.69,2026-03-01,33.118785,74.944462,67.13
TEST_009961,vi,4G,Mumbai,12.51,5.19,-96.79,43.39,2026-03-03,21.73482,89.74233,57.46
TEST_009967,jio,5G,Mumbai,79.13,32.49,-107.93,79.45,2026-05-24,34.397893,90.525326,58.3
TEST_009976,airtel,5G,Mumbai,49.06,21.57,-87.99,39.11,2026-04-19,28.804996,81.60986,79.29
TEST_009980,airtel,5G,Mumbai,83.26,20.5,-89.36,45.96,2026-05-10,14.545956,74.264672,78.79
TEST_009981,vi,5G,Mumbai,32.25,16.99,-76.38,56.66,2026-05-05,9.366685,70.882075,62.58
TEST_009987,jio,4G,Mumbai,31.86,11.21,-86.04,44.38,2026-03-28,13.663097,89.689956,66.56
TEST_010016,vi,5G,Mumbai,61.55,25.18,-106.55,58.62,2026-04-20,9.004287,90.980105,60.88
TEST_010021,jio,5G,Mumbai,76.47,34.9,-90.59,38.55,2026-03-28,13.078758,75.500042,90.07
TEST_010038,airtel,5G,Mumbai,68.84,25.71,-84.15,39.11,2026-04-26,25.87934,86.681787,86.48
TEST_010039,vi,5G,Mumbai,58.77,15.39,-75.21,75.74,2026-05-11,8.738928,91.882226,59.67
TEST_010041,vi,5G,Mumbai,50.26,19.77,-84.18,37.79,2026-04-13,35.119516,94.537081,81.87
TEST_010052,jio,5G,Mumbai,97.36,36.13,-74.6,65.11,2026-04-03,18.777962,73.948016,80.19
TEST_010056,airtel,4G,Mumbai,19.1,5.56,-64.7,36.49,2026-03-08,23.502889,82.57122,78.05
TEST_010058,jio,5G,Mumbai,86.2,27.17,-107.21,35.73,2026-03-09,30.663553,79.948262,87.78
TEST_010061,vi,4G,Mumbai,19.31,5.49,-96.57,35.55,2026-05-25,8.20011,94.461403,68.82
TEST_010064,vi,4G,Mumbai,26.14,7.17,-97.31,40.06,2026-03-19,10.541061,78.198824,64.7
TEST_010067,airtel,5G,Mumbai,65.11,28.58,-85.82,43.98,2026-05-21,17.191284,80.170963,80.73
TEST_010079,airtel,4G,Mumbai,19.04,8.12,-60.0,35.06,2026-05-24,13.916698,95.882706,82.65
TEST_010084,airtel,4G,Mumbai,23.28,7.81,-97.24,49.33,2026-05-17,33.472026,81.263206,55.34
TEST_010088,airtel,4G,Mumbai,15.83,8.83,-66.56,70.27,2026-04-09,21.98418,70.924719,52.61
TEST_010089,vi,5G,Mumbai,44.79,21.04,-85.2,46.01,2026-05-02,30.8145,89.263147,71.76
TEST_010104,jio,4G,Mumbai,34.1,1.97,-88.18,46.15,2026-05-28,11.282246,75.502167,61.34
TEST_010106,jio,5G,Mumbai,72.56,17.27,-71.13,98.22,2026-04-09,21.087632,87.607528,58.88
TEST_010111,vi,4G,Mumbai,24.46,2.95,-97.06,54.51,2026-04-29,22.487183,90.02115,50.2
TEST_010116,airtel,4G,Mumbai,19.71,10.41,-94.32,43.16,2026-05-13,20.855154,71.683167,62.02
TEST_010120,vi,4G,Mumbai,21.05,4.27,-70.13,38.6,2026-05-12,33.020032,68.570113,73.37
TEST_010122,jio,5G,Mumbai,79.84,21.43,-60.36,43.31,2026-04-05,8.053938,93.847582,90.58
TEST_010127,airtel,4G,Mumbai,19.46,10.3,-97.65,50.33,2026-05-09,29.567701,92.195204,54.49
TEST_010131,vi,4G,Mumbai,20.1,4.98,-89.71,35.53,2026-03-20,13.067526,72.761117,71.13
TEST_010145,jio,5G,Mumbai,79.29,16.75,-108.67,42.89,2026-04-02,22.423086,90.563212,73.09
TEST_010146,vi,4G,Mumbai,26.72,5.98,-108.55,51.41,2026-04-26,31.515594,91.705081,50.1
TEST_010160,jio,4G,Mumbai,28.79,7.28,-86.91,73.63,2026-04-27,16.993017,77.24307,46.88
TEST_010162,airtel,5G,Mumbai,29.79,35.43,-92.83,55.03,2026-04-08,32.261986,75.291811,64.24
TEST_010167,vi,4G,Mumbai,11.21,7.91,-83.1,44.84,2026-03-29,16.474029,93.152524,61.3
TEST_010170,jio,5G,Mumbai,58.57,20.33,-80.55,56.09,2026-04-04,13.762318,91.152838,68.61
TEST_010177,airtel,4G,Mumbai,16.1,7.08,-74.16,43.03,2026-03-04,15.740146,80.00832,66.86
TEST_010184,vi,4G,Mumbai,13.39,5.38,-67.23,66.24,2026-05-04,28.913011,82.712004,52.27
TEST_010194,vi,5G,Mumbai,42.67,14.11,-71.27,50.68,2026-05-08,14.503479,87.338684,69.57
TEST_010198,vi,4G,Mumbai,13.93,7.38,-72.95,45.71,2026-03-11,29.898698,68.653405,64.28
TEST_010220,vi,4G,Mumbai,12.08,7.22,-60.0,38.35,2026-05-09,12.386096,89.333761,76.14
TEST_010243,airtel,4G,Mumbai,21.91,5.9,-94.36,39.36,2026-04-29,28.167085,72.755186,65.12
TEST_010253,airtel,4G,Mumbai,18.64,8.22,-98.95,47.14,2026-05-24,34.478041,91.70478,55.7
TEST_010258,vi,5G,Mumbai,49.74,12.98,-85.97,55.4,2026-04-16,35.915837,82.15778,62.6
TEST_010261,vi,5G,Mumbai,76.34,12.78,-76.53,54.41,2026-04-12,10.18539,84.082313,72.23
TEST_010270,jio,5G,Mumbai,125.21,13.99,-79.53,40.12,2026-04-19,12.531957,79.226682,95.1
TEST_010281,jio,4G,Mumbai,17.88,4.24,-68.78,36.27,2026-05-08,34.117809,68.003368,76.26
TEST_010282,jio,4G,Mumbai,26.28,7.83,-91.18,56.11,2026-04-23,19.177228,91.774262,53.32
TEST_010291,airtel,4G,Mumbai,31.3,9.74,-70.56,39.53,2026-03-15,20.278792,89.126084,76.33
TEST_010294,airtel,4G,Mumbai,25.69,7.8,-92.04,59.46,2026-03-13,34.002181,94.892271,50.95
TEST_010305,jio,5G,Mumbai,103.4,19.7,-96.24,42.78,2026-04-16,15.604151,88.450777,83.79
TEST_010306,airtel,5G,Mumbai,79.26,19.65,-96.35,47.42,2026-04-02,18.103191,86.551025,73.98
TEST_010308,jio,4G,Mumbai,19.49,8.71,-79.53,44.05,2026-05-21,29.313501,82.122755,65.39
TEST_010323,vi,5G,Mumbai,54.73,19.81,-80.0,60.31,2026-04-20,11.633225,92.508261,65.34
TEST_010345,vi,4G,Mumbai,12.78,3.91,-78.75,71.8,2026-05-25,16.907306,92.673144,45.49
TEST_010361,jio,5G,Mumbai,136.37,20.99,-98.83,47.5,2026-03-10,28.551633,80.274641,86.29
TEST_010374,vi,5G,Mumbai,95.29,21.15,-79.79,40.79,2026-04-20,13.866885,90.764359,90.16
TEST_010377,vi,5G,Mumbai,74.48,15.74,-86.13,47.88,2026-04-08,33.81779,78.125492,74.51
TEST_010402,airtel,5G,Mumbai,86.41,21.46,-103.0,36.84,2026-05-27,27.942806,88.391763,85.56
TEST_010418,airtel,5G,Mumbai,87.59,20.24,-66.05,62.69,2026-05-25,24.068336,69.978369,76.24
TEST_010432,vi,4G,Mumbai,14.74,4.78,-90.95,36.78,2026-03-11,29.295242,70.247467,67.64
TEST_010435,airtel,4G,Mumbai,28.71,5.9,-83.88,43.36,2026-05-08,10.42648,70.719628,65.66
TEST_010452,airtel,4G,Mumbai,27.69,9.8,-66.42,36.56,2026-05-14,18.052964,87.24086,80.83
TEST_010486,vi,5G,Mumbai,73.63,19.67,-69.51,35.04,2026-04-11,32.735097,92.705454,95.86
TEST_010487,vi,5G,Mumbai,80.1,22.01,-87.98,52.55,2026-03-07,33.871957,94.233229,73.85
TEST_010510,vi,4G,Mumbai,11.58,6.97,-68.94,42.05,2026-04-08,12.041499,69.289846,68.59
TEST_010518,vi,4G,Mumbai,16.02,4.53,-69.0,48.22,2026-05-07,28.369066,72.201288,62.85
TEST_010525,airtel,4G,Mumbai,20.77,4.76,-99.48,57.5,2026-03-07,29.271558,81.422303,47.38
TEST_010526,vi,5G,Mumbai,81.36,16.36,-67.83,46.18,2026-05-11,23.204901,80.354548,83.84
TEST_010532,airtel,4G,Mumbai,19.5,5.11,-85.43,38.16,2026-04-29,16.68585,70.315043,68.79
TEST_010540,vi,5G,Mumbai,51.95,17.94,-89.76,41.52,2026-05-10,29.768189,82.024697,75.2
TEST_010543,vi,5G,Mumbai,58.01,19.36,-63.36,43.07,2026-05-18,9.764293,83.943209,84.21
TEST_010551,jio,5G,Mumbai,78.85,35.8,-91.97,35.19,2026-03-06,28.41067,84.509044,95.16
TEST_010559,vi,4G,Mumbai,12.43,7.0,-86.12,45.05,2026-03-05,11.772284,84.068416,60.03
TEST_010561,vi,4G,Mumbai,23.42,6.34,-73.44,36.71,2026-03-24,12.070672,81.242512,76.07
TEST_010575,jio,4G,Mumbai,24.29,11.15,-62.51,45.91,2026-03-30,35.448818,69.418247,71.26
TEST_010584,airtel,4G,Mumbai,26.86,9.09,-69.91,73.99,2026-03-19,33.466372,71.417135,52.65
TEST_010598,airtel,4G,Mumbai,21.72,4.62,-72.34,39.86,2026-03-10,28.223506,95.148407,71.35
TEST_010647,jio,4G,Mumbai,28.91,5.46,-93.92,54.67,2026-04-28,16.886559,72.177392,53.04
TEST_010662,vi,5G,Mumbai,70.23,16.21,-82.84,60.04,2026-03-04,28.234292,93.99602,66.68
TEST_010669,jio,4G,Mumbai,17.35,9.05,-76.0,36.68,2026-03-02,8.696954,93.746842,74.89
TEST_010674,vi,5G,Mumbai,69.47,21.29,-102.58,67.3,2026-03-14,10.232185,73.297441,58.29
TEST_010683,airtel,4G,Mumbai,17.41,7.81,-78.95,40.47,2026-05-10,23.852083,74.24485,68.62
TEST_010707,airtel,5G,Mumbai,27.53,23.27,-90.97,41.36,2026-04-12,15.3559,74.360966,71.47
TEST_010712,jio,5G,Mumbai,114.07,30.28,-92.32,40.19,2026-03-03,21.894536,85.343696,94.18
TEST_010728,airtel,4G,Mumbai,13.02,9.81,-94.0,35.62,2026-04-09,14.728619,89.958904,69.74
TEST_010736,airtel,4G,Mumbai,21.78,5.11,-85.95,53.9,2026-05-12,21.809159,71.827909,54.49
TEST_010745,airtel,4G,Mumbai,28.82,7.34,-83.15,67.11,2026-04-01,32.920664,81.568892,50.73
TEST_010758,vi,5G,Mumbai,55.87,15.21,-85.17,43.28,2026-03-05,9.882768,76.520881,74.74
TEST_010774,jio,5G,Mumbai,115.75,19.27,-80.79,42.32,2026-04-20,12.738334,84.787631,92.02
TEST_010778,airtel,5G,Mumbai,109.02,12.55,-72.74,46.66,2026-04-08,14.895729,92.60263,86.56
TEST_010779,airtel,4G,Mumbai,11.7,8.12,-99.87,36.74,2026-04-09,20.965004,79.015227,65.26
TEST_010798,airtel,5G,Mumbai,92.9,30.97,-79.32,40.6,2026-04-01,26.861022,70.020406,93.57
TEST_010803,airtel,4G,Mumbai,24.56,11.22,-69.84,40.2,2026-03-08,15.771515,76.848461,74.81
TEST_010805,airtel,4G,Mumbai,18.86,5.68,-71.9,65.01,2026-05-14,16.840136,72.378816,52.59
TEST_010809,jio,4G,Mumbai,21.78,8.95,-93.86,44.11,2026-05-07,32.601967,70.623968,61.15
TEST_010832,jio,4G,Mumbai,28.32,5.73,-64.33,56.08,2026-03-21,29.929553,92.435111,61.98
TEST_010849,jio,4G,Mumbai,22.51,8.66,-79.83,46.16,2026-05-19,31.145046,83.204808,63.96
TEST_010852,jio,5G,Mumbai,93.06,22.75,-85.35,36.68,2026-05-21,27.46502,79.013072,93.62
TEST_010856,airtel,5G,Mumbai,81.28,12.88,-92.68,62.23,2026-05-26,25.471086,81.392944,63.52
TEST_010859,vi,5G,Mumbai,78.18,20.01,-101.79,53.09,2026-05-10,21.082233,93.830226,67.72
TEST_010883,jio,5G,Mumbai,123.85,18.95,-86.01,45.34,2026-05-14,9.719667,77.794463,88.96
TEST_010895,airtel,4G,Mumbai,25.44,5.45,-77.73,71.41,2026-05-05,12.896654,82.760789,49.36
TEST_010896,vi,5G,Mumbai,56.97,17.84,-72.84,37.02,2026-03-15,30.61882,80.652716,87.49
TEST_010907,jio,5G,Mumbai,39.53,25.67,-95.63,38.06,2026-03-21,10.730725,82.966027,77.45
TEST_010908,vi,4G,Mumbai,11.16,5.37,-89.18,57.37,2026-03-24,8.5234,89.977596,48.97
TEST_010916,jio,5G,Mumbai,67.54,35.09,-77.65,55.52,2026-05-26,28.673537,85.265398,77.28
TEST_010923,jio,5G,Mumbai,64.41,20.97,-109.38,63.43,2026-05-11,26.27217,94.709311,56.54
TEST_010955,airtel,5G,Mumbai,55.38,17.76,-76.36,54.0,2026-05-06,34.749053,84.564974,69.69
TEST_010960,airtel,5G,Mumbai,63.46,24.74,-98.8,50.84,2026-05-20,26.109218,80.527989,68.76
TEST_010962,jio,5G,Mumbai,25.01,15.01,-60.0,39.4,2026-03-09,24.284083,92.759267,80.52
TEST_010970,jio,4G,Mumbai,27.69,5.86,-93.06,45.24,2026-04-12,12.110639,93.18645,60.53
TEST_010980,jio,4G,Mumbai,21.99,4.76,-96.8,72.1,2026-04-04,20.776589,78.67204,41.72
TEST_010987,vi,5G,Mumbai,94.16,20.9,-88.46,45.75,2026-05-28,14.599608,86.469183,81.85
TEST_010991,jio,5G,Mumbai,131.9,37.65,-85.12,59.83,2026-04-09,29.90386,93.255845,87.55
TEST_011012,airtel,4G,Mumbai,26.44,5.28,-77.08,42.75,2026-05-10,21.806112,92.91719,67.83
TEST_011015,vi,5G,Mumbai,56.98,19.31,-85.33,39.96,2026-05-14,13.378942,89.873546,80.09
TEST_011030,airtel,5G,Mumbai,73.69,28.74,-67.65,69.7,2026-05-03,20.589496,73.324964,72.58
TEST_011039,vi,4G,Mumbai,20.25,7.27,-92.4,56.02,2026-03-29,33.167004,69.848752,51.42
TEST_011046,jio,4G,Mumbai,30.48,7.33,-109.29,57.49,2026-03-24,31.51825,68.988231,47.21
TEST_011047,jio,4G,Mumbai,28.54,8.26,-93.93,36.57,2026-04-18,26.37907,94.874735,71.28
TEST_011061,jio,4G,Mumbai,38.17,5.36,-60.0,44.41,2026-03-04,12.717906,72.955127,74.49
TEST_011087,vi,4G,Mumbai,16.15,7.65,-80.62,35.93,2026-04-07,10.204703,73.05394,73.66
TEST_011112,airtel,5G,Mumbai,119.12,13.13,-80.72,36.93,2026-03-12,10.959204,83.487069,97.12
TEST_011125,vi,5G,Mumbai,32.34,16.71,-72.48,66.56,2026-05-29,32.547633,88.649523,58.71
TEST_011131,jio,5G,Mumbai,58.28,27.94,-84.4,49.99,2026-04-11,26.651895,81.234012,74.21
TEST_011133,vi,5G,Mumbai,61.77,28.23,-76.45,42.29,2026-05-11,30.973376,83.782714,84.72
TEST_011158,jio,4G,Mumbai,22.45,4.77,-80.09,60.29,2026-05-21,15.573595,91.797631,52.67
TEST_011192,airtel,4G,Mumbai,19.8,9.33,-86.17,41.64,2026-05-19,34.785462,73.373251,65.98
TEST_011197,vi,5G,Mumbai,68.45,22.59,-81.24,49.41,2026-03-08,26.420493,94.821596,76.04
TEST_011206,jio,4G,Mumbai,18.57,2.27,-81.89,38.0,2026-05-10,9.238437,74.968383,68.95
TEST_011212,jio,4G,Mumbai,25.33,9.07,-82.01,50.72,2026-04-17,13.851402,91.315229,60.27
TEST_011248,jio,4G,Mumbai,9.24,5.89,-83.74,36.23,2026-05-23,25.800484,93.883502,70.0
TEST_011270,airtel,5G,Mumbai,69.51,19.26,-88.9,35.37,2026-05-04,23.859106,72.865065,87.83
TEST_011285,jio,4G,Mumbai,32.19,8.39,-92.78,42.15,2026-03-28,19.586921,74.813566,65.64
TEST_011288,airtel,4G,Mumbai,20.61,5.3,-90.32,74.21,2026-03-09,22.88,83.446956,43.0
TEST_011295,vi,5G,Mumbai,57.18,20.21,-95.52,50.18,2026-03-07,19.962748,94.560591,67.31
TEST_011299,jio,5G,Mumbai,100.38,20.9,-88.45,59.56,2026-05-11,30.616862,88.362577,73.49
TEST_011300,jio,5G,Mumbai,76.35,12.69,-67.51,96.18,2026-05-10,9.787554,74.414873,59.69
TEST_011301,vi,4G,Mumbai,32.58,5.24,-81.54,40.21,2026-05-16,17.820991,71.114937,70.51
TEST_011304,vi,5G,Mumbai,68.11,19.86,-83.79,50.05,2026-03-04,27.24506,94.134661,73.63
TEST_011308,vi,5G,Mumbai,44.19,21.93,-82.87,39.49,2026-04-07,8.783357,70.673742,79.57
TEST_011324,vi,4G,Mumbai,13.2,2.5,-91.41,45.87,2026-03-30,9.63384,90.863402,56.05
TEST_011326,vi,4G,Mumbai,16.04,4.07,-74.31,35.51,2026-05-11,19.813772,91.506889,75.06
TEST_011330,vi,5G,Mumbai,71.68,12.68,-98.69,69.29,2026-04-05,27.543323,75.08452,56.13
TEST_011336,jio,5G,Mumbai,84.47,38.17,-81.0,53.53,2026-05-22,19.797919,88.852831,82.34
TEST_011347,airtel,5G,Mumbai,94.53,5.42,-100.84,35.45,2026-04-25,32.387043,81.243479,84.28
TEST_011351,airtel,5G,Mumbai,116.77,23.63,-91.15,35.89,2026-04-10,22.991181,85.739835,98.42
TEST_011375,airtel,5G,Mumbai,71.26,22.76,-71.15,43.02,2026-03-31,8.499107,89.141822,85.85
TEST_011379,jio,5G,Mumbai,72.81,3.92,-90.69,46.22,2026-05-11,17.033055,75.588934,69.77
TEST_011392,airtel,5G,Mumbai,96.38,29.14,-93.48,69.25,2026-04-18,10.585828,91.501257,69.35
TEST_011393,airtel,4G,Mumbai,14.45,7.6,-88.5,37.78,2026-05-13,17.731619,82.206299,68.05
TEST_011454,vi,5G,Mumbai,45.88,15.89,-80.14,39.85,2026-03-30,26.153618,69.323726,78.23
TEST_011479,airtel,4G,Mumbai,18.54,8.14,-89.26,38.04,2026-03-17,14.937574,79.870815,68.56
TEST_011485,airtel,4G,Mumbai,30.57,4.07,-87.34,44.65,2026-03-17,32.914065,80.814324,62.99
TEST_011496,jio,4G,Mumbai,23.32,3.69,-86.65,47.36,2026-04-21,32.620952,75.853305,59.01
TEST_011502,airtel,5G,Mumbai,27.59,14.33,-93.02,43.54,2026-04-03,21.416198,73.06746,65.24
TEST_011503,jio,4G,Mumbai,29.38,9.99,-65.89,46.82,2026-03-29,16.505814,95.876885,70.03
TEST_011513,airtel,5G,Mumbai,61.51,13.52,-65.02,35.73,2026-03-02,25.250259,79.451714,91.39
TEST_011516,jio,4G,Mumbai,35.65,8.65,-87.18,91.9,2026-05-24,11.582247,92.743432,43.55
TEST_011528,airtel,5G,Mumbai,85.88,22.57,-107.71,52.75,2026-05-04,25.962788,95.999307,68.63
TEST_011542,airtel,5G,Mumbai,74.63,13.99,-96.61,36.13,2026-03-17,16.992915,73.65996,83.36
TEST_011558,vi,5G,Mumbai,85.84,26.2,-106.43,40.45,2026-05-28,12.277056,85.994602,81.4
TEST_011578,jio,5G,Mumbai,73.54,23.33,-90.11,60.23,2026-04-20,31.015754,68.355606,67.48
TEST_011596,vi,5G,Mumbai,57.08,13.58,-92.59,79.32,2026-03-14,22.315033,76.728857,51.68
TEST_011611,vi,5G,Mumbai,65.14,10.85,-83.04,47.86,2026-05-22,21.393003,90.587093,71.7
TEST_011613,jio,4G,Mumbai,14.41,6.96,-86.67,38.63,2026-03-15,17.820046,89.397961,67.31
TEST_011615,vi,5G,Mumbai,57.46,15.64,-104.92,37.85,2026-03-12,24.782697,73.579046,74.98
TEST_011618,jio,4G,Mumbai,23.9,10.83,-100.23,35.92,2026-05-09,31.278528,84.472638,70.02
TEST_011620,airtel,4G,Mumbai,22.72,8.99,-67.34,46.38,2026-04-07,29.554242,70.73473,68.09
TEST_011624,airtel,4G,Mumbai,28.0,8.8,-82.44,41.12,2026-05-05,23.73337,68.170527,69.43
TEST_011626,jio,5G,Mumbai,21.05,36.57,-84.82,44.84,2026-05-15,14.827135,80.874422,73.32
TEST_011630,jio,5G,Mumbai,80.92,29.09,-73.66,45.24,2026-03-17,19.082757,89.458728,87.28
TEST_011637,jio,5G,Mumbai,86.86,27.42,-92.76,50.62,2026-05-26,8.948715,87.754265,77.12
TEST_011641,airtel,5G,Mumbai,65.61,17.11,-75.97,52.95,2026-04-09,25.274548,90.963544,72.57
TEST_011646,airtel,4G,Mumbai,14.58,7.89,-94.27,35.86,2026-03-02,29.438428,86.858405,68.95
TEST_011655,jio,5G,Mumbai,120.54,20.15,-85.25,38.19,2026-03-17,9.228577,72.08248,96.78
TEST_011662,vi,5G,Mumbai,68.53,15.55,-66.85,62.29,2026-03-27,21.211705,74.721726,70.23
TEST_011728,airtel,4G,Mumbai,27.71,4.03,-66.46,36.47,2026-03-09,31.104777,83.847307,78.86
TEST_011746,vi,5G,Mumbai,92.04,23.76,-67.16,35.64,2026-04-22,33.30998,87.646577,101.32
TEST_011773,jio,5G,Mumbai,111.01,23.99,-82.03,36.89,2026-03-03,22.224095,84.124196,98.88
TEST_011775,jio,4G,Mumbai,30.72,7.44,-60.0,39.04,2026-05-03,15.546449,84.092516,79.49
TEST_011781,jio,5G,Mumbai,87.5,25.92,-84.26,46.71,2026-04-23,25.738794,95.897213,82.73
TEST_011783,vi,4G,Mumbai,19.56,7.12,-90.26,43.86,2026-05-02,30.571614,95.253101,61.44
TEST_011794,vi,5G,Mumbai,64.77,11.37,-81.77,42.76,2026-04-13,27.422033,77.71686,77.0
TEST_011802,jio,5G,Mumbai,55.77,36.29,-73.58,40.47,2026-04-09,29.21237,92.418626,89.29
TEST_011810,airtel,4G,Mumbai,7.74,5.44,-88.34,38.42,2026-05-07,22.735939,91.094426,64.99
TEST_011815,vi,4G,Mumbai,20.02,6.11,-73.74,37.73,2026-03-09,25.017523,88.265051,73.74
TEST_011837,airtel,4G,Mumbai,32.49,3.22,-90.27,57.57,2026-05-30,28.54811,74.55268,52.46
TEST_011842,vi,5G,Mumbai,74.67,17.21,-89.85,40.96,2026-04-08,35.016232,70.784774,80.59
TEST_011855,vi,4G,Mumbai,12.19,5.58,-75.08,52.97,2026-04-23,34.437818,85.735073,56.77
TEST_011856,vi,5G,Mumbai,48.59,18.54,-73.72,95.66,2026-04-22,27.73408,86.666284,53.67
TEST_011857,airtel,4G,Mumbai,26.47,7.2,-117.04,66.18,2026-04-23,22.47321,68.736547,39.27
TEST_011884,airtel,5G,Mumbai,71.72,22.05,-84.97,36.58,2026-05-09,15.437332,73.480218,88.87
TEST_011909,jio,4G,Mumbai,23.01,7.75,-98.83,35.42,2026-05-13,20.633482,81.60071,69.91
TEST_011923,airtel,4G,Mumbai,12.78,8.94,-73.63,63.33,2026-03-12,18.720324,69.193191,52.64
TEST_011924,airtel,4G,Mumbai,31.42,5.84,-97.7,45.96,2026-04-04,11.94848,85.322838,59.14
TEST_011935,airtel,5G,Mumbai,72.53,27.61,-89.99,41.31,2026-04-19,15.998825,82.205769,83.45
TEST_011973,vi,4G,Mumbai,16.49,6.49,-70.12,57.17,2026-03-17,8.89801,95.33438,57.04
TEST_011975,airtel,5G,Mumbai,56.75,24.23,-64.14,81.97,2026-05-20,35.414266,95.695205,64.16
TEST_011991,airtel,5G,Mumbai,62.79,17.11,-69.44,42.69,2026-03-01,13.575057,72.487352,82.83
TEST_011992,vi,4G,Mumbai,14.68,7.46,-71.17,35.42,2026-05-07,22.110914,92.098006,77.17
TEST_011995,airtel,4G,Mumbai,28.69,6.31,-61.62,46.1,2026-05-11,22.49705,86.070018,70.6
TEST_011998,jio,4G,Mumbai,31.79,9.98,-85.3,35.33,2026-05-24,35.144142,93.383302,77.32
TEST_012002,airtel,4G,Mumbai,17.31,4.67,-83.01,45.12,2026-05-29,8.940253,80.252799,61.25
TEST_012004,jio,5G,Mumbai,94.68,30.25,-85.49,45.73,2026-04-12,13.631904,84.711219,86.37
TEST_012027,jio,5G,Mumbai,81.93,20.72,-79.57,42.91,2026-05-25,32.213693,83.534309,84.79
TEST_012032,jio,4G,Mumbai,38.17,2.89,-85.03,43.34,2026-04-30,31.567011,80.738393,66.31
TEST_012038,airtel,5G,Mumbai,52.46,20.15,-75.39,64.6,2026-04-16,14.364293,92.51773,64.36
TEST_012041,jio,4G,Mumbai,23.19,7.81,-90.84,64.68,2026-03-07,13.384812,75.517102,48.17
TEST_012043,vi,4G,Mumbai,12.65,4.29,-75.5,53.15,2026-03-17,33.511831,91.524059,56.14
TEST_012054,jio,5G,Mumbai,68.01,24.64,-102.08,37.92,2026-04-04,33.543677,69.568204,81.45
TEST_012062,airtel,5G,Mumbai,84.89,21.29,-86.24,53.77,2026-05-22,20.08382,69.241321,74.41
TEST_012069,vi,4G,Mumbai,11.98,8.08,-77.2,38.01,2026-04-25,18.747388,74.499821,71.14
TEST_012078,vi,5G,Mumbai,34.2,25.58,-93.85,39.65,2026-05-28,31.157214,75.064267,74.82
TEST_012081,jio,4G,Mumbai,29.73,7.75,-88.37,68.3,2026-03-19,15.435191,83.39995,48.84
TEST_012084,vi,4G,Mumbai,20.63,6.12,-90.71,48.74,2026-03-24,31.574821,87.023797,56.79
TEST_012101,airtel,4G,Mumbai,27.61,4.85,-89.48,41.63,2026-05-05,12.482953,77.45292,65.0
TEST_012117,jio,5G,Mumbai,100.36,32.02,-86.54,71.53,2026-05-09,30.260644,94.239946,72.7
TEST_012121,vi,5G,Mumbai,50.65,22.13,-75.83,46.25,2026-04-24,18.126714,78.371459,76.36
TEST_012131,jio,4G,Mumbai,33.0,8.77,-84.8,58.9,2026-05-13,12.392475,94.053578,55.66
TEST_012139,jio,4G,Mumbai,23.53,9.46,-104.16,40.31,2026-03-23,25.491241,84.51347,62.37
TEST_012149,vi,4G,Mumbai,10.55,8.03,-92.54,43.12,2026-04-12,9.784734,83.066975,59.75
TEST_012150,vi,5G,Mumbai,38.99,18.4,-75.74,91.61,2026-05-03,32.591676,83.143675,51.71
TEST_012158,jio,5G,Mumbai,41.3,18.75,-65.16,47.6,2026-05-10,26.105559,90.930375,75.44
TEST_012186,vi,4G,Mumbai,24.26,5.54,-114.47,40.76,2026-05-05,21.37604,85.398699,57.15
TEST_012201,vi,5G,Mumbai,65.38,20.25,-84.11,35.76,2026-03-20,20.843562,71.059136,88.28
TEST_012224,vi,4G,Mumbai,17.17,5.02,-75.75,54.46,2026-05-18,27.648664,81.888298,56.46
TEST_012227,airtel,4G,Mumbai,33.06,5.59,-86.85,36.96,2026-03-08,32.753066,85.545979,73.13
TEST_012235,airtel,4G,Mumbai,31.87,3.9,-101.43,35.3,2026-03-06,28.991177,78.554572,69.8
TEST_012236,vi,4G,Mumbai,21.83,8.66,-75.64,40.54,2026-04-22,20.605086,76.553864,70.94
TEST_012262,vi,4G,Mumbai,15.96,4.95,-91.64,41.63,2026-05-05,23.345213,90.269792,61.72
TEST_012299,jio,5G,Mumbai,97.81,26.79,-95.51,46.36,2026-03-26,35.671094,90.203295,81.9
TEST_012330,airtel,5G,Mumbai,85.53,4.82,-107.58,38.62,2026-04-05,10.189711,70.955158,75.42
TEST_012335,vi,4G,Mumbai,27.99,5.56,-79.7,41.66,2026-04-24,23.176058,80.573685,68.57
TEST_012338,airtel,5G,Mumbai,86.56,17.48,-73.32,53.02,2026-05-27,35.438826,85.985216,78.21
TEST_012349,jio,5G,Mumbai,63.51,13.15,-97.63,114.25,2026-04-30,20.858209,94.122009,43.73
TEST_012365,airtel,4G,Mumbai,14.47,9.0,-89.22,54.51,2026-03-20,18.310058,84.833403,52.78
TEST_012370,jio,5G,Mumbai,88.61,30.97,-88.19,50.18,2026-03-06,21.316476,94.230735,80.66
TEST_012379,jio,4G,Mumbai,22.66,9.83,-99.15,37.63,2026-03-25,35.757905,81.527667,67.34
TEST_012382,airtel,4G,Mumbai,13.48,3.51,-75.99,40.23,2026-04-18,11.941573,78.320428,67.46
TEST_012386,vi,4G,Mumbai,17.46,3.12,-83.8,60.96,2026-05-15,29.291583,72.65345,49.37
TEST_012400,vi,5G,Mumbai,45.25,12.06,-68.58,54.38,2026-05-26,25.496592,87.299927,67.71
TEST_012411,jio,4G,Mumbai,28.25,5.83,-96.74,54.77,2026-04-27,11.934686,90.962946,52.02
TEST_012447,vi,5G,Mumbai,43.01,24.72,-85.71,39.16,2026-03-16,13.713984,89.266191,79.78
TEST_012450,vi,4G,Mumbai,22.57,6.22,-90.75,47.06,2026-04-24,27.31392,69.35875,58.65
TEST_012455,vi,5G,Mumbai,43.72,22.09,-93.0,43.9,2026-04-26,16.393139,92.86009,71.3
TEST_012467,jio,4G,Mumbai,16.14,8.79,-84.25,37.02,2026-04-19,23.930964,89.773354,71.31
TEST_012480,vi,4G,Mumbai,18.31,5.74,-86.02,43.27,2026-03-20,27.672216,88.301634,62.67
TEST_012488,airtel,5G,Mumbai,31.04,15.94,-102.49,41.89,2026-04-11,27.21898,77.68628,65.17
TEST_012504,vi,5G,Mumbai,50.2,23.53,-88.09,46.13,2026-03-18,13.292125,74.899287,72.79
TEST_012531,airtel,4G,Mumbai,19.22,5.75,-108.8,91.32,2026-04-07,21.913103,76.005252,31.77
TEST_012533,airtel,4G,Mumbai,20.49,7.82,-108.36,56.92,2026-04-04,17.914442,78.014577,45.81
TEST_012551,airtel,4G,Mumbai,22.77,3.64,-60.0,41.16,2026-03-03,25.969923,72.472225,73.83
TEST_012568,vi,5G,Mumbai,42.38,19.65,-65.35,68.93,2026-05-11,8.187111,72.916557,63.39
TEST_012569,jio,4G,Mumbai,20.21,7.24,-97.13,66.24,2026-05-07,26.224475,71.416371,44.5
TEST_012574,vi,5G,Mumbai,78.17,20.32,-60.0,51.31,2026-05-11,11.7106,89.564185,83.02
TEST_012575,vi,5G,Mumbai,65.25,15.93,-64.62,41.61,2026-04-23,12.389426,90.737938,85.71
TEST_012587,vi,4G,Mumbai,16.54,6.43,-82.96,47.55,2026-03-20,25.770497,86.214917,59.56
TEST_012615,vi,5G,Mumbai,34.66,11.45,-73.81,38.95,2026-03-22,18.804426,79.376119,77.34
TEST_012623,airtel,5G,Mumbai,68.52,15.92,-79.35,35.1,2026-04-13,26.358954,94.745048,89.99
TEST_012648,jio,4G,Mumbai,32.43,6.19,-102.61,37.99,2026-05-14,8.68344,81.823139,66.56
TEST_012653,airtel,4G,Mumbai,25.91,6.59,-84.58,41.37,2026-03-12,12.702518,68.583694,67.17
TEST_012668,vi,4G,Mumbai,21.28,4.69,-88.23,113.2,2026-03-07,10.892879,73.429575,34.55
TEST_012670,vi,5G,Mumbai,36.52,19.69,-89.13,54.8,2026-03-25,30.017903,94.671561,61.41
TEST_012673,vi,5G,Mumbai,68.26,13.05,-93.92,47.5,2026-05-03,24.221066,74.962357,69.87
TEST_012686,airtel,4G,Mumbai,16.22,4.92,-79.28,38.59,2026-04-11,24.187714,95.565037,69.49
TEST_012693,airtel,4G,Mumbai,25.66,8.27,-70.26,54.44,2026-03-24,14.862495,88.589904,61.37
TEST_012695,jio,5G,Mumbai,49.79,27.24,-76.76,48.62,2026-03-28,11.341004,70.513587,75.7
TEST_012705,jio,4G,Mumbai,26.53,5.09,-71.11,89.58,2026-03-29,25.989211,69.543579,46.13
TEST_012715,vi,4G,Mumbai,16.37,5.06,-104.85,35.87,2026-04-12,26.926495,74.351815,64.78
TEST_012720,jio,5G,Mumbai,90.02,9.22,-96.77,39.25,2026-04-29,34.00834,94.328231,80.83
TEST_012725,airtel,5G,Mumbai,55.3,22.71,-90.26,38.98,2026-05-03,12.175766,89.696013,80.5
TEST_012731,airtel,5G,Mumbai,71.17,14.93,-76.14,86.51,2026-04-21,22.070732,94.94355,58.75
TEST_012734,jio,5G,Mumbai,98.87,27.21,-96.89,39.96,2026-03-16,8.251928,68.462462,88.43
TEST_012751,vi,4G,Mumbai,23.92,4.13,-79.26,37.65,2026-04-14,12.172207,68.324336,72.15
TEST_012767,airtel,4G,Mumbai,18.9,4.7,-94.94,38.59,2026-04-25,9.733309,94.318217,64.79
TEST_012769,vi,5G,Mumbai,38.6,13.54,-76.96,42.22,2026-04-06,8.933039,92.584602,74.13
TEST_012802,jio,5G,Mumbai,69.6,34.33,-85.45,37.52,2026-05-11,22.817669,94.940726,91.4
TEST_012803,vi,4G,Mumbai,10.61,7.52,-78.73,42.4,2026-05-12,19.685955,71.618293,64.93
TEST_012809,airtel,5G,Mumbai,23.72,18.15,-66.46,67.0,2026-04-02,23.091751,91.762399,59.13
TEST_012811,airtel,4G,Mumbai,15.81,7.22,-84.79,81.9,2026-03-21,31.514415,70.566614,42.0
TEST_012816,vi,5G,Mumbai,62.96,13.31,-83.05,49.24,2026-04-11,31.31376,88.274585,70.98
TEST_012837,jio,5G,Mumbai,128.21,24.09,-75.93,36.29,2026-04-08,18.517642,71.657521,105.63
TEST_012847,airtel,5G,Mumbai,66.98,32.46,-93.82,40.06,2026-04-30,12.082023,92.671509,84.14
TEST_012861,vi,5G,Mumbai,56.11,21.11,-89.04,44.84,2026-05-25,21.291935,78.042677,74.11
TEST_012867,jio,5G,Mumbai,102.56,30.7,-81.26,39.64,2026-04-10,9.539511,87.369199,96.11
TEST_012889,airtel,4G,Mumbai,29.74,5.53,-83.97,37.99,2026-03-02,23.41193,85.502919,71.94
TEST_012899,jio,4G,Mumbai,33.24,11.0,-83.76,40.7,2026-04-02,26.286336,80.972716,71.44
TEST_012912,airtel,5G,Mumbai,79.84,11.5,-114.62,40.69,2026-03-04,11.379038,93.88173,71.73
TEST_012916,airtel,5G,Mumbai,49.95,13.18,-60.0,54.95,2026-05-23,8.832652,79.855184,71.66
TEST_012918,jio,5G,Mumbai,55.61,23.97,-87.96,47.11,2026-03-28,23.118327,93.678487,73.34
TEST_012924,airtel,5G,Mumbai,111.54,20.92,-94.8,46.74,2026-03-24,10.849045,73.574419,82.73
TEST_012932,jio,5G,Mumbai,100.59,12.11,-60.0,60.98,2026-05-05,26.412886,93.571718,79.07
TEST_012943,airtel,4G,Mumbai,26.49,5.2,-77.06,36.12,2026-04-10,9.684381,74.813223,75.98
TEST_012956,jio,4G,Mumbai,12.75,6.09,-80.57,54.01,2026-05-15,12.061896,83.702596,54.55
TEST_012979,airtel,4G,Mumbai,11.34,8.98,-97.68,38.49,2026-04-21,15.474563,83.518043,63.87
TEST_012983,vi,5G,Mumbai,38.67,16.04,-79.3,66.93,2026-03-22,30.112992,86.689352,57.44
TEST_012993,airtel,5G,Mumbai,50.83,18.05,-77.79,36.39,2026-04-07,21.956573,87.065704,85.43
TEST_012996,jio,5G,Mumbai,70.32,31.96,-105.04,42.86,2026-03-09,11.013326,80.010592,77.85
TEST_013017,airtel,5G,Mumbai,88.05,32.14,-101.92,44.82,2026-05-20,35.859409,95.661977,80.95
TEST_013037,jio,5G,Mumbai,62.32,37.5,-60.0,43.23,2026-03-05,26.004001,84.09945,92.71
TEST_013053,jio,5G,Mumbai,92.42,32.86,-90.5,89.65,2026-04-21,20.294414,89.852497,64.41
TEST_013057,airtel,5G,Mumbai,52.12,16.68,-100.25,58.78,2026-03-20,23.622603,74.016671,57.7
TEST_013069,vi,4G,Mumbai,7.75,6.5,-77.66,35.5,2026-03-15,15.807682,88.192572,72.99
TEST_013071,vi,5G,Mumbai,26.79,18.13,-89.92,49.45,2026-04-29,25.418263,85.189675,62.22
TEST_013082,airtel,5G,Mumbai,46.09,19.23,-62.36,58.13,2026-03-28,11.6417,77.369055,70.28
TEST_013088,jio,5G,Mumbai,88.35,36.74,-80.24,43.04,2026-03-27,9.9633,94.993544,91.68
TEST_013089,jio,5G,Mumbai,82.76,21.39,-67.55,40.56,2026-05-28,22.920446,78.384052,91.8
TEST_013099,jio,4G,Mumbai,21.18,5.3,-85.49,51.8,2026-05-13,30.261915,88.350587,56.02
TEST_013110,jio,5G,Mumbai,66.8,28.55,-101.26,35.16,2026-05-18,17.07949,82.620869,86.8
TEST_013119,jio,5G,Mumbai,52.35,35.17,-85.66,38.65,2026-05-23,13.129789,93.681986,86.31
TEST_013122,airtel,4G,Mumbai,21.71,5.58,-73.03,36.77,2026-05-13,10.822325,91.781283,75.47
TEST_013126,jio,5G,Mumbai,109.38,25.56,-96.34,38.2,2026-04-01,34.067114,77.6928,92.55
TEST_013127,airtel,4G,Mumbai,19.24,5.8,-85.44,57.84,2026-03-26,27.216584,75.077212,51.9
TEST_013128,jio,5G,Mumbai,102.11,32.24,-83.59,44.79,2026-04-05,35.226292,91.440496,90.26
TEST_013130,vi,4G,Mumbai,26.43,6.44,-93.38,48.65,2026-03-26,21.985724,85.370807,57.38
TEST_013134,airtel,4G,Mumbai,27.47,7.4,-80.75,60.6,2026-04-15,12.776631,76.862027,54.36
TEST_013135,jio,4G,Mumbai,29.64,12.96,-91.68,58.7,2026-04-26,21.505823,93.888785,54.25
TEST_013137,jio,5G,Mumbai,84.66,13.6,-95.08,45.0,2026-03-24,11.931572,90.797985,75.58
TEST_013138,jio,5G,Mumbai,82.19,18.29,-85.91,46.5,2026-05-03,17.325469,70.174911,78.42
TEST_013156,jio,4G,Mumbai,11.68,7.74,-98.26,47.53,2026-04-23,29.571803,73.199551,53.87
TEST_013169,airtel,5G,Mumbai,80.99,28.52,-97.08,35.46,2026-04-08,28.127476,81.911947,90.89
TEST_013217,vi,5G,Mumbai,45.95,14.47,-60.0,59.56,2026-03-16,9.944622,91.148842,68.51
TEST_013223,vi,5G,Mumbai,75.78,20.61,-79.49,54.26,2026-03-16,28.420871,92.142512,74.06
TEST_013236,airtel,4G,Mumbai,15.28,8.06,-83.45,41.67,2026-05-12,31.792158,89.50454,65.38
TEST_013237,vi,4G,Mumbai,28.81,5.58,-104.52,39.1,2026-04-23,27.009482,95.046124,63.48
TEST_013241,airtel,5G,Mumbai,75.02,19.84,-81.16,38.81,2026-05-10,17.471912,83.383963,87.1
TEST_013264,jio,4G,Mumbai,28.78,8.95,-91.44,48.79,2026-03-30,25.77988,78.044001,59.35
TEST_013294,vi,4G,Mumbai,5.81,2.56,-111.65,59.61,2026-03-04,20.257843,77.234923,38.0
TEST_013300,vi,5G,Mumbai,47.09,18.3,-83.18,42.2,2026-04-24,15.684647,78.166424,75.7
TEST_013316,jio,5G,Mumbai,60.62,28.79,-63.31,40.33,2026-05-10,24.03617,75.224689,91.24
TEST_013334,jio,4G,Mumbai,34.5,8.47,-78.46,36.5,2026-05-25,25.746657,72.703929,77.94
TEST_013357,vi,5G,Mumbai,82.19,8.54,-90.25,42.26,2026-05-03,28.774888,93.468301,77.56
TEST_013367,jio,4G,Mumbai,19.62,6.91,-87.71,52.22,2026-05-25,34.753296,91.051365,55.22
TEST_013373,jio,4G,Mumbai,9.45,6.49,-84.83,62.49,2026-04-17,25.273525,74.124778,47.68
TEST_013377,airtel,5G,Mumbai,88.39,20.6,-89.09,44.29,2026-05-13,16.759631,69.486006,81.63
TEST_013383,airtel,5G,Mumbai,80.31,20.67,-80.57,39.57,2026-05-22,30.806508,90.898009,87.83
TEST_013395,jio,4G,Mumbai,36.57,10.96,-78.17,42.71,2026-04-17,16.58933,80.864693,71.82
TEST_013399,airtel,5G,Mumbai,112.19,25.14,-78.7,47.85,2026-03-09,21.401981,88.274725,88.82
TEST_013411,vi,4G,Mumbai,16.57,5.48,-73.34,47.95,2026-03-16,14.797875,80.388728,62.09
TEST_013425,airtel,4G,Mumbai,23.07,12.02,-60.65,35.59,2026-03-06,18.8963,90.585648,83.94
TEST_013430,jio,5G,Mumbai,113.12,29.37,-79.63,36.46,2026-04-30,27.733889,92.703315,102.7
TEST_013454,vi,5G,Mumbai,56.8,20.17,-70.46,40.62,2026-04-24,8.540651,95.643122,84.54
TEST_013457,vi,4G,Mumbai,27.37,7.77,-74.85,44.55,2026-04-09,35.468838,70.710896,67.87
TEST_013466,vi,4G,Mumbai,13.17,4.86,-103.04,65.69,2026-03-19,9.827786,79.386708,40.34
TEST_013472,jio,4G,Mumbai,31.23,9.6,-72.67,36.8,2026-03-26,13.900655,72.251742,79.13
TEST_013478,vi,5G,Mumbai,71.71,17.18,-75.53,45.89,2026-04-20,24.36744,89.995922,79.69
TEST_013482,vi,5G,Mumbai,55.72,14.66,-97.07,35.77,2026-05-23,33.310787,74.832434,79.77
TEST_013505,airtel,4G,Mumbai,22.3,5.76,-79.31,48.18,2026-03-16,27.238107,78.736948,61.29
TEST_013506,jio,5G,Mumbai,71.04,22.77,-83.32,44.98,2026-05-06,16.449109,84.377072,79.81
TEST_013508,jio,5G,Mumbai,95.18,19.86,-90.41,37.05,2026-04-21,14.93446,80.499372,90.84
TEST_013525,airtel,5G,Mumbai,72.77,22.24,-95.59,37.09,2026-05-02,28.89353,75.773426,84.93
TEST_013547,jio,4G,Mumbai,28.17,11.68,-83.61,36.21,2026-04-14,35.319281,89.78927,76.39
TEST_013553,airtel,4G,Mumbai,14.45,4.28,-81.42,35.43,2026-03-10,13.807768,95.216034,72.53
TEST_013557,airtel,4G,Mumbai,13.23,7.33,-66.67,46.47,2026-05-30,26.116171,75.945529,65.52
TEST_013564,jio,5G,Mumbai,65.29,17.08,-63.02,56.97,2026-04-01,32.341977,84.317963,74.24
TEST_013565,jio,4G,Mumbai,15.16,6.3,-92.02,38.4,2026-05-17,24.311006,80.549777,65.75
TEST_013567,jio,4G,Mumbai,26.32,7.23,-93.25,43.0,2026-04-24,26.953965,80.673479,62.86
TEST_013569,jio,5G,Mumbai,91.05,28.45,-93.33,48.55,2026-04-10,9.539677,78.42932,79.86
TEST_013586,jio,4G,Mumbai,19.99,9.24,-86.35,63.09,2026-03-26,18.356814,88.269329,50.23
TEST_013592,airtel,5G,Mumbai,64.73,39.34,-81.87,40.74,2026-05-09,32.297105,92.917605,89.32
TEST_013601,jio,5G,Mumbai,47.74,23.68,-88.29,45.23,2026-05-24,21.015063,68.954937,73.06
TEST_013621,airtel,4G,Mumbai,34.22,5.38,-84.12,80.97,2026-05-19,33.233171,86.749627,45.93
TEST_013628,vi,5G,Mumbai,43.74,8.48,-91.94,41.25,2026-04-06,33.571436,73.860288,69.51
TEST_013642,airtel,4G,Mumbai,28.68,3.33,-87.73,40.92,2026-04-07,8.991992,79.709095,66.06
TEST_013647,vi,5G,Mumbai,53.46,14.42,-106.34,39.57,2026-04-28,18.474267,72.383568,70.99
TEST_013648,jio,4G,Mumbai,16.05,5.09,-79.36,56.73,2026-05-28,27.459428,85.702203,53.61
TEST_013649,jio,4G,Mumbai,15.52,7.54,-83.99,44.07,2026-03-30,12.680837,68.158243,62.57
TEST_013650,jio,4G,Mumbai,32.73,9.33,-70.66,38.12,2026-05-30,12.548995,75.46063,78.25
TEST_013654,vi,5G,Mumbai,25.11,5.97,-72.98,50.35,2026-03-07,18.861009,90.450944,62.38
TEST_013683,vi,5G,Mumbai,44.1,20.32,-75.14,46.1,2026-04-15,11.531442,69.485611,74.61
TEST_013689,vi,5G,Mumbai,85.53,22.35,-94.53,43.43,2026-03-22,29.01294,73.046421,80.67
TEST_013691,airtel,5G,Mumbai,77.47,32.58,-73.46,42.4,2026-05-01,20.14212,72.457764,90.68
TEST_013694,airtel,4G,Mumbai,29.51,6.63,-96.77,45.36,2026-05-07,23.091964,82.311896,59.86
TEST_013717,vi,5G,Mumbai,51.34,11.19,-82.51,61.33,2026-05-10,19.019171,93.902906,60.08
TEST_013719,airtel,5G,Mumbai,81.88,33.1,-90.14,44.02,2026-03-04,14.410243,86.439762,84.63
TEST_013720,jio,5G,Mumbai,99.89,19.7,-72.99,39.46,2026-03-09,11.139944,72.196238,94.5
TEST_013728,vi,4G,Mumbai,24.02,5.69,-108.51,44.08,2026-05-14,9.516231,76.620622,55.61
TEST_013752,vi,4G,Mumbai,9.85,8.37,-84.39,40.49,2026-05-14,24.294892,83.674794,65.31
TEST_013762,vi,4G,Mumbai,15.05,9.33,-96.7,41.77,2026-04-27,8.935629,82.066496,61.27
TEST_013776,jio,4G,Mumbai,26.46,10.46,-88.86,35.44,2026-03-01,33.190904,74.871021,74.95
TEST_013780,jio,5G,Mumbai,106.88,14.0,-83.3,68.49,2026-05-22,27.585033,86.070824,69.9
TEST_013788,airtel,4G,Mumbai,31.38,3.22,-79.62,45.15,2026-04-28,15.959865,77.404513,64.96
TEST_013802,airtel,5G,Mumbai,83.02,26.85,-80.64,40.06,2026-04-24,8.209962,80.516503,90.07
TEST_013807,airtel,5G,Mumbai,56.7,13.08,-96.75,37.22,2026-03-17,13.586574,70.106063,77.46
TEST_013817,jio,5G,Mumbai,58.99,34.29,-78.43,43.36,2026-05-22,28.731851,88.89472,84.53
TEST_013827,vi,4G,Mumbai,20.24,2.34,-86.0,41.71,2026-04-02,19.316224,80.26983,63.52
TEST_013828,vi,4G,Mumbai,34.2,6.56,-78.42,56.85,2026-04-03,23.202947,68.109946,58.43
TEST_013837,jio,5G,Mumbai,100.32,10.67,-101.72,36.32,2026-04-10,12.716156,84.072881,85.9
TEST_013879,jio,4G,Mumbai,10.38,5.73,-86.91,62.94,2026-03-04,25.612618,78.609944,46.7
TEST_013898,vi,4G,Mumbai,14.3,4.09,-72.8,60.44,2026-03-17,27.42488,68.277677,52.96
TEST_013905,vi,5G,Mumbai,42.72,17.09,-71.55,53.56,2026-05-08,27.216567,85.218351,68.53
TEST_013917,vi,4G,Mumbai,18.41,4.21,-81.06,92.64,2026-04-11,27.35942,80.549009,39.97
TEST_013919,airtel,5G,Mumbai,71.74,15.47,-70.77,40.63,2026-05-28,22.031954,79.437721,86.05
TEST_013924,airtel,4G,Mumbai,16.65,8.82,-98.88,35.33,2026-05-17,14.261428,90.805585,69.0
TEST_013936,vi,5G,Mumbai,85.23,16.88,-82.56,46.89,2026-05-28,35.158927,68.365309,79.35
TEST_013946,airtel,4G,Mumbai,25.39,5.63,-70.32,45.45,2026-03-17,15.575843,81.530094,67.32
TEST_013949,vi,4G,Mumbai,28.59,8.18,-74.28,47.86,2026-05-15,8.437055,88.580175,65.51
TEST_013964,airtel,5G,Mumbai,59.94,19.2,-89.34,37.63,2026-03-19,15.846661,86.369357,82.31
TEST_013965,airtel,4G,Mumbai,23.65,4.55,-76.03,87.15,2026-04-22,27.113381,73.648991,44.26
TEST_013971,airtel,5G,Mumbai,83.36,26.7,-82.15,68.32,2026-03-04,27.923378,81.521908,69.73
TEST_013972,vi,4G,Mumbai,23.71,5.19,-120.0,41.48,2026-05-06,31.941901,95.539615,54.25
TEST_013973,jio,4G,Mumbai,32.29,10.22,-65.17,42.04,2026-05-25,9.056877,84.452791,75.65
TEST_013988,jio,4G,Mumbai,29.78,10.8,-84.06,41.15,2026-04-07,14.266829,95.59645,69.98
TEST_013989,jio,5G,Mumbai,65.89,24.79,-78.62,74.4,2026-05-22,9.696344,80.359699,63.99
TEST_013990,vi,5G,Mumbai,76.01,16.59,-69.52,40.0,2026-04-28,26.182501,75.124528,88.56
TEST_014006,airtel,4G,Mumbai,18.49,8.23,-73.25,47.7,2026-04-24,23.50308,79.805067,63.76
TEST_014007,vi,5G,Mumbai,37.15,22.19,-74.12,53.49,2026-04-08,32.229969,79.725035,68.33
TEST_014008,vi,5G,Mumbai,65.62,20.41,-78.79,41.13,2026-05-03,24.835243,91.466316,83.23
TEST_014023,airtel,5G,Mumbai,87.96,12.74,-89.96,46.36,2026-05-25,17.430968,72.467372,76.46
TEST_014046,jio,4G,Mumbai,11.54,9.98,-80.89,39.69,2026-03-02,8.197807,88.179031,68.38
TEST_014058,vi,4G,Mumbai,16.52,8.06,-72.26,42.09,2026-04-01,22.230253,81.467213,68.93
TEST_014069,airtel,5G,Mumbai,75.0,21.26,-93.18,44.48,2026-04-15,24.81831,92.335869,77.34
TEST_014077,jio,4G,Mumbai,26.85,8.11,-78.88,43.48,2026-04-24,28.60186,92.670056,67.59
TEST_014080,jio,4G,Mumbai,19.01,8.81,-101.56,42.88,2026-04-25,30.403802,90.936912,59.16
TEST_014084,airtel,5G,Mumbai,56.18,24.73,-81.36,35.52,2026-04-28,29.991782,84.342086,89.13
TEST_014102,airtel,5G,Mumbai,79.38,19.24,-108.2,48.24,2026-05-30,19.074625,86.428727,69.22
TEST_014112,airtel,5G,Mumbai,71.69,8.62,-60.01,49.42,2026-04-12,14.498097,76.656969,78.76
TEST_014118,jio,4G,Mumbai,26.61,12.06,-82.02,44.69,2026-05-25,32.027513,77.432914,66.74
TEST_014125,airtel,4G,Mumbai,35.48,6.58,-100.34,43.11,2026-05-01,27.022435,84.656121,62.19
TEST_014127,jio,4G,Mumbai,34.73,1.58,-63.66,36.22,2026-04-19,19.875203,92.970793,80.82
TEST_014159,jio,4G,Mumbai,39.3,5.37,-94.21,35.14,2026-04-13,30.840301,75.937094,74.64
TEST_014161,jio,5G,Mumbai,71.96,27.94,-64.31,35.54,2026-03-06,17.193347,73.700798,99.47
TEST_014170,jio,5G,Mumbai,88.75,24.81,-93.34,44.24,2026-04-19,19.015777,68.945402,81.87
TEST_014187,jio,5G,Mumbai,7.33,36.43,-72.77,42.56,2026-05-08,32.140764,88.36647,76.51
TEST_014196,vi,4G,Mumbai,26.2,5.91,-76.69,41.71,2026-03-22,12.054315,70.976698,69.25
TEST_014204,airtel,4G,Mumbai,22.33,8.44,-103.29,50.84,2026-04-21,11.343656,68.68341,52.19
TEST_014207,airtel,4G,Mumbai,13.9,5.72,-85.46,37.75,2026-03-11,14.467201,89.607252,68.3
TEST_014233,airtel,4G,Mumbai,31.4,7.37,-80.69,74.42,2026-05-21,32.191058,74.420831,49.29
TEST_014244,airtel,4G,Mumbai,9.26,10.28,-90.05,40.15,2026-05-30,19.664418,87.872613,64.38
TEST_014267,jio,5G,Mumbai,130.93,21.19,-68.34,47.66,2026-05-11,12.892292,90.561722,95.18
TEST_014271,jio,4G,Mumbai,23.85,9.61,-115.46,35.64,2026-03-13,10.034334,77.978623,64.9
TEST_014276,jio,4G,Mumbai,18.76,10.16,-95.25,52.31,2026-03-26,23.962068,85.891686,53.63
TEST_014333,vi,4G,Mumbai,21.08,7.86,-90.55,41.52,2026-04-12,21.98611,73.000206,64.4
TEST_014342,vi,4G,Mumbai,17.01,5.07,-90.3,38.26,2026-05-25,24.552159,92.144426,66.47
TEST_014358,jio,5G,Mumbai,127.42,21.28,-73.86,90.13,2026-03-27,13.222297,89.908722,73.43
TEST_014369,vi,5G,Mumbai,61.48,28.68,-87.84,63.82,2026-03-12,9.486501,72.110361,65.68
TEST_014389,vi,4G,Mumbai,22.24,3.03,-88.47,55.06,2026-04-09,11.677409,91.595424,52.24
TEST_014394,airtel,4G,Mumbai,25.09,5.46,-79.67,52.51,2026-03-05,10.660728,69.607648,58.39
TEST_014398,vi,5G,Mumbai,91.09,13.5,-65.12,75.02,2026-04-30,18.178917,89.337969,69.79
TEST_014405,airtel,5G,Mumbai,78.89,23.52,-88.45,54.44,2026-03-18,19.156347,71.959254,72.7
TEST_014411,airtel,5G,Mumbai,73.08,30.56,-72.98,46.93,2026-05-29,28.763782,78.401376,84.77
TEST_014413,jio,4G,Mumbai,32.42,4.49,-60.0,42.13,2026-03-15,26.193316,92.965501,75.22
TEST_014417,jio,4G,Mumbai,22.11,9.39,-107.13,40.95,2026-05-18,23.17285,77.104772,60.3
TEST_014421,airtel,4G,Mumbai,28.15,5.54,-62.33,66.0,2026-03-24,20.629137,82.921655,57.36
TEST_014424,vi,4G,Mumbai,16.21,6.47,-84.81,50.16,2026-04-16,26.727412,95.265054,56.78
TEST_014441,vi,5G,Mumbai,82.06,14.23,-62.69,52.99,2026-05-07,24.593003,72.459198,79.59
TEST_014450,airtel,4G,Mumbai,20.55,3.29,-80.26,37.46,2026-05-17,8.595329,74.887005,71.02
TEST_014455,jio,4G,Mumbai,30.62,9.43,-65.69,52.73,2026-03-06,24.38047,94.091372,65.57
TEST_014468,vi,5G,Mumbai,81.15,12.95,-93.73,38.85,2026-04-17,27.975258,87.411028,81.72
TEST_014470,vi,4G,Mumbai,9.03,5.61,-87.75,52.95,2026-04-30,21.445709,83.837832,51.87
TEST_014471,airtel,5G,Mumbai,97.45,12.86,-98.86,40.92,2026-03-20,16.931066,74.133726,81.13
TEST_014485,jio,4G,Mumbai,44.51,7.41,-70.47,47.99,2026-05-07,23.320127,85.65,69.94
TEST_014487,vi,5G,Mumbai,66.23,17.83,-80.8,80.03,2026-03-04,13.353035,81.809718,58.97
TEST_014491,jio,4G,Mumbai,25.45,5.19,-88.93,58.83,2026-03-11,24.172613,74.753818,51.34
TEST_014493,airtel,4G,Mumbai,28.16,4.75,-88.39,54.05,2026-05-17,33.536964,84.415845,54.86
TEST_014495,airtel,5G,Mumbai,76.98,30.6,-60.0,49.88,2026-05-07,31.959105,77.189234,87.56
TEST_014496,jio,5G,Mumbai,128.54,23.0,-97.6,35.52,2026-04-05,14.13836,70.754635,99.21
TEST_014508,airtel,4G,Mumbai,26.41,5.83,-102.7,36.55,2026-04-23,22.883952,91.066496,67.03
TEST_014516,vi,5G,Mumbai,75.16,21.83,-82.54,37.08,2026-04-04,10.283647,94.016983,89.67
TEST_014552,airtel,5G,Mumbai,47.75,18.64,-91.69,65.23,2026-05-12,20.236143,79.580423,57.04
TEST_014559,airtel,4G,Mumbai,16.94,10.48,-92.94,41.19,2026-03-01,19.057056,87.873395,64.0
TEST_014576,airtel,4G,Mumbai,15.55,1.11,-66.17,57.94,2026-04-29,18.222945,89.799415,55.74
TEST_014580,airtel,5G,Mumbai,147.3,16.05,-69.01,43.06,2026-04-27,10.719972,81.817895,101.03
TEST_014583,jio,5G,Mumbai,122.66,22.93,-63.84,46.88,2026-05-03,28.672859,87.766816,96.14
TEST_014589,airtel,5G,Mumbai,69.13,18.93,-72.03,35.29,2026-05-08,23.696813,91.817096,93.37
TEST_014593,airtel,5G,Mumbai,36.37,14.75,-62.26,63.62,2026-05-03,30.686978,69.29664,63.65
TEST_014601,airtel,5G,Mumbai,76.25,32.42,-73.11,67.47,2026-03-25,29.739792,80.415571,73.59
TEST_014611,airtel,5G,Mumbai,72.65,32.02,-80.12,36.83,2026-05-27,21.240719,90.222372,93.96
TEST_014613,airtel,5G,Mumbai,58.94,17.09,-88.05,62.94,2026-05-01,27.413664,81.196815,61.26
TEST_014634,airtel,4G,Mumbai,24.72,7.5,-79.28,42.41,2026-03-23,9.790419,92.622624,67.87
TEST_014657,jio,5G,Mumbai,104.76,21.52,-81.21,67.89,2026-03-04,33.629608,79.981551,73.11
TEST_014667,vi,4G,Mumbai,18.59,8.85,-87.6,60.21,2026-03-25,13.716698,92.842441,50.83
TEST_014711,airtel,4G,Mumbai,26.5,4.16,-81.23,35.46,2026-03-14,28.10681,85.700638,75.19
TEST_014716,jio,5G,Mumbai,106.48,27.38,-70.76,62.25,2026-05-04,9.89404,88.655047,81.69
TEST_014729,jio,5G,Mumbai,61.29,25.31,-97.16,37.47,2026-04-23,14.206525,84.261122,82.44
TEST_014734,airtel,4G,Mumbai,21.43,9.01,-90.25,35.75,2026-04-23,23.805158,75.574724,72.38
TEST_014770,airtel,5G,Mumbai,73.01,24.94,-95.02,67.56,2026-04-02,30.299179,82.800188,62.81
TEST_014771,airtel,5G,Mumbai,79.79,22.67,-68.27,38.04,2026-03-24,32.253288,89.435969,94.47
TEST_014781,vi,4G,Mumbai,13.8,4.93,-85.54,67.89,2026-05-05,26.603987,90.241304,45.38
TEST_014784,jio,5G,Mumbai,126.87,12.33,-87.5,56.38,2026-04-27,20.362548,86.350337,78.43
TEST_014786,airtel,4G,Mumbai,26.78,9.77,-75.87,39.85,2026-04-14,24.174976,85.567292,73.18
TEST_014798,vi,4G,Mumbai,21.94,7.24,-113.49,50.22,2026-03-26,26.281413,89.17582,48.73
TEST_014799,airtel,5G,Mumbai,67.28,34.72,-77.02,40.48,2026-03-24,18.197032,81.480558,90.13
TEST_014803,jio,5G,Mumbai,72.88,26.87,-96.29,38.72,2026-04-25,21.093917,77.166074,84.24
TEST_014818,jio,4G,Mumbai,35.05,10.79,-89.82,43.93,2026-03-13,13.025215,94.82632,66.3
TEST_014827,jio,5G,Mumbai,106.16,25.62,-75.06,40.53,2026-05-12,11.884743,69.193926,96.08
TEST_014833,jio,4G,Mumbai,21.84,11.44,-60.83,38.69,2026-04-21,31.835399,75.833852,79.13
TEST_014839,airtel,4G,Mumbai,21.76,9.87,-106.9,91.74,2026-04-30,24.071941,89.35667,34.36
TEST_014840,vi,5G,Mumbai,78.73,17.99,-62.9,37.97,2026-03-26,13.294631,80.939426,94.42
TEST_014842,vi,5G,Mumbai,28.38,9.97,-90.66,53.78,2026-05-10,12.554778,79.530613,56.23
TEST_014900,vi,5G,Mumbai,59.13,23.69,-107.73,44.71,2026-05-25,8.163637,75.030322,69.61
TEST_014905,vi,5G,Mumbai,32.84,14.26,-97.25,39.92,2026-04-10,27.201659,82.590397,68.95
TEST_014906,airtel,5G,Mumbai,76.06,27.82,-78.53,38.02,2026-03-31,35.996978,90.561012,92.12
TEST_014910,airtel,4G,Mumbai,28.37,5.2,-88.35,51.73,2026-05-22,25.518469,69.296563,56.69
TEST_014912,jio,5G,Mumbai,93.73,18.18,-82.47,42.35,2026-04-07,19.531399,95.754195,86.12
TEST_014932,airtel,5G,Mumbai,116.3,22.36,-86.27,45.01,2026-03-09,26.375458,70.810839,88.73
TEST_014938,jio,5G,Mumbai,64.04,27.76,-90.46,41.85,2026-03-28,8.106225,85.59488,80.86
TEST_014942,jio,4G,Mumbai,33.86,8.34,-91.32,36.61,2026-04-30,26.147678,82.759864,73.31
TEST_014948,vi,4G,Mumbai,18.37,6.16,-106.09,37.39,2026-03-19,35.689945,83.202328,63.06
TEST_014950,jio,4G,Mumbai,22.79,8.51,-87.68,56.39,2026-04-30,9.309535,80.551089,53.79
TEST_014959,airtel,5G,Mumbai,66.3,13.4,-90.21,42.86,2026-03-04,18.593301,71.920583,75.16
TEST_014980,jio,5G,Mumbai,63.76,33.6,-88.39,52.76,2026-03-18,21.351156,78.190977,74.14
TEST_014996,jio,5G,Mumbai,95.04,31.93,-87.69,37.49,2026-04-19,14.233129,93.549288,95.49
TEST_015001,vi,4G,Mumbai,13.91,4.17,-80.22,51.29,2026-05-27,20.867861,88.390395,56.12
TEST_015005,vi,5G,Mumbai,38.44,20.25,-64.64,54.61,2026-04-06,19.805951,76.99196,70.33
TEST_015013,jio,4G,Mumbai,29.07,5.84,-96.66,39.4,2026-04-10,32.277319,75.17183,65.88
TEST_015017,jio,4G,Mumbai,25.23,4.84,-81.49,43.35,2026-05-25,34.789119,86.18122,65.31
TEST_015020,airtel,5G,Mumbai,106.96,36.25,-93.89,54.36,2026-04-22,20.420659,79.652885,81.81
TEST_015023,jio,5G,Mumbai,88.96,26.11,-92.8,44.95,2026-03-21,30.680476,92.370539,81.88
TEST_015025,airtel,5G,Mumbai,71.61,21.95,-75.33,48.98,2026-04-22,18.001135,72.119057,78.82
TEST_015028,vi,4G,Mumbai,14.13,6.93,-104.76,45.87,2026-03-07,25.476086,73.917564,53.41
TEST_015048,jio,4G,Mumbai,34.25,8.29,-81.05,48.84,2026-03-16,24.854643,93.995195,63.75
TEST_015049,airtel,5G,Mumbai,82.16,22.23,-101.24,45.89,2026-03-27,32.765538,79.96059,75.28
TEST_015052,airtel,4G,Mumbai,21.28,8.54,-75.4,59.09,2026-03-28,10.877083,89.254622,55.99
TEST_015094,vi,5G,Mumbai,64.68,24.57,-78.33,60.82,2026-03-25,13.682712,77.576919,69.57
TEST_015123,jio,4G,Mumbai,30.82,7.4,-93.14,55.57,2026-05-04,11.212233,68.619794,53.86
TEST_015134,jio,4G,Mumbai,34.15,4.5,-60.0,35.39,2026-03-04,20.457289,79.675153,84.2
TEST_015142,jio,4G,Mumbai,23.39,9.46,-69.31,46.23,2026-04-15,24.162366,93.664044,67.89
TEST_015155,airtel,5G,Mumbai,91.76,22.98,-87.27,37.27,2026-03-13,27.05962,84.422801,91.95
TEST_015162,airtel,4G,Mumbai,23.17,7.68,-82.69,114.82,2026-05-08,15.251508,87.967462,37.65
TEST_015165,jio,5G,Mumbai,108.95,19.22,-90.95,57.59,2026-05-20,32.588238,88.774589,75.06
TEST_015195,airtel,4G,Mumbai,32.02,8.52,-84.09,36.31,2026-04-05,15.311052,86.158445,75.8
TEST_015207,vi,5G,Mumbai,65.53,16.96,-99.06,88.67,2026-04-14,31.91081,72.538988,50.04
TEST_015209,jio,5G,Mumbai,68.69,19.83,-95.08,36.67,2026-03-12,33.44449,70.111768,83.9
TEST_015218,jio,5G,Mumbai,105.91,29.45,-86.92,53.98,2026-03-23,21.993513,71.905405,81.68
TEST_015232,vi,5G,Mumbai,65.17,22.32,-80.09,45.72,2026-05-15,27.196148,90.536118,78.73
TEST_015250,airtel,5G,Mumbai,41.72,18.98,-94.23,52.23,2026-03-04,35.845776,89.188533,62.34
TEST_015262,vi,4G,Mumbai,20.93,8.5,-91.94,117.01,2026-05-02,11.434209,86.461902,34.05
TEST_015264,airtel,4G,Mumbai,27.4,5.26,-98.22,42.75,2026-05-07,13.71508,89.919258,60.99
TEST_015278,vi,4G,Mumbai,27.01,6.7,-83.5,39.34,2026-04-09,19.861103,93.832344,70.19
TEST_015302,airtel,5G,Mumbai,68.25,22.98,-89.99,38.85,2026-05-20,11.08539,89.821948,83.73
TEST_015324,jio,4G,Mumbai,17.44,7.6,-86.31,45.32,2026-04-03,22.008216,76.595042,61.05
TEST_015335,vi,4G,Mumbai,5.82,7.43,-71.61,35.8,2026-03-18,18.209856,74.380789,74.47
TEST_015340,jio,5G,Mumbai,89.46,20.38,-99.14,44.47,2026-05-01,10.285497,74.783982,78.26
TEST_015348,jio,4G,Mumbai,16.37,8.32,-82.96,46.77,2026-04-11,28.405183,85.136425,60.88
TEST_015349,airtel,4G,Mumbai,21.73,9.14,-69.89,38.57,2026-03-24,32.685101,94.053913,75.4
TEST_015366,vi,4G,Mumbai,21.85,7.55,-97.82,36.97,2026-05-11,14.411723,89.367941,67.67
TEST_015376,jio,4G,Mumbai,18.76,5.54,-102.66,37.45,2026-05-20,9.402481,69.689298,63.99
TEST_015378,airtel,5G,Mumbai,47.37,13.79,-92.35,56.46,2026-04-23,25.518437,80.25129,59.58
TEST_015384,airtel,4G,Mumbai,40.58,11.22,-97.04,41.55,2026-05-08,27.681647,92.75511,67.77
TEST_015385,vi,5G,Mumbai,56.58,19.19,-86.88,50.98,2026-04-11,12.92813,95.932546,69.08
TEST_015401,vi,4G,Mumbai,21.95,6.74,-85.66,51.97,2026-05-27,27.951863,84.77329,56.54
TEST_015403,airtel,5G,Mumbai,104.83,18.31,-94.7,58.19,2026-03-09,22.578987,70.576212,72.22
TEST_015410,jio,4G,Mumbai,29.38,7.15,-105.04,42.71,2026-05-26,22.339814,86.154321,59.88
TEST_015426,jio,5G,Mumbai,103.77,20.34,-81.94,46.67,2026-04-25,35.112576,94.340468,85.14
TEST_015433,airtel,4G,Mumbai,18.1,7.06,-84.41,46.58,2026-05-03,13.503114,95.42288,60.49
TEST_015435,vi,4G,Mumbai,11.5,5.39,-82.38,45.28,2026-05-20,10.523964,81.251473,60.27
TEST_015441,jio,4G,Mumbai,16.06,12.44,-81.25,58.62,2026-05-26,21.475819,90.009586,54.55
TEST_015442,jio,5G,Mumbai,97.25,17.52,-96.96,38.89,2026-03-26,23.263106,90.040442,85.84
TEST_015445,vi,5G,Mumbai,67.47,20.28,-85.06,58.23,2026-05-13,18.203362,90.239688,67.8
TEST_015455,vi,5G,Mumbai,64.69,13.08,-81.89,44.87,2026-05-01,9.733769,90.305583,75.46
TEST_015475,airtel,5G,Mumbai,106.9,19.86,-61.42,46.24,2026-03-25,20.29983,87.959994,92.88
TEST_015485,jio,5G,Mumbai,76.6,26.92,-94.13,97.42,2026-04-04,23.33573,69.608915,55.78
TEST_015515,vi,4G,Mumbai,22.46,4.08,-86.33,35.87,2026-03-23,9.404858,79.217819,71.95
TEST_015519,jio,5G,Mumbai,81.76,24.66,-94.89,36.69,2026-03-31,12.334118,68.168063,88.6
TEST_015525,jio,4G,Mumbai,25.67,4.25,-83.89,38.33,2026-03-17,9.77492,86.212471,70.15
TEST_015539,vi,5G,Mumbai,51.17,18.57,-85.61,37.21,2026-05-24,21.543255,73.179452,81.94
TEST_015541,jio,5G,Mumbai,76.14,22.96,-93.4,46.13,2026-05-10,25.767933,71.926241,76.6
TEST_015544,airtel,5G,Mumbai,81.29,21.94,-91.97,61.61,2026-05-11,13.519427,78.826043,67.36
TEST_015548,jio,5G,Mumbai,73.87,17.16,-91.92,46.92,2026-04-04,14.180595,78.580434,73.78
TEST_015567,vi,5G,Mumbai,34.32,22.44,-93.75,57.38,2026-03-25,10.391858,69.153215,58.8
TEST_015568,vi,5G,Mumbai,49.44,15.11,-91.9,54.66,2026-04-01,13.530059,70.166114,61.8
TEST_015571,airtel,4G,Mumbai,24.17,3.34,-108.55,37.74,2026-05-28,24.721221,82.021572,62.04
TEST_015582,airtel,4G,Mumbai,22.89,6.47,-96.56,42.8,2026-04-06,8.472169,91.271062,60.92
TEST_015587,vi,5G,Mumbai,46.55,10.99,-94.83,42.24,2026-03-07,18.934852,74.071508,69.0
TEST_015591,vi,5G,Mumbai,70.93,25.17,-110.24,97.57,2026-04-29,15.027698,74.811535,48.48
TEST_015602,vi,5G,Mumbai,10.22,20.39,-68.17,60.91,2026-04-10,32.536206,77.938734,59.26
TEST_015611,vi,4G,Mumbai,21.86,6.62,-78.66,39.34,2026-03-07,33.675905,87.391884,70.63
TEST_015619,airtel,4G,Mumbai,15.92,7.71,-96.5,36.71,2026-03-24,23.262971,72.398707,67.21
TEST_015625,jio,5G,Mumbai,86.93,23.85,-92.44,68.66,2026-04-08,11.909042,69.995808,65.92
TEST_015672,vi,5G,Mumbai,67.39,20.28,-76.2,41.86,2026-04-03,23.489827,89.510163,83.64
TEST_015679,jio,5G,Mumbai,89.31,21.31,-95.02,55.14,2026-04-05,24.980269,86.913887,71.58
TEST_015718,airtel,5G,Mumbai,57.1,19.74,-82.99,71.56,2026-05-23,28.651804,94.410022,59.78
TEST_015720,vi,5G,Mumbai,81.58,17.38,-80.78,43.61,2026-04-20,13.635307,70.298265,82.39
TEST_015723,jio,5G,Mumbai,107.03,32.84,-60.44,35.07,2026-04-22,27.315982,69.726607,111.06
TEST_015744,jio,5G,Mumbai,99.54,23.49,-88.99,45.18,2026-04-21,29.859193,86.837149,84.34
TEST_015759,vi,4G,Mumbai,13.71,8.27,-73.91,42.26,2026-05-21,19.449112,89.190796,67.65
TEST_015760,jio,4G,Mumbai,32.22,6.68,-70.37,85.52,2026-05-13,28.140819,71.505101,49.26
TEST_015762,vi,5G,Mumbai,42.42,22.6,-85.18,38.22,2026-04-14,31.443086,80.624495,80.25
TEST_015763,airtel,4G,Mumbai,14.67,8.31,-100.19,45.85,2026-05-11,18.499246,78.596106,55.58
TEST_015770,vi,5G,Mumbai,81.88,21.88,-62.54,48.76,2026-05-07,21.413945,75.633705,85.53
TEST_015787,jio,5G,Mumbai,100.61,10.61,-91.33,63.03,2026-05-29,26.055521,88.516321,67.06
TEST_015806,airtel,4G,Mumbai,14.85,9.24,-83.34,38.69,2026-05-06,15.831873,93.071553,69.27
TEST_015815,jio,5G,Mumbai,84.84,15.13,-81.76,48.13,2026-04-06,9.411536,95.923939,77.85
TEST_015824,vi,4G,Mumbai,11.28,5.9,-74.21,37.08,2026-04-29,12.436253,91.766146,72.44
TEST_015831,jio,4G,Mumbai,22.58,6.9,-80.71,47.93,2026-04-12,15.525289,93.595572,61.51
TEST_015835,vi,4G,Mumbai,20.25,5.03,-100.96,37.84,2026-03-22,20.337139,70.821419,64.18
TEST_015871,jio,5G,Mumbai,66.61,40.67,-75.37,35.83,2026-04-05,8.94205,82.429819,98.78
TEST_015873,airtel,5G,Mumbai,93.84,22.4,-91.55,45.3,2026-04-12,24.717075,90.585696,81.71
TEST_015878,airtel,4G,Mumbai,19.6,8.42,-92.89,38.67,2026-04-12,35.53157,82.123126,66.87
TEST_015881,vi,4G,Mumbai,30.22,6.2,-101.02,36.37,2026-04-16,23.109381,82.406555,68.83
TEST_015883,airtel,4G,Mumbai,30.62,1.91,-66.82,44.13,2026-03-14,35.025629,91.889244,69.56
TEST_015892,vi,5G,Mumbai,13.02,20.65,-79.7,46.97,2026-05-10,26.513822,91.189549,65.52
TEST_015912,vi,5G,Mumbai,67.03,21.42,-81.01,50.29,2026-04-06,27.802606,93.487098,74.7
TEST_015926,jio,5G,Mumbai,88.71,32.01,-102.14,43.39,2026-04-14,33.827076,83.694152,82.39
TEST_015927,vi,5G,Mumbai,48.34,11.26,-91.32,71.89,2026-03-28,13.460457,76.925912,51.85
TEST_015936,jio,5G,Mumbai,80.8,28.63,-84.78,62.72,2026-05-23,26.135652,83.581951,71.52
TEST_015939,airtel,4G,Mumbai,18.93,4.55,-77.5,36.1,2026-05-02,25.209992,82.507015,73.94
TEST_015948,airtel,5G,Mumbai,94.26,9.9,-106.13,45.95,2026-05-30,17.530457,85.027855,71.81
TEST_015962,jio,4G,Mumbai,40.39,9.94,-103.41,52.74,2026-04-28,19.83647,80.588134,55.35
TEST_015967,airtel,4G,Mumbai,33.16,4.5,-115.37,67.93,2026-04-22,13.257875,82.618194,39.58
TEST_015977,airtel,4G,Mumbai,25.12,7.41,-83.02,43.67,2026-03-14,9.629067,72.392806,65.38
TEST_016005,airtel,4G,Mumbai,23.73,3.4,-92.82,37.89,2026-03-30,23.619686,93.445784,67.01
TEST_016038,vi,4G,Mumbai,14.53,4.22,-81.34,47.45,2026-04-11,16.93769,86.606265,58.93
TEST_016041,vi,5G,Mumbai,58.88,16.46,-61.95,51.19,2026-05-29,33.193879,77.518713,76.76
TEST_016049,vi,4G,Mumbai,13.59,6.1,-100.34,71.09,2026-03-06,19.096444,77.418061,39.54
TEST_016066,jio,5G,Mumbai,50.64,14.82,-71.36,63.4,2026-04-11,26.970288,81.534802,63.93
TEST_016093,jio,5G,Mumbai,69.65,35.42,-98.59,48.02,2026-05-16,27.802019,92.02524,76.3
TEST_016094,airtel,5G,Mumbai,88.99,15.23,-75.51,65.14,2026-03-05,17.833765,81.689583,70.42
TEST_016103,airtel,4G,Mumbai,30.72,5.65,-83.1,54.66,2026-05-28,22.385237,79.707792,57.13
TEST_016108,jio,5G,Mumbai,68.69,23.06,-93.57,36.83,2026-04-20,26.880373,92.220959,85.35
TEST_016123,jio,4G,Mumbai,23.07,8.61,-88.4,38.22,2026-03-31,27.335677,95.454906,69.79
TEST_016124,airtel,5G,Mumbai,79.34,27.42,-67.15,35.25,2026-03-15,12.868017,86.265374,100.41
TEST_016125,jio,4G,Mumbai,27.24,9.75,-66.07,46.13,2026-03-07,14.256568,71.886185,70.02
TEST_016126,airtel,4G,Mumbai,25.77,5.97,-85.82,37.58,2026-05-16,27.810275,85.08903,71.14
TEST_016140,vi,4G,Mumbai,15.09,4.11,-99.39,38.42,2026-03-12,11.657708,75.532326,62.46
TEST_016141,jio,5G,Mumbai,68.5,15.05,-73.65,39.48,2026-03-18,31.982071,75.287601,85.58
TEST_016148,jio,5G,Mumbai,110.77,30.18,-72.64,53.46,2026-05-17,11.1963,84.085025,88.14
TEST_016180,airtel,4G,Mumbai,18.63,6.2,-60.56,39.95,2026-04-07,32.522929,79.703297,75.05
TEST_016191,vi,5G,Mumbai,58.43,14.22,-71.74,39.48,2026-04-22,35.142928,87.355356,83.67
TEST_016196,vi,4G,Mumbai,15.78,4.3,-73.91,35.57,2026-04-19,32.837668,74.490329,75.13
TEST_016217,airtel,5G,Mumbai,44.63,19.18,-71.95,36.05,2026-04-04,25.699984,68.012325,86.9
TEST_016231,jio,4G,Mumbai,16.95,4.69,-101.87,50.29,2026-03-04,19.36771,68.079574,50.52
TEST_016232,vi,5G,Mumbai,88.98,19.29,-87.95,64.53,2026-05-14,21.258053,81.511827,68.03
TEST_016236,vi,4G,Mumbai,23.95,7.11,-101.26,60.95,2026-03-16,21.396656,91.285617,46.45
TEST_016237,vi,5G,Mumbai,74.93,19.39,-78.05,45.73,2026-04-23,23.932074,88.96369,80.51
TEST_016246,airtel,5G,Mumbai,58.75,20.04,-99.6,35.06,2026-03-05,15.508653,73.538705,82.62
TEST_016266,airtel,5G,Mumbai,77.39,7.56,-95.11,88.21,2026-05-16,31.670412,93.33119,50.7
TEST_016277,airtel,5G,Mumbai,64.16,21.38,-72.39,63.79,2026-05-11,18.670804,69.369019,68.79
TEST_016278,jio,5G,Mumbai,68.6,24.39,-98.22,45.14,2026-05-24,13.753392,85.440214,74.74
TEST_016279,jio,5G,Mumbai,136.34,24.54,-77.33,58.88,2026-05-27,29.442153,70.918686,86.9
TEST_016295,vi,4G,Mumbai,13.44,5.03,-82.85,49.35,2026-05-10,22.449293,82.50323,56.92
TEST_016323,jio,4G,Mumbai,20.86,7.52,-82.6,36.7,2026-05-22,8.919148,75.479048,72.89
TEST_016326,jio,5G,Mumbai,73.27,37.76,-93.68,37.42,2026-03-26,8.540062,85.403626,90.85
TEST_016344,vi,5G,Mumbai,74.68,15.16,-71.56,36.06,2026-03-06,34.531341,81.481579,92.25
TEST_016345,jio,4G,Mumbai,31.9,7.84,-63.8,44.22,2026-03-20,26.023803,74.076406,72.91
TEST_016359,vi,5G,Mumbai,72.03,18.26,-71.22,43.26,2026-03-27,22.287681,68.204477,84.12
TEST_016367,vi,4G,Mumbai,22.33,6.83,-95.2,49.06,2026-03-07,35.020824,90.099863,55.67
TEST_016387,jio,4G,Mumbai,20.99,7.7,-65.86,43.3,2026-03-03,22.694032,82.408822,70.66
TEST_016389,jio,5G,Mumbai,88.78,35.12,-84.29,89.04,2026-04-16,15.033474,82.671383,66.64
TEST_016397,airtel,4G,Mumbai,11.92,6.78,-71.68,44.63,2026-05-22,10.777738,70.581494,65.05
TEST_016440,airtel,5G,Mumbai,123.93,20.13,-64.72,43.33,2026-05-16,9.250557,89.147077,98.46
TEST_016442,airtel,4G,Mumbai,28.9,8.1,-107.39,79.68,2026-04-07,21.799387,76.505229,38.37
TEST_016454,vi,5G,Mumbai,38.35,15.58,-89.12,50.0,2026-04-25,20.710506,86.125855,63.71
TEST_016515,vi,5G,Mumbai,61.43,19.21,-100.81,59.43,2026-03-01,26.353841,82.678597,60.15
TEST_016521,vi,5G,Mumbai,63.1,17.2,-93.16,45.44,2026-04-02,12.291444,69.198007,72.31
TEST_016529,airtel,4G,Mumbai,23.26,5.33,-74.49,44.86,2026-05-13,14.844653,95.804597,65.9
TEST_016543,jio,4G,Mumbai,15.73,3.39,-98.81,43.98,2026-05-02,14.782658,69.262646,56.26
TEST_016547,jio,4G,Mumbai,25.36,5.17,-88.48,37.61,2026-03-23,28.395667,82.419181,69.83
TEST_016572,vi,5G,Mumbai,40.09,19.56,-84.38,47.17,2026-05-19,26.869299,94.030985,69.42
TEST_016580,jio,4G,Mumbai,30.22,9.0,-79.95,36.45,2026-03-27,28.856964,87.528055,76.75
TEST_016587,vi,4G,Mumbai,15.5,6.18,-63.62,41.91,2026-03-20,28.689033,90.38163,71.1
TEST_016649,vi,5G,Mumbai,57.78,14.91,-83.98,47.51,2026-04-17,22.454332,81.138335,71.52
TEST_016662,vi,4G,Mumbai,12.98,6.04,-97.35,38.02,2026-05-12,29.118613,71.820223,63.89
TEST_016664,jio,5G,Mumbai,54.53,18.38,-87.34,95.33,2026-04-10,17.821086,76.418208,50.47
TEST_016681,jio,4G,Mumbai,30.05,11.11,-76.23,46.24,2026-03-08,11.155297,87.109154,67.65
TEST_016694,vi,4G,Mumbai,17.27,7.03,-84.32,62.08,2026-04-25,22.362245,84.419346,50.0
TEST_016695,jio,5G,Mumbai,89.53,15.77,-90.06,35.78,2026-03-25,34.958386,83.832747,90.02
TEST_016703,vi,4G,Mumbai,21.75,6.84,-90.61,38.49,2026-03-09,22.137977,79.237153,67.77
TEST_016713,jio,5G,Mumbai,138.54,11.72,-85.78,37.24,2026-03-23,29.666946,94.430418,98.82
TEST_016715,airtel,5G,Mumbai,83.82,20.06,-89.67,35.14,2026-03-24,22.354963,86.827933,91.4
TEST_016721,airtel,5G,Mumbai,93.29,14.27,-103.97,35.36,2026-05-16,22.77702,87.171261,86.31
TEST_016724,vi,4G,Mumbai,16.84,6.97,-88.04,49.84,2026-05-21,22.575373,74.397012,56.27
TEST_016727,airtel,4G,Mumbai,25.85,6.7,-84.14,49.24,2026-03-18,26.057787,83.857287,59.95
TEST_016743,vi,5G,Mumbai,70.01,20.05,-92.7,56.37,2026-04-23,17.842807,71.673126,66.83
TEST_016746,jio,5G,Mumbai,112.29,14.9,-60.0,49.72,2026-04-18,17.65242,69.961758,89.85
TEST_016749,airtel,5G,Mumbai,41.71,27.59,-85.9,75.42,2026-04-01,13.000636,78.138811,56.84
TEST_016750,vi,5G,Mumbai,87.63,19.43,-84.9,54.78,2026-05-06,8.761398,86.711301,74.13
TEST_016761,airtel,5G,Mumbai,49.04,24.75,-90.49,74.57,2026-03-11,14.691902,85.47238,56.21
TEST_016768,airtel,4G,Mumbai,10.18,5.32,-86.67,35.59,2026-03-11,32.616716,83.275274,69.97
TEST_016770,vi,5G,Mumbai,32.91,15.64,-91.9,69.37,2026-04-14,25.349276,74.276496,50.79
TEST_016790,airtel,5G,Mumbai,70.96,27.06,-91.64,40.2,2026-04-12,20.955951,69.505968,83.62
TEST_016796,vi,4G,Mumbai,15.48,3.37,-79.0,41.93,2026-03-05,13.050718,90.519216,64.93
TEST_016807,airtel,5G,Mumbai,75.9,22.1,-89.15,57.42,2026-04-09,22.363365,76.741693,69.45
TEST_016809,vi,4G,Mumbai,15.46,5.3,-76.22,48.1,2026-04-03,9.607744,84.57857,60.69
TEST_016817,airtel,5G,Mumbai,107.02,23.06,-117.59,38.77,2026-03-10,10.752243,80.52874,83.3
TEST_016820,jio,4G,Mumbai,27.3,9.05,-72.12,64.69,2026-03-18,9.381793,84.201127,55.77
TEST_016830,vi,4G,Mumbai,20.7,3.76,-73.36,35.46,2026-05-13,31.52025,78.926138,76.38
TEST_016839,vi,5G,Mumbai,53.38,16.09,-81.62,38.15,2026-03-12,17.436873,78.754371,81.61
TEST_016845,jio,5G,Mumbai,76.85,25.65,-111.07,55.38,2026-05-23,29.201692,73.268752,64.88
TEST_016846,airtel,5G,Mumbai,84.1,12.27,-81.36,43.93,2026-03-22,18.576841,81.689299,80.58
TEST_016858,vi,4G,Mumbai,13.01,4.25,-78.96,40.58,2026-05-20,34.934977,81.803821,66.22
TEST_016876,vi,5G,Mumbai,49.31,11.13,-80.96,46.67,2026-04-13,11.790024,83.454878,69.99
TEST_016895,jio,4G,Mumbai,25.49,7.39,-91.52,40.31,2026-05-12,33.203456,69.455252,66.27
TEST_016905,airtel,5G,Mumbai,73.8,3.84,-71.54,38.88,2026-03-31,34.617163,81.534056,84.14
TEST_016907,vi,4G,Mumbai,14.3,4.08,-86.69,39.85,2026-04-25,12.683893,92.829666,64.73
TEST_016912,jio,4G,Mumbai,25.15,9.72,-102.47,49.57,2026-04-24,18.073762,82.385998,54.52
TEST_016918,vi,5G,Mumbai,72.89,17.46,-94.03,45.67,2026-04-01,10.716714,85.429832,74.08
TEST_016924,vi,5G,Mumbai,61.25,17.49,-92.19,79.34,2026-05-18,14.262773,92.974052,54.16
TEST_016930,vi,5G,Mumbai,62.62,13.85,-79.97,80.88,2026-04-30,13.452279,82.02886,56.75
TEST_016934,airtel,4G,Mumbai,31.77,7.38,-82.25,58.15,2026-04-21,29.147574,79.529874,56.15
TEST_016936,vi,4G,Mumbai,28.57,5.18,-104.61,38.1,2026-03-04,14.879402,76.664339,64.53
TEST_016937,vi,4G,Mumbai,13.8,6.1,-80.59,37.05,2026-05-20,28.473909,92.567539,70.99
TEST_016947,airtel,5G,Mumbai,81.81,9.07,-76.34,39.04,2026-05-13,18.147922,89.470266,86.02
TEST_016958,vi,5G,Mumbai,79.03,21.85,-81.98,40.41,2026-05-20,31.659001,72.926054,86.51
TEST_016964,jio,5G,Mumbai,80.68,27.42,-74.74,46.56,2026-05-26,17.756518,88.441212,85.06
TEST_017016,airtel,5G,Mumbai,92.39,14.94,-94.76,81.08,2026-04-01,21.871874,74.98542,58.78
TEST_017024,airtel,5G,Mumbai,65.93,17.06,-86.04,45.73,2026-05-16,29.435273,90.723203,75.0
TEST_017036,airtel,4G,Mumbai,22.17,3.92,-78.45,50.33,2026-05-27,28.940683,70.241238,59.17
TEST_017054,jio,5G,Mumbai,86.31,33.18,-117.67,54.03,2026-05-09,16.339674,88.428542,68.39
TEST_017058,vi,5G,Mumbai,54.13,9.06,-77.85,45.24,2026-04-03,20.906943,94.535677,72.65
TEST_017070,vi,4G,Mumbai,15.52,8.27,-88.63,35.8,2026-04-19,9.265321,92.671503,71.26
TEST_017077,vi,4G,Mumbai,19.07,2.35,-92.94,47.68,2026-05-06,30.879759,74.590207,55.21
TEST_017082,airtel,5G,Mumbai,36.58,26.03,-95.12,37.1,2026-03-18,17.54286,79.997025,78.38
TEST_017098,airtel,5G,Mumbai,83.01,20.81,-98.57,35.36,2026-05-12,29.554772,94.664237,88.19
TEST_017112,airtel,4G,Mumbai,31.01,6.46,-83.03,45.54,2026-05-01,34.39748,71.990713,64.55
TEST_017117,jio,5G,Mumbai,107.97,20.12,-77.66,36.61,2026-05-04,14.98988,72.55092,98.64
TEST_017128,airtel,5G,Mumbai,42.78,29.09,-70.52,47.7,2026-04-19,29.638613,80.094034,77.65
TEST_017139,jio,4G,Mumbai,24.75,4.29,-72.58,35.36,2026-04-09,10.683484,72.749105,77.88
TEST_017140,jio,5G,Mumbai,103.57,24.5,-95.24,44.47,2026-04-09,13.066911,85.892566,84.2
TEST_017147,jio,4G,Mumbai,31.84,6.87,-64.23,54.64,2026-03-30,28.813238,95.86008,64.12
TEST_017150,airtel,4G,Mumbai,30.33,5.16,-74.15,53.41,2026-05-07,8.755032,77.622356,60.67
TEST_017165,airtel,5G,Mumbai,63.64,18.93,-72.8,35.17,2026-05-04,24.229437,77.60745,92.07
TEST_017172,vi,5G,Mumbai,58.65,12.02,-96.74,89.94,2026-03-11,20.765391,94.618592,47.17
TEST_017174,jio,5G,Mumbai,60.88,26.06,-101.85,41.08,2026-05-21,32.815856,84.209991,76.6
TEST_017177,airtel,4G,Mumbai,24.14,7.67,-86.38,43.13,2026-05-05,14.801845,80.716116,64.69
TEST_017189,jio,5G,Mumbai,61.47,40.57,-77.65,49.92,2026-05-11,31.203914,80.128731,81.81
TEST_017191,airtel,4G,Mumbai,21.74,5.84,-80.14,45.35,2026-04-22,11.620635,69.97791,63.4
TEST_017196,vi,5G,Mumbai,44.5,23.41,-90.54,63.12,2026-03-31,32.612844,93.696823,59.42
TEST_017215,vi,5G,Mumbai,55.13,21.0,-79.05,35.48,2026-03-11,35.84375,89.241452,88.38
TEST_017220,airtel,4G,Mumbai,29.86,6.57,-74.27,87.91,2026-05-17,29.465043,78.308472,46.77
TEST_017221,airtel,4G,Mumbai,30.43,10.44,-79.47,63.42,2026-05-05,31.536589,94.098692,55.12
TEST_017242,vi,5G,Mumbai,33.74,18.69,-76.73,42.51,2026-05-08,21.131547,68.337483,74.69
TEST_017250,vi,4G,Mumbai,19.04,6.75,-68.92,58.61,2026-04-23,17.503891,72.218073,57.27
TEST_017258,airtel,4G,Mumbai,18.53,4.51,-96.33,44.97,2026-03-03,19.785956,68.189208,57.16
TEST_017280,vi,5G,Mumbai,68.78,15.15,-99.83,50.76,2026-04-27,30.493329,84.099015,66.18
TEST_017289,airtel,4G,Mumbai,24.1,6.59,-81.19,36.02,2026-05-25,28.948995,78.697375,74.72
TEST_017293,jio,4G,Mumbai,19.44,8.05,-98.54,35.37,2026-03-09,30.285202,88.830066,69.4
TEST_017335,jio,4G,Mumbai,20.4,8.62,-84.66,43.23,2026-05-16,34.108602,78.946592,64.67
TEST_017341,vi,5G,Mumbai,64.28,15.92,-79.97,44.5,2026-03-26,15.839673,81.081601,77.4
TEST_017361,vi,5G,Mumbai,33.46,14.28,-91.21,89.94,2026-03-06,16.489428,85.639362,44.22
TEST_017382,vi,5G,Mumbai,40.21,22.5,-87.58,35.12,2026-04-06,31.160489,70.037885,83.3
TEST_017396,vi,5G,Mumbai,68.47,8.97,-83.15,36.32,2026-03-08,27.62384,88.281027,84.38
TEST_017406,vi,4G,Mumbai,16.05,4.8,-79.24,53.58,2026-05-30,15.429585,90.88688,55.55
TEST_017423,vi,5G,Mumbai,58.28,15.55,-74.19,50.94,2026-05-18,30.616049,68.961468,72.4
TEST_017424,jio,4G,Mumbai,14.1,10.63,-77.59,74.01,2026-04-05,25.668241,92.595262,47.8
TEST_017437,airtel,4G,Mumbai,19.71,3.37,-81.3,41.74,2026-04-05,15.416934,87.748815,65.31
TEST_017444,vi,4G,Mumbai,24.19,4.77,-81.6,65.33,2026-04-24,12.537068,90.502654,50.07
TEST_017452,jio,5G,Mumbai,105.65,40.22,-66.62,40.21,2026-04-24,12.018991,75.717082,104.46
TEST_017464,jio,4G,Mumbai,16.52,11.72,-107.65,112.97,2026-04-23,14.570904,77.728038,29.6
TEST_017465,jio,5G,Mumbai,69.91,33.85,-81.34,43.73,2026-05-22,32.040117,77.967622,85.46
TEST_017500,jio,5G,Mumbai,81.96,20.15,-104.7,40.73,2026-04-08,17.049478,95.277345,78.6
TEST_017505,jio,5G,Mumbai,73.77,18.69,-89.53,53.25,2026-04-27,31.025252,94.372403,70.24
TEST_017534,airtel,4G,Mumbai,16.61,6.71,-82.75,49.26,2026-05-03,26.864585,85.231933,58.34
TEST_017546,airtel,4G,Mumbai,34.66,5.25,-90.67,46.39,2026-04-16,22.021546,81.347055,61.61
TEST_017562,vi,4G,Mumbai,10.83,6.11,-82.04,43.86,2026-05-22,35.669072,82.036891,61.87
TEST_017573,vi,4G,Mumbai,23.15,5.49,-74.12,50.22,2026-04-16,23.746632,75.750558,61.49
TEST_017592,vi,5G,Mumbai,62.24,14.91,-84.66,84.33,2026-03-09,18.639745,95.282935,54.49
TEST_017600,airtel,4G,Mumbai,30.55,6.53,-86.53,45.06,2026-05-24,31.399024,68.699746,63.75
TEST_017605,vi,4G,Mumbai,17.96,4.89,-99.13,46.4,2026-05-14,20.826282,88.165434,54.93
TEST_017611,vi,5G,Mumbai,58.46,19.64,-78.75,49.9,2026-04-05,15.779958,70.734494,73.19
TEST_017619,airtel,5G,Mumbai,69.78,19.02,-91.53,54.85,2026-05-30,31.244273,73.214006,67.75
TEST_017623,vi,5G,Mumbai,47.51,21.1,-90.22,40.5,2026-03-16,12.491118,72.942337,76.36
TEST_017628,jio,4G,Mumbai,16.13,10.04,-68.4,54.54,2026-03-27,19.257835,82.067037,60.45
TEST_017638,airtel,5G,Mumbai,79.9,10.36,-80.08,79.67,2026-03-28,8.312239,69.328166,59.66
TEST_017643,airtel,5G,Mumbai,45.09,26.61,-110.37,36.41,2026-04-08,29.614596,85.845932,76.37
TEST_017664,airtel,4G,Mumbai,23.64,5.87,-79.45,45.48,2026-04-27,23.291385,93.139811,63.94
TEST_017674,vi,5G,Mumbai,67.16,15.68,-100.64,46.38,2026-04-28,31.014375,81.247419,69.32
TEST_017680,airtel,4G,Mumbai,28.54,5.9,-102.36,86.16,2026-04-19,26.495823,88.458175,37.33
TEST_017709,jio,5G,Mumbai,74.76,26.16,-66.71,38.7,2026-03-17,21.400035,71.08788,94.29
TEST_017727,vi,5G,Mumbai,52.13,10.37,-80.41,41.24,2026-04-19,13.426111,80.079354,75.92
TEST_017737,vi,5G,Mumbai,58.61,19.23,-83.77,63.19,2026-05-01,9.553057,80.252018,63.27
TEST_017752,jio,5G,Mumbai,103.93,32.75,-78.17,41.03,2026-03-02,10.87728,71.924474,96.56
TEST_017754,vi,5G,Mumbai,73.91,22.98,-71.64,41.27,2026-05-20,35.710337,92.246889,88.24
TEST_017767,jio,5G,Mumbai,115.63,31.57,-77.73,64.79,2026-03-06,25.620841,71.670782,81.7
TEST_017780,vi,5G,Mumbai,58.99,18.03,-60.06,52.02,2026-05-08,14.230231,76.585696,77.39
TEST_017783,jio,5G,Mumbai,87.4,20.36,-84.12,75.1,2026-03-08,23.447039,83.112644,65.1
TEST_017807,jio,4G,Mumbai,12.0,8.19,-66.57,68.83,2026-04-10,17.007278,83.488246,52.1
TEST_017809,vi,4G,Mumbai,19.29,4.59,-89.24,36.15,2026-03-07,33.671734,90.638941,70.05
TEST_017855,airtel,4G,Mumbai,28.94,8.99,-82.78,50.69,2026-05-25,22.431702,75.29217,60.81
TEST_017860,jio,4G,Mumbai,33.33,6.82,-97.44,57.23,2026-04-29,25.366599,86.95212,51.77
TEST_017873,vi,5G,Mumbai,67.71,15.47,-85.01,49.76,2026-05-06,22.742264,83.873429,71.76
TEST_017876,jio,4G,Mumbai,16.28,6.48,-76.9,90.94,2026-03-20,21.708405,73.278998,42.1
TEST_017907,jio,5G,Mumbai,101.72,26.06,-83.79,39.99,2026-03-04,10.365227,80.071676,92.98
TEST_017908,airtel,5G,Mumbai,71.96,17.25,-89.76,36.11,2026-04-04,13.571861,84.315438,86.26
TEST_017934,vi,4G,Mumbai,22.55,5.18,-92.33,57.49,2026-04-25,27.287441,79.02315,50.32
TEST_017954,jio,5G,Mumbai,82.39,24.11,-99.42,39.28,2026-04-04,14.703615,85.889117,83.62
TEST_018000,jio,4G,Mumbai,12.41,7.97,-88.28,37.36,2026-03-26,25.507271,85.20202,68.37
TEST_018032,jio,4G,Mumbai,27.02,3.84,-106.14,64.93,2026-03-17,8.880914,79.087514,42.37
TEST_018055,jio,4G,Mumbai,18.0,5.17,-82.78,38.61,2026-03-30,12.818961,79.316017,68.78
TEST_018056,jio,4G,Mumbai,12.06,5.08,-77.96,39.93,2026-04-20,34.108454,71.907875,67.41
TEST_018058,vi,4G,Mumbai,10.06,8.03,-101.88,36.43,2026-05-26,18.00876,77.180932,64.63
TEST_018059,airtel,5G,Mumbai,99.24,29.54,-85.56,70.98,2026-03-13,30.063526,74.960621,72.09
TEST_018060,vi,5G,Mumbai,93.27,20.19,-70.42,36.63,2026-05-05,27.764981,88.776529,97.78
TEST_018061,vi,4G,Mumbai,20.34,3.34,-92.07,35.1,2026-03-15,27.212,80.516323,70.45
TEST_018063,airtel,4G,Mumbai,19.41,3.23,-77.31,45.86,2026-04-28,33.489914,83.272098,62.41
TEST_018064,vi,4G,Mumbai,18.26,5.83,-86.52,36.49,2026-05-22,22.219784,78.149219,70.69
TEST_018079,airtel,4G,Mumbai,15.14,4.23,-102.65,54.11,2026-03-12,10.277431,87.330025,46.98
TEST_018080,jio,4G,Mumbai,28.27,5.54,-90.94,38.16,2026-03-10,30.172333,77.957093,69.07
TEST_018081,jio,4G,Mumbai,26.42,11.0,-86.5,54.77,2026-04-30,25.69807,83.974397,56.91
TEST_018085,airtel,5G,Mumbai,80.84,26.09,-91.67,56.14,2026-05-09,8.260285,86.549395,71.92
TEST_018092,airtel,5G,Mumbai,60.07,17.08,-75.16,41.58,2026-04-20,10.416215,83.512008,81.5
TEST_018094,vi,5G,Mumbai,74.76,29.55,-84.94,41.73,2026-03-27,32.240651,85.723386,85.87
TEST_018103,jio,4G,Mumbai,24.09,7.87,-86.16,76.47,2026-04-30,31.830567,73.624023,45.32
TEST_018106,airtel,4G,Mumbai,22.98,7.42,-67.91,36.5,2026-05-20,33.30892,69.361452,78.51
TEST_018129,vi,5G,Mumbai,40.11,22.65,-82.7,59.49,2026-05-26,26.864148,78.65562,62.65
TEST_018132,jio,4G,Mumbai,42.01,3.6,-96.33,41.34,2026-03-31,35.65827,74.948374,65.79
TEST_018133,airtel,5G,Mumbai,68.03,18.58,-72.82,48.46,2026-05-01,19.469304,81.955273,78.06
TEST_018145,airtel,5G,Mumbai,15.73,16.56,-72.53,43.24,2026-05-29,23.083447,83.154499,70.54
TEST_018148,airtel,5G,Mumbai,99.0,18.77,-91.86,51.17,2026-05-29,23.355695,87.259515,76.58
TEST_018164,jio,5G,Mumbai,126.2,16.4,-89.19,56.34,2026-05-30,30.226159,89.456874,79.22
TEST_018180,airtel,4G,Mumbai,19.86,6.2,-89.85,38.95,2026-05-27,35.541051,86.636798,66.79
TEST_018187,airtel,4G,Mumbai,38.03,10.26,-92.78,49.31,2026-03-25,16.373679,71.365001,61.02
TEST_018194,vi,4G,Mumbai,25.37,6.57,-80.76,36.41,2026-04-08,33.077738,70.111193,74.58
TEST_018225,airtel,5G,Mumbai,70.46,20.2,-70.98,43.28,2026-05-13,27.730555,73.350059,84.53
TEST_018226,vi,4G,Mumbai,15.36,6.99,-78.6,51.03,2026-03-17,28.551281,72.350646,58.2
TEST_018232,airtel,4G,Mumbai,12.34,8.69,-92.0,38.6,2026-05-11,35.429329,70.62762,65.74
TEST_018235,jio,4G,Mumbai,32.5,6.14,-83.76,38.3,2026-03-16,29.691942,68.146375,72.44
TEST_018246,vi,5G,Mumbai,42.59,9.48,-99.65,48.86,2026-05-20,28.365797,80.811179,59.82
TEST_018253,jio,5G,Mumbai,93.05,36.42,-68.96,39.26,2026-04-29,22.846277,88.149375,100.63
TEST_018256,vi,5G,Mumbai,59.55,23.94,-80.0,35.42,2026-05-07,35.816735,80.727537,90.2
TEST_018265,vi,5G,Mumbai,46.29,13.16,-63.53,42.05,2026-03-09,27.761794,74.735812,80.37
TEST_018266,vi,4G,Mumbai,7.05,8.2,-63.14,49.12,2026-03-11,17.979399,88.182356,63.4
TEST_018269,vi,5G,Mumbai,32.01,12.17,-96.77,54.46,2026-03-21,35.838505,80.123282,55.35
TEST_018273,vi,4G,Mumbai,24.99,9.46,-104.75,51.27,2026-03-30,16.734091,80.819945,52.35
TEST_018274,airtel,5G,Mumbai,82.35,17.58,-69.37,38.88,2026-03-18,26.605282,69.407425,91.75
TEST_018289,vi,4G,Mumbai,11.36,5.29,-82.94,54.4,2026-05-15,19.32718,71.17725,52.9
TEST_018304,vi,5G,Mumbai,42.56,14.63,-92.35,39.25,2026-04-22,25.694801,92.245764,73.7
TEST_018312,airtel,4G,Mumbai,13.35,6.66,-75.08,63.52,2026-04-11,17.408876,82.677202,51.36
TEST_018313,jio,4G,Mumbai,19.34,10.55,-82.18,64.16,2026-05-29,29.97767,79.566229,51.44
TEST_018316,vi,5G,Mumbai,92.04,24.77,-88.4,38.64,2026-05-15,12.148633,76.799281,90.48
TEST_018319,jio,4G,Mumbai,27.63,10.45,-71.38,35.4,2026-05-14,9.873016,89.615442,81.1
TEST_018321,vi,5G,Mumbai,65.75,17.14,-60.0,64.64,2026-04-29,33.053106,72.743538,71.34
TEST_018324,airtel,4G,Mumbai,20.97,1.78,-91.34,65.99,2026-03-04,14.165587,79.294176,44.73
TEST_018327,jio,5G,Mumbai,104.37,25.34,-77.75,42.59,2026-05-25,15.070616,83.74309,92.41
TEST_018328,jio,5G,Mumbai,74.05,26.58,-96.61,52.1,2026-05-21,31.691417,71.448797,71.6
TEST_018352,vi,5G,Mumbai,41.44,18.2,-61.95,40.26,2026-03-21,24.892623,73.034284,83.66
TEST_018411,airtel,4G,Mumbai,17.26,6.61,-91.52,38.54,2026-05-02,14.142265,76.679686,66.32
TEST_018423,jio,4G,Mumbai,15.09,10.32,-85.45,106.68,2026-05-17,29.65904,88.29543,37.2
TEST_018429,vi,4G,Mumbai,19.82,4.03,-89.74,56.4,2026-04-18,12.977208,81.225065,50.81
TEST_018430,jio,4G,Mumbai,32.88,6.63,-71.72,46.75,2026-04-28,9.954324,74.592375,67.71
TEST_018433,jio,5G,Mumbai,52.28,31.91,-85.69,45.4,2026-05-06,8.5106,74.943783,77.77
TEST_018434,vi,5G,Mumbai,59.61,17.37,-78.1,41.82,2026-04-18,28.148243,77.907605,80.26
TEST_018435,vi,5G,Mumbai,7.58,13.43,-84.46,44.21,2026-03-22,28.061811,73.75083,62.65
TEST_018437,vi,4G,Mumbai,16.08,3.02,-76.42,44.9,2026-04-03,35.161086,73.699373,62.78
TEST_018443,jio,4G,Mumbai,23.46,1.74,-72.64,45.02,2026-03-30,16.754532,81.175078,65.1
TEST_018448,airtel,4G,Mumbai,14.49,6.53,-85.91,36.46,2026-03-24,32.550717,95.141985,70.35
TEST_018466,vi,4G,Mumbai,15.53,4.98,-65.87,36.7,2026-05-30,32.709749,78.25985,76.36
TEST_018496,airtel,4G,Mumbai,23.68,6.92,-85.82,47.05,2026-03-30,12.923193,68.307328,60.8
TEST_018504,jio,5G,Mumbai,67.07,24.3,-90.19,52.06,2026-03-19,8.916693,70.439412,71.39
TEST_018527,airtel,4G,Mumbai,14.72,9.71,-91.03,42.74,2026-03-15,12.804919,84.847551,62.18
TEST_018532,vi,4G,Mumbai,15.8,5.31,-92.97,37.0,2026-04-15,12.081524,74.577678,67.09
TEST_018539,vi,5G,Mumbai,52.47,21.33,-66.1,67.81,2026-05-05,8.231597,92.818853,66.46
TEST_018549,vi,4G,Mumbai,17.28,8.5,-70.98,40.24,2026-03-12,28.246257,90.153149,71.77
TEST_018563,airtel,5G,Mumbai,87.49,13.68,-77.09,55.68,2026-05-08,19.739128,71.025843,74.04
TEST_018568,jio,4G,Mumbai,29.78,7.8,-96.16,44.32,2026-04-01,35.002216,80.626483,61.54
TEST_018574,airtel,5G,Mumbai,59.6,23.35,-91.86,35.71,2026-05-29,10.191984,73.558766,85.61
TEST_018608,airtel,5G,Mumbai,108.16,25.12,-90.77,35.78,2026-05-27,27.879313,79.91311,97.33
TEST_018622,jio,5G,Mumbai,67.85,26.68,-87.88,55.09,2026-03-06,31.87836,68.043983,71.16
TEST_018623,vi,5G,Mumbai,63.82,17.57,-85.15,43.58,2026-03-29,22.368918,75.275198,77.07
TEST_018626,vi,4G,Mumbai,25.67,4.23,-75.73,49.44,2026-05-27,23.212579,84.851706,61.66
TEST_018629,airtel,5G,Mumbai,64.95,19.89,-88.23,38.31,2026-05-01,27.149278,70.967374,83.15
TEST_018631,airtel,5G,Mumbai,62.45,22.1,-79.04,39.24,2026-03-22,12.259147,68.431296,85.29
TEST_018633,jio,4G,Mumbai,17.13,9.76,-95.53,75.93,2026-03-09,20.948216,71.040901,41.51
TEST_018643,vi,4G,Mumbai,35.64,8.89,-115.97,51.1,2026-05-03,23.343233,72.352148,50.9
TEST_018649,jio,4G,Mumbai,9.1,8.64,-89.84,69.73,2026-04-06,26.600249,89.623154,43.49
TEST_018656,jio,5G,Mumbai,90.34,22.86,-107.15,46.81,2026-05-30,29.254785,90.43215,74.54
TEST_018678,airtel,4G,Mumbai,18.35,6.75,-69.31,35.81,2026-04-02,29.953138,86.011361,77.77
TEST_018695,jio,5G,Mumbai,81.91,28.42,-101.91,54.15,2026-05-19,23.225845,89.217367,70.85
TEST_018696,jio,4G,Mumbai,16.65,6.16,-79.38,56.12,2026-04-13,25.576955,80.376878,54.5
TEST_018717,airtel,4G,Mumbai,23.71,7.07,-89.69,51.38,2026-05-25,16.401295,81.496493,56.13
TEST_018718,jio,4G,Mumbai,39.05,11.5,-65.47,35.66,2026-04-21,14.551365,77.804693,85.6
TEST_018723,airtel,4G,Mumbai,18.33,7.67,-70.85,44.51,2026-05-08,30.565813,94.859696,67.2
TEST_018727,airtel,5G,Mumbai,58.22,29.37,-64.0,58.27,2026-03-06,9.228669,77.366008,76.04
TEST_018729,vi,5G,Mumbai,51.29,22.49,-98.65,44.05,2026-04-18,12.827152,83.934229,71.1
TEST_018741,vi,5G,Mumbai,35.07,18.11,-100.18,41.98,2026-03-31,32.112331,83.074771,67.52
TEST_018744,vi,5G,Mumbai,66.4,12.84,-87.08,39.0,2026-04-16,13.225504,93.699925,80.42
TEST_018751,airtel,5G,Mumbai,78.32,22.43,-71.41,49.57,2026-04-22,20.235899,84.911385,81.33
TEST_018760,jio,5G,Mumbai,92.8,28.88,-71.58,36.62,2026-03-21,27.756025,85.848265,100.46
TEST_018762,airtel,5G,Mumbai,54.4,29.13,-72.67,51.46,2026-03-08,28.416965,91.113226,76.59
TEST_018770,vi,4G,Mumbai,16.38,2.05,-78.5,45.91,2026-03-10,27.841157,95.459509,60.86
TEST_018772,vi,4G,Mumbai,23.23,8.35,-108.53,89.55,2026-04-22,25.460965,70.563818,34.12
TEST_018786,vi,4G,Mumbai,22.88,9.34,-85.02,47.09,2026-05-19,18.371082,76.136141,61.73
TEST_018794,vi,4G,Mumbai,18.18,5.47,-108.07,54.77,2026-04-18,26.617713,70.961022,45.87
TEST_018809,airtel,4G,Mumbai,14.17,6.24,-69.3,47.14,2026-05-06,9.514353,74.652372,63.87
TEST_018819,vi,4G,Mumbai,12.95,4.07,-91.9,48.6,2026-04-04,11.127062,93.563949,54.05
TEST_018831,vi,5G,Mumbai,55.52,21.97,-100.13,41.07,2026-04-26,31.884288,87.400128,74.5
TEST_018848,vi,4G,Mumbai,5.65,7.89,-72.54,38.07,2026-04-17,14.986467,95.826432,71.13
TEST_018856,airtel,4G,Mumbai,28.14,8.9,-87.11,49.98,2026-04-17,15.530252,95.061288,59.69
TEST_018871,vi,4G,Mumbai,18.41,3.39,-83.82,62.94,2026-04-05,22.473292,82.688166,48.67
TEST_018888,vi,4G,Mumbai,12.99,4.98,-75.01,40.54,2026-03-21,35.393023,73.053634,67.84
TEST_018908,vi,4G,Mumbai,25.33,5.41,-99.61,62.47,2026-05-13,35.033448,75.029703,45.91
TEST_018916,jio,4G,Mumbai,26.25,8.93,-92.12,39.64,2026-04-02,35.147546,89.2403,67.59
TEST_018921,jio,5G,Mumbai,52.37,16.54,-70.55,36.15,2026-05-16,12.562364,90.250717,87.99
TEST_018932,jio,5G,Mumbai,97.91,22.06,-88.98,56.25,2026-03-15,9.270596,85.72641,75.09
TEST_018936,airtel,5G,Mumbai,79.85,24.44,-84.57,53.67,2026-05-20,21.947812,84.611727,75.05
TEST_018952,airtel,4G,Mumbai,27.12,4.24,-77.69,88.48,2026-04-25,35.279173,89.055967,44.03
TEST_018961,vi,5G,Mumbai,42.26,17.14,-105.62,65.41,2026-03-20,28.913428,92.645706,50.54
TEST_018974,airtel,5G,Mumbai,55.75,29.89,-91.73,42.11,2026-03-25,18.267714,75.516252,79.08
TEST_018989,vi,5G,Mumbai,57.41,13.0,-99.2,42.71,2026-03-16,20.66223,82.580019,70.2
TEST_018991,airtel,5G,Mumbai,55.81,16.91,-96.99,57.41,2026-05-28,12.404604,82.370892,60.48
TEST_018999,airtel,5G,Mumbai,105.54,23.69,-74.23,50.65,2026-05-12,27.329983,87.614957,86.09
TEST_019011,vi,4G,Mumbai,21.14,7.21,-91.29,54.15,2026-03-08,8.404339,90.145675,53.16
TEST_019015,jio,5G,Mumbai,120.59,17.59,-73.83,64.71,2026-05-23,31.285272,95.143831,79.07
TEST_019022,jio,5G,Mumbai,142.04,28.15,-79.42,51.02,2026-03-05,19.590763,89.042867,93.83
TEST_019033,jio,4G,Mumbai,17.55,8.5,-76.06,46.7,2026-05-12,23.411355,79.254924,63.57
TEST_019072,vi,4G,Mumbai,13.28,5.42,-79.77,36.38,2026-04-14,27.85754,72.716515,71.84
TEST_019083,vi,4G,Mumbai,26.02,6.86,-99.1,68.36,2026-05-03,18.276517,72.105763,44.09
TEST_019089,jio,4G,Mumbai,28.68,5.85,-89.69,48.43,2026-04-16,12.127836,81.830337,59.08
TEST_019094,vi,5G,Mumbai,64.19,15.39,-85.23,51.11,2026-04-14,19.067752,78.61368,69.85
TEST_019102,airtel,4G,Mumbai,12.27,5.93,-68.38,46.67,2026-05-23,8.853145,85.710062,64.05
TEST_019111,vi,4G,Mumbai,15.41,7.64,-89.84,39.43,2026-04-10,30.892462,84.865124,65.73
TEST_019121,jio,4G,Mumbai,11.56,4.98,-85.26,40.21,2026-04-13,8.622483,82.056367,64.49
TEST_019122,jio,5G,Mumbai,105.84,20.82,-69.89,67.12,2026-04-20,10.347339,88.174078,77.2
TEST_019128,vi,5G,Mumbai,40.91,13.54,-99.76,44.42,2026-04-20,17.650991,87.016074,64.81
TEST_019140,jio,5G,Mumbai,68.83,22.05,-90.82,43.07,2026-04-09,35.470722,83.84257,78.44
TEST_019150,vi,4G,Mumbai,14.67,6.78,-82.47,52.29,2026-03-13,20.872462,93.299889,55.77
TEST_019156,airtel,5G,Mumbai,20.65,12.9,-99.28,47.09,2026-03-08,29.858348,70.429851,57.78
TEST_019157,jio,5G,Mumbai,62.65,27.4,-99.22,47.36,2026-04-01,35.25402,84.710988,72.18
TEST_019166,jio,4G,Mumbai,26.54,5.85,-71.97,44.98,2026-04-05,22.677953,69.817757,67.54
TEST_019167,jio,4G,Mumbai,29.82,5.7,-98.87,36.45,2026-04-18,30.927333,82.868816,69.16
TEST_019179,vi,4G,Mumbai,19.18,6.08,-85.27,38.41,2026-03-17,20.282884,76.746809,68.8
TEST_019182,vi,5G,Mumbai,47.94,19.67,-73.13,48.17,2026-04-24,11.756201,91.207809,74.12
TEST_019189,vi,5G,Mumbai,72.44,17.55,-80.62,57.17,2026-03-13,10.04924,89.093309,70.01
TEST_019200,jio,4G,Mumbai,29.5,5.96,-88.51,57.59,2026-03-19,11.913673,83.645008,53.37
TEST_019219,jio,4G,Mumbai,24.66,9.95,-74.11,67.27,2026-04-25,16.298851,82.681189,53.7
TEST_019225,airtel,5G,Mumbai,86.58,36.13,-80.44,54.21,2026-04-07,9.158015,88.205564,81.81
TEST_019239,jio,4G,Mumbai,18.79,8.35,-99.82,46.96,2026-05-09,19.136294,79.319153,55.64
TEST_019245,jio,5G,Mumbai,110.67,27.34,-60.0,45.9,2026-03-23,24.659883,82.528329,97.22
TEST_019249,airtel,4G,Mumbai,26.25,8.49,-96.77,42.7,2026-04-17,33.70387,88.96266,62.44
TEST_019254,airtel,5G,Mumbai,72.13,14.39,-101.12,47.45,2026-03-28,33.994511,77.600275,68.86
TEST_019259,jio,5G,Mumbai,82.19,28.12,-68.55,71.0,2026-05-30,12.909462,79.56163,73.44
TEST_019277,jio,4G,Mumbai,17.82,8.15,-70.76,57.79,2026-03-13,9.799553,95.246403,57.36
TEST_019298,airtel,5G,Mumbai,57.76,31.05,-91.98,40.63,2026-05-04,28.453559,71.454503,81.52
TEST_019322,vi,4G,Mumbai,28.36,7.53,-71.96,38.53,2026-04-06,25.651651,77.767307,75.66
TEST_019326,vi,4G,Mumbai,28.48,7.92,-79.91,46.97,2026-05-05,34.22338,75.920319,64.27
TEST_019328,airtel,4G,Mumbai,18.5,3.56,-90.81,37.88,2026-03-18,23.174241,82.634397,66.58
TEST_019336,vi,4G,Mumbai,11.89,2.82,-94.97,56.73,2026-03-16,11.366769,71.752493,46.66
TEST_019342,vi,5G,Mumbai,76.57,13.54,-82.24,38.67,2026-04-27,22.420289,82.099493,84.97
TEST_019347,vi,5G,Mumbai,65.32,21.5,-71.15,39.7,2026-03-23,14.205433,79.637591,87.78
TEST_019352,jio,5G,Mumbai,119.59,32.18,-71.92,38.3,2026-05-30,34.991583,82.202932,105.24
TEST_019354,vi,5G,Mumbai,56.6,15.82,-78.43,52.03,2026-03-02,23.153924,72.332983,69.92
TEST_019356,vi,4G,Mumbai,25.39,4.43,-80.66,41.57,2026-04-14,9.535966,79.370807,67.36
TEST_019413,vi,4G,Mumbai,23.22,5.39,-77.06,50.38,2026-04-23,34.455987,90.255297,60.37
TEST_019446,airtel,5G,Mumbai,77.29,25.26,-78.04,40.5,2026-03-29,29.678708,68.909418,88.56
TEST_019448,vi,4G,Mumbai,19.16,4.54,-94.99,37.84,2026-05-08,15.91864,77.820623,65.75
TEST_019449,vi,5G,Mumbai,66.84,10.89,-80.35,40.11,2026-04-10,22.818246,86.52397,80.71
TEST_019451,airtel,5G,Mumbai,101.06,12.59,-93.21,39.5,2026-04-22,32.91102,78.624561,85.39
TEST_019455,jio,5G,Mumbai,119.58,33.36,-74.16,36.81,2026-04-22,13.981653,87.285898,106.92
TEST_019488,jio,4G,Mumbai,37.69,6.81,-88.39,40.63,2026-04-18,31.574518,75.722435,69.45
TEST_019500,jio,4G,Mumbai,25.97,8.74,-77.43,35.82,2026-04-01,8.271889,94.622808,77.47
TEST_019511,vi,5G,Mumbai,49.18,13.62,-61.74,45.21,2026-04-15,26.60903,78.104739,78.6
TEST_019513,vi,5G,Mumbai,46.87,19.95,-89.18,40.31,2026-03-10,20.484028,73.734207,76.37
TEST_019519,vi,4G,Mumbai,25.23,8.44,-93.89,41.72,2026-04-08,16.561043,76.059091,64.2
TEST_019526,jio,5G,Mumbai,73.63,35.79,-96.15,36.99,2026-05-13,8.584326,94.59249,89.98
TEST_019538,airtel,4G,Mumbai,15.72,9.97,-66.44,44.28,2026-03-25,9.592639,68.492728,69.14
TEST_019545,jio,4G,Mumbai,15.88,9.11,-78.32,40.5,2026-05-13,18.029217,81.324749,68.93
TEST_019546,vi,5G,Mumbai,80.98,18.35,-93.15,35.3,2026-05-25,19.508335,93.985049,88.75
TEST_019552,vi,5G,Mumbai,20.84,15.57,-96.92,45.52,2026-05-04,11.485957,77.071137,60.98
TEST_019560,vi,4G,Mumbai,18.89,6.21,-60.0,40.11,2026-03-05,31.59733,94.581696,75.11
TEST_019561,airtel,4G,Mumbai,11.3,6.4,-88.67,62.92,2026-04-06,12.154089,76.567069,46.57
TEST_019580,jio,4G,Mumbai,23.7,7.67,-64.79,38.53,2026-05-16,8.851507,78.271573,77.06
TEST_019592,vi,4G,Mumbai,12.74,6.05,-78.25,36.2,2026-03-07,35.600808,95.115857,72.71
TEST_019599,vi,5G,Mumbai,46.11,36.07,-82.87,56.5,2026-05-23,12.923806,76.277802,70.52
TEST_019602,jio,5G,Mumbai,77.14,33.94,-85.15,36.08,2026-03-22,15.068327,89.855634,95.05
TEST_019608,airtel,5G,Mumbai,109.51,13.85,-79.2,35.59,2026-05-27,34.714479,82.089251,97.68
TEST_019649,airtel,5G,Mumbai,62.94,19.52,-70.83,37.67,2026-04-11,21.876348,73.012551,89.21
TEST_019652,vi,5G,Mumbai,70.53,17.91,-60.4,87.29,2026-03-30,12.582808,76.142795,64.73
TEST_019660,airtel,5G,Mumbai,62.8,21.75,-90.2,79.23,2026-04-07,35.587417,95.431539,56.74
TEST_019664,vi,4G,Mumbai,16.07,4.53,-65.48,37.58,2026-04-16,10.583412,83.894664,75.24
TEST_019708,jio,5G,Mumbai,58.74,27.55,-85.59,35.38,2026-05-26,33.210597,71.004219,89.53
TEST_019711,jio,5G,Mumbai,123.69,32.46,-93.04,42.21,2026-03-12,17.009427,68.209414,94.61
TEST_019741,jio,4G,Mumbai,29.46,9.19,-76.65,56.59,2026-03-12,31.67308,77.811479,59.08
TEST_019755,vi,4G,Mumbai,19.07,3.63,-80.04,49.81,2026-04-06,8.055319,71.765274,58.25
TEST_019762,airtel,5G,Mumbai,58.66,18.66,-89.03,40.09,2026-05-14,22.96355,74.446812,78.84
TEST_019794,airtel,4G,Mumbai,17.05,5.63,-84.18,42.83,2026-03-10,20.13278,83.742753,63.41
TEST_019804,vi,4G,Mumbai,13.46,7.44,-84.64,45.52,2026-03-26,12.105871,75.523036,60.48
TEST_019820,vi,4G,Mumbai,16.47,6.44,-98.58,115.36,2026-04-25,13.770556,84.569582,30.33
TEST_019842,airtel,5G,Mumbai,83.41,16.54,-77.79,65.86,2026-05-17,15.95915,71.850595,68.57
TEST_019877,airtel,5G,Mumbai,32.61,20.68,-105.35,55.01,2026-05-01,10.939587,95.402133,55.36
TEST_019881,jio,5G,Mumbai,87.61,18.25,-100.22,35.15,2026-04-14,18.092915,68.948968,88.06
TEST_019887,jio,5G,Mumbai,74.8,23.56,-78.82,41.22,2026-05-04,20.60255,79.048746,86.31
TEST_019902,jio,4G,Mumbai,40.58,7.5,-109.1,35.42,2026-04-03,33.920834,94.608185,70.31
TEST_019912,vi,4G,Mumbai,17.3,6.43,-85.61,84.96,2026-03-02,13.211409,89.140163,40.92
TEST_019922,vi,4G,Mumbai,12.89,5.8,-120.0,43.97,2026-04-04,18.098619,81.1998,49.45
TEST_019934,jio,5G,Mumbai,131.52,32.36,-82.89,42.91,2026-05-19,16.490838,78.633112,98.96
TEST_019942,vi,4G,Mumbai,13.81,5.87,-79.88,48.45,2026-03-27,21.585172,71.591169,59.02
TEST_019960,jio,5G,Mumbai,118.21,27.07,-75.23,49.35,2026-04-06,19.186502,94.810012,90.8
TEST_019961,vi,5G,Mumbai,67.08,9.8,-94.23,50.84,2026-05-01,20.865085,74.657824,65.67
TEST_019968,vi,4G,Mumbai,18.15,6.85,-70.64,87.79,2026-05-15,21.812813,87.592219,45.51
TEST_019983,jio,4G,Mumbai,35.16,6.09,-80.48,41.64,2026-03-22,26.829494,77.139958,70.12
TEST_019985,vi,5G,Mumbai,41.22,20.05,-68.61,38.47,2026-05-24,23.810241,86.58182,84.26
TEST_019987,airtel,4G,Mumbai,30.65,8.48,-79.22,35.71,2026-03-31,33.511502,73.699332,77.98
TEST_020008,airtel,5G,Mumbai,29.95,13.32,-63.28,60.84,2026-04-13,15.393272,72.317114,62.75
TEST_020036,vi,5G,Mumbai,65.66,30.13,-94.04,88.96,2026-03-05,20.489278,79.740717,56.45
TEST_020039,jio,5G,Mumbai,47.57,21.85,-78.09,61.12,2026-05-20,21.010542,72.014856,64.69
TEST_020040,jio,5G,Mumbai,149.9,21.45,-76.93,43.12,2026-05-18,11.032293,92.764003,100.87
TEST_020043,jio,5G,Mumbai,50.08,21.46,-93.64,63.97,2026-05-27,25.387514,87.592235,58.51
TEST_020071,vi,4G,Mumbai,22.62,6.6,-88.8,58.3,2026-05-17,10.845296,91.224848,51.56
TEST_020076,vi,4G,Mumbai,13.21,6.87,-75.25,43.53,2026-03-27,10.0812,83.551901,65.27
TEST_020078,vi,5G,Mumbai,46.42,18.37,-94.44,39.28,2026-04-11,18.289351,95.229845,75.18
TEST_020099,vi,4G,Mumbai,21.14,6.82,-79.43,51.2,2026-05-30,9.464774,93.738858,59.02
TEST_020111,vi,5G,Mumbai,64.98,15.17,-68.36,45.78,2026-04-04,16.103388,68.899238,79.95
TEST_020123,airtel,4G,Mumbai,29.21,6.36,-87.12,35.21,2026-04-14,10.793927,75.199176,75.01
TEST_020132,vi,5G,Mumbai,38.11,17.3,-62.07,49.19,2026-05-01,24.38718,95.594571,73.93
TEST_020137,jio,5G,Mumbai,147.63,34.59,-100.53,52.55,2026-03-11,17.031399,68.154167,89.28
TEST_020155,jio,4G,Mumbai,17.23,7.63,-86.32,46.43,2026-03-20,15.736094,68.725144,60.0
TEST_020180,vi,4G,Mumbai,21.77,3.92,-86.03,36.52,2026-05-14,16.63398,84.256375,70.9
TEST_020190,jio,5G,Mumbai,110.65,39.79,-60.0,37.46,2026-04-27,9.652628,82.29091,111.09
TEST_020199,vi,4G,Mumbai,16.7,7.02,-90.27,82.26,2026-04-16,34.814041,78.727218,40.2
TEST_020202,airtel,5G,Mumbai,56.46,19.87,-67.4,35.74,2026-04-26,15.176369,82.026757,91.76
TEST_020203,jio,4G,Mumbai,24.68,8.76,-99.22,36.34,2026-04-30,25.933132,77.802366,69.17
TEST_020210,airtel,5G,Mumbai,68.99,27.82,-72.71,36.8,2026-05-27,34.208179,88.232156,94.14
TEST_020218,airtel,4G,Mumbai,13.44,7.76,-70.23,50.41,2026-03-11,28.668101,81.417916,61.3
TEST_020221,jio,4G,Mumbai,26.04,8.61,-69.71,49.69,2026-04-22,24.249692,91.484639,65.14
TEST_020228,vi,5G,Mumbai,76.92,15.78,-92.59,44.13,2026-03-03,11.256108,90.54124,76.31
TEST_020236,vi,4G,Mumbai,15.97,3.15,-75.36,62.16,2026-03-14,17.308354,86.665501,51.25
TEST_020249,jio,4G,Mumbai,41.83,5.99,-94.71,40.71,2026-04-24,16.576106,77.926586,67.87
TEST_020253,airtel,4G,Mumbai,31.78,7.86,-101.59,35.57,2026-05-22,24.465854,93.696738,70.76
TEST_020254,jio,5G,Mumbai,58.04,41.97,-98.77,64.29,2026-05-09,29.478785,68.140201,65.87
TEST_020261,jio,4G,Mumbai,33.22,9.07,-103.17,84.75,2026-03-09,17.725551,75.863525,39.63
TEST_020290,airtel,4G,Mumbai,26.86,3.95,-77.76,41.37,2026-05-30,15.716763,84.951412,68.7
TEST_020294,vi,5G,Mumbai,75.64,13.59,-93.3,43.81,2026-04-22,34.165503,70.115371,75.31
TEST_020326,airtel,5G,Mumbai,91.59,12.66,-74.48,44.16,2026-04-19,27.877601,73.772777,84.46
TEST_020338,airtel,5G,Mumbai,39.63,24.65,-118.71,40.55,2026-04-28,34.66476,91.928306,66.34
TEST_020346,airtel,5G,Mumbai,119.54,25.48,-108.47,64.18,2026-03-30,32.607137,89.519593,70.4
TEST_020353,jio,4G,Mumbai,36.74,9.94,-79.59,45.97,2026-03-27,29.35945,88.534761,67.84
TEST_020358,vi,4G,Mumbai,29.04,4.35,-67.24,55.0,2026-04-23,28.942208,80.368583,61.35
TEST_020366,vi,5G,Mumbai,47.82,10.84,-81.5,68.03,2026-04-27,26.748816,76.16252,56.39
TEST_020370,vi,5G,Mumbai,48.25,9.53,-74.54,74.58,2026-03-27,17.094867,68.406018,55.82
TEST_020371,airtel,4G,Mumbai,19.59,8.61,-78.25,41.55,2026-03-26,14.81204,86.469972,68.41
TEST_020375,airtel,5G,Mumbai,83.45,30.01,-89.22,35.34,2026-03-13,23.212796,85.648335,94.78
TEST_020399,jio,5G,Mumbai,128.46,18.64,-81.04,50.9,2026-03-31,9.657442,80.927019,86.9
TEST_020412,vi,4G,Mumbai,14.11,6.47,-86.53,43.71,2026-04-17,19.439684,79.359472,61.38
TEST_020415,vi,5G,Mumbai,55.52,18.71,-75.37,38.79,2026-03-21,12.337611,71.541613,84.3
TEST_020417,vi,4G,Mumbai,14.78,5.31,-103.96,66.71,2026-03-02,15.322011,72.656099,40.1
TEST_020420,airtel,5G,Mumbai,77.15,37.09,-76.06,41.29,2026-05-12,13.443257,77.686225,92.58
TEST_020456,vi,4G,Mumbai,29.29,9.23,-74.96,55.29,2026-05-07,35.761332,91.205352,60.42
TEST_020457,vi,4G,Mumbai,21.04,4.71,-89.37,53.95,2026-03-04,11.872754,84.728015,53.0
TEST_020459,vi,4G,Mumbai,25.37,7.42,-85.99,40.33,2026-05-12,26.984382,89.474924,68.07
TEST_020460,jio,4G,Mumbai,29.01,5.62,-87.53,59.25,2026-05-07,16.724782,74.654032,52.52
TEST_020481,airtel,4G,Mumbai,26.26,8.77,-62.67,62.88,2026-03-10,16.663673,78.676077,59.45
TEST_020482,airtel,4G,Mumbai,14.48,3.18,-76.34,42.42,2026-04-23,26.487326,91.992139,64.99
TEST_020487,vi,5G,Mumbai,83.22,9.26,-97.2,41.37,2026-04-04,17.669544,95.024252,76.7
TEST_020502,airtel,4G,Mumbai,17.4,9.73,-68.24,46.88,2026-04-27,16.511622,94.192518,66.43
TEST_020511,airtel,5G,Mumbai,62.2,24.34,-86.55,59.48,2026-04-13,25.370357,70.793241,66.91
TEST_020522,airtel,4G,Mumbai,22.68,4.73,-82.94,45.53,2026-03-05,16.481064,70.612963,62.11
TEST_020534,vi,4G,Mumbai,12.3,8.31,-90.15,36.75,2026-03-10,23.479675,73.412258,68.69
TEST_020537,vi,4G,Mumbai,9.55,7.88,-60.0,41.69,2026-04-22,14.956413,74.418075,71.84
TEST_020547,jio,4G,Mumbai,20.13,12.63,-88.98,55.1,2026-04-11,10.235371,74.203375,55.06
TEST_020548,vi,5G,Mumbai,66.93,18.54,-60.9,75.1,2026-04-22,20.380737,69.319375,67.62
TEST_020549,jio,5G,Mumbai,113.78,13.53,-79.78,44.25,2026-03-25,11.964273,72.859433,87.86
TEST_020574,jio,5G,Mumbai,129.53,31.3,-73.05,59.15,2026-04-14,33.129182,77.383938,89.11
TEST_020580,jio,4G,Mumbai,29.65,6.58,-74.51,42.39,2026-04-12,30.761277,71.117346,70.25
TEST_020581,vi,4G,Mumbai,19.24,8.4,-96.99,42.84,2026-03-10,8.34998,90.798424,60.62
TEST_020597,vi,4G,Mumbai,22.66,9.32,-82.0,36.45,2026-04-28,18.646312,81.94162,74.5
TEST_020614,airtel,4G,Mumbai,16.2,7.22,-78.28,44.98,2026-03-28,14.688321,76.121182,63.63
TEST_020628,airtel,4G,Mumbai,17.87,8.92,-97.02,43.69,2026-05-01,31.370051,85.63193,59.63
TEST_020644,vi,5G,Mumbai,64.78,20.11,-87.35,49.68,2026-03-30,34.548009,71.263785,72.08
TEST_020654,airtel,5G,Mumbai,88.38,11.53,-89.98,35.84,2026-03-06,29.891913,94.563918,88.17
TEST_020700,jio,4G,Mumbai,38.21,7.53,-104.78,42.33,2026-03-28,17.728571,71.820247,62.48
TEST_020704,airtel,4G,Mumbai,24.36,6.46,-91.18,49.15,2026-03-18,25.972593,71.94508,57.26
TEST_020711,airtel,5G,Mumbai,43.34,21.17,-67.51,43.9,2026-05-29,29.356971,80.554552,79.38
TEST_020731,vi,5G,Mumbai,74.67,15.33,-96.37,35.95,2026-04-14,15.381198,70.632054,84.2
TEST_020734,vi,4G,Mumbai,16.04,7.55,-79.97,51.76,2026-05-28,35.095117,80.898566,57.56
TEST_020753,jio,5G,Mumbai,120.83,21.68,-108.0,79.54,2026-03-22,25.552363,88.317407,63.62
TEST_020762,jio,5G,Mumbai,114.04,24.79,-88.96,40.98,2026-04-02,30.756864,68.342769,92.39
TEST_020783,airtel,4G,Mumbai,19.36,6.98,-89.03,117.94,2026-03-16,13.362198,74.682626,33.98
TEST_020802,airtel,4G,Mumbai,23.07,8.82,-91.01,46.51,2026-05-18,20.915459,70.510126,60.1
TEST_020804,airtel,5G,Mumbai,93.66,23.99,-72.64,37.03,2026-03-25,16.63099,69.458207,97.95
TEST_020812,vi,4G,Mumbai,24.22,8.15,-92.42,67.76,2026-03-12,27.231442,81.729681,46.63
TEST_020827,airtel,4G,Mumbai,15.46,2.8,-83.0,45.16,2026-04-18,17.792299,91.920748,60.12
TEST_020839,vi,5G,Mumbai,64.52,35.24,-68.74,54.46,2026-04-22,26.411388,83.534604,80.31
TEST_020841,airtel,4G,Mumbai,22.47,8.48,-100.27,42.82,2026-04-20,21.066533,73.176353,60.3
TEST_020842,jio,5G,Mumbai,83.35,24.57,-97.12,48.72,2026-05-10,10.801732,90.060055,75.34
TEST_020862,vi,4G,Mumbai,14.3,6.33,-81.79,53.64,2026-03-10,10.320745,90.793416,54.82
TEST_020866,airtel,5G,Mumbai,32.89,28.12,-63.17,35.15,2026-05-08,25.698348,92.773113,91.8
TEST_020886,vi,4G,Mumbai,11.39,7.22,-95.59,37.97,2026-05-25,25.608123,81.760541,64.62
TEST_020908,airtel,4G,Mumbai,28.84,4.98,-89.13,43.48,2026-05-09,23.899695,68.17921,63.49
TEST_020940,vi,4G,Mumbai,14.77,3.62,-81.77,47.37,2026-03-02,19.457172,82.287305,58.7
TEST_020957,airtel,4G,Mumbai,21.11,9.98,-87.65,44.67,2026-05-02,23.502905,84.027074,62.9
TEST_020967,jio,5G,Mumbai,42.74,36.15,-96.12,45.36,2026-04-14,9.96891,78.351065,73.74
TEST_020973,jio,5G,Mumbai,109.33,26.75,-91.28,36.74,2026-04-01,28.345916,91.509405,96.63
TEST_020977,vi,4G,Mumbai,25.12,7.69,-62.81,72.83,2026-05-09,14.016164,72.742736,54.54
TEST_020983,airtel,4G,Mumbai,20.81,5.45,-85.72,37.44,2026-03-09,18.335498,92.737194,70.07
TEST_020985,vi,4G,Mumbai,16.09,4.46,-83.49,37.75,2026-04-02,30.062599,80.696957,68.99
TEST_020993,jio,4G,Mumbai,32.23,5.57,-83.39,62.33,2026-03-22,10.662378,82.925531,52.99
TEST_021007,vi,5G,Mumbai,56.11,20.1,-61.0,71.66,2026-05-12,26.413667,91.019912,66.99
TEST_021045,airtel,4G,Mumbai,12.46,7.39,-88.55,74.07,2026-03-18,9.996419,71.133738,42.58
TEST_021049,airtel,4G,Mumbai,15.11,10.07,-87.51,40.44,2026-04-15,10.445765,81.482417,66.11
TEST_021054,airtel,4G,Mumbai,20.82,5.09,-75.0,35.15,2026-05-02,22.885013,95.795512,76.81
TEST_021071,airtel,5G,Mumbai,68.69,15.24,-93.97,61.25,2026-04-03,29.684422,74.507919,61.64
TEST_021085,airtel,4G,Mumbai,20.62,5.79,-101.64,59.5,2026-05-28,16.135347,91.088384,45.87
TEST_021106,airtel,4G,Mumbai,20.12,8.31,-87.1,49.56,2026-04-14,14.034002,77.862087,58.02
TEST_021130,jio,4G,Mumbai,22.45,12.66,-73.59,50.35,2026-04-01,12.119504,78.289238,64.01
TEST_021137,jio,5G,Mumbai,81.92,26.77,-82.23,56.38,2026-04-11,28.733327,73.892279,75.41
TEST_021145,vi,5G,Mumbai,56.18,13.34,-93.71,35.2,2026-03-20,15.690521,68.002499,81.37
TEST_021149,vi,4G,Mumbai,19.08,5.64,-87.44,35.88,2026-04-04,25.428974,83.640821,71.38
TEST_021150,vi,4G,Mumbai,14.63,8.68,-87.9,59.02,2026-05-30,27.370963,78.739476,50.43
TEST_021154,jio,4G,Mumbai,34.99,4.79,-78.48,48.81,2026-03-20,35.081585,69.098152,63.53
TEST_021165,jio,5G,Mumbai,79.78,22.11,-82.13,42.71,2026-05-05,34.518669,77.022436,84.18
TEST_021176,airtel,4G,Mumbai,18.79,4.93,-84.38,44.0,2026-04-06,24.068067,76.947299,62.29
TEST_021177,jio,4G,Mumbai,34.9,5.03,-68.74,35.06,2026-05-08,8.327697,79.940982,82.15
TEST_021181,airtel,4G,Mumbai,10.74,7.99,-107.94,35.29,2026-03-23,15.455487,72.323037,64.42
TEST_021209,jio,4G,Mumbai,28.83,7.14,-91.84,41.74,2026-04-14,34.620284,70.330464,65.19
TEST_021210,airtel,4G,Mumbai,29.33,5.12,-74.08,35.88,2026-03-13,12.940899,93.144885,77.93
TEST_021228,vi,4G,Mumbai,13.43,3.44,-83.83,46.19,2026-04-06,23.933343,87.365798,58.68
TEST_021249,jio,4G,Mumbai,10.72,8.62,-74.52,52.26,2026-04-02,11.570999,76.66804,58.23
TEST_021279,vi,5G,Mumbai,101.03,17.3,-79.78,56.08,2026-03-14,16.539992,95.520439,77.23
TEST_021296,jio,5G,Mumbai,70.16,21.74,-74.8,45.82,2026-03-03,21.439433,89.683886,81.3
TEST_021307,jio,4G,Mumbai,27.86,5.75,-86.08,60.84,2026-05-27,29.004195,87.394435,51.94
TEST_021310,jio,4G,Mumbai,26.37,1.88,-66.73,37.86,2026-04-09,12.175855,68.829061,75.78
TEST_021325,vi,5G,Mumbai,77.25,18.07,-70.08,38.34,2026-03-28,10.725928,69.885121,91.25
TEST_021337,jio,5G,Mumbai,93.08,35.37,-93.25,38.14,2026-04-18,12.098588,76.418764,93.59
TEST_021341,jio,5G,Mumbai,57.54,26.22,-84.84,35.02,2026-03-21,17.927063,77.625056,89.58
TEST_021345,airtel,5G,Mumbai,128.93,11.84,-107.42,62.55,2026-04-07,33.212236,90.661607,68.68
TEST_021356,jio,4G,Mumbai,29.55,7.43,-75.44,44.05,2026-04-29,9.92807,77.388619,68.53
TEST_021362,vi,4G,Mumbai,19.28,5.7,-91.36,65.27,2026-04-06,16.53262,89.675376,46.09
TEST_021366,vi,4G,Mumbai,9.34,2.84,-84.47,56.96,2026-03-02,25.696048,68.954207,49.46
TEST_021402,vi,4G,Mumbai,14.03,5.85,-74.82,60.99,2026-03-02,11.552538,82.879096,52.57
TEST_021415,vi,4G,Mumbai,11.35,6.72,-87.28,45.7,2026-03-03,15.770913,80.390036,58.7
TEST_021430,jio,4G,Mumbai,19.17,4.99,-99.82,66.73,2026-04-11,33.924048,69.33723,42.34
TEST_021431,vi,5G,Mumbai,37.28,23.86,-120.0,57.99,2026-03-13,14.942192,74.790891,50.87
TEST_021435,airtel,5G,Mumbai,51.28,30.58,-76.16,36.9,2026-05-17,25.217033,88.462294,89.9
TEST_021437,airtel,5G,Mumbai,95.33,21.28,-66.42,35.9,2026-03-30,29.657395,70.328741,101.02
TEST_021446,jio,4G,Mumbai,20.18,10.31,-93.85,46.01,2026-04-11,13.462475,75.125733,59.5
TEST_021448,vi,5G,Mumbai,91.61,17.92,-81.48,46.87,2026-03-25,22.899852,89.933027,81.53
TEST_021454,airtel,4G,Mumbai,10.45,5.29,-96.7,80.79,2026-05-15,28.556163,89.502725,36.47
TEST_021458,vi,4G,Mumbai,19.67,6.08,-83.23,74.87,2026-03-22,27.172274,82.834024,45.21
TEST_021472,airtel,5G,Mumbai,102.33,26.28,-72.18,35.73,2026-03-22,8.424515,68.889977,102.72
TEST_021473,jio,5G,Mumbai,134.43,18.24,-100.83,43.95,2026-04-05,33.549086,89.724183,87.45
TEST_021474,vi,4G,Mumbai,19.43,6.22,-85.9,80.78,2026-05-29,9.444653,87.343361,42.41
TEST_021477,jio,5G,Mumbai,59.99,20.77,-60.0,41.84,2026-05-27,10.187551,70.102222,87.59
TEST_021497,vi,5G,Mumbai,43.44,24.72,-66.03,45.5,2026-05-03,22.308351,78.147516,79.65
TEST_021501,airtel,4G,Mumbai,18.87,7.37,-102.27,46.54,2026-04-01,32.20633,89.769109,54.86
TEST_021503,airtel,4G,Mumbai,15.17,9.94,-60.0,73.86,2026-03-04,16.908843,84.530059,53.7
TEST_021505,jio,4G,Mumbai,17.4,7.29,-88.82,42.21,2026-05-18,14.742388,87.148137,63.2
TEST_021516,airtel,4G,Mumbai,30.77,1.0,-66.87,40.65,2026-05-21,16.924179,89.510169,72.95
TEST_021519,airtel,5G,Mumbai,152.37,12.66,-102.19,51.72,2026-05-29,15.474652,86.685983,82.41
TEST_021523,jio,4G,Mumbai,25.93,11.32,-98.78,46.6,2026-04-03,25.075759,79.892691,58.97
TEST_021552,airtel,5G,Mumbai,39.73,17.69,-89.69,92.62,2026-03-06,33.306331,82.5403,46.74
TEST_021559,airtel,5G,Mumbai,71.57,23.24,-90.78,54.2,2026-03-08,29.588616,68.100309,70.35
TEST_021568,jio,4G,Mumbai,38.66,10.16,-79.74,38.29,2026-05-26,26.30715,74.636882,76.62
TEST_021569,vi,4G,Mumbai,22.81,9.39,-100.5,44.35,2026-05-02,33.315049,84.151181,59.09
TEST_021583,vi,5G,Mumbai,47.58,18.28,-79.76,44.1,2026-04-30,22.401546,86.705355,74.99
TEST_021604,jio,5G,Mumbai,109.4,11.12,-63.59,62.94,2026-03-09,20.015546,70.438251,78.49
TEST_021607,airtel,5G,Mumbai,83.48,26.64,-103.72,38.49,2026-04-02,35.364736,91.15022,84.34
TEST_021609,jio,5G,Mumbai,30.45,39.99,-81.87,40.27,2026-03-19,19.748291,87.41015,82.47
TEST_021628,vi,5G,Mumbai,48.91,11.68,-61.42,37.85,2026-03-16,20.79831,73.684013,86.14
TEST_021631,airtel,4G,Mumbai,23.75,4.55,-98.45,44.4,2026-05-20,31.48609,78.290525,58.18
TEST_021634,airtel,5G,Mumbai,71.51,17.87,-89.56,35.78,2026-04-27,29.691535,85.33308,86.94
TEST_021651,jio,4G,Mumbai,25.06,7.29,-86.24,45.24,2026-03-13,30.583442,69.341666,62.73
TEST_021656,vi,4G,Mumbai,17.79,2.11,-75.45,62.99,2026-05-01,21.928823,79.459742,50.83
TEST_021663,jio,4G,Mumbai,15.38,7.2,-87.78,36.74,2026-05-20,13.35826,84.50307,69.77
TEST_021669,vi,4G,Mumbai,17.61,6.23,-91.21,48.78,2026-05-10,32.36306,93.099883,55.96
TEST_021683,jio,5G,Mumbai,136.39,17.5,-73.03,68.04,2026-03-01,35.926521,84.362203,81.36
TEST_021687,airtel,5G,Mumbai,41.6,31.33,-93.34,48.5,2026-04-14,31.809063,73.695775,69.93
TEST_021698,jio,4G,Mumbai,32.76,10.02,-80.38,63.24,2026-05-08,30.644296,92.44058,55.27
TEST_021707,jio,4G,Mumbai,30.0,2.98,-81.78,46.45,2026-04-17,23.487773,78.762874,62.65
TEST_021719,airtel,4G,Mumbai,14.28,6.62,-72.09,52.35,2026-04-25,23.393899,72.299841,59.04
TEST_021726,airtel,4G,Mumbai,29.42,7.4,-64.14,68.82,2026-03-29,18.204945,80.66473,56.5
TEST_021729,jio,5G,Mumbai,71.34,21.69,-115.09,37.9,2026-04-05,23.063138,82.678559,76.81
TEST_021744,airtel,5G,Mumbai,72.17,13.94,-89.69,47.25,2026-03-30,22.116031,93.721264,72.69
TEST_021773,jio,4G,Mumbai,25.99,10.38,-83.61,89.23,2026-05-24,8.289098,75.523639,43.85
TEST_021781,airtel,4G,Mumbai,9.81,6.55,-64.1,42.09,2026-05-08,11.599234,71.902952,69.61
TEST_021833,vi,5G,Mumbai,37.7,23.16,-84.67,83.74,2026-04-20,26.05667,71.016107,52.18
TEST_021837,vi,5G,Mumbai,66.3,20.92,-75.02,36.15,2026-05-28,28.109045,91.998139,91.19
TEST_021842,airtel,4G,Mumbai,22.09,7.46,-100.1,81.39,2026-03-10,27.968693,95.160485,38.54
TEST_021848,jio,4G,Mumbai,21.88,8.22,-99.52,66.04,2026-04-24,28.7979,93.978131,44.52
TEST_021853,jio,4G,Mumbai,24.21,10.69,-90.53,58.24,2026-05-24,35.387402,84.522927,52.86
TEST_021912,jio,4G,Mumbai,28.68,12.28,-73.4,47.14,2026-05-26,11.279618,76.325297,67.92
TEST_021915,jio,4G,Mumbai,25.24,6.43,-88.6,45.19,2026-05-17,16.070671,93.920927,61.72
TEST_021923,jio,5G,Mumbai,91.77,25.71,-72.33,102.88,2026-03-10,28.490295,85.667829,64.92
TEST_021929,jio,5G,Mumbai,83.79,34.47,-81.99,61.59,2026-05-20,17.029976,73.181249,75.8
TEST_021934,airtel,5G,Mumbai,84.5,16.97,-78.12,53.68,2026-04-19,22.619839,84.980174,75.52
TEST_021942,vi,4G,Mumbai,23.66,7.81,-85.3,39.46,2026-04-09,22.491234,95.01223,69.1
TEST_021945,jio,5G,Mumbai,91.22,41.45,-95.39,39.86,2026-03-18,9.074745,84.763689,92.51
TEST_021959,vi,5G,Mumbai,74.0,22.12,-79.61,97.23,2026-05-04,22.692185,95.791663,58.34
TEST_021969,airtel,4G,Mumbai,17.52,4.67,-67.0,49.89,2026-05-14,11.338436,89.707404,62.56
TEST_021970,jio,4G,Mumbai,27.11,5.32,-88.55,36.98,2026-03-22,31.498397,90.432603,71.11
TEST_021993,jio,4G,Mumbai,41.48,4.65,-115.28,38.4,2026-03-09,8.448922,93.07053,63.26
TEST_021996,vi,5G,Mumbai,49.16,17.77,-98.61,52.64,2026-04-27,27.515339,81.355592,61.82
TEST_022011,jio,5G,Mumbai,117.03,27.96,-98.07,38.9,2026-03-03,32.924875,69.252482,93.65
TEST_022026,vi,4G,Mumbai,10.7,4.79,-95.56,44.83,2026-05-02,18.780232,89.29791,55.91
TEST_022058,jio,5G,Mumbai,74.54,17.8,-89.23,83.59,2026-03-06,16.608541,93.440332,56.96
TEST_022069,airtel,4G,Mumbai,13.83,4.72,-96.56,42.18,2026-05-05,19.053075,87.192445,58.92
TEST_022077,jio,4G,Mumbai,23.6,5.31,-89.74,46.23,2026-05-09,32.441982,89.968646,59.62
TEST_022109,jio,4G,Mumbai,17.09,3.43,-65.88,40.72,2026-04-28,10.673244,74.333679,71.03
TEST_022125,airtel,5G,Mumbai,24.5,20.47,-106.18,60.43,2026-04-06,22.049401,72.803549,50.05
TEST_022132,airtel,4G,Mumbai,36.1,2.5,-85.96,40.65,2026-05-18,8.371651,83.627458,68.32
TEST_022136,airtel,4G,Mumbai,20.79,6.46,-64.95,39.35,2026-03-17,18.038713,75.995666,74.89
TEST_022149,vi,4G,Mumbai,14.49,4.73,-77.74,70.61,2026-03-13,33.639656,71.167714,46.96
TEST_022153,jio,5G,Mumbai,80.26,19.86,-79.28,77.73,2026-05-13,14.708987,93.478615,64.06
TEST_022182,jio,4G,Mumbai,35.02,10.61,-82.54,48.26,2026-03-16,30.83523,75.195068,64.74
TEST_022187,airtel,5G,Mumbai,88.72,24.64,-81.62,61.49,2026-05-01,32.045502,93.934553,73.5
TEST_022200,airtel,4G,Mumbai,25.77,5.46,-98.16,47.58,2026-05-23,33.467827,75.77723,56.17
TEST_022211,jio,4G,Mumbai,20.5,9.88,-82.82,56.74,2026-03-20,13.850534,71.644576,55.18
TEST_022221,jio,4G,Mumbai,30.23,8.22,-89.71,63.66,2026-05-24,16.453054,82.967348,50.74
TEST_022233,airtel,4G,Mumbai,19.15,7.04,-79.25,39.1,2026-03-11,31.094059,73.06579,70.28
TEST_022234,airtel,5G,Mumbai,65.69,18.15,-97.72,44.73,2026-03-15,9.061268,92.379421,72.38
TEST_022236,airtel,4G,Mumbai,12.83,5.74,-77.48,44.68,2026-03-17,25.489313,69.667992,62.9
TEST_022264,airtel,5G,Mumbai,115.37,20.82,-65.74,53.59,2026-03-14,8.605843,86.398211,87.98
TEST_022295,jio,4G,Mumbai,20.03,8.57,-103.46,46.67,2026-03-26,9.952276,83.936617,55.04
TEST_022299,airtel,5G,Mumbai,90.33,24.06,-77.5,49.08,2026-05-21,19.716424,92.461367,82.96
TEST_022313,airtel,4G,Mumbai,25.05,8.29,-103.38,48.3,2026-03-19,23.526667,93.478255,54.7
TEST_022318,jio,4G,Mumbai,13.52,4.26,-87.02,50.8,2026-04-29,35.818355,73.775717,54.16
TEST_022321,airtel,5G,Mumbai,53.27,27.7,-68.59,36.55,2026-03-26,27.681113,91.58692,92.32
TEST_022328,jio,4G,Mumbai,25.77,10.65,-100.88,38.23,2026-04-20,35.378886,68.938917,66.96
TEST_022337,vi,4G,Mumbai,7.8,6.3,-99.58,74.29,2026-03-08,8.838913,74.614314,37.39
TEST_022343,vi,4G,Mumbai,6.22,6.06,-92.19,40.03,2026-04-19,11.074797,94.008601,61.6
TEST_022349,jio,5G,Mumbai,96.54,23.77,-99.27,40.61,2026-04-08,9.596212,78.548937,85.11
TEST_022362,vi,4G,Mumbai,12.04,5.54,-60.0,45.34,2026-05-29,8.942485,92.095709,67.85
TEST_022368,airtel,5G,Mumbai,62.97,27.74,-84.97,44.31,2026-04-07,20.782901,90.11846,79.91
TEST_022379,airtel,4G,Mumbai,16.32,6.37,-88.08,47.27,2026-04-02,16.250231,80.212586,58.02
TEST_022383,airtel,4G,Mumbai,10.09,9.04,-114.51,55.81,2026-04-09,19.29447,85.819099,42.56
TEST_022387,jio,5G,Mumbai,40.92,35.1,-94.01,61.7,2026-03-02,31.872906,87.563937,62.41
TEST_022391,vi,4G,Mumbai,17.02,5.11,-68.96,41.17,2026-05-08,14.219547,88.603278,70.09
TEST_022398,jio,5G,Mumbai,85.24,18.72,-77.55,46.68,2026-03-12,20.012449,95.35745,81.88
TEST_022399,vi,5G,Mumbai,68.66,27.48,-68.59,40.57,2026-04-17,33.684606,88.773989,90.52
TEST_022402,jio,5G,Mumbai,61.24,25.21,-77.09,47.9,2026-04-01,29.022672,85.83449,77.99
TEST_022418,jio,5G,Mumbai,17.73,17.28,-101.09,39.24,2026-05-09,28.632432,85.512857,66.22
TEST_022423,jio,5G,Mumbai,64.05,13.91,-95.34,58.05,2026-03-03,18.79244,73.686173,61.41
TEST_022424,vi,4G,Mumbai,12.89,7.14,-91.32,40.65,2026-04-19,8.805801,90.629854,63.04
TEST_022428,airtel,4G,Mumbai,18.54,6.65,-87.59,40.81,2026-03-24,25.541669,68.00733,65.18
TEST_022441,jio,4G,Mumbai,28.94,11.74,-81.32,35.92,2026-05-12,33.680983,88.827954,77.77
TEST_022446,jio,4G,Mumbai,21.04,8.18,-97.05,41.99,2026-03-05,25.39905,78.871125,61.83
TEST_022474,airtel,5G,Mumbai,31.04,30.54,-67.17,58.92,2026-04-18,25.181144,83.474008,68.98
TEST_022477,vi,5G,Mumbai,66.74,8.51,-60.0,68.88,2026-04-20,26.461851,78.099916,66.58
TEST_022499,airtel,5G,Mumbai,118.98,31.23,-88.03,36.13,2026-05-24,14.784019,88.439283,102.36
TEST_022507,airtel,5G,Mumbai,35.22,26.74,-92.34,41.18,2026-03-26,32.533563,72.292186,74.18
TEST_022519,airtel,4G,Mumbai,27.96,8.47,-84.9,48.44,2026-03-17,23.162282,94.100567,61.46
TEST_022529,airtel,4G,Mumbai,21.79,8.88,-83.73,38.3,2026-05-22,35.627895,93.748137,71.06
TEST_022535,jio,5G,Mumbai,101.29,28.37,-70.66,61.37,2026-04-03,31.479579,74.290577,81.37
TEST_022548,jio,5G,Mumbai,54.17,23.89,-71.43,99.58,2026-05-20,19.700768,73.112967,56.81
TEST_022554,vi,4G,Mumbai,11.82,2.73,-70.83,84.73,2026-05-08,11.680087,79.100086,43.34
TEST_022557,vi,5G,Mumbai,39.35,17.04,-103.91,42.86,2026-04-29,14.74347,70.822698,65.91
TEST_022621,airtel,4G,Mumbai,23.95,7.31,-99.1,35.26,2026-03-06,30.715229,84.589147,70.11
TEST_022629,airtel,5G,Mumbai,64.65,17.6,-72.98,71.33,2026-04-06,8.997678,73.972839,64.11
TEST_022654,jio,5G,Mumbai,80.58,23.31,-86.86,62.42,2026-05-24,21.92396,83.918045,68.99
TEST_022658,jio,4G,Mumbai,13.41,8.24,-63.61,74.02,2026-03-26,11.749181,94.319708,51.43
TEST_022668,jio,4G,Mumbai,28.39,5.81,-93.29,45.75,2026-03-29,25.15096,83.821712,60.12
TEST_022680,vi,4G,Mumbai,23.4,5.96,-99.92,45.08,2026-05-14,10.623591,91.689428,57.47
TEST_022687,jio,5G,Mumbai,82.55,34.77,-101.8,50.01,2026-05-28,34.981641,74.115641,76.28
TEST_022689,vi,4G,Mumbai,18.8,4.38,-62.28,64.47,2026-04-21,25.299055,71.95273,55.57
TEST_022695,jio,4G,Mumbai,25.64,11.29,-98.94,36.02,2026-05-01,18.686519,85.863148,70.85
TEST_022698,vi,5G,Mumbai,49.37,20.67,-95.89,47.02,2026-04-26,19.073772,72.961332,68.18
TEST_022711,vi,4G,Mumbai,17.46,9.75,-67.22,50.83,2026-03-17,20.276893,93.822911,63.61
TEST_022712,jio,4G,Mumbai,23.92,4.33,-105.34,41.1,2026-03-02,15.033839,91.252272,59.29
TEST_022714,airtel,5G,Mumbai,24.83,16.58,-105.14,49.31,2026-03-17,18.214119,92.886302,56.25
TEST_022725,vi,4G,Mumbai,18.44,5.53,-94.83,40.44,2026-04-25,8.328532,73.733567,62.77
TEST_022731,jio,5G,Mumbai,84.66,22.8,-72.24,38.4,2026-03-24,14.020105,87.988862,93.81
TEST_022732,vi,4G,Mumbai,5.76,6.57,-75.98,63.6,2026-04-30,15.655648,82.652217,49.3
TEST_022739,vi,5G,Mumbai,57.45,20.13,-87.03,38.35,2026-04-11,19.710081,80.516576,81.92
TEST_022741,jio,5G,Mumbai,78.34,27.02,-75.12,40.88,2026-03-16,16.460032,91.501985,89.97
TEST_022742,airtel,4G,Mumbai,24.46,7.22,-78.83,72.38,2026-03-09,30.542063,82.426926,49.05
TEST_022775,airtel,4G,Mumbai,17.72,10.52,-91.33,48.62,2026-04-14,31.336772,81.296745,57.63
TEST_022777,airtel,4G,Mumbai,30.33,10.33,-75.77,35.72,2026-03-05,15.633519,89.319152,79.71
TEST_022785,jio,5G,Mumbai,51.2,34.42,-85.45,46.81,2026-05-24,19.782356,83.103026,77.24
TEST_022797,vi,5G,Mumbai,88.57,14.24,-74.76,40.17,2026-03-15,22.714539,68.46664,88.56
TEST_022815,jio,4G,Mumbai,14.97,10.83,-71.41,35.2,2026-03-06,10.268034,79.319304,78.71
TEST_022826,airtel,4G,Mumbai,28.83,8.13,-93.37,50.9,2026-03-05,21.043742,82.153262,56.78
TEST_022827,vi,5G,Mumbai,92.33,31.45,-63.84,44.5,2026-04-27,8.861001,71.571196,94.66
TEST_022830,airtel,4G,Mumbai,30.39,6.83,-76.0,36.87,2026-03-12,18.377013,85.920454,76.73
TEST_022832,jio,5G,Mumbai,89.85,22.26,-106.48,40.72,2026-05-04,21.397064,72.186416,80.54
TEST_022838,vi,4G,Mumbai,13.65,4.01,-87.06,38.73,2026-05-05,26.179527,70.015039,65.82
TEST_022841,airtel,5G,Mumbai,73.2,26.9,-76.06,55.47,2026-04-15,14.067345,77.155798,76.13
TEST_022842,jio,5G,Mumbai,54.6,28.71,-92.47,35.47,2026-03-27,12.690361,73.038782,86.6
TEST_022849,airtel,5G,Mumbai,90.6,8.64,-87.11,47.13,2026-05-23,9.476803,95.2573,75.84
TEST_022852,jio,5G,Mumbai,61.41,32.66,-62.18,46.18,2026-03-10,10.581787,87.95803,87.2
TEST_022867,vi,4G,Mumbai,20.78,2.97,-61.86,46.18,2026-05-28,9.987218,76.43493,67.48
TEST_022882,vi,4G,Mumbai,14.75,6.25,-86.1,38.5,2026-05-23,9.733357,81.356374,67.49
TEST_022895,airtel,4G,Mumbai,18.57,7.15,-82.45,35.62,2026-05-09,27.551139,95.255146,73.86
TEST_022907,airtel,5G,Mumbai,87.39,23.46,-97.74,55.53,2026-05-13,22.470671,82.28196,70.78
TEST_022909,airtel,5G,Mumbai,99.8,10.13,-71.12,38.71,2026-05-23,15.580732,93.603564,92.57
TEST_022914,jio,5G,Mumbai,112.92,31.71,-91.7,71.8,2026-04-03,26.137562,82.046772,73.57
TEST_022920,airtel,5G,Mumbai,78.48,23.36,-97.32,49.76,2026-05-05,18.536298,95.019704,72.92
TEST_022923,airtel,4G,Mumbai,23.46,8.68,-82.24,45.01,2026-03-07,22.775163,76.483172,64.43
TEST_022925,vi,5G,Mumbai,49.28,11.9,-87.67,91.75,2026-05-02,26.585973,88.880469,47.64
TEST_022927,vi,5G,Mumbai,49.52,18.7,-68.97,59.52,2026-05-13,11.440883,82.509129,67.87
TEST_022932,jio,5G,Mumbai,105.27,24.57,-77.38,47.46,2026-03-28,33.206835,77.292454,87.84
TEST_022937,vi,5G,Mumbai,86.07,31.49,-100.02,97.38,2026-05-18,32.641261,83.029633,57.59
TEST_022944,airtel,4G,Mumbai,17.64,6.31,-93.53,41.78,2026-05-05,13.72859,90.003925,61.79
TEST_022948,airtel,5G,Mumbai,120.27,17.71,-80.49,82.48,2026-05-13,15.90099,83.897698,70.35
TEST_022953,airtel,5G,Mumbai,66.85,36.88,-85.74,36.49,2026-05-05,29.382218,93.143537,93.04
TEST_022956,jio,5G,Mumbai,111.03,21.44,-83.94,53.1,2026-05-18,8.426271,79.867674,81.5
TEST_022965,vi,5G,Mumbai,61.27,21.63,-86.65,54.31,2026-03-12,23.809909,73.878462,68.77
TEST_022969,jio,4G,Mumbai,32.52,7.8,-90.8,44.26,2026-04-28,24.291562,68.423795,64.0
TEST_022989,airtel,4G,Mumbai,12.76,10.62,-89.43,59.67,2026-05-24,27.564737,90.959556,49.85
TEST_023039,jio,5G,Mumbai,51.27,34.62,-60.0,37.76,2026-03-14,29.476094,91.784749,95.58
TEST_023080,airtel,4G,Mumbai,14.43,8.23,-100.21,38.51,2026-05-08,20.706646,91.501045,63.42
TEST_023087,airtel,4G,Mumbai,15.07,8.47,-73.2,45.91,2026-04-08,28.148762,76.068408,64.67
TEST_023091,vi,5G,Mumbai,81.0,26.96,-76.34,38.74,2026-05-24,21.065182,76.519521,92.71
TEST_023126,vi,4G,Mumbai,19.9,6.94,-78.06,49.32,2026-04-30,15.234546,85.805064,60.68
TEST_023129,jio,4G,Mumbai,29.03,10.38,-86.41,52.93,2026-05-06,10.690949,88.136498,58.52
TEST_023141,airtel,5G,Mumbai,68.73,31.59,-81.77,51.65,2026-03-14,20.936996,89.460691,77.5
TEST_023145,jio,5G,Mumbai,68.09,15.89,-60.0,55.12,2026-03-28,33.970821,89.158214,76.57
TEST_023151,airtel,4G,Mumbai,13.99,5.24,-94.82,65.65,2026-04-20,8.060717,87.487719,43.42
TEST_023159,vi,5G,Mumbai,79.81,21.94,-86.14,35.86,2026-05-05,25.151733,79.568637,91.29
TEST_023173,jio,4G,Mumbai,24.51,7.28,-81.65,39.85,2026-04-26,23.398426,81.797773,69.84
TEST_023188,jio,5G,Mumbai,74.93,29.76,-79.52,52.68,2026-05-06,29.858422,93.255179,78.24
TEST_023202,jio,4G,Mumbai,30.24,6.35,-67.2,42.61,2026-04-24,8.429579,78.486438,72.5
TEST_023203,airtel,4G,Mumbai,24.55,7.31,-82.71,47.09,2026-04-12,20.799541,87.562056,62.14
TEST_023225,jio,5G,Mumbai,78.53,24.23,-70.25,43.24,2026-04-17,35.821108,75.150612,88.08
TEST_023245,jio,4G,Mumbai,28.93,9.98,-90.81,35.97,2026-03-28,23.317306,72.095997,73.89
TEST_023262,jio,5G,Mumbai,55.49,14.46,-71.2,35.48,2026-05-18,24.84778,83.991571,88.7
TEST_023270,vi,5G,Mumbai,50.4,21.15,-85.31,55.73,2026-04-10,33.315288,87.487213,65.72
TEST_023278,airtel,5G,Mumbai,65.89,15.64,-80.29,37.67,2026-03-20,26.092174,94.162587,85.31
TEST_023309,vi,5G,Mumbai,62.68,9.98,-87.85,53.79,2026-05-10,9.426001,91.832134,64.8
TEST_023313,vi,4G,Mumbai,19.82,7.05,-81.03,49.17,2026-03-02,20.653177,86.483621,59.83
TEST_023319,vi,5G,Mumbai,61.58,18.2,-76.65,36.77,2026-03-01,10.064154,72.654455,87.72
TEST_023341,airtel,5G,Mumbai,35.93,12.01,-61.04,88.96,2026-05-30,11.794605,84.282111,54.25
TEST_023344,airtel,5G,Mumbai,72.7,14.53,-108.94,35.43,2026-03-01,9.413514,85.345418,80.05
TEST_023347,vi,5G,Mumbai,80.31,21.24,-103.46,43.51,2026-03-06,35.96426,90.44675,76.05
TEST_023354,vi,4G,Mumbai,29.03,6.47,-94.06,38.69,2026-05-13,11.241054,72.926798,67.85
TEST_023358,vi,5G,Mumbai,68.44,13.18,-88.29,67.85,2026-04-16,17.053991,88.515728,59.65
TEST_023371,vi,5G,Mumbai,35.34,24.71,-78.42,35.35,2026-05-19,8.787599,81.279135,85.72
TEST_023374,jio,5G,Mumbai,109.41,14.11,-83.65,62.9,2026-04-08,9.759646,72.674875,72.91
TEST_023376,vi,5G,Mumbai,47.21,21.85,-93.69,39.25,2026-05-29,32.832942,78.176469,76.91
TEST_023400,airtel,4G,Mumbai,28.5,5.48,-76.15,82.47,2026-03-10,29.463169,84.485192,46.91
TEST_023416,jio,5G,Mumbai,62.26,22.47,-103.67,41.19,2026-03-21,32.488989,72.62474,74.87
TEST_023428,jio,4G,Mumbai,27.05,8.46,-73.86,38.5,2026-03-17,16.296675,84.592866,75.11
TEST_023452,airtel,4G,Mumbai,11.79,11.79,-95.77,44.67,2026-05-05,18.884479,69.947595,58.77
TEST_023466,vi,5G,Mumbai,56.45,22.39,-79.65,60.46,2026-04-23,16.475407,95.670908,66.69
TEST_023478,airtel,4G,Mumbai,19.12,5.99,-79.69,44.89,2026-05-28,14.076811,69.545891,63.45
TEST_023491,vi,4G,Mumbai,14.46,7.38,-71.12,66.54,2026-03-21,23.138118,75.024796,51.8
TEST_023505,airtel,5G,Mumbai,83.72,23.77,-90.3,41.06,2026-03-21,24.273442,75.816943,84.73
TEST_023514,vi,4G,Mumbai,14.44,3.36,-73.78,35.9,2026-04-21,17.706104,73.777851,74.04
TEST_023531,jio,5G,Mumbai,72.38,17.72,-104.89,37.16,2026-05-01,35.105635,91.518109,80.0
TEST_023548,airtel,5G,Mumbai,76.7,20.68,-88.13,91.71,2026-04-29,24.176556,68.618778,56.79
TEST_023549,vi,4G,Mumbai,25.65,4.2,-72.83,94.76,2026-03-30,13.627922,88.261473,43.85
TEST_023557,airtel,5G,Mumbai,39.67,26.42,-79.27,44.43,2026-04-21,17.535754,85.4609,76.02
TEST_023564,airtel,4G,Mumbai,15.71,7.89,-107.6,43.99,2026-04-08,10.419822,95.17815,54.95
TEST_023567,vi,5G,Mumbai,76.98,23.4,-70.17,93.22,2026-03-19,32.790531,81.680825,63.48
TEST_023571,vi,4G,Mumbai,16.8,5.36,-81.48,36.83,2026-04-04,23.970641,69.621982,71.4
TEST_023572,vi,4G,Mumbai,25.36,3.94,-67.0,35.59,2026-04-07,35.091228,89.083257,79.41
TEST_023583,jio,4G,Mumbai,32.88,8.17,-96.11,74.01,2026-05-05,26.584572,93.364659,44.92
TEST_023589,jio,4G,Mumbai,28.58,6.15,-86.43,41.63,2026-04-13,26.722916,76.907133,66.7
TEST_023591,airtel,4G,Mumbai,21.33,2.82,-97.99,37.3,2026-04-23,33.728342,77.317407,65.33
TEST_023598,jio,4G,Mumbai,35.28,9.48,-87.29,35.8,2026-03-14,13.819834,83.259712,76.55
TEST_023622,jio,5G,Mumbai,69.37,35.33,-93.1,43.47,2026-05-26,16.743471,71.243855,82.21
TEST_023623,jio,4G,Mumbai,26.32,7.05,-94.87,38.14,2026-04-02,27.607425,69.079339,67.9
TEST_023634,airtel,5G,Mumbai,80.96,26.11,-98.77,57.1,2026-03-27,19.027502,88.61352,69.01
TEST_023635,airtel,5G,Mumbai,82.12,13.4,-93.93,47.92,2026-04-10,20.006721,93.214821,72.73
TEST_023667,jio,4G,Mumbai,20.23,8.67,-88.73,46.02,2026-05-03,15.75132,73.636061,60.61
TEST_023668,vi,4G,Mumbai,11.95,4.13,-84.6,46.36,2026-04-09,16.245615,91.477343,58.19
TEST_023682,jio,4G,Mumbai,40.58,7.51,-75.26,46.02,2026-03-18,10.772859,94.313136,69.21
TEST_023690,jio,4G,Mumbai,16.78,9.56,-105.33,52.4,2026-03-29,35.112617,91.63773,49.55
TEST_023697,vi,4G,Mumbai,15.08,6.1,-85.38,66.31,2026-04-04,11.801264,83.368805,46.83
TEST_023710,jio,4G,Mumbai,31.06,5.3,-91.68,61.3,2026-04-19,13.044004,71.379217,50.39
TEST_023711,vi,4G,Mumbai,16.53,5.83,-84.4,74.25,2026-04-30,15.766269,88.405334,44.24
TEST_023714,airtel,5G,Mumbai,50.6,32.77,-64.67,59.95,2026-04-07,25.731334,68.313775,74.42
TEST_023715,vi,4G,Mumbai,14.49,6.45,-68.4,59.45,2026-05-02,12.493301,92.869747,55.85
TEST_023742,vi,5G,Mumbai,74.74,17.91,-97.52,88.02,2026-04-01,31.125811,77.183076,53.11
TEST_023751,airtel,5G,Mumbai,70.58,23.92,-81.02,40.46,2026-03-27,16.658569,83.149774,85.64
TEST_023758,airtel,5G,Mumbai,108.46,31.32,-96.38,55.25,2026-04-25,17.095934,95.844399,78.96
TEST_023759,jio,4G,Mumbai,16.91,5.42,-93.93,96.69,2026-04-06,19.389905,93.410206,34.9
TEST_023762,vi,4G,Mumbai,16.36,7.65,-104.91,35.64,2026-03-20,8.604022,68.13796,66.04
TEST_023778,airtel,4G,Mumbai,21.59,9.14,-92.14,59.07,2026-05-08,32.449544,88.759712,50.71
TEST_023793,airtel,4G,Mumbai,19.2,8.37,-69.89,51.0,2026-05-30,12.842149,85.388802,62.48
TEST_023821,airtel,5G,Mumbai,87.26,32.75,-80.37,42.25,2026-03-21,12.028046,95.14867,90.78
TEST_023859,airtel,5G,Mumbai,104.64,20.59,-74.17,69.22,2026-04-11,15.039992,88.892425,74.54
TEST_023863,vi,5G,Mumbai,35.34,19.84,-76.48,60.7,2026-03-17,24.735273,83.672226,61.99
TEST_023864,vi,4G,Mumbai,16.44,3.1,-94.57,52.31,2026-05-27,22.054131,78.2962,50.78
TEST_023881,airtel,5G,Mumbai,60.61,32.94,-71.96,36.98,2026-04-28,22.457611,74.104137,94.13
TEST_023883,airtel,4G,Mumbai,31.52,5.57,-87.85,39.75,2026-04-03,16.408724,92.926886,68.84
TEST_023912,jio,4G,Mumbai,23.78,10.9,-77.26,36.93,2026-05-08,9.660731,85.491737,76.23
TEST_023920,airtel,4G,Mumbai,12.96,4.87,-81.42,35.91,2026-03-27,24.174086,75.01164,71.7
TEST_023921,airtel,5G,Mumbai,97.77,11.55,-92.32,38.31,2026-03-24,26.924868,84.474377,86.08
TEST_023922,jio,4G,Mumbai,28.6,8.14,-89.56,45.26,2026-03-18,33.463868,77.384831,62.71
TEST_023927,vi,4G,Mumbai,14.14,6.77,-86.45,77.67,2026-04-17,17.09217,79.209842,42.21
TEST_023937,airtel,5G,Mumbai,96.92,26.01,-84.78,37.53,2026-05-24,9.298826,80.403648,94.68
TEST_023946,jio,5G,Mumbai,129.28,22.74,-88.59,70.11,2026-04-03,22.107091,94.477014,75.65
TEST_023952,airtel,4G,Mumbai,13.67,7.02,-78.2,71.77,2026-04-24,10.344692,85.502925,47.01
TEST_023966,airtel,4G,Mumbai,24.42,4.13,-84.52,37.82,2026-03-05,8.166921,89.764192,70.29
TEST_023986,airtel,5G,Mumbai,75.13,14.66,-87.1,42.84,2026-03-31,32.215972,81.61683,78.64
TEST_023998,jio,5G,Mumbai,103.7,27.04,-85.56,45.18,2026-04-03,14.557282,81.842288,87.7
TEST_024007,airtel,5G,Mumbai,98.76,36.77,-106.42,46.38,2026-03-12,34.254883,95.91961,82.08
TEST_024017,airtel,4G,Mumbai,21.09,7.07,-120.0,84.83,2026-03-07,26.385289,81.704014,30.57
TEST_024061,airtel,4G,Mumbai,34.72,9.33,-83.22,39.43,2026-03-17,35.292709,94.346309,72.85
TEST_024062,jio,4G,Mumbai,18.96,12.11,-88.04,41.23,2026-04-10,35.135763,76.319203,66.63
TEST_024068,vi,4G,Mumbai,20.71,6.24,-67.22,41.73,2026-05-23,17.768845,87.125292,71.28
TEST_024072,airtel,5G,Mumbai,28.1,1.54,-65.99,38.13,2026-03-02,24.160169,95.979501,75.93
TEST_024074,jio,5G,Mumbai,76.24,30.1,-81.64,35.15,2026-04-25,28.999149,80.279986,96.02
TEST_024077,airtel,4G,Mumbai,27.88,3.09,-70.97,39.04,2026-05-20,33.899683,76.025765,73.63
TEST_024083,vi,5G,Mumbai,57.45,7.52,-84.46,64.15,2026-04-07,25.022693,77.437121,58.07
TEST_024084,jio,4G,Mumbai,31.1,8.2,-89.38,55.39,2026-04-18,27.484396,71.371048,55.58
TEST_024096,jio,4G,Mumbai,28.91,5.78,-62.39,47.49,2026-03-14,10.831385,85.321031,68.99
TEST_024099,airtel,5G,Mumbai,56.06,21.9,-83.92,48.15,2026-03-17,18.25931,80.593178,73.15
TEST_024108,airtel,5G,Mumbai,30.19,12.67,-71.96,51.33,2026-03-17,31.179155,78.292603,65.56
TEST_024146,jio,4G,Mumbai,21.56,8.11,-65.97,54.41,2026-05-20,21.553052,92.589726,61.85
TEST_024147,airtel,5G,Mumbai,42.53,17.23,-84.67,56.62,2026-03-15,27.914111,92.731937,62.21
TEST_024164,airtel,4G,Mumbai,27.19,6.8,-66.92,36.76,2026-04-05,30.885429,83.576584,79.18
TEST_024183,vi,4G,Mumbai,21.16,7.75,-85.06,36.44,2026-05-23,13.266237,79.573589,72.59
TEST_024184,jio,5G,Mumbai,102.68,33.37,-88.14,54.54,2026-04-10,32.91986,92.251647,81.61
TEST_024189,airtel,5G,Mumbai,72.65,23.37,-89.8,61.97,2026-03-13,20.490339,90.232539,66.49
TEST_024199,jio,4G,Mumbai,23.55,7.96,-65.33,40.11,2026-04-06,10.204353,87.805302,75.01
TEST_024213,jio,4G,Mumbai,24.19,8.3,-78.73,35.44,2026-03-07,25.746755,89.415358,77.04
TEST_024240,vi,5G,Mumbai,46.95,15.15,-82.9,52.26,2026-04-08,15.765743,84.539946,65.87
TEST_024251,airtel,5G,Mumbai,72.86,24.44,-74.22,42.55,2026-03-18,21.147794,80.951505,86.28
TEST_024260,airtel,4G,Mumbai,21.51,4.67,-83.16,47.44,2026-04-15,34.108425,68.365891,60.05
TEST_024262,jio,4G,Mumbai,30.37,6.34,-68.84,40.58,2026-03-25,26.904563,83.277243,74.22
TEST_024273,jio,4G,Mumbai,26.17,6.77,-94.23,69.67,2026-05-24,25.732188,79.911693,45.18
TEST_024282,jio,5G,Mumbai,107.7,23.36,-78.21,53.15,2026-03-10,20.160194,74.205911,83.33
TEST_024290,jio,4G,Mumbai,31.26,4.76,-84.47,66.99,2026-05-18,12.183621,92.326618,49.95
TEST_024292,airtel,5G,Mumbai,59.26,22.4,-85.23,42.59,2026-04-27,17.875626,69.634024,78.8
TEST_024294,jio,4G,Mumbai,26.81,8.91,-60.0,96.02,2026-03-28,29.999634,90.957142,49.82
TEST_024302,vi,5G,Mumbai,54.15,22.36,-72.33,40.69,2026-03-21,30.874427,79.119659,84.04
TEST_024311,vi,5G,Mumbai,59.21,19.79,-70.37,39.95,2026-05-14,15.530449,77.846248,85.75
TEST_024316,vi,5G,Mumbai,87.4,20.29,-60.0,41.53,2026-03-09,24.621033,77.287534,93.86
TEST_024319,vi,5G,Mumbai,90.92,19.23,-95.45,43.13,2026-03-13,13.982292,82.77663,80.74
TEST_024326,airtel,4G,Mumbai,19.58,8.1,-103.89,40.95,2026-03-30,32.891063,85.316324,60.35
TEST_024328,vi,5G,Mumbai,47.27,23.15,-87.54,59.52,2026-04-03,17.332762,89.385044,62.8
TEST_024331,vi,5G,Mumbai,58.8,13.92,-94.53,37.76,2026-04-24,29.506197,93.592596,78.24
TEST_024338,jio,4G,Mumbai,38.55,5.79,-100.18,41.08,2026-03-18,17.568994,72.247931,64.82
TEST_024342,jio,5G,Mumbai,113.94,35.79,-105.5,35.44,2026-04-15,23.217763,78.316107,98.09
TEST_024347,vi,4G,Mumbai,10.51,8.73,-91.2,77.12,2026-03-13,15.041749,93.167473,40.71
TEST_024354,jio,4G,Mumbai,26.07,4.55,-80.41,39.1,2026-05-04,30.449097,75.14301,70.53
TEST_024373,jio,4G,Mumbai,25.24,9.15,-70.25,35.69,2026-03-06,30.733206,73.310709,80.04
TEST_024381,vi,5G,Mumbai,65.87,12.55,-75.4,51.69,2026-04-14,17.962601,91.471928,72.05
TEST_024383,vi,5G,Mumbai,54.75,17.29,-78.72,83.55,2026-04-09,16.822078,72.583745,55.89
TEST_024414,airtel,5G,Mumbai,84.78,14.82,-72.56,38.44,2026-04-17,33.489526,87.919814,90.79
TEST_024427,vi,5G,Mumbai,63.55,30.51,-86.78,38.48,2026-04-29,19.702487,74.017499,86.96
TEST_024429,vi,5G,Mumbai,32.67,16.17,-79.74,52.12,2026-05-19,32.903416,81.838401,64.22
TEST_024446,vi,5G,Mumbai,44.34,24.72,-91.28,38.87,2026-04-20,27.721219,94.34293,78.58
TEST_024447,jio,5G,Mumbai,58.7,24.36,-96.72,38.43,2026-03-05,13.377573,93.479744,80.4
TEST_024453,airtel,4G,Mumbai,27.52,6.64,-99.37,40.01,2026-04-26,14.300584,80.383178,64.19
TEST_024474,airtel,4G,Mumbai,32.85,7.99,-68.99,35.31,2026-03-03,18.219207,86.377584,82.3
TEST_024487,jio,4G,Mumbai,23.56,5.08,-113.02,48.76,2026-04-02,17.144329,89.585922,49.61
TEST_024491,airtel,4G,Mumbai,17.89,6.23,-88.63,36.08,2026-04-16,9.511949,69.368819,70.64
TEST_024513,vi,5G,Mumbai,66.2,14.29,-90.38,117.18,2026-04-16,30.212463,95.587831,46.73
TEST_024515,vi,4G,Mumbai,14.35,4.37,-82.06,61.21,2026-03-31,31.149945,89.923491,49.58
TEST_024528,vi,4G,Mumbai,18.76,6.07,-60.0,53.55,2026-05-28,28.425131,74.828055,63.05
TEST_024536,vi,5G,Mumbai,64.6,24.89,-96.93,80.28,2026-03-24,20.493638,88.614077,55.72
TEST_024553,vi,5G,Mumbai,62.71,22.39,-104.43,55.07,2026-03-17,18.520074,87.356196,62.95
TEST_024554,airtel,4G,Mumbai,26.48,6.54,-95.7,67.62,2026-04-04,26.237369,69.240456,45.52
TEST_024570,jio,5G,Mumbai,59.59,26.35,-99.06,42.5,2026-04-18,32.149979,89.482582,75.79
TEST_024575,vi,5G,Mumbai,51.96,19.89,-74.72,42.23,2026-04-21,27.974576,74.100758,80.15
TEST_024585,vi,4G,Mumbai,18.81,6.64,-78.05,36.36,2026-03-16,30.412835,75.814173,74.12
TEST_024589,airtel,4G,Mumbai,21.63,6.7,-87.14,38.08,2026-03-10,26.792414,68.236382,69.38
TEST_024597,vi,5G,Mumbai,68.94,28.07,-69.97,45.8,2026-03-08,15.046852,89.153071,84.96
TEST_024602,jio,4G,Mumbai,36.94,7.57,-79.76,73.31,2026-04-17,31.09356,95.53981,51.3
TEST_024603,jio,5G,Mumbai,106.6,14.92,-64.42,49.63,2026-05-17,24.914334,87.625217,87.19
TEST_024604,vi,5G,Mumbai,78.04,29.56,-72.16,59.2,2026-03-08,17.384806,83.744189,77.28
TEST_024607,airtel,5G,Mumbai,56.57,31.72,-77.1,39.06,2026-05-01,10.386461,75.561857,88.34
TEST_024650,vi,4G,Mumbai,10.98,4.88,-88.69,59.51,2026-03-13,28.249396,73.619739,47.71
TEST_024686,airtel,4G,Mumbai,21.74,4.1,-84.25,46.67,2026-05-04,10.277802,72.462463,60.2
TEST_024698,vi,4G,Mumbai,20.29,7.01,-74.85,63.68,2026-04-24,31.069633,92.708472,53.04
TEST_024712,jio,4G,Mumbai,1.0,5.73,-60.0,53.02,2026-05-06,14.933453,68.723151,59.33
TEST_024715,vi,4G,Mumbai,14.31,5.84,-87.3,43.75,2026-05-18,30.034807,70.599387,60.9
TEST_024759,jio,4G,Mumbai,40.1,4.5,-87.76,39.92,2026-05-07,9.997654,88.503097,70.19
TEST_024760,airtel,4G,Mumbai,27.24,3.63,-60.0,83.65,2026-05-05,28.628648,92.352175,51.01
TEST_024767,vi,4G,Mumbai,3.45,4.82,-80.47,110.26,2026-05-17,16.391812,87.723333,33.67
TEST_024774,vi,5G,Mumbai,72.32,14.79,-84.66,47.14,2026-04-03,30.878082,72.972642,74.8
TEST_024779,jio,4G,Mumbai,23.95,12.58,-86.93,38.14,2026-04-19,35.202607,70.85459,72.02
TEST_024787,vi,5G,Mumbai,34.83,17.67,-66.21,41.15,2026-05-24,30.909516,88.711798,79.55
TEST_024788,vi,5G,Mumbai,61.44,20.9,-85.87,45.44,2026-04-05,30.423251,92.492815,75.71
TEST_024796,vi,5G,Mumbai,70.9,16.96,-64.98,40.48,2026-03-21,34.638459,90.61715,88.5
TEST_024800,airtel,4G,Mumbai,19.89,8.79,-72.27,45.29,2026-03-05,18.160041,81.901688,66.74
TEST_024808,jio,4G,Mumbai,26.38,10.08,-80.69,59.38,2026-04-05,20.938345,69.842771,55.76
TEST_024815,jio,4G,Mumbai,9.58,8.72,-69.54,52.53,2026-03-07,26.561179,72.351504,59.48
TEST_024826,airtel,4G,Mumbai,26.34,4.72,-60.0,38.45,2026-05-05,21.456801,76.22172,78.28
TEST_024827,vi,4G,Mumbai,11.05,5.03,-97.0,35.45,2026-05-29,28.457967,72.823233,66.82
TEST_024836,airtel,5G,Mumbai,30.87,26.28,-75.71,65.3,2026-05-04,10.002896,70.556701,61.34
TEST_024837,airtel,4G,Mumbai,16.06,6.65,-72.53,70.89,2026-04-23,34.474554,72.457701,49.63
TEST_024843,vi,5G,Mumbai,61.58,21.69,-86.46,40.78,2026-04-29,33.370759,78.798207,80.64
TEST_024852,jio,4G,Mumbai,32.01,6.84,-82.03,47.86,2026-03-08,22.373348,85.244963,63.2
TEST_024858,jio,4G,Mumbai,16.49,3.56,-103.28,61.24,2026-04-20,21.820679,71.068024,42.67
TEST_024864,vi,4G,Mumbai,12.17,7.93,-77.55,49.72,2026-05-23,29.895565,71.221383,59.17
TEST_024873,jio,4G,Mumbai,35.76,9.55,-91.1,41.88,2026-03-14,24.571,79.30418,67.71
TEST_024883,vi,4G,Mumbai,20.35,2.66,-78.37,50.25,2026-03-19,35.519717,77.579351,58.4
TEST_024889,jio,4G,Mumbai,43.11,8.8,-98.66,91.44,2026-03-07,11.31964,83.794418,41.55
TEST_024894,jio,4G,Mumbai,29.73,4.8,-71.88,48.87,2026-05-11,32.443173,73.140013,64.51
TEST_024899,vi,4G,Mumbai,18.96,7.59,-65.16,43.18,2026-05-05,12.500793,82.360763,70.53
TEST_024917,vi,4G,Mumbai,15.5,7.16,-94.38,55.72,2026-05-01,33.628528,73.007357,49.85
TEST_024932,vi,5G,Mumbai,33.87,20.28,-106.51,108.03,2026-05-08,22.004819,86.628865,37.74
TEST_024945,jio,4G,Mumbai,25.91,12.94,-85.38,40.6,2026-03-31,21.938113,72.891687,70.08
TEST_024957,vi,4G,Mumbai,16.6,6.17,-94.68,37.68,2026-04-12,19.508129,81.804994,66.08
TEST_024964,airtel,4G,Mumbai,22.57,8.56,-95.7,39.54,2026-05-15,16.999743,69.961412,65.57
TEST_024966,airtel,4G,Mumbai,14.02,4.79,-93.28,38.41,2026-04-05,14.092946,94.497587,64.52
TEST_024969,airtel,4G,Mumbai,14.09,8.18,-90.06,36.5,2026-03-11,26.100639,94.661705,69.42
TEST_024975,jio,4G,Mumbai,25.6,8.08,-73.51,36.72,2026-04-07,21.913788,81.761505,77.15
TEST_024983,airtel,5G,Mumbai,64.87,29.49,-100.37,66.83,2026-03-29,28.943069,92.763902,61.18
TEST_024984,airtel,4G,Mumbai,30.59,5.11,-87.53,37.51,2026-03-04,34.165223,72.94584,71.43
TEST_025002,airtel,4G,Mumbai,22.66,7.91,-89.62,42.48,2026-05-19,16.585289,84.49794,64.04
TEST_025003,jio,4G,Mumbai,29.13,7.39,-83.37,39.84,2026-04-11,14.530103,79.918428,70.35
TEST_025013,jio,4G,Mumbai,18.94,7.84,-94.54,50.1,2026-05-26,23.109597,70.022812,54.69
TEST_025029,airtel,4G,Mumbai,12.75,7.04,-60.0,39.26,2026-03-18,17.845478,84.448099,75.07
TEST_025030,jio,4G,Mumbai,18.74,8.16,-72.86,43.48,2026-03-27,25.219312,85.412619,67.81
TEST_025049,airtel,5G,Mumbai,94.23,25.36,-69.96,95.33,2026-03-08,22.926614,86.967916,67.64
TEST_025052,jio,5G,Mumbai,105.71,27.08,-102.14,50.81,2026-04-20,28.839144,84.32526,77.93
TEST_025054,airtel,4G,Mumbai,22.65,5.33,-89.02,67.96,2026-04-29,31.400301,94.269664,46.31
TEST_025072,jio,5G,Mumbai,61.71,17.37,-69.08,62.05,2026-03-26,20.963575,85.038083,68.74
TEST_025076,airtel,5G,Mumbai,56.49,26.66,-93.82,42.66,2026-04-27,33.361302,95.956348,76.79
TEST_025115,vi,4G,Mumbai,11.14,3.39,-88.54,72.15,2026-03-10,28.647495,76.104232,41.54
TEST_025116,vi,4G,Mumbai,21.55,6.75,-94.56,44.71,2026-04-10,15.89013,75.259378,59.48
TEST_025121,vi,4G,Mumbai,23.36,4.34,-75.38,79.74,2026-04-20,10.794991,79.675136,46.42
TEST_025146,airtel,4G,Mumbai,18.95,3.04,-78.98,49.57,2026-05-09,21.259073,82.631996,58.55
TEST_025168,airtel,5G,Mumbai,73.73,18.04,-92.74,40.96,2026-04-05,9.625258,87.815627,79.72
TEST_025178,vi,4G,Mumbai,14.78,10.33,-82.2,38.39,2026-05-01,19.591694,70.636757,70.42
TEST_025191,jio,4G,Mumbai,15.62,13.31,-83.49,41.63,2026-05-12,8.699882,93.223941,67.39
TEST_025199,jio,5G,Mumbai,98.38,10.34,-84.98,40.61,2026-04-06,14.185301,80.066845,85.41
TEST_025203,airtel,5G,Mumbai,48.44,7.08,-77.35,37.46,2026-04-14,26.054704,82.504765,79.58
TEST_025219,jio,5G,Mumbai,79.65,15.72,-92.82,50.24,2026-03-14,23.016134,91.839454,71.54
TEST_025232,airtel,4G,Mumbai,19.94,9.17,-92.65,50.33,2026-03-18,14.688903,71.459167,55.85
TEST_025235,vi,5G,Mumbai,55.19,17.53,-83.43,43.48,2026-03-23,15.124079,94.458235,75.81
TEST_025238,vi,5G,Mumbai,52.17,17.44,-87.16,35.29,2026-03-26,14.717075,94.790736,84.01
TEST_025239,jio,4G,Mumbai,14.9,7.62,-75.86,46.32,2026-05-30,21.674291,70.314734,63.06
TEST_025240,jio,4G,Mumbai,26.61,10.5,-86.01,40.34,2026-05-09,13.879079,76.26985,69.45
TEST_025247,airtel,5G,Mumbai,73.7,24.88,-83.19,53.43,2026-03-10,21.609461,70.182213,74.46
TEST_025259,jio,4G,Mumbai,22.87,11.19,-66.29,38.84,2026-04-11,20.069599,82.934708,77.26
TEST_025261,vi,4G,Mumbai,12.48,8.6,-82.21,70.0,2026-03-15,30.237802,79.70667,46.67
TEST_025271,jio,4G,Mumbai,7.65,3.56,-86.13,53.68,2026-05-12,16.120272,85.095614,50.86
TEST_025272,airtel,5G,Mumbai,62.82,24.28,-89.43,35.41,2026-04-13,27.832576,80.78648,87.92
TEST_025285,vi,5G,Mumbai,82.27,16.09,-90.92,41.91,2026-03-16,25.473676,81.93752,80.47
TEST_025288,airtel,5G,Mumbai,75.1,16.13,-97.8,35.58,2026-05-07,18.335663,69.663676,84.66
TEST_025289,airtel,4G,Mumbai,17.99,6.18,-81.53,37.81,2026-03-22,33.756685,75.478457,70.61
TEST_025295,jio,4G,Mumbai,8.88,9.66,-79.0,38.45,2026-05-27,34.612064,75.114804,69.85
TEST_025308,vi,5G,Mumbai,71.32,13.34,-109.78,71.84,2026-03-14,20.02276,86.573561,51.59
TEST_025328,jio,4G,Mumbai,29.0,5.78,-90.08,56.91,2026-05-02,28.74275,70.523714,53.07
TEST_025336,vi,5G,Mumbai,75.96,14.59,-102.89,38.95,2026-04-19,16.366759,90.796852,77.98
TEST_025338,airtel,5G,Mumbai,55.1,26.54,-92.75,54.28,2026-03-29,31.661158,91.137322,67.17
TEST_025347,vi,4G,Mumbai,11.02,1.95,-75.52,58.35,2026-05-11,16.699544,91.627334,51.69
TEST_025348,jio,4G,Mumbai,32.38,3.86,-109.44,41.82,2026-05-29,20.260699,71.92569,58.84
TEST_025372,airtel,4G,Mumbai,19.51,2.14,-91.53,50.03,2026-04-02,19.65338,68.056546,53.81
TEST_025380,airtel,5G,Mumbai,81.69,19.89,-65.65,42.28,2026-03-28,26.759627,93.157946,89.74
TEST_025383,vi,5G,Mumbai,58.04,19.55,-88.33,56.69,2026-03-25,32.597697,87.758905,65.25
TEST_025406,jio,5G,Mumbai,90.57,25.79,-81.95,56.09,2026-04-24,22.095128,78.520114,77.25
TEST_025411,jio,5G,Mumbai,81.08,15.45,-104.66,57.41,2026-04-18,14.277622,81.754456,63.02
TEST_025451,vi,4G,Mumbai,20.13,8.09,-77.64,70.19,2026-05-07,15.674282,82.60813,49.63
TEST_025453,airtel,5G,Mumbai,97.03,29.91,-83.11,44.76,2026-03-08,19.862815,91.98083,88.47
TEST_025460,airtel,5G,Mumbai,61.91,19.2,-81.89,35.26,2026-04-10,25.467404,76.01374,88.62
TEST_025479,vi,4G,Mumbai,10.6,6.54,-60.0,41.43,2026-03-24,13.254644,95.177607,71.87
TEST_025500,jio,5G,Mumbai,70.19,16.24,-68.27,48.41,2026-04-19,27.497988,76.571038,79.25
TEST_025515,jio,4G,Mumbai,10.38,4.58,-98.8,62.97,2026-03-24,35.575344,68.357353,42.31
TEST_025516,airtel,4G,Mumbai,28.79,7.72,-82.18,42.06,2026-04-25,35.999053,85.242765,68.27
TEST_025521,airtel,5G,Mumbai,113.68,27.52,-71.02,82.52,2026-05-04,30.529461,83.085504,75.58
TEST_025532,airtel,4G,Mumbai,16.4,8.51,-85.33,45.76,2026-04-05,18.329273,79.600459,61.07
TEST_025540,jio,4G,Mumbai,33.95,9.99,-95.01,37.07,2026-05-30,16.173342,88.894759,72.05
TEST_025559,airtel,4G,Mumbai,32.62,6.86,-89.73,60.69,2026-04-09,26.767369,80.09822,52.27
TEST_025560,airtel,4G,Mumbai,16.38,7.1,-60.1,39.06,2026-05-24,25.612082,72.059846,76.12
TEST_025567,airtel,4G,Mumbai,28.94,2.8,-87.93,35.14,2026-05-24,8.898102,74.572274,73.49
TEST_025603,jio,5G,Mumbai,67.05,28.72,-72.33,49.87,2026-03-09,8.205392,79.954813,80.56
TEST_025615,vi,4G,Mumbai,16.08,6.16,-80.77,54.91,2026-05-17,10.785028,87.130142,54.67
TEST_025616,airtel,4G,Mumbai,17.7,3.37,-82.56,36.91,2026-03-17,16.720446,68.398102,70.4
TEST_025628,vi,5G,Mumbai,49.36,26.8,-69.14,39.77,2026-05-18,10.701618,75.095438,86.73
TEST_025635,vi,5G,Mumbai,74.63,13.32,-80.43,47.86,2026-05-16,20.391124,78.69117,75.58
TEST_025642,jio,4G,Mumbai,11.37,9.38,-107.22,38.0,2026-03-19,12.781116,82.680178,61.48
TEST_025643,vi,4G,Mumbai,18.91,7.45,-95.25,42.06,2026-03-06,15.538361,80.363734,61.61
TEST_025663,vi,4G,Mumbai,14.0,4.29,-90.47,43.42,2026-05-27,34.770781,76.302222,59.54
TEST_025671,airtel,5G,Mumbai,98.0,30.61,-66.81,82.17,2026-04-25,24.628784,92.574885,74.72
TEST_025676,airtel,4G,Mumbai,20.93,8.88,-82.13,40.28,2026-05-28,29.11933,82.006302,68.96
TEST_025683,jio,5G,Mumbai,94.67,31.6,-105.12,49.84,2026-05-28,34.450179,74.788902,76.86
TEST_025691,jio,5G,Mumbai,115.5,19.79,-77.51,41.41,2026-03-28,34.27662,95.425373,94.23
TEST_025693,vi,5G,Mumbai,58.89,17.44,-105.31,35.88,2026-05-06,15.512604,77.90448,78.57
TEST_025696,airtel,5G,Mumbai,71.93,22.48,-97.46,52.4,2026-04-24,27.329567,88.366294,69.15
TEST_025717,vi,5G,Mumbai,56.35,16.14,-89.9,54.42,2026-05-01,26.103837,70.944084,64.53
TEST_025723,jio,4G,Mumbai,14.31,2.12,-74.93,42.51,2026-04-29,24.607837,85.659105,64.95
TEST_025729,airtel,5G,Mumbai,112.94,13.52,-98.82,35.39,2026-04-15,25.611356,88.842573,92.09
TEST_025730,airtel,4G,Mumbai,20.63,8.11,-85.17,43.93,2026-05-13,10.257574,94.475614,63.66
TEST_025744,airtel,5G,Mumbai,76.63,17.9,-76.01,47.32,2026-04-13,9.654428,71.936289,79.62
TEST_025764,vi,4G,Mumbai,11.96,6.68,-78.1,64.08,2026-04-21,13.924925,77.60029,49.79
TEST_025780,airtel,4G,Mumbai,24.79,9.79,-109.95,40.85,2026-05-06,18.889424,79.118551,60.21
TEST_025787,jio,5G,Mumbai,95.06,30.59,-97.75,50.98,2026-05-14,26.284621,83.627128,78.17
TEST_025795,airtel,5G,Mumbai,91.77,34.82,-72.82,54.78,2026-04-17,24.209799,78.626126,84.66
TEST_025824,vi,5G,Mumbai,92.35,17.34,-98.69,144.14,2026-05-14,26.717565,89.996584,47.75
TEST_025833,airtel,5G,Mumbai,85.44,25.47,-86.39,56.52,2026-03-03,18.811637,94.037829,74.25
TEST_025847,vi,4G,Mumbai,15.08,6.53,-85.26,39.91,2026-05-08,9.905353,73.357796,66.2
TEST_025854,airtel,4G,Mumbai,22.9,5.58,-98.45,56.46,2026-03-08,35.583767,75.81466,49.12
TEST_025864,jio,4G,Mumbai,19.23,7.66,-98.53,40.27,2026-04-18,25.480863,82.168542,62.68
TEST_025873,airtel,5G,Mumbai,114.28,29.98,-94.35,67.18,2026-05-09,28.697994,88.745305,74.22
TEST_025911,vi,4G,Mumbai,8.63,5.53,-88.83,35.19,2026-04-30,17.770908,70.386278,69.58
TEST_025918,jio,5G,Mumbai,96.88,27.56,-94.6,37.4,2026-04-28,25.049678,71.185039,92.13
TEST_025940,airtel,5G,Mumbai,72.71,24.56,-81.19,41.43,2026-04-15,27.208191,72.861334,85.18
TEST_025950,airtel,4G,Mumbai,33.1,8.64,-81.91,39.4,2026-03-24,20.183041,77.129005,72.71
TEST_025961,airtel,4G,Mumbai,22.67,3.13,-86.16,39.29,2026-04-24,8.739926,77.572071,67.11
TEST_025969,jio,4G,Mumbai,39.52,10.67,-91.91,36.07,2026-03-24,16.769598,75.860037,75.99
TEST_025972,jio,5G,Mumbai,88.98,17.94,-78.29,103.38,2026-03-27,15.496054,76.92095,59.4
TEST_025981,jio,4G,Mumbai,13.87,6.64,-81.42,40.55,2026-04-30,34.344908,92.025741,66.49
TEST_026003,vi,4G,Mumbai,14.69,5.71,-83.57,43.43,2026-04-22,8.824449,79.660504,62.5
TEST_026005,airtel,4G,Mumbai,34.68,8.03,-113.29,41.54,2026-04-17,22.569106,92.166993,59.89
TEST_026047,jio,4G,Mumbai,18.81,11.51,-90.18,97.22,2026-03-22,8.310614,76.396643,38.67
TEST_026077,jio,4G,Mumbai,23.31,3.85,-79.81,41.63,2026-05-12,30.471922,80.492541,66.9
TEST_026079,airtel,4G,Mumbai,11.86,6.2,-90.57,46.34,2026-05-26,18.309954,80.710991,56.95
TEST_026096,jio,5G,Mumbai,58.73,20.27,-97.23,44.26,2026-03-23,31.545756,90.867443,72.22
TEST_026109,vi,5G,Mumbai,42.78,24.04,-112.1,43.57,2026-04-07,25.725131,82.171163,65.76
TEST_026112,vi,4G,Mumbai,15.0,8.23,-60.0,48.14,2026-05-05,19.441677,71.847647,67.03
TEST_026113,jio,5G,Mumbai,113.05,25.07,-80.12,55.8,2026-05-16,27.047359,95.78882,82.79
TEST_026115,jio,4G,Mumbai,28.75,7.26,-81.12,50.98,2026-05-27,25.271354,73.53327,60.48
TEST_026136,airtel,4G,Mumbai,22.23,6.54,-95.53,71.68,2026-03-10,11.710684,85.327514,43.0
TEST_026161,vi,5G,Mumbai,71.22,18.47,-95.28,53.03,2026-05-24,11.181457,73.092638,67.82
TEST_026170,vi,4G,Mumbai,14.66,5.76,-75.51,53.88,2026-03-28,27.533581,94.222304,56.63
TEST_026171,jio,4G,Mumbai,32.17,6.37,-90.35,43.96,2026-04-10,8.08744,76.576584,63.85
TEST_026188,airtel,4G,Mumbai,23.05,9.05,-86.89,94.94,2026-04-14,22.062447,92.6125,40.3
TEST_026189,jio,5G,Mumbai,90.37,26.21,-84.5,45.89,2026-04-10,16.767202,79.347942,84.13
TEST_026204,vi,5G,Mumbai,84.45,22.72,-79.39,75.81,2026-04-03,17.629439,85.039047,66.63
TEST_026208,vi,4G,Mumbai,5.79,4.34,-85.23,106.04,2026-04-20,26.386136,93.544035,33.14
TEST_026209,jio,4G,Mumbai,28.67,8.97,-88.28,39.71,2026-03-14,13.666631,88.134719,69.34
TEST_026210,jio,5G,Mumbai,116.35,27.06,-80.17,44.43,2026-05-17,15.02543,68.055759,93.04
TEST_026239,jio,4G,Mumbai,13.11,9.48,-98.03,36.82,2026-04-27,29.785062,77.633945,66.57
TEST_026243,vi,4G,Mumbai,21.2,5.71,-60.0,38.61,2026-05-09,9.560565,93.526847,77.29
TEST_026250,airtel,5G,Mumbai,96.05,25.46,-108.54,59.34,2026-05-27,32.688741,76.088622,67.6
TEST_026260,vi,4G,Mumbai,15.84,8.87,-60.0,71.42,2026-05-07,8.790927,73.513629,54.36
TEST_026281,vi,4G,Mumbai,17.05,7.48,-101.54,50.65,2026-03-11,31.253951,82.246072,51.39
TEST_026285,airtel,4G,Mumbai,12.88,5.16,-85.56,53.42,2026-05-02,19.759353,94.440903,52.97
TEST_026289,vi,5G,Mumbai,55.84,25.55,-78.54,37.55,2026-03-23,27.772847,92.472256,87.41
TEST_026296,jio,4G,Mumbai,28.13,4.25,-84.37,67.98,2026-03-03,27.317752,72.89712,48.68
TEST_026326,jio,4G,Mumbai,21.95,8.58,-94.37,35.48,2026-04-05,11.760905,95.389311,71.37
TEST_026332,airtel,5G,Mumbai,26.34,23.69,-79.83,48.81,2026-03-10,16.737496,81.42635,68.01
TEST_026351,jio,5G,Mumbai,125.95,21.74,-101.87,45.58,2026-05-26,10.076729,89.373668,84.93
TEST_026372,jio,5G,Mumbai,51.53,32.73,-73.86,90.65,2026-05-11,13.020245,74.084902,60.56
TEST_026387,jio,4G,Mumbai,31.26,6.88,-78.45,44.23,2026-05-12,21.370891,83.181639,67.53
TEST_026392,vi,4G,Mumbai,12.99,7.15,-96.0,63.34,2026-04-19,23.748755,81.500587,44.57
TEST_026395,airtel,5G,Mumbai,68.01,22.39,-89.31,60.28,2026-05-11,18.445146,84.583586,66.14
TEST_026396,airtel,5G,Mumbai,68.28,16.48,-60.0,73.35,2026-04-06,33.507145,88.357231,68.09
TEST_026409,vi,4G,Mumbai,26.87,4.68,-79.82,42.65,2026-03-26,8.237848,69.313412,66.9
TEST_026410,vi,5G,Mumbai,54.74,23.69,-68.71,35.3,2026-04-28,27.631282,92.943095,92.98
TEST_026438,vi,4G,Mumbai,13.59,8.63,-87.0,53.16,2026-05-02,18.348814,70.361247,54.09
TEST_026446,jio,4G,Mumbai,27.22,7.08,-67.3,55.87,2026-03-21,15.02174,84.447124,61.37
TEST_026453,jio,5G,Mumbai,140.7,28.86,-95.36,85.25,2026-03-01,14.131283,79.708726,73.22
TEST_026467,airtel,5G,Mumbai,103.99,17.16,-78.95,35.09,2026-05-14,33.328869,85.16009,98.49
TEST_026481,vi,4G,Mumbai,11.21,2.54,-86.25,38.29,2026-03-24,30.872294,74.488265,65.57
TEST_026498,jio,5G,Mumbai,56.3,31.35,-87.36,66.86,2026-03-04,20.121119,84.916486,64.27
TEST_026513,airtel,5G,Mumbai,62.79,12.24,-81.19,42.34,2026-03-14,19.984831,88.561111,77.51
TEST_026520,jio,4G,Mumbai,16.64,6.69,-72.53,81.33,2026-03-18,23.01862,88.623187,46.25
TEST_026521,vi,5G,Mumbai,50.84,26.59,-89.63,71.04,2026-03-31,9.121511,86.003745,58.86
TEST_026522,airtel,5G,Mumbai,61.86,19.4,-79.78,40.48,2026-05-29,33.284818,72.771306,82.44
TEST_026529,jio,5G,Mumbai,103.47,17.4,-64.34,42.27,2026-03-05,10.084353,88.292903,94.14
TEST_026539,airtel,4G,Mumbai,37.11,5.93,-115.21,79.0,2026-04-11,26.945122,85.480194,37.02
TEST_026550,jio,4G,Mumbai,27.96,9.77,-91.47,45.18,2026-03-07,32.552214,76.636809,62.59
TEST_026551,airtel,4G,Mumbai,21.37,7.94,-112.5,54.7,2026-03-27,9.626696,73.3717,46.05
TEST_026553,jio,5G,Mumbai,103.17,22.29,-76.75,62.1,2026-05-11,31.625379,72.581829,77.18
TEST_026559,jio,4G,Mumbai,25.62,9.76,-76.41,45.66,2026-03-29,30.321236,92.329288,66.64
TEST_026570,airtel,4G,Mumbai,22.7,5.78,-89.41,38.56,2026-03-29,23.405937,73.658897,67.91
TEST_026571,jio,5G,Mumbai,105.69,37.39,-84.78,35.54,2026-03-31,11.355899,87.273374,103.59
TEST_026578,airtel,4G,Mumbai,13.73,7.68,-92.03,39.19,2026-03-11,17.11651,72.674496,64.93
TEST_026579,jio,4G,Mumbai,23.27,8.33,-108.4,41.31,2026-03-24,24.556821,81.821501,59.34
TEST_026581,airtel,5G,Mumbai,81.92,24.01,-90.97,61.26,2026-03-28,10.147887,89.057234,68.76
TEST_026584,vi,5G,Mumbai,74.17,28.96,-98.85,101.54,2026-04-07,10.822456,91.753757,53.59
TEST_026599,vi,5G,Mumbai,25.04,8.69,-93.86,38.88,2026-04-10,25.089767,78.986029,67.6
TEST_026606,jio,4G,Mumbai,23.23,3.87,-98.98,46.77,2026-05-19,20.700393,68.797746,55.45
TEST_026616,jio,4G,Mumbai,21.39,5.08,-84.87,38.04,2026-03-23,26.815635,86.447298,69.55
TEST_026633,jio,5G,Mumbai,92.82,32.94,-85.0,103.97,2026-04-28,25.818077,95.368416,63.35
TEST_026640,vi,5G,Mumbai,50.1,14.84,-60.0,43.36,2026-04-30,29.369701,82.714569,81.63
TEST_026645,airtel,4G,Mumbai,30.14,8.3,-108.99,35.82,2026-03-14,24.723456,75.144257,67.71
TEST_026662,vi,5G,Mumbai,35.28,3.28,-91.71,39.15,2026-03-10,22.67167,86.917542,68.29
TEST_026672,jio,4G,Mumbai,31.81,4.55,-73.83,40.39,2026-04-03,35.645306,73.051264,72.45
TEST_026675,vi,5G,Mumbai,87.66,16.42,-92.86,55.62,2026-04-21,20.669856,70.685913,69.86
TEST_026684,jio,4G,Mumbai,21.71,6.46,-90.28,36.69,2026-03-01,13.461958,85.338876,70.15
TEST_026712,airtel,5G,Mumbai,80.89,28.34,-62.5,47.57,2026-04-27,27.42069,78.546822,88.65
TEST_026740,jio,5G,Mumbai,38.86,19.69,-99.01,38.09,2026-05-20,16.159274,73.082069,73.96
TEST_026749,jio,5G,Mumbai,62.56,17.26,-78.33,57.84,2026-03-15,16.474093,79.982864,68.08
TEST_026758,jio,5G,Mumbai,37.32,21.27,-87.82,76.61,2026-03-29,35.20717,71.49723,52.53
TEST_026779,airtel,4G,Mumbai,19.44,7.21,-94.42,54.71,2026-03-30,17.245999,86.688476,51.37
TEST_026780,airtel,4G,Mumbai,32.99,9.17,-78.24,88.5,2026-04-28,16.608767,78.441092,46.94
TEST_026796,airtel,4G,Mumbai,26.18,4.35,-81.89,35.33,2026-03-02,16.388765,91.433635,75.16
TEST_026802,jio,4G,Mumbai,21.38,6.19,-71.74,36.65,2026-04-20,25.626879,70.794552,76.22
TEST_026810,vi,4G,Mumbai,13.08,6.51,-86.73,42.6,2026-03-29,12.099218,93.137958,62.24
TEST_026814,vi,5G,Mumbai,15.0,26.45,-88.75,46.69,2026-04-20,35.079264,87.722868,65.29
TEST_026815,jio,5G,Mumbai,61.84,29.92,-87.77,35.69,2026-05-02,11.470828,69.350613,89.89
TEST_026829,jio,4G,Mumbai,22.23,8.09,-87.61,76.94,2026-04-04,22.31734,73.942406,44.35
TEST_026834,jio,4G,Mumbai,25.05,4.82,-98.22,42.84,2026-04-13,29.282082,74.331078,60.21
TEST_026840,jio,5G,Mumbai,128.21,32.51,-89.54,85.13,2026-05-01,26.931029,83.731257,73.73
TEST_026844,airtel,5G,Mumbai,67.59,20.22,-83.87,40.91,2026-05-22,18.643084,92.212395,82.16
TEST_026847,airtel,4G,Mumbai,28.39,4.9,-101.91,41.84,2026-04-03,33.66765,78.124861,60.82
TEST_026848,vi,4G,Mumbai,5.6,6.33,-95.77,39.82,2026-03-20,9.006067,77.162669,60.62
TEST_026868,vi,5G,Mumbai,52.22,18.6,-116.01,53.6,2026-04-29,30.272808,72.400723,56.34
TEST_026883,airtel,5G,Mumbai,105.85,8.89,-82.43,35.08,2026-05-01,22.732701,80.266608,94.76
TEST_026894,vi,5G,Mumbai,45.09,18.83,-61.53,36.55,2026-05-01,16.803748,85.134371,89.63
TEST_026901,airtel,5G,Mumbai,74.17,13.53,-95.74,111.22,2026-03-11,21.101631,78.774343,47.34
TEST_026904,airtel,4G,Mumbai,13.79,6.56,-81.15,41.99,2026-04-30,26.283913,89.335019,64.92
TEST_026905,jio,4G,Mumbai,22.28,9.7,-60.0,35.87,2026-04-26,28.594486,83.265703,82.73
TEST_026907,vi,4G,Mumbai,24.55,2.91,-80.82,35.3,2026-04-09,35.60365,85.760901,74.68
TEST_026910,airtel,4G,Mumbai,17.25,7.99,-86.37,53.15,2026-05-07,14.34346,68.451717,54.89
TEST_026965,vi,4G,Mumbai,19.85,8.21,-97.05,41.19,2026-03-27,20.974003,74.373687,62.46
TEST_026970,jio,5G,Mumbai,34.34,6.31,-90.89,43.01,2026-03-30,30.735072,93.419947,65.09
TEST_026997,jio,5G,Mumbai,110.41,13.6,-74.13,48.63,2026-04-27,20.913082,81.50963,85.12
TEST_027014,airtel,4G,Mumbai,1.0,6.08,-105.01,63.12,2026-04-29,13.579457,82.70854,38.62
TEST_027019,airtel,5G,Mumbai,83.94,9.05,-74.58,44.06,2026-03-03,35.99983,77.013757,81.51
TEST_027029,vi,5G,Mumbai,63.27,12.26,-82.09,46.78,2026-03-31,31.0087,76.800346,73.04
TEST_027037,vi,4G,Mumbai,17.35,4.53,-80.38,35.45,2026-05-10,13.918967,71.737879,73.59
TEST_027043,vi,4G,Mumbai,16.4,5.21,-85.46,45.5,2026-03-05,32.377268,82.738282,60.07
TEST_027053,jio,4G,Mumbai,26.54,8.01,-106.76,63.25,2026-03-25,28.050445,93.508956,44.36
TEST_027058,jio,4G,Mumbai,28.22,6.6,-65.66,45.06,2026-03-18,24.843531,90.416106,70.22
TEST_027060,vi,4G,Mumbai,12.49,1.25,-61.78,48.27,2026-03-15,30.998872,92.559925,63.24
TEST_027063,jio,4G,Mumbai,19.3,8.88,-77.13,60.05,2026-03-08,14.591593,91.560006,54.57
TEST_027064,vi,5G,Mumbai,57.62,25.4,-100.19,67.12,2026-05-02,13.554683,70.814609,58.02
TEST_027072,vi,5G,Mumbai,88.3,15.77,-94.56,35.87,2026-03-15,25.873707,92.691367,88.12
TEST_027074,jio,5G,Mumbai,92.96,34.62,-84.47,41.67,2026-03-21,32.548319,68.437833,91.99
TEST_027077,airtel,5G,Mumbai,74.2,23.86,-82.59,63.01,2026-04-27,11.330691,71.550129,68.9
TEST_027078,vi,5G,Mumbai,28.53,29.56,-92.28,87.81,2026-03-31,34.307743,68.6201,48.84
TEST_027081,jio,4G,Mumbai,38.15,10.84,-102.4,38.56,2026-03-25,17.020536,74.222078,68.86
TEST_027087,vi,4G,Mumbai,16.73,5.25,-91.09,44.48,2026-04-07,27.050285,84.238484,59.24
TEST_027102,airtel,5G,Mumbai,31.12,17.27,-93.34,39.79,2026-03-12,31.660365,95.850809,71.12
TEST_027135,jio,5G,Mumbai,75.43,25.06,-99.02,61.67,2026-04-15,22.45032,75.415981,64.8
TEST_027145,vi,4G,Mumbai,18.95,5.78,-104.1,40.43,2026-03-17,8.552189,91.012242,59.89
TEST_027162,airtel,5G,Mumbai,71.55,28.4,-94.66,39.74,2026-05-05,30.37688,82.74207,83.78
TEST_027165,jio,4G,Mumbai,29.94,8.98,-106.04,39.39,2026-05-12,24.533287,70.653507,64.1
TEST_027166,airtel,5G,Mumbai,42.14,18.76,-73.49,52.8,2026-05-08,30.133016,88.406586,68.87
TEST_027180,jio,4G,Mumbai,42.68,5.05,-96.55,90.9,2026-03-23,24.865683,89.983326,40.92
TEST_027193,vi,5G,Mumbai,24.61,22.09,-78.72,81.98,2026-05-21,12.187479,91.600446,51.36
TEST_027223,jio,4G,Mumbai,27.06,8.34,-73.19,39.09,2026-04-23,16.915188,81.332982,74.55
TEST_027225,airtel,4G,Mumbai,24.28,9.22,-71.58,36.89,2026-05-28,17.288277,92.86751,77.68
TEST_027241,jio,5G,Mumbai,88.02,27.68,-69.41,92.2,2026-05-24,11.649221,77.861991,67.98
TEST_027255,jio,4G,Mumbai,31.68,7.09,-92.68,54.39,2026-05-12,24.694936,70.130053,54.84
TEST_027266,jio,5G,Mumbai,80.32,18.47,-60.0,46.72,2026-05-09,11.979462,82.078999,86.51
TEST_027270,vi,5G,Mumbai,70.73,21.75,-90.5,49.57,2026-03-16,27.681569,77.911755,73.03
TEST_027271,vi,5G,Mumbai,80.33,25.05,-108.21,39.89,2026-04-21,8.770579,95.997773,79.83
TEST_027280,airtel,4G,Mumbai,25.86,7.68,-64.55,43.04,2026-05-16,10.328039,95.031648,72.44
TEST_027285,vi,4G,Mumbai,15.69,7.65,-82.15,50.72,2026-03-09,30.808389,90.161018,57.56
TEST_027323,vi,5G,Mumbai,47.41,14.05,-87.01,49.34,2026-04-06,8.971465,75.447291,66.39
TEST_027327,airtel,4G,Mumbai,17.01,7.37,-73.58,39.5,2026-04-22,35.347237,87.697976,71.32
TEST_027334,jio,4G,Mumbai,30.07,7.89,-85.71,36.76,2026-03-26,20.506462,92.803341,73.96
TEST_027343,airtel,4G,Mumbai,30.21,10.01,-82.66,37.98,2026-03-17,8.533969,76.18071,74.12
TEST_027349,airtel,5G,Mumbai,67.1,22.86,-103.04,38.95,2026-05-29,18.963844,94.349375,78.96
TEST_027368,airtel,4G,Mumbai,24.72,6.76,-87.76,36.76,2026-03-12,29.295939,80.561295,71.67
TEST_027388,jio,4G,Mumbai,26.8,6.54,-78.28,35.14,2026-05-06,34.693118,95.579497,77.59
TEST_027397,airtel,4G,Mumbai,20.87,9.43,-75.28,35.92,2026-03-03,27.160816,84.587176,77.15
TEST_027401,airtel,4G,Mumbai,10.08,9.78,-94.62,50.28,2026-05-28,18.58242,89.165062,53.26
TEST_027412,vi,4G,Mumbai,20.11,5.17,-75.64,77.31,2026-05-02,13.190712,84.252921,46.68
TEST_027429,vi,5G,Mumbai,65.98,15.47,-61.08,39.03,2026-04-28,21.886209,69.542129,89.91
TEST_027431,jio,4G,Mumbai,18.22,7.87,-82.21,47.63,2026-04-12,8.554528,74.632609,60.64
TEST_027434,vi,5G,Mumbai,48.09,16.65,-85.65,35.62,2026-03-13,10.3168,78.612995,82.82
TEST_027440,jio,5G,Mumbai,37.51,23.96,-68.7,41.13,2026-04-22,13.581874,71.426077,81.62
TEST_027476,vi,5G,Mumbai,41.4,19.18,-60.67,42.98,2026-04-24,27.204231,89.263797,81.43
TEST_027492,airtel,5G,Mumbai,83.46,18.67,-103.23,51.54,2026-04-28,30.936031,92.557156,69.02
TEST_027503,jio,4G,Mumbai,33.57,8.9,-101.36,36.88,2026-04-11,19.800444,88.208105,69.72
TEST_027504,jio,5G,Mumbai,80.04,17.32,-101.93,35.86,2026-03-23,33.85548,91.451856,84.4
TEST_027519,jio,4G,Mumbai,32.03,8.54,-78.26,38.36,2026-05-26,26.086862,82.826866,74.96
TEST_027531,airtel,5G,Mumbai,103.17,12.87,-92.43,40.41,2026-03-21,22.410109,94.907428,85.14
TEST_027539,vi,4G,Mumbai,16.51,5.1,-75.6,40.39,2026-03-28,21.665049,92.978988,68.65
TEST_027558,jio,5G,Mumbai,103.48,22.45,-100.82,36.63,2026-05-29,31.370393,77.554498,90.74
TEST_027576,jio,4G,Mumbai,30.07,10.78,-83.3,41.35,2026-04-03,28.678397,80.797422,70.07
TEST_027587,vi,4G,Mumbai,6.08,9.75,-96.71,37.19,2026-05-05,33.346704,89.779975,65.03
TEST_027589,airtel,4G,Mumbai,16.99,2.63,-93.82,36.32,2026-04-19,22.605364,95.797391,67.06
TEST_027597,vi,5G,Mumbai,58.32,13.21,-73.06,68.89,2026-04-03,20.769225,71.640072,62.05
TEST_027623,airtel,4G,Mumbai,22.83,10.02,-87.64,40.38,2026-05-27,32.883299,79.436836,67.84
TEST_027631,airtel,5G,Mumbai,82.44,17.14,-99.13,62.25,2026-04-05,27.766237,91.212174,63.16
TEST_027633,vi,4G,Mumbai,27.44,5.95,-62.39,73.33,2026-05-27,21.490852,83.094698,54.38
TEST_027636,airtel,4G,Mumbai,19.71,10.26,-90.96,61.4,2026-05-12,35.36633,75.936424,49.85
TEST_027642,vi,5G,Mumbai,101.69,22.08,-76.48,46.98,2026-05-10,8.980261,87.630172,86.86
TEST_027652,jio,5G,Mumbai,115.05,20.89,-84.04,41.19,2026-04-03,18.528436,74.065755,92.6
TEST_027664,vi,5G,Mumbai,41.67,15.59,-89.6,43.0,2026-05-30,9.181172,80.589859,70.53
TEST_027682,vi,5G,Mumbai,105.76,23.64,-81.17,68.75,2026-05-12,29.19963,92.597918,73.76
TEST_027696,vi,4G,Mumbai,19.9,3.33,-105.07,52.37,2026-03-10,13.191122,69.706809,48.09
TEST_027698,vi,5G,Mumbai,46.92,20.64,-99.0,35.33,2026-04-06,26.636901,72.676486,79.99
TEST_027709,vi,4G,Mumbai,18.0,5.24,-76.76,54.59,2026-04-12,12.710649,74.076037,56.3
TEST_027721,airtel,4G,Mumbai,24.46,6.22,-102.24,46.66,2026-03-09,35.75016,69.619246,55.59
TEST_027738,vi,5G,Mumbai,58.16,16.52,-75.04,37.74,2026-05-29,30.613483,71.53539,85.56
TEST_027747,jio,5G,Mumbai,78.11,23.74,-66.85,38.47,2026-03-08,28.490483,73.53938,94.4
TEST_027778,airtel,4G,Mumbai,16.65,5.88,-94.62,41.03,2026-03-01,19.374908,87.43486,61.89
TEST_027792,vi,5G,Mumbai,65.11,9.73,-113.64,44.13,2026-03-18,28.941615,87.811421,64.47
TEST_027805,vi,4G,Mumbai,14.95,7.84,-93.59,53.3,2026-05-08,14.618233,89.42386,51.81
TEST_027815,vi,4G,Mumbai,16.84,6.13,-95.56,35.09,2026-05-09,26.526717,68.805889,69.54
TEST_027832,jio,4G,Mumbai,33.36,11.12,-101.69,51.57,2026-05-10,31.720686,75.134422,55.61
TEST_027837,vi,4G,Mumbai,19.24,2.78,-89.7,41.14,2026-03-16,17.654269,93.526124,62.86
TEST_027856,jio,4G,Mumbai,8.89,7.01,-95.77,58.91,2026-04-07,33.712232,89.846285,45.98
TEST_027864,vi,4G,Mumbai,15.8,6.27,-69.82,41.2,2026-04-18,11.243045,95.792648,69.91
TEST_027885,jio,4G,Mumbai,31.23,9.23,-82.25,85.68,2026-03-31,31.838524,74.08891,45.96
TEST_027906,jio,5G,Mumbai,120.92,27.95,-76.57,37.5,2026-05-09,18.194157,79.532527,103.5
TEST_027913,vi,4G,Mumbai,19.7,5.1,-82.12,41.75,2026-05-23,18.927564,81.885285,65.65
TEST_027917,vi,5G,Mumbai,48.82,13.65,-60.96,44.1,2026-04-29,21.362405,88.796133,79.85
TEST_027929,jio,5G,Mumbai,91.27,18.82,-97.68,86.28,2026-05-26,17.318908,95.507632,57.52
TEST_027937,airtel,5G,Mumbai,90.54,11.95,-75.02,48.22,2026-04-06,9.147355,86.531025,80.13
TEST_027942,jio,5G,Mumbai,53.23,24.9,-90.74,36.65,2026-05-28,14.225112,86.323057,83.77
TEST_027957,jio,5G,Mumbai,75.45,24.64,-104.51,39.56,2026-05-17,21.522531,95.014228,80.22
TEST_027967,jio,4G,Mumbai,23.85,4.29,-84.14,37.5,2026-03-01,32.516707,78.321389,70.77
TEST_027978,airtel,4G,Mumbai,15.15,10.59,-87.73,65.52,2026-04-17,10.047119,81.09427,48.04
TEST_027991,airtel,5G,Mumbai,107.67,29.28,-87.44,46.61,2026-04-10,25.253256,84.682551,87.47
TEST_028000,airtel,4G,Mumbai,16.76,6.16,-71.52,44.75,2026-03-17,22.703411,79.136181,65.84
TEST_028029,airtel,4G,Mumbai,15.72,7.63,-93.94,62.98,2026-05-08,27.465784,85.686927,46.22
TEST_028040,vi,5G,Mumbai,78.46,20.38,-88.92,39.93,2026-05-22,11.795842,81.129531,84.1
TEST_028052,airtel,5G,Mumbai,94.36,25.96,-107.6,43.58,2026-03-27,21.249757,81.137609,79.44
TEST_028064,jio,5G,Mumbai,56.53,14.94,-80.85,39.94,2026-05-10,14.303637,70.967652,79.92
TEST_028090,airtel,4G,Mumbai,17.43,1.57,-80.89,35.82,2026-04-16,24.986455,82.033471,71.81
TEST_028103,jio,4G,Mumbai,15.09,6.49,-81.75,40.11,2026-04-05,35.101812,89.424645,67.12
TEST_028133,airtel,4G,Mumbai,29.45,5.69,-81.61,40.62,2026-04-12,12.094303,86.104642,69.48
TEST_028145,jio,5G,Mumbai,103.08,30.91,-99.09,60.74,2026-03-30,34.425235,85.021009,73.54
TEST_028154,vi,5G,Mumbai,82.04,19.52,-88.92,71.37,2026-05-22,19.081565,94.629654,63.36
TEST_028157,jio,5G,Mumbai,105.35,23.44,-81.44,38.17,2026-04-06,23.300107,78.742828,95.89
TEST_028174,vi,5G,Mumbai,76.75,18.44,-91.24,35.71,2026-05-18,13.52465,77.442881,87.86
TEST_028201,airtel,4G,Mumbai,25.48,8.28,-113.19,46.47,2026-03-27,25.055267,90.734728,53.08
TEST_028203,jio,5G,Mumbai,52.12,26.41,-68.82,49.3,2026-03-03,35.582348,70.124362,78.02
TEST_028208,jio,4G,Mumbai,23.29,10.17,-103.78,66.56,2026-03-29,27.647237,78.705449,43.89
TEST_028214,airtel,5G,Mumbai,96.18,21.78,-76.41,39.1,2026-03-24,9.578005,95.136748,93.73
TEST_028215,jio,4G,Mumbai,19.78,5.94,-85.76,45.28,2026-03-06,27.708721,73.532193,61.19
TEST_028219,vi,4G,Mumbai,20.32,4.29,-63.97,41.76,2026-03-29,14.886942,69.194071,71.53
TEST_028231,vi,5G,Mumbai,52.23,23.2,-69.39,67.2,2026-05-03,18.389402,84.017472,66.25
TEST_028232,jio,5G,Mumbai,67.93,36.15,-91.51,47.03,2026-04-14,25.193346,86.794507,79.39
TEST_028238,jio,4G,Mumbai,32.61,7.38,-89.77,70.71,2026-05-29,27.09607,91.668936,47.91
TEST_028247,airtel,4G,Mumbai,17.68,6.32,-60.0,55.48,2026-04-10,20.89591,79.642856,61.64
TEST_028248,jio,5G,Mumbai,73.96,37.02,-74.84,48.63,2026-04-25,18.211938,83.228019,85.26
TEST_028262,vi,5G,Mumbai,64.62,18.19,-67.63,51.59,2026-05-12,30.968195,84.33124,76.48
TEST_028263,airtel,5G,Mumbai,96.93,15.68,-77.64,37.11,2026-04-14,31.858764,94.301939,93.88
TEST_028270,vi,4G,Mumbai,16.23,7.65,-99.19,39.52,2026-04-03,21.212933,93.609658,62.69
TEST_028274,vi,5G,Mumbai,65.51,10.68,-87.19,51.71,2026-03-28,23.104747,87.577463,67.35
TEST_028286,vi,5G,Mumbai,33.49,23.15,-112.55,36.08,2026-03-31,24.768319,85.268989,72.28
TEST_028291,jio,4G,Mumbai,33.34,2.14,-94.52,37.65,2026-04-09,10.599184,79.559457,68.44
TEST_028305,airtel,4G,Mumbai,25.77,8.25,-69.95,41.41,2026-03-09,13.255144,82.743384,72.58
TEST_028311,airtel,4G,Mumbai,20.75,6.92,-83.14,39.65,2026-04-05,20.885285,92.390401,68.62
TEST_028325,jio,4G,Mumbai,27.97,10.58,-89.27,50.45,2026-03-14,18.279838,89.388247,59.19
TEST_028346,vi,4G,Mumbai,17.3,5.33,-80.5,42.82,2026-03-02,35.214836,89.207018,64.6
TEST_028373,vi,5G,Mumbai,90.84,15.12,-89.59,46.62,2026-03-18,33.984401,71.843418,77.86
TEST_028385,airtel,5G,Mumbai,70.49,18.2,-84.96,65.81,2026-05-15,16.771017,86.355584,63.92
TEST_028386,jio,4G,Mumbai,18.98,4.91,-90.98,42.49,2026-04-17,19.23701,94.731167,61.67
TEST_028387,vi,4G,Mumbai,13.15,5.1,-94.32,52.31,2026-05-16,35.19674,83.250031,50.86
TEST_028389,vi,4G,Mumbai,11.84,4.33,-76.77,61.09,2026-03-14,9.419546,80.406047,50.83
TEST_028393,vi,4G,Mumbai,23.91,7.64,-113.2,66.63,2026-04-11,28.164164,93.122552,39.94
TEST_028395,jio,5G,Mumbai,84.55,17.15,-95.31,61.49,2026-05-02,23.604521,90.359085,65.29
TEST_028399,jio,5G,Mumbai,70.92,18.88,-84.78,41.26,2026-03-07,13.379276,85.720461,81.72
TEST_028419,airtel,4G,Mumbai,32.72,8.67,-76.17,41.58,2026-05-12,21.246464,68.156347,72.02
TEST_028439,vi,5G,Mumbai,53.46,18.4,-79.69,40.22,2026-05-14,23.966545,89.95041,80.54
TEST_028440,airtel,4G,Mumbai,27.87,4.42,-84.2,56.72,2026-05-30,18.33185,73.372366,54.4
TEST_028442,vi,5G,Mumbai,66.01,14.33,-91.85,77.89,2026-03-31,9.928434,90.035108,54.64
TEST_028476,airtel,5G,Mumbai,111.65,37.23,-85.54,37.76,2026-04-04,14.545434,76.574022,101.47
TEST_028489,jio,4G,Mumbai,31.23,5.35,-91.57,80.38,2026-04-07,19.104425,89.418774,42.95
TEST_028500,airtel,5G,Mumbai,83.46,15.57,-90.66,42.12,2026-03-30,14.08221,77.041782,80.4
TEST_028515,jio,5G,Mumbai,131.45,35.11,-96.66,41.91,2026-03-18,31.296918,72.653068,96.41
TEST_028516,jio,4G,Mumbai,29.06,12.72,-107.95,38.35,2026-04-02,29.698652,82.51425,65.93
TEST_028521,airtel,5G,Mumbai,66.55,6.51,-78.63,50.18,2026-03-23,27.159483,91.981477,70.06
TEST_028535,airtel,5G,Mumbai,55.04,20.95,-78.9,51.61,2026-04-03,14.25428,68.541406,71.58
TEST_028566,airtel,5G,Mumbai,68.74,21.96,-85.75,69.91,2026-05-03,15.770216,90.724559,62.9
TEST_028574,vi,5G,Mumbai,19.45,20.29,-84.48,45.08,2026-04-03,8.164222,87.23051,66.94
TEST_028611,vi,5G,Mumbai,77.4,10.49,-76.63,96.83,2026-05-22,17.124787,85.235782,55.95
TEST_028623,vi,4G,Mumbai,19.66,6.55,-82.39,40.95,2026-04-06,30.190353,89.184552,66.97
TEST_028624,vi,4G,Mumbai,14.04,5.81,-79.78,36.24,2026-03-14,18.14864,70.860735,72.35
TEST_028691,airtel,5G,Mumbai,100.54,21.58,-96.88,36.36,2026-04-26,9.187597,82.422288,91.47
TEST_028693,vi,5G,Mumbai,89.96,21.42,-85.46,105.91,2026-03-18,22.597253,90.688184,58.03
TEST_028705,vi,5G,Mumbai,55.63,14.44,-97.2,47.06,2026-04-08,26.336652,77.039033,66.85
TEST_028708,vi,5G,Mumbai,68.52,18.0,-79.27,45.81,2026-05-10,23.782212,78.61079,78.1
TEST_028733,airtel,5G,Mumbai,62.21,12.32,-81.36,47.5,2026-03-27,14.125768,81.950922,72.45
TEST_028739,airtel,5G,Mumbai,127.0,24.7,-101.93,46.92,2026-05-14,15.356126,80.795467,85.01
TEST_028754,airtel,4G,Mumbai,25.74,10.03,-88.75,41.56,2026-03-27,8.540381,72.139881,66.78
TEST_028784,vi,4G,Mumbai,19.25,6.23,-111.23,47.27,2026-05-16,26.402647,76.394856,50.91
TEST_028796,vi,4G,Mumbai,22.72,6.27,-73.42,39.31,2026-03-23,34.575716,86.248947,72.48
TEST_028801,vi,4G,Mumbai,12.52,8.67,-85.93,40.03,2026-05-20,10.969511,80.321332,66.04
TEST_028803,vi,5G,Mumbai,49.25,13.27,-95.92,48.13,2026-05-18,13.425876,69.248231,64.52
TEST_028810,airtel,4G,Mumbai,22.33,10.83,-68.64,41.99,2026-03-07,32.613567,78.940917,72.55
TEST_028833,vi,4G,Mumbai,24.35,5.32,-97.8,52.38,2026-04-08,17.988495,68.774802,52.22
TEST_028843,vi,4G,Mumbai,19.44,3.62,-67.34,39.75,2026-04-10,9.911355,76.787321,72.28
TEST_028844,airtel,4G,Mumbai,20.13,4.22,-97.84,54.41,2026-05-29,20.967966,68.81313,49.5
TEST_028850,vi,4G,Mumbai,20.71,7.07,-83.44,51.78,2026-05-29,28.573393,82.638069,57.26
TEST_028859,vi,5G,Mumbai,61.19,16.21,-85.93,39.95,2026-04-09,12.29923,81.755689,79.71
TEST_028863,jio,4G,Mumbai,33.26,7.3,-92.4,69.58,2026-03-30,34.735024,89.932495,47.6
TEST_028869,vi,5G,Mumbai,79.88,12.74,-64.53,41.73,2026-03-26,35.378363,79.730383,87.71
TEST_028889,airtel,5G,Mumbai,45.34,26.71,-80.51,81.05,2026-05-17,11.073724,84.522393,57.33
TEST_028895,airtel,5G,Mumbai,49.47,26.74,-60.36,35.41,2026-05-27,11.245133,77.411181,95.53
TEST_028903,jio,5G,Mumbai,70.08,38.61,-80.37,45.09,2026-04-22,27.725512,89.726042,86.23
TEST_028906,jio,4G,Mumbai,35.37,3.72,-75.15,82.36,2026-03-21,35.830922,74.573182,48.17
TEST_028917,vi,5G,Mumbai,63.9,15.31,-94.69,53.67,2026-03-13,9.290449,69.38968,64.81
TEST_028920,airtel,5G,Mumbai,59.95,24.99,-106.31,53.47,2026-03-02,23.303822,70.362136,63.7
TEST_028922,jio,5G,Mumbai,107.68,34.08,-81.68,47.77,2026-04-09,10.264519,78.154446,90.14
TEST_028934,jio,4G,Mumbai,21.97,7.56,-86.74,48.29,2026-03-17,23.704465,80.096771,59.3
TEST_028935,airtel,5G,Mumbai,48.66,20.47,-79.44,60.62,2026-04-14,24.27864,81.784326,64.24
TEST_028936,airtel,4G,Mumbai,24.68,6.81,-90.07,38.95,2026-03-02,25.514219,85.570677,68.01
TEST_028942,jio,4G,Mumbai,35.8,8.13,-90.12,36.24,2026-03-13,32.783681,82.563113,74.59
TEST_028949,jio,5G,Mumbai,85.5,32.82,-91.09,57.98,2026-05-15,11.981663,81.329025,74.5
TEST_028963,jio,5G,Mumbai,25.58,26.58,-85.72,36.23,2026-05-16,16.957846,92.189688,80.49
TEST_028974,airtel,4G,Mumbai,19.25,8.39,-86.5,75.0,2026-05-30,17.919208,83.959106,44.82
TEST_028982,airtel,5G,Mumbai,64.12,26.27,-84.85,39.7,2026-04-13,15.239179,82.711657,84.67
TEST_028983,jio,4G,Mumbai,22.4,3.52,-91.44,40.49,2026-05-08,9.330835,79.053526,63.99
TEST_029002,jio,5G,Mumbai,80.48,15.16,-92.65,46.12,2026-03-04,15.72705,89.040865,74.99
TEST_029034,airtel,4G,Mumbai,13.8,6.0,-90.65,35.76,2026-03-14,29.171566,74.701905,69.44
TEST_029038,vi,5G,Mumbai,62.25,10.85,-84.9,37.06,2026-03-23,20.354077,81.24295,82.05
TEST_029044,airtel,5G,Mumbai,60.76,31.06,-95.02,122.01,2026-04-18,30.492614,82.693823,49.39
TEST_029055,airtel,5G,Mumbai,40.92,30.87,-94.79,48.35,2026-04-09,35.386026,68.857443,69.25
TEST_029068,airtel,5G,Mumbai,43.31,12.21,-63.11,35.34,2026-04-13,20.140113,84.07847,88.08
TEST_029075,airtel,4G,Mumbai,21.0,5.62,-73.45,37.65,2026-04-01,15.506636,95.916695,73.98
TEST_029078,airtel,4G,Mumbai,37.08,7.72,-84.4,43.93,2026-05-15,24.640317,81.431844,67.44
TEST_029087,jio,4G,Mumbai,18.72,7.95,-94.58,41.67,2026-05-13,16.783232,68.98226,62.4
TEST_029116,vi,5G,Mumbai,72.58,20.61,-70.72,67.68,2026-03-19,33.096485,93.623496,69.19
TEST_029120,jio,4G,Mumbai,19.35,11.12,-74.69,86.27,2026-05-09,8.350618,82.827816,46.37
TEST_029134,jio,5G,Mumbai,77.25,18.28,-77.94,58.23,2026-03-08,8.643325,92.071716,71.63
TEST_029136,jio,5G,Mumbai,106.1,30.75,-107.0,37.8,2026-03-21,25.451375,82.573734,90.67
TEST_029175,jio,5G,Mumbai,62.61,31.47,-96.38,35.96,2026-04-26,19.28491,86.165668,87.35
TEST_029195,vi,4G,Mumbai,24.13,3.82,-70.97,35.73,2026-04-23,35.003147,80.552131,77.56
TEST_029201,jio,5G,Mumbai,85.65,31.8,-64.06,49.06,2026-04-02,30.362967,70.930854,89.22
TEST_029204,jio,4G,Mumbai,18.46,8.77,-84.4,36.03,2026-05-19,13.916404,70.489638,73.17
TEST_029221,airtel,5G,Mumbai,46.2,29.94,-71.69,49.36,2026-04-02,35.961029,69.154855,76.97
TEST_029227,jio,5G,Mumbai,81.14,38.33,-62.87,43.27,2026-03-15,22.021539,72.013331,96.2
TEST_029234,airtel,5G,Mumbai,64.94,32.05,-85.71,46.34,2026-04-15,17.087368,95.603024,79.77
TEST_029236,vi,4G,Mumbai,13.15,6.84,-109.16,42.18,2026-03-30,19.140842,90.200467,55.34
TEST_029251,airtel,4G,Mumbai,26.55,7.23,-92.8,50.31,2026-04-26,8.660689,68.929928,56.58
TEST_029262,airtel,5G,Mumbai,66.73,15.76,-79.95,64.75,2026-05-27,32.466509,90.741566,64.35
TEST_029270,jio,5G,Mumbai,108.13,23.06,-105.39,40.43,2026-03-15,32.767754,87.416212,85.6
TEST_029271,jio,5G,Mumbai,74.89,35.13,-75.82,35.63,2026-03-30,15.279439,68.184458,98.76
TEST_029278,vi,5G,Mumbai,39.93,25.38,-90.33,43.85,2026-05-11,33.951195,78.647948,72.59
TEST_029283,airtel,5G,Mumbai,100.63,18.64,-89.84,44.04,2026-03-26,21.420723,91.539369,83.64
TEST_029290,airtel,5G,Mumbai,88.95,24.17,-82.01,37.54,2026-04-05,19.607117,77.257847,93.14
TEST_029295,vi,4G,Mumbai,14.59,6.39,-75.81,76.79,2026-03-06,18.499458,71.235152,46.01
TEST_029301,vi,4G,Mumbai,30.92,5.9,-71.05,43.59,2026-04-26,21.317955,87.917886,70.2
TEST_029304,airtel,4G,Mumbai,20.69,3.85,-62.3,53.4,2026-03-04,12.662252,69.341254,62.0
TEST_029314,airtel,5G,Mumbai,100.4,21.14,-78.98,50.74,2026-05-30,17.636916,80.917619,82.37
TEST_029331,vi,5G,Mumbai,91.05,15.68,-87.51,35.7,2026-03-23,11.16836,75.971647,91.3
TEST_029342,vi,4G,Mumbai,22.08,8.7,-73.76,49.58,2026-05-23,16.420079,71.128342,63.03
TEST_029347,airtel,4G,Mumbai,12.84,3.94,-76.11,85.25,2026-04-27,13.211253,95.164217,42.11
TEST_029348,airtel,4G,Mumbai,20.13,7.44,-75.17,65.31,2026-04-12,25.984954,72.48974,52.29
TEST_029372,jio,5G,Mumbai,73.29,22.31,-89.5,35.86,2026-03-02,13.503812,80.808108,88.85
TEST_029378,vi,4G,Mumbai,11.65,7.84,-100.27,54.07,2026-04-10,25.167247,70.837711,48.33
TEST_029383,airtel,5G,Mumbai,35.05,26.21,-87.51,56.78,2026-04-20,16.150188,80.459614,62.76
TEST_029416,airtel,4G,Mumbai,16.13,6.72,-78.02,40.21,2026-03-02,13.421357,95.67362,68.56
TEST_029444,jio,5G,Mumbai,103.5,24.41,-77.08,73.05,2026-05-19,8.510655,87.990668,73.23
TEST_029456,airtel,5G,Mumbai,35.01,30.63,-95.81,84.11,2026-05-19,20.33651,91.206526,50.48
TEST_029460,airtel,5G,Mumbai,49.81,18.54,-89.16,51.26,2026-03-08,10.4405,73.344931,66.37
TEST_029461,jio,5G,Mumbai,102.04,20.52,-90.68,45.36,2026-03-27,35.781408,78.709517,83.09
TEST_029462,airtel,5G,Mumbai,72.99,23.33,-72.99,53.83,2026-04-11,35.5557,83.175105,76.87
TEST_029484,vi,4G,Mumbai,22.8,6.67,-110.85,63.71,2026-03-28,12.86533,71.81833,41.46
TEST_029491,vi,5G,Mumbai,94.66,29.94,-90.83,65.16,2026-04-11,28.494988,68.659966,71.9
TEST_029509,jio,5G,Mumbai,85.87,18.91,-64.81,41.84,2026-03-16,24.110998,72.672068,91.07
TEST_029514,vi,5G,Mumbai,67.43,20.93,-98.44,45.32,2026-03-03,31.160859,69.73849,72.98
TEST_029516,airtel,4G,Mumbai,20.52,6.53,-77.93,39.5,2026-04-05,31.183484,85.562063,70.35
TEST_029522,vi,5G,Mumbai,99.12,17.79,-77.33,44.78,2026-05-01,23.352631,75.326867,86.45
TEST_029530,jio,5G,Mumbai,78.54,29.16,-90.4,42.52,2026-03-26,24.212321,92.568549,83.9
TEST_029535,jio,4G,Mumbai,27.41,4.85,-73.75,42.84,2026-04-10,27.333776,93.064522,68.9
TEST_029558,jio,5G,Mumbai,50.56,14.14,-93.64,40.48,2026-04-29,13.20674,71.788442,73.4
TEST_029564,vi,5G,Mumbai,46.48,18.79,-73.68,35.6,2026-05-19,34.788536,78.22576,87.26
TEST_029606,vi,4G,Mumbai,25.62,4.22,-83.28,68.72,2026-04-21,17.888695,71.264638,48.16
TEST_029610,jio,5G,Mumbai,81.24,22.17,-67.66,53.45,2026-04-29,25.857005,75.112071,80.32
TEST_029613,airtel,4G,Mumbai,14.17,7.68,-69.9,42.94,2026-05-04,30.56151,78.464243,68.16
TEST_029616,airtel,5G,Mumbai,69.56,19.47,-82.08,38.55,2026-05-07,22.969448,73.245946,85.77
TEST_029619,vi,4G,Mumbai,16.43,6.52,-78.0,39.78,2026-05-20,17.112526,80.745099,69.07
TEST_029628,airtel,5G,Mumbai,67.62,18.89,-71.68,49.92,2026-03-06,17.238244,80.028415,77.3
TEST_029634,vi,5G,Mumbai,96.35,13.66,-93.8,64.22,2026-03-07,19.686636,83.115926,65.82
TEST_029671,jio,5G,Mumbai,124.16,25.64,-66.62,52.43,2026-04-16,33.392967,86.419458,92.19
TEST_029679,vi,5G,Mumbai,50.29,26.28,-92.72,38.75,2026-03-14,29.456693,78.717588,80.15
TEST_029690,airtel,4G,Mumbai,20.13,7.98,-90.41,46.44,2026-04-23,16.962807,76.987291,59.4
TEST_029717,vi,5G,Mumbai,44.89,20.84,-75.34,56.19,2026-05-18,24.672375,73.321408,67.42
TEST_029741,airtel,5G,Mumbai,69.18,35.49,-91.84,37.09,2026-03-22,18.368841,89.904379,90.18
TEST_029753,vi,4G,Mumbai,20.41,4.79,-87.91,41.92,2026-05-25,9.208611,73.570646,63.58
TEST_029758,vi,5G,Mumbai,47.42,10.02,-69.61,36.69,2026-04-21,24.817106,72.665168,84.06
TEST_029773,airtel,5G,Mumbai,67.16,21.14,-75.6,47.72,2026-03-03,27.974413,82.087407,78.48
TEST_029777,jio,4G,Mumbai,20.24,7.49,-82.98,59.41,2026-04-21,12.899854,82.19466,52.67
TEST_029785,vi,4G,Mumbai,18.94,5.45,-75.79,51.51,2026-04-04,32.886171,92.951701,59.02
TEST_029805,jio,5G,Mumbai,71.73,26.9,-69.38,49.34,2026-03-11,25.24682,86.782092,82.34
TEST_029824,vi,5G,Mumbai,52.24,18.93,-82.9,105.95,2026-03-05,20.522468,83.965633,49.57
TEST_029833,airtel,4G,Mumbai,11.89,5.42,-84.88,41.06,2026-04-08,19.760819,95.504618,63.87
TEST_029838,airtel,5G,Mumbai,111.97,18.27,-79.36,52.85,2026-05-17,16.94742,75.174963,82.26
TEST_029845,vi,5G,Mumbai,31.82,28.57,-79.45,43.53,2026-03-31,11.380333,85.04131,75.89
TEST_029866,jio,4G,Mumbai,22.48,7.67,-95.14,45.88,2026-04-18,23.232785,79.869042,58.74
TEST_029873,airtel,5G,Mumbai,83.12,24.15,-78.7,56.15,2026-03-14,35.960628,78.085977,76.04
TEST_029913,airtel,4G,Mumbai,17.2,6.26,-83.09,36.8,2026-05-28,25.472826,94.012495,71.32
TEST_029917,vi,5G,Mumbai,66.35,17.22,-84.05,43.85,2026-04-08,19.026079,95.94814,77.61
TEST_029925,vi,5G,Mumbai,90.25,16.68,-89.05,57.44,2026-05-29,19.366069,84.765452,70.7
TEST_029944,airtel,4G,Mumbai,29.57,10.54,-84.69,56.17,2026-05-20,33.82149,81.634281,57.17
TEST_029955,airtel,5G,Mumbai,63.33,26.44,-93.22,83.27,2026-05-23,19.673708,75.248855,56.36
TEST_029958,jio,4G,Mumbai,25.93,7.92,-89.13,56.54,2026-04-13,26.916504,87.963155,53.7
TEST_029968,airtel,5G,Mumbai,38.45,17.25,-93.29,37.32,2026-05-29,29.151189,75.891003,75.92
TEST_029989,airtel,4G,Mumbai,27.2,11.31,-87.94,44.47,2026-05-21,16.745775,68.923847,64.84
TEST_029991,vi,5G,Mumbai,69.05,11.89,-78.17,36.74,2026-05-11,16.590702,81.165324,86.63
TEST_030010,jio,4G,Mumbai,24.53,6.7,-83.28,81.88,2026-05-09,8.534547,94.825033,44.27
TEST_030015,jio,4G,Mumbai,22.01,8.62,-83.01,45.07,2026-04-11,15.923816,70.173336,63.77
TEST_030022,jio,5G,Mumbai,151.35,25.55,-77.63,47.15,2026-05-21,9.993476,92.827816,98.65
TEST_030033,vi,5G,Mumbai,42.12,23.33,-85.64,57.2,2026-03-31,12.645149,74.383876,63.67
TEST_030046,airtel,4G,Mumbai,25.16,5.12,-98.74,49.82,2026-04-21,22.203924,73.124908,53.9
TEST_030061,jio,4G,Mumbai,30.16,5.26,-92.23,45.73,2026-05-29,14.136911,85.561209,60.68
TEST_030062,airtel,4G,Mumbai,17.42,5.36,-89.53,38.64,2026-05-04,16.350011,89.421307,66.44
TEST_030074,jio,5G,Mumbai,63.92,26.59,-91.4,76.55,2026-05-15,19.053163,79.231895,59.21
TEST_030075,jio,5G,Mumbai,62.92,25.83,-95.8,68.43,2026-04-04,25.366339,73.601364,60.26
TEST_030080,airtel,5G,Mumbai,60.03,18.7,-108.98,73.36,2026-03-24,22.769932,77.09386,50.73
TEST_030102,jio,4G,Mumbai,40.23,8.58,-89.62,44.59,2026-04-21,31.569605,95.577104,66.07
TEST_030154,vi,5G,Mumbai,64.42,22.25,-73.06,75.14,2026-05-28,9.023619,94.889646,64.34
TEST_030170,jio,4G,Mumbai,22.97,5.58,-85.35,35.4,2026-04-30,24.139919,71.88581,73.64
TEST_030177,airtel,5G,Mumbai,52.02,20.12,-86.55,50.71,2026-03-16,26.872719,82.317916,68.72
TEST_030198,jio,4G,Mumbai,26.4,6.61,-98.6,43.82,2026-04-21,12.207538,84.78677,60.04
TEST_030200,jio,4G,Mumbai,21.58,5.58,-77.39,54.07,2026-04-01,21.609475,93.600056,57.35
TEST_030201,airtel,4G,Mumbai,19.74,7.24,-77.33,56.68,2026-03-17,29.043765,81.698095,55.92
TEST_030206,vi,5G,Mumbai,77.18,21.64,-60.0,40.93,2026-03-27,10.7156,69.04087,92.74
TEST_030238,vi,5G,Mumbai,85.2,15.15,-81.37,42.0,2026-05-26,9.82198,78.787055,83.87
TEST_030253,vi,5G,Mumbai,37.0,26.67,-103.22,37.42,2026-05-11,23.258319,94.423433,75.57
TEST_030260,jio,5G,Mumbai,30.39,40.0,-88.03,41.6,2026-03-21,10.761967,72.306077,78.89
TEST_030263,vi,4G,Mumbai,21.37,8.92,-95.57,57.23,2026-04-22,30.692843,73.786041,50.49
TEST_030281,airtel,5G,Mumbai,28.65,25.23,-80.52,55.47,2026-03-24,8.013097,92.756097,64.11
TEST_030283,vi,5G,Mumbai,18.4,23.11,-82.89,37.91,2026-05-11,19.168971,87.583202,76.26
TEST_030292,airtel,5G,Mumbai,73.46,23.68,-81.94,64.84,2026-05-30,21.95076,80.468062,68.02
TEST_030301,airtel,4G,Mumbai,26.42,7.66,-68.51,41.22,2026-04-03,19.022254,95.248396,73.2
TEST_030324,vi,4G,Mumbai,28.4,5.45,-78.65,41.88,2026-05-27,17.839335,93.613741,68.73
TEST_030331,jio,4G,Mumbai,29.36,7.0,-88.53,72.2,2026-04-26,22.826164,79.356559,46.89
TEST_030342,airtel,5G,Mumbai,56.91,27.91,-71.75,66.48,2026-03-02,22.899914,95.692961,68.53
TEST_030346,jio,5G,Mumbai,53.35,33.38,-77.08,36.64,2026-05-30,22.407364,73.818728,91.44
TEST_030350,airtel,4G,Mumbai,29.35,9.59,-77.05,44.21,2026-04-21,29.870723,85.933629,68.57
TEST_030355,jio,5G,Mumbai,17.19,30.61,-100.92,47.79,2026-04-04,18.49521,79.895522,62.29
TEST_030396,jio,4G,Mumbai,21.71,2.75,-105.64,50.66,2026-04-09,21.812245,88.648418,49.34
TEST_030405,vi,5G,Mumbai,53.78,11.23,-81.74,64.58,2026-03-31,30.978824,85.591157,59.31
TEST_030437,vi,4G,Mumbai,14.78,5.82,-79.65,40.03,2026-05-24,34.859546,94.864602,67.6
TEST_030470,airtel,4G,Mumbai,27.95,10.69,-80.17,43.41,2026-05-21,26.998701,80.04322,68.42
TEST_030471,vi,5G,Mumbai,40.24,25.56,-87.79,55.89,2026-03-09,28.962959,82.48635,64.13
TEST_030472,vi,5G,Mumbai,74.15,20.75,-85.03,83.48,2026-05-14,31.005519,75.838888,59.38
TEST_030477,airtel,4G,Mumbai,17.15,7.91,-60.38,49.48,2026-03-19,14.84902,77.089184,66.18
TEST_030487,jio,4G,Mumbai,29.27,4.61,-98.64,43.04,2026-04-12,13.925638,74.852017,60.73
TEST_030491,vi,5G,Mumbai,62.63,24.55,-83.39,42.27,2026-03-19,20.697455,84.185822,81.29
TEST_030500,jio,5G,Mumbai,116.45,32.6,-71.74,39.05,2026-04-27,17.514436,75.347264,103.8
TEST_030510,airtel,5G,Mumbai,44.08,22.25,-77.44,38.8,2026-03-01,11.413274,93.033067,82.33
TEST_030514,vi,4G,Mumbai,17.42,6.74,-62.67,94.91,2026-04-07,27.66639,77.096859,46.29
TEST_030516,vi,4G,Mumbai,14.81,4.92,-69.1,41.89,2026-04-26,13.469419,75.033884,68.68
TEST_030522,jio,5G,Mumbai,116.57,31.39,-102.8,40.28,2026-03-08,27.363141,71.441535,91.54
TEST_030534,jio,4G,Mumbai,17.91,7.38,-81.33,45.07,2026-03-11,15.890495,93.570822,62.97
TEST_030544,jio,5G,Mumbai,62.39,22.14,-88.13,37.88,2026-03-25,23.258608,72.297954,84.0
TEST_030550,jio,5G,Mumbai,85.79,24.56,-107.63,37.3,2026-05-03,28.652423,85.626633,84.37
TEST_030552,airtel,5G,Mumbai,82.1,14.28,-96.84,49.83,2026-03-14,25.197142,83.226586,70.54
TEST_030553,airtel,4G,Mumbai,30.99,8.61,-73.45,38.58,2026-03-03,9.392457,69.673236,76.08
TEST_030565,airtel,5G,Mumbai,83.16,31.98,-74.47,38.41,2026-03-03,32.19598,78.460634,96.06
TEST_030572,airtel,5G,Mumbai,94.84,23.23,-86.29,54.59,2026-03-20,12.046253,71.614334,76.77
TEST_030575,jio,4G,Mumbai,17.81,8.1,-88.84,52.3,2026-03-29,23.580688,86.525746,54.82
TEST_030576,jio,5G,Mumbai,55.2,12.21,-98.65,40.87,2026-03-04,15.100393,73.093934,71.61
TEST_030595,jio,4G,Mumbai,32.91,7.92,-68.89,42.07,2026-04-22,14.358963,75.061352,73.68
TEST_030611,airtel,4G,Mumbai,23.95,8.93,-64.43,36.35,2026-04-28,22.141864,75.474723,80.65
TEST_030616,vi,5G,Mumbai,94.58,14.19,-86.69,35.62,2026-04-10,24.944262,83.366885,91.94
TEST_030621,vi,4G,Mumbai,26.35,7.06,-73.34,78.79,2026-04-30,35.07275,71.081447,49.05
TEST_030633,airtel,4G,Mumbai,29.75,5.97,-91.99,41.44,2026-03-21,34.861201,68.930862,65.26
TEST_030638,vi,5G,Mumbai,13.4,16.28,-100.03,76.35,2026-03-23,32.655366,75.394456,41.41
TEST_030641,airtel,4G,Mumbai,13.72,7.39,-81.2,47.3,2026-04-28,31.342618,69.316408,60.08
TEST_030642,jio,4G,Mumbai,28.24,7.49,-106.0,37.78,2026-04-17,28.380914,93.925398,65.25
TEST_030650,vi,4G,Mumbai,15.38,4.17,-82.83,39.54,2026-05-10,33.799081,68.943311,66.66
TEST_030652,airtel,5G,Mumbai,74.79,13.13,-83.78,38.27,2026-03-29,25.49318,76.731991,84.43
TEST_030655,jio,5G,Mumbai,73.47,29.89,-92.35,38.19,2026-05-23,14.461118,74.779539,87.46
TEST_030656,airtel,5G,Mumbai,58.47,19.35,-82.13,87.83,2026-04-19,30.150235,71.908598,55.19
TEST_030691,airtel,4G,Mumbai,28.91,8.43,-99.61,50.82,2026-04-20,34.720968,90.227153,54.89
TEST_030701,vi,4G,Mumbai,20.69,3.59,-76.62,38.71,2026-03-06,24.144126,87.748109,70.74
TEST_030703,airtel,4G,Mumbai,21.02,4.12,-77.09,59.57,2026-04-21,13.671166,69.658566,53.5
TEST_030706,jio,4G,Mumbai,22.55,4.22,-74.45,45.7,2026-04-17,24.250856,84.264893,64.56
TEST_030713,jio,4G,Mumbai,11.3,8.27,-84.3,35.27,2026-03-05,22.638548,87.508304,72.56
TEST_030719,jio,4G,Mumbai,24.99,8.45,-98.1,52.76,2026-04-13,23.965072,74.204158,53.14
TEST_030729,airtel,5G,Mumbai,85.14,14.34,-88.18,54.59,2026-05-11,25.757992,80.665043,70.75
TEST_030731,jio,4G,Mumbai,24.12,8.79,-94.92,55.01,2026-03-25,16.634494,95.77169,52.63
TEST_030736,vi,4G,Mumbai,11.11,8.92,-74.35,36.79,2026-03-12,24.678712,73.116776,73.85
TEST_030749,airtel,4G,Mumbai,37.13,5.66,-95.03,47.94,2026-05-29,33.017769,92.265002,59.52
TEST_030751,airtel,5G,Mumbai,103.57,22.53,-90.53,39.57,2026-04-09,27.29461,80.332968,90.37
TEST_030755,airtel,5G,Mumbai,18.0,20.29,-88.63,51.5,2026-03-13,8.686044,85.468321,59.92
TEST_030756,airtel,5G,Mumbai,67.2,31.86,-71.14,52.74,2026-03-29,35.830291,79.897944,80.03
TEST_030763,airtel,5G,Mumbai,90.69,28.46,-79.96,38.67,2026-03-07,16.468019,73.142027,94.29
TEST_030769,jio,5G,Mumbai,53.97,35.72,-60.0,44.76,2026-05-05,12.435814,70.476476,88.69
TEST_030795,airtel,4G,Mumbai,30.7,5.94,-87.06,50.29,2026-04-14,22.517708,85.731267,58.97
TEST_030817,airtel,4G,Mumbai,18.48,9.15,-71.78,68.7,2026-05-15,17.904977,79.424715,52.2
TEST_030831,vi,5G,Mumbai,41.97,17.51,-82.55,128.64,2026-03-04,30.987021,73.992827,43.61
TEST_030855,vi,5G,Mumbai,55.14,21.77,-85.21,36.38,2026-04-12,35.009481,91.01147,85.28
TEST_030856,vi,5G,Mumbai,72.79,14.93,-81.58,41.41,2026-04-06,26.24563,74.833532,81.6
TEST_030863,vi,4G,Mumbai,12.8,5.83,-83.1,64.21,2026-04-14,9.157204,87.071808,47.94
TEST_030866,vi,4G,Mumbai,21.72,4.88,-75.35,52.0,2026-05-07,25.962637,73.248098,59.23
TEST_030868,airtel,4G,Mumbai,28.21,7.82,-99.83,56.18,2026-04-09,33.745038,76.453378,50.82
TEST_030879,airtel,5G,Mumbai,23.59,24.63,-60.0,59.99,2026-04-21,15.493511,81.35577,66.98
TEST_030889,jio,5G,Mumbai,82.06,23.09,-91.58,40.83,2026-03-23,34.385779,90.575794,83.95
TEST_030892,jio,5G,Mumbai,70.37,22.48,-97.33,46.38,2026-04-05,9.737413,95.007632,73.6
TEST_030894,airtel,4G,Mumbai,28.31,8.69,-89.94,58.67,2026-05-10,22.599254,90.030968,53.0
TEST_030895,airtel,4G,Mumbai,30.09,4.74,-106.77,69.9,2026-05-20,12.021741,74.629398,41.04
TEST_030896,airtel,5G,Mumbai,49.15,27.31,-96.12,39.53,2026-04-07,13.694781,83.286426,78.17
TEST_030910,jio,5G,Mumbai,125.77,18.98,-70.59,54.47,2026-05-21,19.773419,76.320332,87.43
TEST_030925,vi,4G,Mumbai,17.47,3.06,-89.28,37.39,2026-05-08,14.308511,84.741783,67.34
TEST_030947,jio,4G,Mumbai,18.43,5.61,-74.68,42.96,2026-05-17,9.515811,80.845714,66.74
TEST_030983,jio,5G,Mumbai,88.22,37.94,-83.36,42.25,2026-03-02,27.17501,79.9887,91.88
TEST_030985,vi,4G,Mumbai,20.76,4.61,-83.32,58.8,2026-03-25,23.191548,89.401821,51.97
TEST_030991,jio,4G,Mumbai,28.18,10.22,-92.94,41.7,2026-03-29,18.623948,80.258953,65.84
TEST_031033,airtel,5G,Mumbai,108.03,23.74,-80.42,53.98,2026-04-24,9.133548,94.142679,82.25
TEST_031036,jio,4G,Mumbai,20.93,9.7,-101.75,44.4,2026-04-19,34.62293,87.172269,58.32
TEST_031039,airtel,4G,Mumbai,24.06,7.65,-60.0,36.14,2026-03-12,24.691901,95.680757,81.99
TEST_031047,vi,5G,Mumbai,61.88,12.91,-84.79,59.56,2026-03-13,24.974888,90.29041,63.23
TEST_031051,airtel,4G,Mumbai,16.54,5.27,-70.89,38.81,2026-03-03,29.013513,79.085556,72.21
TEST_031055,airtel,5G,Mumbai,89.81,30.65,-82.5,36.57,2026-03-06,35.265052,94.674204,96.86
TEST_031060,jio,4G,Mumbai,20.26,11.05,-89.01,65.45,2026-05-17,21.134983,68.610184,48.95
TEST_031073,jio,5G,Mumbai,44.62,20.83,-92.14,45.6,2026-03-31,10.751338,78.010234,69.7
TEST_031081,jio,5G,Mumbai,114.19,18.02,-72.67,71.58,2026-05-13,29.553023,79.447735,75.31
TEST_031096,airtel,5G,Mumbai,101.01,22.73,-88.17,40.55,2026-04-06,8.946723,83.52653,89.5
TEST_031106,airtel,4G,Mumbai,26.67,9.42,-95.98,36.91,2026-04-02,11.026511,70.392382,70.12
TEST_031108,airtel,5G,Mumbai,69.8,27.05,-107.87,54.56,2026-03-17,21.145501,91.897017,65.41
TEST_031122,jio,5G,Mumbai,48.43,32.75,-107.96,49.69,2026-05-03,33.90032,69.131951,66.14
TEST_031129,airtel,4G,Mumbai,23.7,4.65,-79.97,38.81,2026-05-23,26.376859,88.409798,70.55
TEST_031144,vi,5G,Mumbai,76.2,24.96,-98.44,40.55,2026-05-04,14.6723,87.076659,81.35
TEST_031153,airtel,5G,Mumbai,53.72,15.53,-99.69,40.62,2026-05-17,16.630787,83.008061,72.43
TEST_031154,jio,4G,Mumbai,13.46,10.33,-105.18,35.94,2026-04-30,30.453613,78.911291,65.83
TEST_031158,airtel,5G,Mumbai,68.74,27.03,-72.57,97.11,2026-05-07,27.410456,73.094327,61.32
TEST_031163,jio,4G,Mumbai,31.54,8.33,-107.76,46.92,2026-04-05,25.207525,92.015702,55.87
TEST_031165,vi,4G,Mumbai,12.33,5.59,-71.44,43.06,2026-04-14,28.900167,69.743009,66.35
TEST_031169,airtel,5G,Mumbai,79.64,19.89,-91.74,35.0,2026-04-07,19.693582,93.161689,89.93
TEST_031177,jio,4G,Mumbai,22.37,7.69,-85.7,71.92,2026-03-27,18.161763,72.393981,46.63
TEST_031186,jio,5G,Mumbai,93.65,23.44,-97.42,58.34,2026-03-14,12.225806,75.477086,70.6
TEST_031188,airtel,5G,Mumbai,63.54,17.51,-91.22,58.51,2026-03-21,26.458881,70.22515,63.71
TEST_031196,jio,4G,Mumbai,38.35,10.61,-76.51,35.81,2026-05-02,24.594083,77.882553,81.22
TEST_031205,vi,4G,Mumbai,20.46,4.99,-90.67,55.0,2026-04-12,20.593256,69.320767,51.86
TEST_031222,airtel,5G,Mumbai,58.5,20.96,-82.57,43.27,2026-05-21,29.154163,94.759597,78.29
TEST_031226,airtel,5G,Mumbai,122.99,20.6,-89.26,48.53,2026-03-25,22.636927,85.228153,85.5
TEST_031239,airtel,5G,Mumbai,98.55,20.27,-82.69,45.35,2026-03-26,27.261649,84.362865,84.9
TEST_031242,jio,5G,Mumbai,86.42,46.4,-77.15,50.52,2026-05-06,32.987967,90.963357,89.19
TEST_031256,jio,4G,Mumbai,27.01,12.49,-96.5,40.05,2026-03-29,24.522037,89.789072,67.1
TEST_031263,airtel,5G,Mumbai,46.16,13.4,-72.87,37.99,2026-05-23,24.020708,91.158436,82.15
TEST_031275,airtel,5G,Mumbai,68.65,20.85,-77.36,38.16,2026-03-11,20.480182,92.230651,88.14
TEST_031305,vi,4G,Mumbai,4.98,6.03,-68.04,66.64,2026-04-25,34.46449,76.941496,50.19
TEST_031310,vi,5G,Mumbai,57.1,18.86,-89.77,35.94,2026-03-01,18.701083,89.948053,83.78
TEST_031328,airtel,4G,Mumbai,17.31,6.13,-78.25,41.9,2026-05-07,23.384506,68.605514,66.62
TEST_031342,airtel,5G,Mumbai,85.12,25.4,-96.3,71.07,2026-05-30,27.464361,84.668821,63.83
TEST_031346,vi,5G,Mumbai,42.87,29.68,-72.65,48.73,2026-03-03,27.350149,76.767182,76.32
TEST_031353,jio,4G,Mumbai,5.92,7.19,-91.27,36.24,2026-03-29,10.186199,74.034047,67.21
TEST_031360,jio,5G,Mumbai,94.11,47.09,-70.9,35.15,2026-05-12,19.546204,92.113059,109.74
TEST_031387,jio,5G,Mumbai,77.18,19.21,-81.16,79.72,2026-03-21,18.879749,69.837592,61.89
TEST_031395,jio,5G,Mumbai,62.81,33.1,-93.66,47.73,2026-04-10,14.063222,80.011954,75.83
TEST_031404,vi,4G,Mumbai,6.88,6.44,-79.21,35.05,2026-03-20,20.765281,89.773438,72.94
TEST_031406,jio,4G,Mumbai,21.18,6.86,-82.31,39.77,2026-04-20,18.932949,94.614358,68.83
TEST_031418,airtel,5G,Mumbai,57.04,10.4,-74.9,78.79,2026-03-02,10.613051,74.808318,56.58
TEST_031428,jio,5G,Mumbai,100.24,34.23,-93.03,43.96,2026-03-15,15.250707,74.794537,88.23
TEST_031434,airtel,5G,Mumbai,58.54,23.89,-92.77,38.73,2026-05-24,35.042994,75.15749,81.13
TEST_031437,airtel,4G,Mumbai,25.76,4.83,-94.0,55.08,2026-05-29,15.871061,91.104554,51.82
TEST_031449,jio,5G,Mumbai,107.34,26.01,-104.02,41.54,2026-04-26,26.148865,87.54093,85.69
TEST_031471,airtel,4G,Mumbai,17.68,4.09,-105.76,61.68,2026-04-14,11.22625,70.759585,42.08
TEST_031474,jio,5G,Mumbai,106.84,18.65,-98.85,42.35,2026-03-06,18.014346,69.33475,83.75
TEST_031475,jio,4G,Mumbai,22.66,7.07,-82.6,57.55,2026-03-08,33.264708,78.962534,54.24
TEST_031494,airtel,4G,Mumbai,26.98,4.77,-78.14,41.9,2026-03-05,9.301417,75.735103,68.31
TEST_031503,vi,5G,Mumbai,68.64,13.27,-74.93,54.34,2026-05-19,28.300016,91.591111,71.27
TEST_031504,airtel,5G,Mumbai,61.7,19.74,-92.73,70.77,2026-05-06,22.026144,71.3014,57.86
TEST_031508,jio,4G,Mumbai,29.79,7.91,-65.15,38.77,2026-04-27,8.374436,70.688097,78.08
TEST_031519,vi,4G,Mumbai,14.39,5.51,-85.95,51.67,2026-04-11,9.490078,85.036012,54.53
TEST_031534,vi,5G,Mumbai,55.83,23.7,-86.28,53.94,2026-03-12,33.428671,90.374471,68.68
TEST_031538,jio,5G,Mumbai,120.37,26.15,-72.59,35.72,2026-05-16,35.216048,71.767441,106.57
TEST_031539,airtel,4G,Mumbai,19.69,6.42,-94.42,41.47,2026-05-18,8.537238,74.475353,62.33
TEST_031590,airtel,5G,Mumbai,56.55,22.43,-79.13,54.51,2026-03-20,20.914001,80.234624,70.39
TEST_031606,vi,4G,Mumbai,21.14,5.41,-109.97,48.82,2026-05-03,23.131197,85.661469,50.16
TEST_031618,vi,4G,Mumbai,21.04,5.68,-77.46,39.71,2026-04-25,33.383067,84.229341,70.06
TEST_031625,vi,4G,Mumbai,17.97,3.88,-87.37,44.04,2026-04-26,33.084541,90.810371,60.69
TEST_031633,vi,5G,Mumbai,60.82,16.18,-85.6,100.43,2026-03-02,22.629206,70.701718,50.6
TEST_031636,airtel,5G,Mumbai,106.33,25.07,-101.37,63.09,2026-03-05,17.510129,70.295285,70.2
TEST_031666,airtel,5G,Mumbai,56.91,14.72,-89.97,50.94,2026-03-30,8.553932,92.028431,66.54
TEST_031667,airtel,4G,Mumbai,32.62,3.92,-91.53,59.13,2026-03-10,23.561982,79.531022,51.44
TEST_031668,jio,5G,Mumbai,64.66,23.18,-73.73,38.4,2026-03-01,33.777768,92.391913,89.0
TEST_031672,jio,4G,Mumbai,30.07,5.77,-68.7,36.37,2026-05-10,29.634224,75.075126,79.41
TEST_031685,airtel,5G,Mumbai,95.64,8.54,-63.51,69.37,2026-04-04,8.181596,92.461946,71.66
TEST_031687,airtel,5G,Mumbai,72.14,28.64,-89.32,47.67,2026-05-07,9.118274,89.83949,77.78
TEST_031690,airtel,4G,Mumbai,24.15,1.0,-75.58,62.34,2026-05-12,30.621875,72.872366,52.13
TEST_031702,jio,4G,Mumbai,25.27,10.87,-80.59,48.44,2026-03-27,21.673505,81.901383,63.16
TEST_031725,vi,5G,Mumbai,37.82,14.17,-108.71,48.72,2026-05-26,12.728195,93.562628,57.56
TEST_031742,jio,4G,Mumbai,36.74,10.09,-77.88,37.79,2026-05-05,31.17706,74.663221,77.45
TEST_031744,jio,4G,Mumbai,20.13,7.65,-119.8,47.4,2026-05-09,14.446184,93.069987,48.65
TEST_031747,vi,5G,Mumbai,55.27,13.5,-93.64,38.23,2026-04-07,34.723493,77.462075,76.98
TEST_031755,jio,4G,Mumbai,23.82,5.04,-88.36,35.68,2026-04-11,16.668588,78.172684,72.21
TEST_031766,vi,5G,Mumbai,69.68,10.3,-94.45,43.11,2026-05-21,33.554846,77.398302,73.12
TEST_031771,jio,4G,Mumbai,17.43,4.01,-78.7,36.06,2026-04-09,30.88436,92.991168,73.07
TEST_031791,vi,4G,Mumbai,24.55,4.77,-79.94,55.07,2026-03-04,30.504812,84.191673,56.22
TEST_031831,vi,5G,Mumbai,56.47,18.94,-82.08,37.5,2026-03-10,16.120966,73.517619,84.04
TEST_031832,vi,5G,Mumbai,45.52,19.89,-68.81,76.4,2026-03-27,9.550037,78.201671,60.26
TEST_031843,airtel,4G,Mumbai,25.12,3.89,-97.98,48.38,2026-03-02,19.365973,89.346104,54.85
TEST_031851,airtel,5G,Mumbai,60.76,21.3,-69.98,44.38,2026-05-05,12.556478,85.497127,82.01
TEST_031853,airtel,5G,Mumbai,125.99,15.3,-73.1,51.39,2026-03-28,18.07674,90.665091,87.43
TEST_031856,airtel,4G,Mumbai,14.07,4.64,-104.88,35.13,2026-05-30,11.780216,80.913364,65.21
TEST_031857,airtel,5G,Mumbai,72.35,24.13,-69.89,46.15,2026-03-08,14.521944,73.891575,83.99
TEST_031884,vi,5G,Mumbai,64.69,19.75,-66.66,39.48,2026-05-01,18.892187,76.405774,88.76
TEST_031892,airtel,5G,Mumbai,33.33,19.54,-76.01,49.86,2026-03-30,29.231601,72.069002,68.5
TEST_031896,jio,5G,Mumbai,54.17,21.99,-69.83,49.47,2026-05-26,32.833076,81.155589,76.4
TEST_031900,jio,4G,Mumbai,24.58,9.47,-81.25,39.16,2026-03-27,28.075616,68.758284,71.63
TEST_031904,airtel,5G,Mumbai,87.99,21.94,-92.42,51.18,2026-03-19,34.181552,75.813701,75.09
TEST_031908,jio,5G,Mumbai,98.93,27.0,-74.69,35.09,2026-03-13,29.057404,95.386551,102.36
TEST_031915,jio,4G,Mumbai,19.24,10.64,-74.8,38.14,2026-03-05,34.606483,86.791144,74.31
TEST_031916,airtel,5G,Mumbai,40.04,28.69,-77.67,38.29,2026-04-28,15.023061,91.356783,84.34
TEST_031918,jio,5G,Mumbai,98.62,23.53,-86.31,39.46,2026-04-18,12.485749,83.243353,91.17
TEST_031923,vi,4G,Mumbai,23.92,7.7,-68.26,40.98,2026-05-14,10.850326,76.794396,73.01
TEST_031939,jio,4G,Mumbai,33.77,15.07,-65.92,57.81,2026-04-23,8.958457,85.272378,65.03
TEST_031945,vi,4G,Mumbai,16.57,3.29,-99.1,72.97,2026-03-15,17.258417,81.773452,38.89
TEST_031946,airtel,4G,Mumbai,35.03,5.14,-79.07,45.01,2026-03-05,30.534386,79.007441,66.78
TEST_031955,airtel,5G,Mumbai,66.56,16.86,-96.48,39.47,2026-05-11,13.947328,89.804872,78.21
TEST_031983,vi,4G,Mumbai,16.98,5.15,-101.48,56.12,2026-05-18,31.104318,69.177855,46.84
TEST_031990,jio,5G,Mumbai,32.49,43.26,-78.99,44.01,2026-03-07,29.523958,68.966754,81.04
TEST_031997,vi,5G,Mumbai,47.09,19.52,-79.25,41.12,2026-03-25,25.786947,75.243054,78.64
TEST_032009,vi,4G,Mumbai,16.36,4.95,-89.7,48.04,2026-05-23,33.236959,75.631378,56.32
TEST_032017,vi,5G,Mumbai,65.62,15.01,-93.13,58.44,2026-04-29,21.549079,79.186794,62.67
TEST_032025,airtel,4G,Mumbai,18.8,5.33,-93.27,136.46,2026-04-13,22.10215,72.795096,29.58
TEST_032026,airtel,5G,Mumbai,62.81,26.01,-87.76,36.25,2026-04-25,35.658429,73.409325,87.87
TEST_032028,vi,5G,Mumbai,70.08,14.31,-69.09,38.2,2026-04-22,26.089382,77.187449,88.8
TEST_032038,airtel,4G,Mumbai,23.75,6.35,-91.23,54.51,2026-03-24,17.075059,95.684945,53.21
TEST_032050,vi,4G,Mumbai,24.23,8.65,-111.44,42.09,2026-05-28,21.354593,75.34778,57.8
TEST_032054,vi,5G,Mumbai,76.04,12.69,-76.58,48.49,2026-05-19,30.675721,87.885754,76.43
TEST_032055,jio,4G,Mumbai,25.15,7.53,-105.08,38.72,2026-03-02,31.716689,81.200749,63.66
TEST_032069,vi,4G,Mumbai,6.26,9.25,-98.18,80.04,2026-04-14,34.702226,76.357216,36.7
TEST_032078,vi,4G,Mumbai,20.4,7.55,-116.28,40.17,2026-05-03,30.400772,75.19443,57.1
TEST_032082,jio,4G,Mumbai,22.22,7.51,-93.48,37.14,2026-05-22,29.161684,71.261624,68.95
TEST_032086,jio,5G,Mumbai,80.61,13.66,-96.81,54.34,2026-05-26,14.925054,81.509147,66.78
TEST_032102,jio,5G,Mumbai,66.88,17.81,-83.1,46.83,2026-05-27,14.764343,77.731135,75.48
TEST_032146,airtel,4G,Mumbai,19.35,6.94,-85.78,41.07,2026-05-13,33.144725,70.663653,65.78
TEST_032148,jio,4G,Mumbai,21.8,7.06,-77.15,35.65,2026-05-25,25.243319,80.339529,76.27
TEST_032174,airtel,4G,Mumbai,25.91,4.64,-96.5,35.69,2026-04-02,23.227731,74.535278,69.8
TEST_032197,jio,5G,Mumbai,153.31,21.05,-85.0,50.92,2026-03-16,15.641001,75.368009,91.98
TEST_032204,airtel,4G,Mumbai,23.38,11.17,-65.88,41.21,2026-03-06,8.719023,69.267836,74.68
TEST_032225,airtel,4G,Mumbai,19.62,8.18,-99.86,40.11,2026-05-09,21.1601,70.220278,62.7
TEST_032232,jio,5G,Mumbai,92.38,34.33,-86.72,52.79,2026-03-16,9.381676,78.265217,81.31
TEST_032244,jio,4G,Mumbai,22.45,7.28,-100.05,46.36,2026-03-07,15.837962,81.678303,56.52
TEST_032254,vi,5G,Mumbai,56.44,16.78,-80.2,42.73,2026-04-20,33.754643,88.108906,77.66
TEST_032261,airtel,4G,Mumbai,16.41,5.14,-84.82,65.95,2026-03-21,11.201119,78.627834,47.12
TEST_032265,vi,5G,Mumbai,49.0,25.98,-86.05,47.66,2026-03-13,11.622712,81.764516,72.76
TEST_032266,airtel,4G,Mumbai,29.38,1.63,-93.22,54.46,2026-05-22,25.654021,91.813395,52.13
TEST_032274,airtel,4G,Mumbai,37.17,6.45,-81.56,45.82,2026-04-27,33.574002,81.47609,66.15
TEST_032281,vi,5G,Mumbai,61.24,23.03,-93.63,50.77,2026-03-13,29.292217,69.892109,69.42
TEST_032283,vi,5G,Mumbai,65.75,14.8,-79.78,54.29,2026-03-31,18.430936,68.690196,69.6
TEST_032288,vi,4G,Mumbai,27.12,4.92,-67.26,127.2,2026-05-04,30.393124,82.537168,41.01
TEST_032293,vi,4G,Mumbai,13.37,7.08,-72.02,50.81,2026-04-10,28.131935,91.563497,60.14
TEST_032294,airtel,4G,Mumbai,24.2,7.41,-100.34,36.35,2026-03-12,9.435128,68.094573,68.18
TEST_032299,vi,5G,Mumbai,76.29,28.44,-60.0,68.02,2026-03-23,15.694457,79.515372,76.29
TEST_032351,vi,4G,Mumbai,16.66,5.61,-75.72,99.46,2026-03-07,19.432736,82.563853,40.42
TEST_032387,vi,4G,Mumbai,20.56,5.35,-70.16,43.54,2026-04-23,28.738485,90.244018,68.04
TEST_032399,airtel,4G,Mumbai,13.49,6.62,-72.84,95.97,2026-04-07,21.651231,74.373843,41.75
TEST_032403,vi,4G,Mumbai,15.18,5.1,-87.5,45.63,2026-05-07,14.47553,88.88559,58.96
TEST_032492,vi,5G,Mumbai,73.53,16.26,-90.68,36.29,2026-05-15,32.783978,80.748541,85.69
TEST_032503,jio,5G,Mumbai,74.44,27.2,-86.88,38.59,2026-05-28,30.742821,85.467523,88.01
TEST_032520,airtel,4G,Mumbai,13.93,3.98,-95.05,49.08,2026-04-24,24.735634,86.579563,52.8
TEST_032523,airtel,5G,Mumbai,47.67,29.25,-89.13,55.2,2026-03-13,27.442035,74.120405,67.11
TEST_032524,vi,5G,Mumbai,52.76,17.05,-67.91,64.71,2026-03-13,27.257873,87.033872,65.74
TEST_032553,jio,4G,Mumbai,30.52,11.71,-95.7,36.74,2026-03-09,11.421652,91.670733,72.14
TEST_032563,jio,4G,Mumbai,27.65,5.2,-99.71,53.45,2026-05-02,28.289014,80.129432,51.54
TEST_032578,jio,5G,Mumbai,64.56,29.92,-93.46,55.36,2026-03-09,20.178137,86.588938,69.57
TEST_032583,jio,5G,Mumbai,117.67,37.78,-90.27,71.11,2026-04-26,33.814371,79.609115,77.57
TEST_032595,jio,5G,Mumbai,40.01,25.96,-82.64,66.83,2026-03-12,20.840401,95.986828,60.27
TEST_032606,airtel,5G,Mumbai,76.4,17.79,-82.66,48.55,2026-05-03,17.919662,77.381193,76.29
TEST_032615,jio,5G,Mumbai,97.99,17.36,-90.07,62.37,2026-04-27,33.532907,92.249737,69.67
TEST_032617,airtel,5G,Mumbai,63.56,16.54,-96.62,46.69,2026-03-24,33.793545,70.334423,69.89
TEST_032620,jio,5G,Mumbai,108.26,8.0,-81.31,82.54,2026-04-30,29.685419,90.526607,63.86
TEST_032634,vi,4G,Mumbai,21.45,8.61,-80.77,36.95,2026-03-12,20.386414,92.18341,73.68
TEST_032645,vi,4G,Mumbai,8.57,6.26,-70.29,68.56,2026-04-30,12.302524,72.368892,49.5
TEST_032661,vi,4G,Mumbai,18.98,6.43,-112.19,151.37,2026-03-30,29.408272,74.112301,22.29
TEST_032668,jio,5G,Mumbai,86.5,30.09,-98.93,63.94,2026-03-23,15.53161,95.892138,68.01
TEST_032673,airtel,5G,Mumbai,89.62,18.95,-75.05,37.96,2026-05-28,8.414431,70.989028,93.16
TEST_032675,airtel,4G,Mumbai,12.62,5.91,-71.13,35.53,2026-04-08,8.620865,95.335223,76.0
TEST_032676,airtel,4G,Mumbai,29.46,4.49,-90.11,54.18,2026-03-17,20.761321,85.108829,54.4
TEST_032681,jio,4G,Mumbai,28.25,2.96,-81.19,71.02,2026-03-10,14.689493,89.507019,48.07
TEST_032693,jio,4G,Mumbai,27.21,10.98,-99.86,43.95,2026-03-21,8.045345,79.937746,61.25
TEST_032694,jio,5G,Mumbai,76.29,24.36,-88.87,41.92,2026-05-26,35.697424,79.9419,82.81
TEST_032699,airtel,5G,Mumbai,48.49,24.91,-91.85,61.02,2026-05-24,35.505294,76.833586,61.47
TEST_032702,vi,4G,Mumbai,16.02,6.63,-81.15,41.4,2026-03-26,32.002888,78.475019,66.09
TEST_032725,airtel,4G,Mumbai,22.96,10.31,-92.09,76.53,2026-04-30,16.608437,72.545194,43.96
TEST_032728,airtel,4G,Mumbai,24.6,6.25,-87.9,35.71,2026-04-04,30.247228,85.961313,72.93
TEST_032734,jio,5G,Mumbai,82.87,16.46,-95.98,45.91,2026-03-22,33.750447,75.113191,75.08
TEST_032739,airtel,5G,Mumbai,87.19,30.51,-82.77,43.94,2026-04-08,28.786388,82.654661,87.41
TEST_032744,jio,5G,Mumbai,107.74,30.84,-60.0,65.04,2026-04-15,32.975963,77.977656,85.48
TEST_032759,jio,4G,Mumbai,32.92,7.23,-71.88,36.16,2026-03-07,14.816364,85.294871,79.82
TEST_032767,jio,5G,Mumbai,60.02,27.06,-79.77,76.12,2026-05-23,26.100324,90.927837,62.53
TEST_032769,airtel,5G,Mumbai,102.66,28.68,-81.14,71.96,2026-04-25,8.752055,86.737154,73.64
TEST_032773,vi,4G,Mumbai,21.18,8.45,-80.84,46.65,2026-04-27,32.080433,72.053268,62.81
TEST_032774,airtel,4G,Mumbai,21.06,5.69,-60.0,117.39,2026-03-11,21.226527,86.097963,43.65
TEST_032782,jio,4G,Mumbai,31.87,7.03,-99.96,45.25,2026-04-26,11.04051,85.494156,59.57
TEST_032783,vi,4G,Mumbai,13.8,2.46,-86.75,67.98,2026-05-16,27.14332,93.578207,44.04
TEST_032801,vi,5G,Mumbai,45.54,20.67,-99.6,66.25,2026-04-08,13.699975,72.681643,54.19
TEST_032824,jio,4G,Mumbai,27.36,8.19,-105.1,36.77,2026-03-30,19.121167,90.816452,66.99
TEST_032839,airtel,5G,Mumbai,64.04,11.65,-90.08,58.58,2026-04-02,18.347781,79.308887,62.04
TEST_032854,airtel,5G,Mumbai,28.68,24.14,-93.83,39.92,2026-03-14,28.628329,72.02697,72.75
TEST_032864,vi,5G,Mumbai,57.36,11.35,-88.71,38.6,2026-03-01,28.959984,94.35069,77.83
TEST_032892,jio,4G,Mumbai,12.81,7.37,-70.8,90.77,2026-03-08,15.758752,90.637006,43.72
TEST_032894,jio,4G,Mumbai,44.11,9.55,-86.49,35.67,2026-05-04,28.306389,92.704541,79.0
TEST_032898,airtel,4G,Mumbai,32.47,4.46,-70.82,35.26,2026-05-26,22.140816,83.07372,80.4
TEST_032924,vi,5G,Mumbai,48.37,26.23,-89.92,38.8,2026-05-15,9.912581,78.667687,80.57
TEST_032934,airtel,5G,Mumbai,91.77,19.32,-82.08,127.57,2026-05-06,26.74664,95.855372,55.65
TEST_032938,vi,5G,Mumbai,77.18,13.16,-77.63,80.5,2026-03-31,26.245387,72.960111,60.63
TEST_032948,vi,4G,Mumbai,19.93,5.28,-85.05,38.21,2026-05-18,31.345697,94.211701,69.01
TEST_032957,vi,4G,Mumbai,22.67,2.54,-91.01,72.06,2026-04-14,14.23257,89.949905,43.01
TEST_032958,vi,4G,Mumbai,21.16,7.55,-109.33,37.5,2026-03-06,11.563201,89.250623,62.96
TEST_032962,airtel,5G,Mumbai,84.18,20.95,-70.66,38.62,2026-04-16,30.220446,93.486546,93.28
TEST_032968,jio,4G,Mumbai,21.87,8.97,-79.7,53.53,2026-04-01,25.958922,81.641193,58.24
TEST_032993,jio,5G,Mumbai,65.34,25.71,-97.33,50.75,2026-04-11,13.267902,93.570564,70.09
TEST_033001,vi,4G,Mumbai,19.53,5.16,-94.78,47.16,2026-05-12,26.394145,69.581888,56.16
TEST_033003,vi,4G,Mumbai,18.94,7.16,-94.88,39.53,2026-05-22,22.957978,91.809967,64.54
TEST_033024,airtel,5G,Mumbai,94.4,18.27,-87.72,38.41,2026-04-04,12.305339,82.075626,89.17
TEST_033026,jio,4G,Mumbai,26.5,4.53,-73.24,35.06,2026-05-26,35.966272,75.466968,78.6
TEST_033032,airtel,5G,Mumbai,68.3,30.68,-91.55,37.44,2026-04-10,17.590635,95.720785,87.86
TEST_033040,jio,5G,Mumbai,100.73,26.05,-95.7,47.59,2026-03-23,33.969738,86.875251,81.15
TEST_033056,jio,4G,Mumbai,29.99,6.61,-76.78,40.95,2026-03-14,18.087749,78.411673,71.16
TEST_033071,airtel,4G,Mumbai,33.01,8.18,-85.15,63.7,2026-05-12,20.475242,93.648492,52.85
TEST_033077,airtel,4G,Mumbai,21.26,7.25,-87.14,40.35,2026-05-01,13.640455,84.517273,66.69
TEST_033093,vi,5G,Mumbai,70.04,12.48,-87.62,44.08,2026-03-12,33.869819,89.758022,75.29
TEST_033107,airtel,4G,Mumbai,11.94,10.79,-75.39,57.84,2026-05-19,10.73936,90.219378,55.44
TEST_033108,vi,4G,Mumbai,13.74,8.39,-91.95,50.68,2026-04-05,35.26414,73.645441,54.15
TEST_033124,vi,5G,Mumbai,73.5,9.45,-102.86,38.76,2026-03-20,30.301004,81.651308,75.82
TEST_033130,vi,4G,Mumbai,18.04,5.25,-102.5,42.59,2026-04-17,9.484525,88.348654,57.64
TEST_033136,airtel,5G,Mumbai,54.51,17.2,-85.06,53.92,2026-04-07,9.172056,88.242256,66.45
TEST_033141,jio,4G,Mumbai,26.23,5.76,-79.45,41.24,2026-04-17,30.132349,70.519691,68.8
TEST_033158,airtel,4G,Mumbai,16.07,9.73,-82.73,37.22,2026-04-16,25.174866,73.433223,71.86
TEST_033165,vi,5G,Mumbai,82.26,16.17,-73.8,76.6,2026-05-25,35.922521,83.48244,65.37
TEST_033171,vi,4G,Mumbai,17.45,7.39,-77.97,43.33,2026-04-16,35.602541,76.772056,65.7
TEST_033190,airtel,4G,Mumbai,19.62,8.27,-69.46,36.75,2026-05-30,30.896033,85.502737,77.2
TEST_033194,vi,4G,Mumbai,19.0,2.21,-103.2,42.67,2026-04-22,34.123295,88.838872,56.43
TEST_033221,airtel,5G,Mumbai,46.97,22.22,-75.2,52.73,2026-05-05,35.40198,80.332125,70.68
TEST_033225,jio,4G,Mumbai,34.93,12.01,-75.67,110.88,2026-05-05,18.830722,78.174867,44.79
TEST_033235,vi,4G,Mumbai,17.86,3.45,-94.82,35.11,2026-05-17,20.777764,85.935783,69.01
TEST_033237,airtel,5G,Mumbai,43.82,16.78,-76.9,45.02,2026-03-21,12.958633,88.135301,73.68
TEST_033270,airtel,5G,Mumbai,94.22,20.39,-89.29,48.57,2026-03-14,20.514439,79.785989,78.97
TEST_033281,jio,5G,Mumbai,84.21,21.05,-98.24,39.41,2026-05-20,21.895625,86.743001,83.14
TEST_033285,airtel,5G,Mumbai,67.24,8.24,-90.39,38.75,2026-05-07,28.964649,88.730121,78.15
TEST_033286,jio,5G,Mumbai,119.74,23.64,-85.66,46.53,2026-03-06,24.576909,84.941503,88.78
TEST_033296,airtel,4G,Mumbai,18.79,11.0,-79.02,38.56,2026-03-05,23.161896,89.501017,72.39
TEST_033300,jio,4G,Mumbai,25.05,5.24,-77.35,58.62,2026-04-09,18.138794,78.805588,55.24
TEST_033303,vi,4G,Mumbai,26.11,6.01,-86.99,53.18,2026-04-06,12.799224,82.846571,55.91
TEST_033327,jio,4G,Mumbai,35.46,6.99,-63.53,36.01,2026-05-15,27.494383,70.860069,83.3
TEST_033330,jio,4G,Mumbai,27.68,8.15,-84.8,59.74,2026-04-05,9.056511,71.469828,53.78
TEST_033337,jio,4G,Mumbai,44.25,11.01,-79.64,48.5,2026-03-31,33.483631,88.104989,67.71
TEST_033355,airtel,4G,Mumbai,15.18,4.31,-93.48,37.68,2026-04-08,34.99934,70.430819,65.49
TEST_033399,jio,4G,Mumbai,35.38,6.85,-107.28,49.1,2026-03-20,22.173922,81.08624,54.53
TEST_033405,vi,4G,Mumbai,19.62,4.97,-92.82,46.82,2026-03-22,25.055934,71.23533,57.06
TEST_033410,vi,5G,Mumbai,62.7,12.54,-82.15,43.72,2026-03-14,10.157383,83.763161,75.86
TEST_033428,vi,4G,Mumbai,24.03,5.44,-98.51,65.27,2026-05-22,24.274341,73.166389,44.67
TEST_033443,vi,4G,Mumbai,13.11,3.46,-103.23,40.98,2026-04-27,22.74504,68.380925,57.41
TEST_033458,jio,4G,Mumbai,30.79,7.54,-82.21,43.31,2026-04-11,22.831743,89.117417,67.33
TEST_033459,jio,4G,Mumbai,30.3,9.45,-79.14,37.85,2026-05-26,22.669118,84.030356,75.28
TEST_033485,jio,5G,Mumbai,38.0,25.3,-75.99,59.3,2026-03-04,11.768809,80.080315,65.48
TEST_033503,jio,4G,Mumbai,27.94,4.16,-101.99,46.5,2026-05-08,35.730699,68.104588,55.84
TEST_033505,jio,5G,Mumbai,103.58,27.57,-91.82,43.36,2026-05-18,13.761636,83.005044,87.56
TEST_033538,vi,4G,Mumbai,24.68,9.59,-80.78,67.3,2026-05-03,18.120063,70.072339,51.33
TEST_033542,jio,5G,Mumbai,32.89,38.51,-85.44,44.59,2026-04-01,25.416185,70.479486,76.69
TEST_033544,vi,4G,Mumbai,21.52,7.88,-90.85,54.42,2026-04-26,22.474822,86.65988,53.46
TEST_033571,airtel,5G,Mumbai,72.28,7.44,-82.23,103.5,2026-04-12,25.158832,89.497585,50.53
TEST_033581,vi,5G,Mumbai,51.14,17.91,-85.17,37.96,2026-05-28,21.628172,88.610657,80.84
TEST_033583,airtel,4G,Mumbai,31.03,8.64,-88.03,44.83,2026-03-02,8.798252,77.278243,64.34
TEST_033606,airtel,5G,Mumbai,80.46,24.17,-99.04,39.47,2026-03-31,35.326981,69.022323,83.1
TEST_033610,vi,4G,Mumbai,18.36,5.09,-94.24,81.79,2026-05-02,21.576017,75.25675,38.68
TEST_033624,vi,5G,Mumbai,78.55,24.71,-107.59,41.68,2026-05-15,23.876778,87.79351,77.46
TEST_033628,vi,4G,Mumbai,18.2,4.65,-85.32,46.28,2026-03-02,13.833384,73.910988,59.6
TEST_033630,vi,5G,Mumbai,91.02,15.66,-95.81,39.57,2026-04-30,24.795674,82.202229,83.32
TEST_033632,airtel,5G,Mumbai,62.63,22.38,-91.52,38.37,2026-04-10,13.717486,86.613263,82.37
TEST_033641,jio,4G,Mumbai,26.29,8.5,-78.62,42.54,2026-04-09,26.284162,90.575624,68.67
TEST_033648,vi,5G,Mumbai,51.91,9.69,-89.29,48.35,2026-03-24,19.178155,74.991074,65.84
TEST_033651,jio,4G,Mumbai,18.87,9.98,-70.2,39.77,2026-05-15,18.101974,74.854821,73.48
TEST_033669,airtel,5G,Mumbai,53.83,28.79,-82.92,42.87,2026-04-24,11.319719,84.348596,80.39
TEST_033675,airtel,4G,Mumbai,18.37,7.78,-85.58,90.82,2026-03-05,8.09145,90.122926,40.17
TEST_033680,vi,5G,Mumbai,65.28,15.35,-89.92,58.55,2026-05-14,31.029054,78.555657,63.72
TEST_033707,airtel,4G,Mumbai,14.89,10.8,-78.64,60.37,2026-05-01,15.910213,69.561414,53.61
TEST_033712,jio,4G,Mumbai,17.95,6.91,-80.84,41.43,2026-04-03,12.280049,86.51193,66.7
TEST_033721,vi,5G,Mumbai,45.38,10.92,-104.47,67.76,2026-04-09,16.876404,89.783034,48.34
TEST_033723,jio,5G,Mumbai,56.03,19.78,-82.26,51.76,2026-05-14,20.082524,73.184224,70.15
TEST_033724,jio,5G,Mumbai,145.76,29.59,-78.31,36.61,2026-05-14,11.377629,68.775443,110.28
TEST_033728,jio,5G,Mumbai,51.92,32.67,-107.91,46.92,2026-05-29,34.019635,93.089747,69.19
TEST_033734,vi,4G,Mumbai,22.92,4.04,-91.67,42.03,2026-03-20,13.731907,75.317809,62.49
TEST_033739,vi,4G,Mumbai,17.94,2.34,-80.19,44.57,2026-05-27,24.776693,81.538685,62.0
TEST_033752,vi,4G,Mumbai,12.36,5.89,-109.84,44.94,2026-05-07,22.68525,81.65775,51.81
TEST_033754,airtel,4G,Mumbai,10.71,3.93,-88.4,82.58,2026-05-16,28.036654,87.911783,38.27
TEST_033755,airtel,5G,Mumbai,94.14,20.63,-87.35,66.35,2026-04-07,27.448167,88.451299,69.04
TEST_033757,airtel,5G,Mumbai,57.45,10.88,-82.85,40.94,2026-03-16,19.881161,94.23721,76.82
TEST_033758,airtel,5G,Mumbai,97.43,18.69,-90.33,65.07,2026-04-01,16.671692,81.572694,68.65
TEST_033768,vi,5G,Mumbai,60.62,15.91,-81.91,48.37,2026-04-14,15.261217,71.276079,72.48
TEST_033772,vi,4G,Mumbai,27.1,5.97,-85.9,37.34,2026-05-15,22.574242,81.255866,71.74
TEST_033777,vi,4G,Mumbai,16.7,4.72,-84.36,54.03,2026-05-19,35.144916,94.508178,53.66
TEST_033784,airtel,4G,Mumbai,22.4,10.07,-94.19,38.22,2026-03-05,21.791475,72.701861,68.24
TEST_033792,jio,5G,Mumbai,57.59,30.17,-86.2,36.9,2026-03-21,24.355312,77.704473,87.81
TEST_033799,airtel,5G,Mumbai,59.46,14.25,-111.48,38.08,2026-04-18,8.373027,87.664178,72.43
TEST_033826,airtel,5G,Mumbai,86.43,13.86,-68.82,54.84,2026-03-25,27.564802,68.842126,77.16
TEST_033827,vi,4G,Mumbai,15.48,8.5,-65.01,110.78,2026-04-06,32.342214,94.306757,42.76
TEST_033834,jio,5G,Mumbai,56.69,31.1,-83.9,92.58,2026-05-04,24.04101,93.731067,57.32
TEST_033844,jio,5G,Mumbai,108.72,21.38,-78.29,112.07,2026-03-03,10.901643,86.387125,63.57
TEST_033849,vi,5G,Mumbai,61.42,18.39,-72.37,35.12,2026-03-19,23.602534,78.221726,91.6
TEST_033858,airtel,4G,Mumbai,26.98,6.62,-88.48,118.9,2026-03-25,22.138753,84.65633,35.6
TEST_033859,jio,5G,Mumbai,87.89,24.88,-82.55,68.39,2026-03-08,24.793734,91.048071,69.91
TEST_033861,vi,5G,Mumbai,51.52,15.23,-76.85,36.8,2026-04-06,12.871434,70.37385,84.3
TEST_033885,airtel,5G,Mumbai,137.02,17.34,-98.61,41.48,2026-05-21,10.324525,80.643388,91.03
TEST_033886,jio,5G,Mumbai,86.33,25.4,-73.74,36.01,2026-03-12,35.369657,90.494102,97.91
TEST_033906,airtel,5G,Mumbai,95.97,23.39,-88.05,41.12,2026-03-08,12.604314,73.641944,88.0
TEST_033918,jio,4G,Mumbai,21.66,9.65,-98.75,44.83,2026-03-12,20.838245,72.473373,59.05
TEST_033926,airtel,5G,Mumbai,58.27,27.41,-95.39,38.35,2026-04-26,23.384287,88.728732,81.96
TEST_033927,vi,5G,Mumbai,47.83,34.62,-94.48,37.6,2026-04-20,29.775338,69.927404,83.54
TEST_033928,vi,4G,Mumbai,17.96,6.35,-73.37,60.25,2026-03-18,31.080662,90.871727,54.5
TEST_033939,airtel,4G,Mumbai,17.08,8.6,-88.57,46.66,2026-05-04,26.023574,74.670076,59.37
TEST_033945,vi,5G,Mumbai,58.86,18.25,-65.33,39.73,2026-04-17,14.081223,77.919984,87.06
TEST_033960,jio,4G,Mumbai,14.58,11.83,-85.6,41.34,2026-04-04,28.271231,82.037562,66.24
TEST_033961,vi,4G,Mumbai,8.64,8.15,-73.31,46.33,2026-05-08,19.588324,92.538916,62.7
TEST_033967,vi,5G,Mumbai,58.64,16.14,-92.16,53.93,2026-03-08,34.361285,78.610038,64.61
TEST_033969,vi,4G,Mumbai,21.16,5.95,-60.0,43.82,2026-03-25,30.513651,78.380978,71.5
TEST_033983,vi,5G,Mumbai,32.17,16.99,-63.68,39.04,2026-04-09,17.247167,91.307129,82.05
TEST_033984,airtel,5G,Mumbai,67.59,19.44,-78.98,52.91,2026-03-01,13.513188,92.144982,72.88
TEST_033988,vi,4G,Mumbai,27.84,3.74,-77.64,53.39,2026-04-28,30.531062,93.244445,58.45
TEST_033989,airtel,4G,Mumbai,20.93,7.16,-72.0,67.66,2026-03-02,25.141738,80.681741,52.39
TEST_034001,jio,5G,Mumbai,88.57,14.45,-77.97,35.35,2026-03-20,29.711331,83.137345,94.01
TEST_034005,jio,4G,Mumbai,31.19,3.71,-95.77,44.11,2026-03-21,31.884492,79.247684,60.71
TEST_034015,vi,4G,Mumbai,16.99,6.91,-97.69,71.99,2026-04-16,33.417385,87.56693,41.13
TEST_034019,jio,4G,Mumbai,30.07,8.83,-78.43,114.65,2026-05-17,20.447872,85.931059,41.05
TEST_034024,jio,4G,Mumbai,16.73,9.65,-79.71,56.95,2026-05-08,23.997628,78.30129,55.17
TEST_034029,jio,4G,Mumbai,23.76,10.93,-104.24,40.46,2026-05-12,25.171266,81.295152,62.75
TEST_034048,jio,5G,Mumbai,115.01,15.48,-74.08,37.29,2026-03-11,25.719937,76.493283,98.78
TEST_034049,vi,5G,Mumbai,65.24,15.32,-92.53,40.43,2026-03-27,19.232459,91.399681,77.52
TEST_034054,vi,5G,Mumbai,70.56,24.07,-97.93,38.86,2026-05-23,16.443753,83.139541,81.99
TEST_034056,vi,5G,Mumbai,69.03,19.55,-60.0,45.23,2026-03-19,34.093218,75.886981,85.73
TEST_034058,jio,5G,Mumbai,92.28,22.75,-60.0,45.88,2026-04-22,19.517838,76.266362,91.47
TEST_034074,jio,4G,Mumbai,28.21,9.57,-102.39,40.3,2026-03-09,31.309518,85.05603,64.05
TEST_034077,airtel,5G,Mumbai,80.65,23.77,-68.44,49.91,2026-05-12,25.837148,76.251373,83.06
TEST_034092,airtel,5G,Mumbai,74.08,17.98,-99.63,51.28,2026-05-14,14.195914,87.933678,68.07
TEST_034107,airtel,4G,Mumbai,9.45,6.47,-83.66,68.17,2026-04-22,33.742452,93.944547,45.48
TEST_034116,airtel,5G,Mumbai,69.17,16.2,-89.33,59.73,2026-04-05,34.967692,82.16358,64.44
TEST_034124,airtel,4G,Mumbai,24.49,4.7,-68.33,39.8,2026-03-04,34.855444,69.320731,73.4
TEST_034134,jio,4G,Mumbai,24.75,6.55,-60.51,40.39,2026-03-15,31.434091,68.781808,76.04
TEST_034145,airtel,5G,Mumbai,45.9,7.8,-68.0,47.36,2026-03-30,21.777448,91.755614,71.75
TEST_034197,vi,5G,Mumbai,67.23,20.97,-79.92,42.33,2026-05-06,26.965614,73.136562,82.1
TEST_034212,jio,5G,Mumbai,100.8,32.4,-73.2,38.11,2026-04-11,19.675724,81.55635,100.95
TEST_034247,airtel,5G,Mumbai,91.68,17.46,-79.16,50.65,2026-04-12,16.544487,85.82589,79.1
TEST_034255,vi,4G,Mumbai,17.98,8.03,-73.24,86.22,2026-05-06,28.812042,89.925295,45.44
TEST_034256,jio,5G,Mumbai,118.9,19.81,-97.46,49.12,2026-03-14,16.927903,92.622341,81.09
TEST_034259,vi,4G,Mumbai,20.59,7.8,-108.87,46.68,2026-03-14,19.508453,90.61072,53.07
TEST_034280,jio,4G,Mumbai,17.83,9.3,-79.02,36.02,2026-03-16,29.701235,79.379302,75.03
TEST_034288,airtel,4G,Mumbai,24.65,8.33,-73.29,53.37,2026-04-07,16.425439,77.747169,60.87
TEST_034306,airtel,4G,Mumbai,29.36,9.55,-81.2,47.2,2026-04-17,12.230164,79.120838,64.43
TEST_034310,vi,5G,Mumbai,66.91,17.04,-80.0,41.16,2026-04-10,22.329104,83.090334,81.86
TEST_034312,airtel,4G,Mumbai,30.42,8.67,-89.92,41.64,2026-03-20,24.532262,94.137358,66.85
TEST_034326,vi,4G,Mumbai,22.39,6.09,-92.85,35.41,2026-04-20,17.442151,79.74739,71.18
TEST_034381,vi,4G,Mumbai,20.29,4.24,-88.48,42.9,2026-05-25,11.145915,80.779052,62.12
TEST_034384,jio,4G,Mumbai,16.2,3.38,-71.84,46.44,2026-05-20,34.945906,91.572618,63.05
TEST_034386,airtel,5G,Mumbai,70.83,18.37,-73.56,50.66,2026-04-28,31.941538,81.585291,76.64
TEST_034402,airtel,4G,Mumbai,28.83,9.11,-84.09,38.41,2026-05-07,35.944854,72.048996,72.45
TEST_034405,jio,4G,Mumbai,46.17,11.06,-83.87,35.07,2026-05-14,19.874703,82.180595,81.79
TEST_034408,jio,4G,Mumbai,22.94,7.44,-85.07,62.01,2026-03-30,22.505952,75.748131,51.19
TEST_034413,airtel,5G,Mumbai,50.14,31.9,-78.01,50.76,2026-04-08,8.259002,79.273268,75.38
TEST_034416,jio,5G,Mumbai,78.04,18.05,-70.44,35.28,2026-05-13,8.035905,73.929996,95.58
TEST_034436,jio,4G,Mumbai,16.72,5.28,-73.61,37.69,2026-03-19,12.316994,85.467898,72.8
TEST_034450,jio,5G,Mumbai,93.97,14.76,-78.26,46.05,2026-05-22,15.731474,79.924563,82.71
TEST_034465,vi,5G,Mumbai,68.87,16.09,-71.4,35.24,2026-04-30,25.565647,82.844976,92.57
TEST_034511,jio,5G,Mumbai,49.58,11.11,-88.15,59.86,2026-04-12,18.483652,82.143992,58.56
TEST_034513,airtel,4G,Mumbai,20.22,6.81,-62.29,46.19,2026-03-17,10.290773,86.887194,68.59
TEST_034515,vi,5G,Mumbai,90.14,12.87,-82.33,44.29,2026-04-20,26.224715,68.376153,81.47
TEST_034523,jio,4G,Mumbai,19.44,9.33,-99.41,39.98,2026-05-15,33.186848,85.534469,63.38
TEST_034532,jio,4G,Mumbai,22.06,11.92,-80.04,37.49,2026-05-01,14.280152,70.773315,74.52
TEST_034537,vi,5G,Mumbai,75.09,23.95,-101.33,67.82,2026-04-30,29.726408,94.214141,60.7
TEST_034542,vi,4G,Mumbai,14.59,5.24,-76.38,44.94,2026-04-22,10.470443,81.023346,63.23
TEST_034544,jio,5G,Mumbai,61.18,25.62,-89.31,35.53,2026-04-06,31.611336,89.444017,87.91
TEST_034549,airtel,5G,Mumbai,97.59,26.78,-60.45,81.81,2026-05-25,9.829411,92.583812,75.46
TEST_034555,vi,4G,Mumbai,17.88,7.94,-84.94,45.88,2026-04-07,13.910446,84.313478,61.21
TEST_034563,jio,4G,Mumbai,19.7,7.0,-63.2,76.24,2026-05-10,13.435288,68.460527,51.76
TEST_034590,vi,5G,Mumbai,72.6,19.39,-80.08,36.41,2026-03-23,28.229395,84.638895,89.98
TEST_034593,airtel,4G,Mumbai,10.45,4.86,-72.52,132.6,2026-05-19,34.662116,94.988511,34.89
TEST_034601,vi,5G,Mumbai,60.46,23.07,-96.62,50.51,2026-03-02,18.664022,73.837477,68.46
TEST_034636,vi,5G,Mumbai,48.98,13.96,-88.58,45.78,2026-04-25,27.443413,77.728099,69.2
TEST_034646,airtel,4G,Mumbai,17.65,7.26,-64.05,74.22,2026-04-10,9.26743,78.200935,51.8
TEST_034672,airtel,4G,Mumbai,21.98,8.46,-81.72,36.28,2026-05-09,8.644385,86.647168,74.37
TEST_034682,jio,4G,Mumbai,32.54,6.52,-79.92,47.0,2026-03-14,21.296457,78.548855,64.64
TEST_034709,jio,5G,Mumbai,87.11,23.8,-101.88,41.01,2026-03-12,28.7057,72.570076,81.69
TEST_034710,jio,4G,Mumbai,21.78,6.43,-78.1,45.81,2026-04-26,30.548784,72.708136,63.88
TEST_034713,vi,4G,Mumbai,19.78,4.14,-94.49,77.71,2026-04-20,10.636764,75.80019,39.82
TEST_034714,vi,5G,Mumbai,6.63,17.92,-83.18,45.25,2026-03-01,21.501345,81.131544,63.5
TEST_034716,jio,5G,Mumbai,99.85,27.62,-74.22,55.53,2026-05-13,18.287541,86.043292,82.91
TEST_034730,airtel,4G,Mumbai,21.61,8.01,-75.75,71.67,2026-05-16,25.396717,78.341683,49.99
TEST_034731,airtel,5G,Mumbai,74.16,28.71,-93.86,46.5,2026-03-29,31.029883,83.252975,77.76
TEST_034740,airtel,5G,Mumbai,47.92,27.59,-82.02,49.96,2026-04-20,21.575162,92.502622,72.59
TEST_034747,airtel,4G,Mumbai,17.55,9.83,-92.55,38.07,2026-05-21,28.221348,71.656474,67.82
TEST_034758,airtel,5G,Mumbai,96.33,30.84,-93.23,79.83,2026-04-16,11.708009,80.470024,66.32
TEST_034760,vi,5G,Mumbai,37.63,25.6,-68.28,55.06,2026-05-19,33.787075,90.261165,70.59
TEST_034763,airtel,5G,Mumbai,74.84,19.72,-74.6,47.21,2026-03-29,13.462357,74.699321,80.45
TEST_034767,vi,5G,Mumbai,46.43,26.49,-102.07,59.41,2026-03-08,24.734091,88.401775,59.04
TEST_034768,airtel,5G,Mumbai,66.35,27.77,-103.46,42.72,2026-03-04,34.71297,72.837914,76.12
TEST_034776,airtel,4G,Mumbai,29.05,7.98,-86.23,64.54,2026-04-01,26.04204,81.25514,51.14
TEST_034784,airtel,5G,Mumbai,103.68,20.89,-90.11,46.89,2026-04-03,14.410215,76.314173,82.4
TEST_034797,jio,5G,Mumbai,77.1,15.18,-77.68,44.25,2026-04-12,14.685979,93.214951,80.99
TEST_034798,jio,4G,Mumbai,24.03,7.07,-72.68,38.12,2026-04-22,12.115649,86.613316,74.82
TEST_034803,jio,5G,Mumbai,77.8,38.6,-69.9,63.81,2026-03-21,9.8198,91.997738,78.9
TEST_034811,vi,5G,Mumbai,91.53,23.92,-69.15,46.2,2026-03-31,11.317459,74.115636,88.39
TEST_034820,jio,5G,Mumbai,91.97,32.39,-98.8,46.63,2026-05-03,35.242438,68.598175,81.3
TEST_034828,vi,4G,Mumbai,16.16,5.48,-81.81,42.84,2026-04-02,25.764691,75.798822,63.94
TEST_034833,airtel,4G,Mumbai,32.05,2.55,-85.45,57.92,2026-04-14,20.632338,73.039499,53.53
TEST_034834,airtel,4G,Mumbai,30.91,5.2,-72.71,66.6,2026-04-12,19.817162,80.104601,54.12
TEST_034837,jio,4G,Mumbai,6.44,10.0,-67.82,47.0,2026-03-09,8.380985,87.124721,64.12
TEST_034852,jio,4G,Mumbai,27.07,2.91,-88.28,57.28,2026-03-15,8.193541,70.105559,51.98
TEST_034860,airtel,5G,Mumbai,91.07,26.33,-74.93,41.79,2026-04-09,9.621155,86.96155,91.61
TEST_034877,jio,5G,Mumbai,71.49,17.98,-83.91,37.01,2026-03-22,34.11509,74.071075,87.1
TEST_034883,jio,5G,Mumbai,106.86,21.18,-86.13,45.33,2026-03-06,22.278843,91.124868,85.95
TEST_034899,vi,5G,Mumbai,38.41,24.59,-65.18,55.82,2026-04-21,20.275671,71.909423,70.95
TEST_034908,vi,4G,Mumbai,13.43,6.51,-84.68,44.78,2026-04-23,23.50653,89.880479,60.81
TEST_034916,jio,5G,Mumbai,50.18,27.25,-77.84,82.42,2026-05-29,19.469232,80.475957,59.09
TEST_034921,airtel,5G,Mumbai,80.7,20.24,-93.08,39.63,2026-04-29,8.362168,83.355569,83.52
TEST_034931,airtel,5G,Mumbai,116.51,18.56,-78.34,38.07,2026-04-15,25.161918,73.720575,97.77
TEST_034939,airtel,4G,Mumbai,16.06,7.53,-96.52,39.7,2026-05-05,30.373437,76.860888,63.28
TEST_034940,vi,5G,Mumbai,26.93,17.23,-72.06,39.83,2026-05-04,15.568617,85.925811,77.21
TEST_034954,jio,4G,Mumbai,12.48,9.77,-87.24,36.78,2026-04-06,32.145885,88.60893,70.18
TEST_034958,vi,4G,Mumbai,18.07,7.87,-88.8,36.16,2026-04-05,28.462675,91.796158,71.1
TEST_034970,jio,4G,Mumbai,24.67,8.06,-112.02,36.51,2026-05-14,21.158863,77.878187,64.4
TEST_034983,vi,5G,Mumbai,36.59,11.73,-93.3,35.23,2026-05-13,26.444075,90.020343,76.51
TEST_034984,vi,4G,Mumbai,16.56,5.16,-87.0,49.28,2026-04-03,17.204083,75.16349,56.34
TEST_034986,airtel,5G,Mumbai,73.56,15.32,-102.51,37.8,2026-04-15,10.352816,75.390505,79.32
TEST_035016,jio,4G,Mumbai,15.95,11.15,-98.56,42.14,2026-05-17,26.463439,78.482787,61.11
TEST_035023,vi,5G,Mumbai,93.93,23.05,-78.25,60.79,2026-05-05,24.691836,75.218586,75.57
TEST_035042,jio,5G,Mumbai,102.5,11.47,-73.23,48.23,2026-05-18,17.04674,94.852472,83.21
TEST_035055,jio,4G,Mumbai,13.1,7.88,-94.33,40.65,2026-05-02,34.808052,83.551772,62.35
TEST_035068,airtel,5G,Mumbai,70.64,22.26,-76.6,64.93,2026-04-29,34.372769,82.901446,68.62
TEST_035102,jio,4G,Mumbai,32.63,7.99,-85.96,58.18,2026-05-09,16.540542,82.085977,55.31
TEST_035105,jio,4G,Mumbai,14.77,4.76,-101.59,76.55,2026-03-06,12.949162,76.552515,36.94
TEST_035106,airtel,4G,Mumbai,30.26,6.94,-85.06,67.43,2026-04-22,23.306602,77.442647,50.13
TEST_035114,airtel,5G,Mumbai,75.73,14.83,-86.57,51.59,2026-05-26,21.647353,78.941975,71.43
TEST_035122,jio,4G,Mumbai,42.23,7.18,-85.62,44.81,2026-03-06,24.785363,90.959712,67.13
TEST_035149,vi,4G,Mumbai,14.86,7.58,-89.67,39.54,2026-05-22,8.439361,95.207224,65.5
TEST_035162,jio,5G,Mumbai,74.15,34.1,-90.43,47.97,2026-05-22,32.758193,78.762091,79.59
TEST_035165,vi,4G,Mumbai,14.99,5.67,-101.53,39.23,2026-05-26,14.925679,91.400996,61.27
TEST_035166,jio,4G,Mumbai,16.13,7.05,-80.16,51.79,2026-04-27,31.231558,93.4486,57.32
TEST_035185,jio,5G,Mumbai,78.2,39.0,-86.75,46.27,2026-05-01,22.141141,74.181368,84.97
TEST_035202,jio,4G,Mumbai,25.19,7.31,-101.71,47.65,2026-03-14,35.51895,79.017584,55.47
TEST_035208,vi,4G,Mumbai,16.37,5.51,-86.01,63.38,2026-04-11,33.885401,70.12042,48.04
TEST_035221,airtel,4G,Mumbai,22.52,5.51,-74.45,48.37,2026-05-15,8.267078,77.55517,62.71
TEST_035226,vi,5G,Mumbai,60.84,12.86,-99.94,59.52,2026-04-05,30.711685,86.925621,57.95
TEST_035227,vi,5G,Mumbai,53.45,26.09,-80.7,41.81,2026-04-26,30.521761,72.665637,81.19
TEST_035230,jio,4G,Mumbai,33.48,10.09,-83.5,36.61,2026-04-05,33.330937,95.81261,76.46
TEST_035260,vi,5G,Mumbai,43.3,18.63,-93.6,55.81,2026-03-07,27.921468,84.294899,60.41
TEST_035263,airtel,5G,Mumbai,108.63,19.95,-85.34,39.37,2026-05-22,28.674488,88.881238,92.53
TEST_035272,airtel,4G,Mumbai,33.36,5.5,-83.29,50.1,2026-05-09,24.767462,84.876582,60.8
TEST_035278,vi,4G,Mumbai,8.98,5.4,-76.93,36.56,2026-03-28,13.10315,84.619877,71.56
TEST_035286,jio,4G,Mumbai,31.64,10.9,-70.83,38.37,2026-03-04,12.401685,95.911721,78.19
TEST_035301,vi,5G,Mumbai,43.67,14.48,-60.0,35.32,2026-05-15,22.27685,95.881472,90.05
TEST_035302,jio,5G,Mumbai,54.7,36.12,-92.35,61.7,2026-04-03,25.556651,80.958686,66.41
TEST_035319,airtel,4G,Mumbai,21.24,11.38,-60.0,56.78,2026-04-03,24.188113,91.568861,63.48
TEST_035335,airtel,4G,Mumbai,12.86,7.94,-95.22,42.66,2026-04-29,15.932464,88.654747,59.81
TEST_035339,airtel,4G,Mumbai,23.74,3.44,-66.78,43.65,2026-04-09,17.606523,72.892338,69.07
TEST_035351,jio,5G,Mumbai,82.95,23.66,-61.63,51.67,2026-03-09,9.345255,73.200186,84.49
TEST_035353,airtel,4G,Mumbai,11.7,6.09,-99.71,46.76,2026-05-25,14.465007,81.704537,53.46
TEST_035354,vi,4G,Mumbai,15.58,6.11,-74.09,37.57,2026-04-01,15.67796,78.296914,72.84
TEST_035356,vi,5G,Mumbai,48.45,12.78,-82.52,51.04,2026-05-22,35.397118,91.200777,66.36
TEST_035362,jio,5G,Mumbai,59.97,26.02,-101.36,71.77,2026-05-14,20.018099,74.922888,56.5
TEST_035411,vi,4G,Mumbai,12.21,2.03,-117.06,40.9,2026-05-06,33.875194,82.203539,52.17
TEST_035413,airtel,5G,Mumbai,84.39,16.42,-83.75,44.44,2026-05-14,20.41665,75.093175,80.86
TEST_035416,airtel,5G,Mumbai,61.66,20.77,-73.61,47.64,2026-03-06,29.47141,72.575597,77.85
TEST_035427,airtel,5G,Mumbai,90.95,11.93,-88.44,67.79,2026-05-11,31.891431,86.9724,64.18
TEST_035428,vi,4G,Mumbai,4.12,2.86,-88.06,39.95,2026-05-10,17.735057,77.675061,61.44
TEST_035430,vi,4G,Mumbai,19.57,8.61,-82.26,52.68,2026-03-25,16.752551,83.55437,57.32
TEST_035432,vi,4G,Mumbai,30.76,8.38,-91.62,80.25,2026-05-03,25.707109,87.476115,43.97
TEST_035434,airtel,4G,Mumbai,31.27,7.31,-96.35,45.36,2026-03-29,29.386946,69.552534,60.64
TEST_035438,vi,5G,Mumbai,28.81,24.94,-88.8,38.39,2026-05-01,23.239752,68.939268,76.64
TEST_035461,vi,5G,Mumbai,67.7,18.49,-80.42,41.82,2026-03-18,14.692605,75.430285,81.69
TEST_035474,jio,5G,Mumbai,179.55,24.64,-75.33,50.15,2026-05-22,27.137766,85.476441,102.93
TEST_035475,airtel,4G,Mumbai,29.3,5.89,-105.46,48.61,2026-04-12,9.441399,91.115344,53.83
TEST_035479,vi,4G,Mumbai,24.77,4.26,-91.58,87.97,2026-05-22,25.125045,78.175777,39.02
TEST_035495,vi,5G,Mumbai,23.36,11.86,-92.51,52.76,2026-05-21,13.980717,72.001488,55.87
TEST_035504,jio,5G,Mumbai,111.91,24.41,-86.13,39.43,2026-04-24,26.736139,81.834404,94.55
TEST_035507,vi,5G,Mumbai,59.64,15.56,-61.1,47.77,2026-03-17,23.546578,70.617455,79.57
TEST_035509,jio,4G,Mumbai,16.84,10.02,-103.44,49.59,2026-04-15,20.938446,71.714176,52.44
TEST_035517,vi,5G,Mumbai,73.54,16.53,-83.05,39.41,2026-04-30,9.985638,72.545988,84.19
TEST_035520,airtel,5G,Mumbai,75.32,18.11,-69.79,36.15,2026-05-03,21.029489,71.888529,93.92
TEST_035528,vi,4G,Mumbai,24.21,6.78,-65.55,46.47,2026-04-09,34.744231,79.42609,68.14
TEST_035532,airtel,5G,Mumbai,86.68,25.23,-73.64,97.12,2026-04-17,12.236405,74.364182,64.3
TEST_035537,airtel,4G,Mumbai,31.8,8.06,-82.24,38.31,2026-05-27,23.121213,87.815468,73.47
TEST_035541,jio,5G,Mumbai,59.37,7.53,-77.68,38.31,2026-04-28,30.877031,68.918637,80.94
TEST_035546,vi,5G,Mumbai,52.88,27.22,-84.59,52.11,2026-05-13,26.062281,80.077393,71.12
TEST_035551,vi,5G,Mumbai,63.21,17.82,-81.66,41.89,2026-03-24,34.421413,91.10352,79.96
TEST_035555,jio,4G,Mumbai,17.8,5.65,-81.25,49.32,2026-03-22,19.15202,87.272094,58.68
TEST_035557,airtel,5G,Mumbai,92.88,12.0,-83.97,43.62,2026-05-25,23.823695,87.991005,81.88
TEST_035558,airtel,4G,Mumbai,15.12,10.51,-73.21,38.46,2026-04-17,19.507569,90.619069,73.46
TEST_035583,jio,4G,Mumbai,39.45,11.3,-88.62,36.3,2026-03-14,19.186298,88.128563,76.97
TEST_035592,vi,4G,Mumbai,19.31,8.83,-111.03,61.07,2026-03-21,17.29362,94.151004,42.72
TEST_035595,airtel,4G,Mumbai,24.52,2.25,-73.97,46.05,2026-05-12,25.076375,87.695608,64.13
TEST_035603,airtel,5G,Mumbai,65.14,21.82,-82.46,46.98,2026-04-28,28.864203,82.182112,76.63
TEST_035616,airtel,5G,Mumbai,106.1,8.74,-82.18,42.51,2026-05-26,25.641948,94.320491,85.38
TEST_035619,jio,5G,Mumbai,68.3,26.78,-72.13,102.77,2026-04-29,15.086036,90.675209,60.16
TEST_035627,jio,4G,Mumbai,40.34,9.41,-93.5,57.65,2026-03-22,28.739409,68.339865,55.34
TEST_035629,vi,5G,Mumbai,52.81,23.63,-62.8,42.23,2026-03-16,11.337021,68.997419,85.67
TEST_035632,airtel,5G,Mumbai,68.41,29.24,-88.71,94.38,2026-05-11,13.645195,92.181163,57.25
TEST_035648,jio,5G,Mumbai,26.8,24.86,-88.23,80.13,2026-03-12,12.661606,77.82605,50.23
TEST_035653,vi,5G,Mumbai,67.04,15.62,-64.71,62.16,2026-05-13,14.704487,77.407435,70.7
TEST_035659,airtel,4G,Mumbai,11.02,8.54,-82.03,47.53,2026-03-13,8.47749,85.702019,59.42
TEST_035675,airtel,5G,Mumbai,94.39,25.84,-87.67,47.94,2026-05-06,27.445555,84.202738,82.05
TEST_035688,jio,5G,Mumbai,48.25,17.67,-89.4,51.86,2026-03-13,33.254622,78.707432,65.2
TEST_035710,jio,4G,Mumbai,19.42,11.74,-80.37,37.97,2026-03-21,19.977249,75.908181,73.12
TEST_035731,airtel,4G,Mumbai,34.19,7.12,-77.69,36.17,2026-05-30,9.345895,86.985286,78.11
TEST_035732,jio,4G,Mumbai,26.86,6.89,-81.06,37.38,2026-04-29,22.430639,94.212044,73.57
TEST_035743,airtel,5G,Mumbai,89.77,21.49,-83.77,39.92,2026-03-19,10.06639,82.164552,88.75
TEST_035765,vi,4G,Mumbai,9.13,5.33,-95.11,44.23,2026-05-16,11.351414,82.058175,56.48
TEST_035800,vi,4G,Mumbai,15.59,5.35,-97.77,43.19,2026-03-08,11.76678,72.729522,58.08
TEST_035804,jio,5G,Mumbai,69.21,8.01,-65.56,37.74,2026-03-25,14.453897,91.249726,88.1
TEST_035827,jio,4G,Mumbai,18.05,10.92,-92.07,38.09,2026-03-31,29.320445,93.448291,68.46
TEST_035836,jio,4G,Mumbai,17.04,5.17,-94.82,47.33,2026-05-01,12.342864,80.007622,55.45
TEST_035839,airtel,5G,Mumbai,68.25,13.44,-83.87,42.68,2026-04-17,34.118009,94.170346,77.91
TEST_035841,vi,4G,Mumbai,17.96,8.18,-77.17,40.05,2026-04-12,16.462469,86.06575,69.97
TEST_035843,vi,5G,Mumbai,72.98,29.41,-105.57,49.01,2026-04-15,25.116742,68.40206,71.73
TEST_035858,airtel,4G,Mumbai,20.18,8.36,-60.0,39.51,2026-04-04,17.692668,84.622444,76.9
TEST_035896,airtel,4G,Mumbai,23.95,7.91,-74.54,82.43,2026-05-04,34.872824,78.700494,47.33
TEST_035901,vi,5G,Mumbai,56.26,18.07,-98.96,43.37,2026-05-28,14.543128,88.436801,71.18
TEST_035903,jio,4G,Mumbai,30.16,10.04,-76.25,49.61,2026-03-13,8.658249,92.36581,64.46
TEST_035907,vi,5G,Mumbai,53.4,23.18,-80.89,44.33,2026-05-09,31.834741,80.879688,77.46
TEST_035914,airtel,5G,Mumbai,65.71,23.05,-96.21,36.33,2026-03-03,13.597046,84.601422,84.51
TEST_035924,vi,5G,Mumbai,49.36,31.64,-88.95,36.7,2026-05-26,26.341024,84.800813,85.88
TEST_035940,jio,5G,Mumbai,133.39,23.81,-105.89,41.69,2026-05-22,12.504803,87.586089,89.91
TEST_035941,airtel,4G,Mumbai,17.83,6.27,-74.01,67.72,2026-04-04,20.842525,78.191061,50.68
TEST_035942,jio,4G,Mumbai,30.47,12.47,-86.0,35.56,2026-04-19,26.282304,71.034466,77.35
TEST_035957,airtel,4G,Mumbai,22.74,2.42,-92.08,37.67,2026-05-09,20.915981,75.431186,66.97
TEST_035962,airtel,4G,Mumbai,23.94,7.41,-75.21,38.18,2026-03-17,32.972539,90.992295,74.0
TEST_035986,jio,5G,Mumbai,69.88,34.24,-74.79,42.43,2026-03-08,23.544028,74.698346,89.11
TEST_036008,airtel,5G,Mumbai,70.89,18.28,-97.12,49.78,2026-03-24,10.368675,83.019794,69.44
TEST_036028,airtel,5G,Mumbai,99.86,12.4,-92.4,63.87,2026-04-05,27.961908,74.422562,66.78
TEST_036031,airtel,4G,Mumbai,25.63,8.72,-65.25,58.22,2026-05-05,9.231311,91.612185,60.9
TEST_036036,vi,4G,Mumbai,23.06,6.79,-91.39,79.09,2026-04-02,35.334065,71.735972,42.11
TEST_036041,vi,4G,Mumbai,15.17,6.64,-84.05,38.24,2026-05-13,13.939489,69.767743,68.74
TEST_036052,airtel,5G,Mumbai,76.84,23.23,-98.94,45.42,2026-04-18,30.851614,91.847359,75.65
TEST_036073,jio,4G,Mumbai,23.45,9.74,-65.45,66.78,2026-05-17,15.317495,69.817015,56.45
TEST_036102,jio,5G,Mumbai,103.16,20.4,-92.36,47.97,2026-04-11,34.353216,85.786865,80.44
TEST_036121,airtel,4G,Mumbai,31.86,9.53,-97.61,42.47,2026-05-07,18.099663,95.415805,64.03
TEST_036129,airtel,4G,Mumbai,26.98,6.38,-84.53,40.82,2026-05-03,35.744184,82.511891,67.97
TEST_036152,airtel,4G,Mumbai,22.08,9.32,-60.13,35.83,2026-05-25,19.347503,82.813668,82.56
TEST_036159,jio,4G,Mumbai,25.35,8.39,-85.87,38.97,2026-05-29,31.012325,91.104051,70.11
TEST_036208,airtel,4G,Mumbai,20.9,3.0,-95.5,38.21,2026-04-17,32.18193,91.572442,64.92
TEST_036220,airtel,5G,Mumbai,74.12,40.86,-87.98,74.06,2026-03-13,14.159958,87.379893,68.66
TEST_036226,vi,4G,Mumbai,12.22,6.99,-88.63,96.79,2026-05-29,9.171849,87.733693,36.17
TEST_036228,vi,4G,Mumbai,16.76,5.51,-76.64,73.75,2026-05-13,25.107846,86.638136,46.94
TEST_036237,jio,4G,Mumbai,35.67,7.81,-86.74,65.04,2026-04-08,26.785236,79.576516,52.15
TEST_036238,airtel,5G,Mumbai,61.9,35.2,-99.72,42.87,2026-04-16,25.740551,72.299513,78.91
TEST_036244,airtel,4G,Mumbai,22.5,9.35,-84.12,35.39,2026-03-21,15.115893,78.112407,75.33
TEST_036245,jio,4G,Mumbai,14.7,8.01,-88.76,71.98,2026-04-25,35.041613,89.218214,44.0
TEST_036260,jio,5G,Mumbai,104.26,27.74,-97.67,56.7,2026-03-10,14.422936,94.515448,75.4
TEST_036261,jio,5G,Mumbai,80.2,23.44,-91.71,65.06,2026-03-21,24.075132,70.119429,66.08
TEST_036265,vi,5G,Mumbai,76.76,22.72,-97.6,64.11,2026-04-07,35.567682,92.154152,63.53
TEST_036274,jio,4G,Mumbai,20.66,8.51,-92.76,38.3,2026-05-29,28.700114,68.760296,67.66
TEST_036278,airtel,4G,Mumbai,23.77,8.17,-85.6,71.29,2026-03-28,26.218337,89.275787,47.39
TEST_036290,vi,5G,Mumbai,84.37,22.65,-116.77,46.42,2026-05-16,9.757165,75.72928,70.27
TEST_036314,vi,4G,Mumbai,9.72,7.39,-105.15,68.07,2026-03-24,21.469779,89.477573,38.75
TEST_036322,jio,4G,Mumbai,23.58,10.05,-87.51,57.05,2026-04-08,26.610679,84.166883,54.18
TEST_036333,airtel,5G,Mumbai,60.09,24.5,-79.98,58.04,2026-04-06,12.000059,95.132059,69.49
TEST_036356,airtel,5G,Mumbai,73.54,18.74,-94.04,67.97,2026-03-16,26.786776,89.826298,60.83
TEST_036367,airtel,4G,Mumbai,11.39,8.96,-62.08,91.04,2026-04-02,8.672399,75.854574,46.82
TEST_036370,vi,5G,Mumbai,75.33,8.38,-86.38,36.99,2026-04-03,23.401176,77.607447,83.67
TEST_036378,vi,5G,Mumbai,87.28,16.03,-74.98,37.83,2026-03-14,22.68747,69.886027,91.77
TEST_036398,jio,4G,Mumbai,14.97,7.69,-88.22,59.11,2026-04-27,25.938403,81.316317,49.99
TEST_036425,airtel,4G,Mumbai,22.24,10.18,-71.81,40.11,2026-03-06,18.755805,94.411737,73.36
TEST_036451,airtel,4G,Mumbai,25.01,10.23,-80.4,70.22,2026-03-11,11.964872,83.482999,50.57
TEST_036461,jio,4G,Mumbai,27.01,8.53,-85.63,35.16,2026-04-03,26.889164,79.295574,75.88
TEST_036465,jio,4G,Mumbai,28.46,5.28,-78.61,39.32,2026-04-04,11.078325,89.021238,71.66
TEST_036466,vi,4G,Mumbai,19.02,8.58,-94.75,47.11,2026-03-06,27.797939,79.320273,57.34
TEST_036467,vi,5G,Mumbai,61.3,28.14,-87.52,45.96,2026-05-16,27.448888,71.877305,77.28
TEST_036489,jio,4G,Mumbai,28.36,11.43,-95.9,59.66,2026-03-27,27.706726,90.551061,51.47
TEST_036503,vi,5G,Mumbai,44.11,17.05,-73.45,63.85,2026-03-12,32.699361,92.320652,62.37
TEST_036504,jio,5G,Mumbai,90.32,32.0,-90.86,46.96,2026-05-23,15.86385,90.274761,83.15
TEST_036509,airtel,4G,Mumbai,28.97,6.31,-65.26,43.59,2026-04-03,33.290579,73.254869,71.84
TEST_036526,vi,4G,Mumbai,17.55,4.84,-85.83,39.54,2026-04-28,10.108471,89.599211,66.39
TEST_036529,airtel,4G,Mumbai,26.53,5.42,-101.39,68.28,2026-03-19,12.776353,77.348003,42.95
TEST_036535,jio,5G,Mumbai,101.8,26.07,-80.72,62.59,2026-03-15,33.726012,70.738518,76.68
TEST_036552,vi,5G,Mumbai,74.02,23.78,-95.53,37.82,2026-03-08,14.741829,89.438302,84.8
TEST_036563,vi,5G,Mumbai,89.79,13.44,-86.42,54.83,2026-04-09,27.606877,76.988779,71.9
TEST_036570,airtel,5G,Mumbai,92.24,28.58,-80.83,48.37,2026-04-14,12.903438,86.243796,84.49
TEST_036571,vi,4G,Mumbai,15.98,4.19,-100.87,59.45,2026-05-07,9.991752,88.396739,44.54
TEST_036580,jio,5G,Mumbai,78.0,18.58,-85.82,43.65,2026-04-23,20.670817,91.337729,80.3
TEST_036582,jio,5G,Mumbai,114.46,27.8,-94.6,46.67,2026-04-09,21.858357,91.757106,86.01
TEST_036592,airtel,5G,Mumbai,74.49,24.43,-94.91,51.36,2026-04-12,15.712902,72.469544,72.02
TEST_036612,vi,4G,Mumbai,13.49,4.8,-84.88,51.14,2026-04-10,11.952347,71.13257,54.81
TEST_036613,vi,4G,Mumbai,14.58,4.53,-67.55,37.3,2026-05-19,23.259116,88.547757,74.59
TEST_036623,airtel,5G,Mumbai,120.78,19.12,-95.23,52.78,2026-05-29,22.123335,77.065361,79.29
TEST_036631,jio,5G,Mumbai,88.94,19.24,-72.49,48.1,2026-05-07,21.2001,89.008601,83.36
TEST_036638,vi,4G,Mumbai,15.96,7.32,-94.39,39.61,2026-05-15,13.731778,80.422023,64.0
TEST_036640,airtel,5G,Mumbai,72.15,21.35,-95.52,38.94,2026-03-06,18.056517,89.160762,82.06
TEST_036659,airtel,5G,Mumbai,98.09,27.17,-116.28,48.68,2026-03-11,8.433185,89.906158,73.21
TEST_036704,airtel,5G,Mumbai,53.19,27.15,-89.12,35.12,2026-03-13,18.332974,91.801385,87.37
TEST_036720,vi,4G,Mumbai,17.32,7.24,-87.95,49.02,2026-05-06,13.094399,82.952825,57.15
TEST_036727,jio,5G,Mumbai,67.91,21.01,-76.17,38.33,2026-03-26,35.724019,75.927262,88.21
TEST_036732,vi,5G,Mumbai,22.92,18.28,-72.09,50.16,2026-03-04,11.261676,94.527505,66.8
TEST_036756,jio,4G,Mumbai,28.63,7.41,-86.15,37.54,2026-04-25,10.894161,92.757192,72.24
TEST_036757,vi,4G,Mumbai,19.02,6.98,-75.5,40.92,2026-05-29,17.945037,72.54441,69.31
TEST_036773,airtel,5G,Mumbai,48.41,18.9,-86.81,56.64,2026-05-26,17.481877,73.710991,63.4
TEST_036793,airtel,5G,Mumbai,88.19,18.9,-60.19,50.2,2026-03-10,18.778261,86.992545,85.5
TEST_036795,jio,5G,Mumbai,74.89,26.09,-93.43,40.06,2026-03-21,17.591592,86.115846,83.72
TEST_036798,airtel,4G,Mumbai,20.82,7.31,-93.89,52.66,2026-03-15,18.529896,90.024448,53.27
TEST_036800,airtel,5G,Mumbai,77.8,16.53,-66.59,91.06,2026-03-08,12.994141,88.658155,62.86
TEST_036813,vi,5G,Mumbai,71.0,17.25,-73.03,52.11,2026-03-27,30.686321,69.438092,75.39
TEST_036822,airtel,4G,Mumbai,20.84,9.45,-108.03,37.2,2026-05-12,14.103866,84.612886,64.42
TEST_036858,airtel,4G,Mumbai,29.61,3.82,-101.14,39.86,2026-05-21,12.531845,90.801704,63.22
TEST_036879,vi,5G,Mumbai,81.72,18.75,-79.12,42.56,2026-04-24,32.949745,71.753044,84.55
TEST_036881,vi,5G,Mumbai,73.41,21.57,-79.99,44.21,2026-03-07,23.901676,73.436552,81.76
TEST_036883,jio,4G,Mumbai,13.54,8.94,-83.26,42.86,2026-03-04,32.169547,78.196192,64.11
TEST_036890,vi,4G,Mumbai,17.49,6.65,-79.1,57.0,2026-03-31,31.227377,73.511178,54.43
TEST_036898,vi,5G,Mumbai,90.63,19.9,-95.94,44.27,2026-04-27,11.572133,91.228729,79.61
TEST_036904,vi,4G,Mumbai,10.44,5.19,-74.81,59.91,2026-04-17,33.709696,72.626872,52.11
TEST_036906,airtel,5G,Mumbai,55.4,20.45,-66.85,38.74,2026-05-06,29.653182,79.951865,87.81
TEST_036916,jio,5G,Mumbai,55.02,26.97,-81.13,57.62,2026-05-27,24.14203,82.877473,69.12
TEST_036922,vi,4G,Mumbai,19.35,1.85,-74.62,43.05,2026-05-12,13.695311,94.095048,65.51
TEST_036936,vi,4G,Mumbai,15.44,6.44,-75.97,41.48,2026-05-02,22.430384,76.696083,67.53
TEST_036937,jio,4G,Mumbai,33.69,12.93,-103.83,49.15,2026-03-18,11.757986,75.9884,57.47
TEST_036938,vi,4G,Mumbai,18.02,5.04,-92.09,44.05,2026-04-05,23.277922,70.790852,59.54
TEST_036941,vi,5G,Mumbai,80.33,22.53,-77.48,65.19,2026-04-24,13.163941,73.379315,70.46
TEST_036948,vi,5G,Mumbai,39.05,18.21,-72.33,46.83,2026-03-01,17.289972,69.074486,73.01
TEST_036980,jio,4G,Mumbai,24.18,6.33,-86.3,57.61,2026-04-14,25.95494,70.557771,53.04
TEST_036981,vi,4G,Mumbai,12.96,6.87,-102.97,36.88,2026-05-02,34.226753,93.668931,63.85
TEST_036988,vi,4G,Mumbai,14.39,9.59,-87.44,39.45,2026-03-03,17.224769,80.879829,66.98
TEST_037000,airtel,5G,Mumbai,69.44,30.38,-85.49,36.15,2026-04-14,29.242299,71.052036,91.83
TEST_037004,vi,4G,Mumbai,10.75,2.45,-91.95,86.3,2026-04-23,21.72469,86.478075,35.54
TEST_037019,vi,4G,Mumbai,18.55,8.28,-84.15,35.29,2026-05-02,31.305249,88.46249,74.2
TEST_037064,vi,4G,Mumbai,21.22,5.84,-63.02,35.17,2026-03-09,13.010291,94.91203,81.13
TEST_037067,jio,4G,Mumbai,25.94,7.53,-91.12,80.9,2026-03-12,32.359162,73.353822,42.56
TEST_037077,airtel,4G,Mumbai,21.55,9.53,-78.33,56.83,2026-05-28,35.029117,72.80494,56.73
TEST_037079,vi,4G,Mumbai,22.79,3.24,-84.25,43.67,2026-05-18,15.962363,71.21004,62.94
TEST_037081,jio,5G,Mumbai,56.28,36.44,-94.48,42.1,2026-05-03,29.571589,89.046745,80.67
TEST_037084,airtel,5G,Mumbai,112.19,22.5,-95.71,35.43,2026-04-17,19.985852,93.751359,96.15
TEST_037087,vi,5G,Mumbai,54.35,25.01,-87.44,41.25,2026-04-26,17.765764,82.017289,79.37
TEST_037093,jio,4G,Mumbai,39.13,9.51,-96.55,58.39,2026-05-25,12.516701,72.639304,53.66
TEST_037096,airtel,4G,Mumbai,18.83,5.07,-103.57,55.18,2026-05-26,22.388849,77.132044,47.11
TEST_037108,vi,4G,Mumbai,15.59,9.43,-78.03,53.19,2026-03-28,22.270132,82.764284,57.79
TEST_037110,vi,5G,Mumbai,72.35,19.04,-86.19,68.66,2026-04-19,18.726274,95.246924,63.01
TEST_037124,airtel,5G,Mumbai,152.96,29.46,-68.52,38.06,2026-03-01,32.586275,86.063338,113.13
TEST_037127,airtel,4G,Mumbai,16.87,2.67,-90.89,36.83,2026-04-01,23.394644,70.429212,67.3
TEST_037141,airtel,5G,Mumbai,93.74,10.33,-97.41,68.1,2026-03-05,25.40063,69.090067,61.11
TEST_037145,airtel,4G,Mumbai,15.63,5.28,-104.65,35.62,2026-03-01,23.053455,91.141509,65.13
TEST_037157,jio,5G,Mumbai,48.2,36.87,-81.27,69.0,2026-05-15,34.170507,86.421566,65.6
TEST_037173,jio,4G,Mumbai,21.92,6.93,-68.19,45.09,2026-03-11,29.486196,93.882394,68.06
TEST_037179,airtel,4G,Mumbai,24.43,8.34,-81.09,37.0,2026-05-15,26.474276,73.439378,74.07
TEST_037188,jio,4G,Mumbai,21.63,4.27,-69.06,37.95,2026-03-18,27.088022,76.085982,74.7
TEST_037191,airtel,4G,Mumbai,22.7,7.56,-85.76,41.15,2026-05-17,11.336474,93.899818,66.66
TEST_037197,vi,4G,Mumbai,16.72,4.53,-77.58,60.37,2026-04-20,35.693311,83.482492,52.1
TEST_037208,vi,5G,Mumbai,66.22,17.35,-104.11,41.89,2026-04-19,18.155703,72.205091,72.98
TEST_037212,airtel,5G,Mumbai,68.23,23.87,-76.14,56.68,2026-03-04,29.880932,82.449353,73.16
TEST_037214,airtel,4G,Mumbai,29.44,5.81,-80.59,44.29,2026-04-22,27.838431,77.647073,65.96
TEST_037236,vi,4G,Mumbai,15.2,6.77,-78.6,35.09,2026-04-14,15.408141,86.910223,75.06
TEST_037238,airtel,5G,Mumbai,65.38,8.67,-102.38,36.11,2026-03-23,15.456025,76.416956,77.48
TEST_037250,vi,5G,Mumbai,87.19,22.6,-72.17,52.59,2026-05-21,34.220049,70.294048,80.89
TEST_037256,vi,5G,Mumbai,43.88,9.67,-83.74,36.65,2026-03-19,8.639345,71.777069,78.49
TEST_037260,airtel,4G,Mumbai,20.12,4.65,-84.08,40.63,2026-03-16,11.790542,91.675166,66.19
TEST_037261,vi,4G,Mumbai,21.62,4.56,-97.28,58.79,2026-05-15,31.058051,90.521978,47.49
TEST_037263,vi,5G,Mumbai,54.24,14.27,-74.47,41.11,2026-04-16,28.13837,71.982371,79.93
TEST_037267,jio,5G,Mumbai,129.35,19.07,-71.21,54.2,2026-05-10,11.718324,88.002277,88.23
TEST_037272,airtel,4G,Mumbai,20.25,6.92,-80.25,60.55,2026-05-17,34.353658,91.382809,52.77
TEST_037273,jio,4G,Mumbai,34.1,5.68,-91.93,58.35,2026-04-24,11.544365,73.640336,52.71
TEST_037277,jio,4G,Mumbai,14.83,3.5,-74.07,70.89,2026-03-11,8.875414,70.883722,47.7
TEST_037300,jio,4G,Mumbai,22.61,5.83,-83.0,35.91,2026-03-19,9.76018,92.852702,73.67
TEST_037327,airtel,4G,Mumbai,26.85,10.76,-96.93,39.92,2026-05-26,31.282751,86.009656,66.45
TEST_037332,jio,4G,Mumbai,20.02,10.61,-81.15,51.38,2026-05-21,34.977206,89.058288,59.44
TEST_037355,airtel,4G,Mumbai,17.2,9.17,-80.61,41.78,2026-04-23,33.217656,73.214103,67.04
TEST_037367,airtel,4G,Mumbai,15.4,10.76,-80.94,49.11,2026-03-21,23.633819,73.188772,60.27
TEST_037375,airtel,4G,Mumbai,21.41,5.49,-80.4,41.13,2026-04-05,31.703467,85.720894,67.43
TEST_037380,vi,5G,Mumbai,53.18,17.69,-85.5,40.09,2026-05-22,24.474308,81.596516,78.44
TEST_037381,vi,5G,Mumbai,94.35,20.44,-64.92,51.21,2026-03-19,22.090362,91.600152,85.1
TEST_037393,vi,5G,Mumbai,82.14,22.15,-103.07,81.96,2026-03-16,27.45028,82.357728,56.09
TEST_037396,airtel,4G,Mumbai,24.47,6.65,-72.74,37.88,2026-03-30,9.73595,68.220044,75.06
TEST_037406,vi,4G,Mumbai,10.47,5.67,-60.0,42.65,2026-03-01,24.323838,90.170744,70.21
TEST_037435,jio,4G,Mumbai,34.46,3.61,-87.32,85.88,2026-04-05,34.064346,73.589069,42.9
TEST_037443,vi,5G,Mumbai,47.0,8.66,-88.44,49.22,2026-03-27,30.88742,94.73317,63.96
TEST_037446,airtel,4G,Mumbai,23.88,8.53,-104.34,56.69,2026-05-19,9.041159,75.37936,48.3
TEST_037456,airtel,5G,Mumbai,19.85,16.12,-95.85,55.9,2026-05-13,26.827271,90.122719,53.47
TEST_037459,airtel,4G,Mumbai,15.74,5.35,-103.29,41.34,2026-03-31,34.232272,73.281107,58.25
TEST_037466,vi,5G,Mumbai,86.98,20.33,-85.46,60.57,2026-03-06,33.954313,69.779928,70.75
TEST_037472,jio,4G,Mumbai,18.54,9.41,-102.91,49.77,2026-05-24,17.788443,90.188241,52.63
TEST_037486,jio,5G,Mumbai,87.21,25.77,-68.43,52.1,2026-05-10,13.368271,90.025396,83.63
TEST_037502,vi,4G,Mumbai,10.57,5.95,-106.23,35.03,2026-04-14,15.762574,76.984757,64.61
TEST_037506,jio,4G,Mumbai,35.33,6.82,-90.53,40.17,2026-05-09,10.257706,79.176408,68.75
TEST_037510,jio,5G,Mumbai,107.66,25.56,-105.8,55.12,2026-05-18,32.031189,90.105515,73.63
TEST_037513,jio,5G,Mumbai,41.89,34.52,-85.14,75.35,2026-04-29,20.055318,95.751545,59.67
TEST_037514,vi,5G,Mumbai,68.78,21.2,-76.96,44.11,2026-03-22,21.653416,78.591939,81.7
TEST_037515,vi,5G,Mumbai,26.67,17.21,-90.97,39.39,2026-05-10,20.662978,90.223878,71.38
TEST_037526,jio,4G,Mumbai,17.45,7.25,-102.55,61.92,2026-05-27,22.953555,90.830102,44.12
TEST_037534,vi,5G,Mumbai,73.91,14.96,-77.97,36.69,2026-04-22,35.230691,75.076521,88.97
TEST_037535,jio,4G,Mumbai,29.37,7.24,-60.0,37.31,2026-03-03,8.680259,72.17083,81.38
TEST_037545,vi,5G,Mumbai,30.47,21.43,-100.15,112.88,2026-04-26,16.865071,90.698359,38.74
TEST_037555,vi,4G,Mumbai,23.14,3.02,-93.95,54.84,2026-03-10,13.90864,80.688837,50.75
TEST_037563,jio,5G,Mumbai,86.21,8.23,-90.69,63.79,2026-05-02,20.498251,85.602321,62.83
TEST_037568,airtel,4G,Mumbai,15.57,7.5,-109.34,39.41,2026-04-09,33.048789,83.840309,59.24
TEST_037571,jio,4G,Mumbai,35.54,10.99,-75.62,37.69,2026-05-02,28.090309,70.411622,78.39
TEST_037578,vi,5G,Mumbai,81.64,17.23,-66.85,117.54,2026-04-17,17.199233,79.427543,59.03
TEST_037599,jio,5G,Mumbai,92.7,29.3,-87.74,42.29,2026-04-29,27.743951,79.029951,88.24
TEST_037611,jio,5G,Mumbai,122.65,22.11,-96.55,69.34,2026-04-15,22.679501,89.975463,71.6
TEST_037614,vi,4G,Mumbai,24.86,3.9,-101.91,45.04,2026-05-02,31.559623,95.289324,56.42
TEST_037621,jio,5G,Mumbai,107.75,18.34,-80.55,48.63,2026-05-06,35.783986,70.366556,84.11
TEST_037623,airtel,4G,Mumbai,22.75,5.58,-91.56,73.16,2026-05-24,21.563148,93.283601,43.54
TEST_037624,jio,4G,Mumbai,12.56,6.61,-103.59,40.15,2026-04-13,25.537475,90.638484,59.27
TEST_037626,airtel,4G,Mumbai,20.94,5.79,-77.54,55.14,2026-05-15,30.158522,84.462041,56.54
TEST_037628,airtel,5G,Mumbai,65.13,16.78,-100.96,42.55,2026-03-04,9.894825,73.723726,72.87
TEST_037635,jio,4G,Mumbai,20.52,6.67,-84.33,45.65,2026-03-10,19.255906,89.455065,61.75
TEST_037638,airtel,4G,Mumbai,21.38,5.62,-102.86,36.12,2026-04-26,17.775779,93.327235,66.39
TEST_037639,jio,5G,Mumbai,84.27,27.49,-65.1,66.91,2026-04-30,15.484475,81.090955,76.5
TEST_037654,vi,5G,Mumbai,33.18,8.63,-89.49,74.84,2026-03-15,33.293994,70.851846,47.06
TEST_037674,jio,5G,Mumbai,102.52,33.01,-77.43,78.91,2026-03-03,22.492881,79.425971,74.03
TEST_037689,airtel,4G,Mumbai,14.65,6.0,-60.0,82.54,2026-05-23,20.03603,92.080748,49.38
TEST_037693,airtel,5G,Mumbai,35.76,18.24,-66.93,47.84,2026-03-11,13.36268,90.514776,73.22
TEST_037698,jio,4G,Mumbai,36.65,9.0,-107.05,40.52,2026-05-01,25.441212,91.891087,63.92
TEST_037699,vi,4G,Mumbai,16.74,6.69,-80.04,51.87,2026-04-09,34.396011,72.653112,57.31
TEST_037702,airtel,5G,Mumbai,64.48,22.08,-63.51,49.2,2026-04-05,26.125371,92.739274,81.05
TEST_037719,airtel,4G,Mumbai,4.64,7.94,-97.79,40.05,2026-05-11,14.929666,94.102919,60.04
TEST_037725,vi,5G,Mumbai,43.78,23.45,-97.42,51.19,2026-04-17,13.881165,89.502166,64.11
TEST_037734,vi,4G,Mumbai,10.23,7.52,-86.65,38.7,2026-03-12,13.128349,93.407532,66.5
TEST_037739,airtel,5G,Mumbai,85.46,24.33,-104.83,53.15,2026-05-26,24.579006,83.855042,69.86
TEST_037752,vi,5G,Mumbai,65.9,14.84,-79.44,63.99,2026-03-21,22.39308,95.047359,64.36
TEST_037756,vi,5G,Mumbai,66.34,13.6,-75.78,49.39,2026-03-21,27.201514,91.063868,74.14
TEST_037765,vi,5G,Mumbai,20.14,17.01,-91.34,43.21,2026-04-09,8.6542,89.029352,65.45
TEST_037776,airtel,5G,Mumbai,70.53,17.9,-95.11,37.95,2026-05-01,30.550162,71.125648,81.85
TEST_037784,vi,5G,Mumbai,82.78,18.08,-91.08,41.77,2026-04-03,34.718358,75.989086,81.4
TEST_037787,vi,5G,Mumbai,44.34,18.5,-103.26,53.15,2026-05-04,16.579634,72.070433,59.11
TEST_037799,vi,4G,Mumbai,16.97,7.12,-106.0,44.34,2026-04-19,30.22871,74.429768,55.14
TEST_037804,airtel,4G,Mumbai,15.23,5.6,-99.6,55.05,2026-05-01,14.264895,73.9823,47.91
TEST_037829,jio,5G,Mumbai,107.26,25.42,-87.12,42.87,2026-04-30,24.870341,93.000193,89.67
TEST_037841,vi,5G,Mumbai,84.52,13.59,-84.65,37.74,2026-03-09,31.074009,78.388586,87.17
TEST_037849,airtel,4G,Mumbai,13.54,6.44,-81.53,54.79,2026-05-04,20.654837,84.663548,54.03
TEST_037858,vi,5G,Mumbai,71.6,14.06,-70.53,37.66,2026-05-23,27.932768,68.760874,89.28
TEST_037871,jio,4G,Mumbai,24.53,4.2,-89.25,59.21,2026-04-11,28.658507,70.727225,50.46
TEST_037924,jio,4G,Mumbai,16.2,6.53,-87.1,68.04,2026-05-02,23.196468,80.306468,45.91
TEST_037925,airtel,4G,Mumbai,17.29,7.89,-65.29,58.02,2026-04-23,8.792967,85.042911,58.84
TEST_037947,jio,4G,Mumbai,27.6,12.49,-102.13,36.19,2026-04-15,21.069582,83.406224,70.42
TEST_037956,vi,5G,Mumbai,75.62,26.36,-71.89,69.24,2026-04-26,20.328123,81.966182,70.92
TEST_037983,airtel,4G,Mumbai,27.8,5.7,-94.29,43.58,2026-04-14,11.619729,75.007544,61.69
TEST_037991,jio,5G,Mumbai,117.95,40.95,-70.48,49.54,2026-04-29,9.391146,75.911856,97.21
TEST_037995,jio,5G,Mumbai,44.25,26.42,-110.77,49.48,2026-04-24,15.255944,82.241471,62.14
TEST_038001,airtel,5G,Mumbai,95.11,29.69,-77.09,56.94,2026-05-13,27.376012,71.442242,80.78
TEST_038018,vi,5G,Mumbai,53.18,19.91,-90.99,41.61,2026-04-03,8.032254,83.682401,75.68
TEST_038067,jio,4G,Mumbai,26.44,8.81,-97.08,35.71,2026-03-27,9.637421,89.016741,71.21
TEST_038071,airtel,5G,Mumbai,69.07,34.29,-73.68,47.83,2026-04-24,30.502964,73.621548,84.23
TEST_038073,jio,5G,Mumbai,80.97,29.25,-92.3,40.11,2026-03-03,16.890613,79.247515,86.53
TEST_038092,vi,5G,Mumbai,18.65,24.05,-88.93,53.31,2026-05-10,20.601644,86.597548,60.06
TEST_038098,vi,5G,Mumbai,47.72,15.34,-82.74,67.93,2026-04-19,20.647195,73.394778,57.63
TEST_038103,airtel,4G,Mumbai,23.46,6.84,-94.15,53.31,2026-03-14,10.916357,86.563553,53.15
TEST_038118,vi,5G,Mumbai,21.32,19.01,-95.45,59.16,2026-05-19,12.786532,90.285723,53.08
TEST_038119,vi,5G,Mumbai,78.88,13.16,-77.28,66.5,2026-03-23,23.958575,69.145744,66.22
TEST_038125,airtel,5G,Mumbai,83.32,24.83,-92.31,49.65,2026-04-26,9.319358,77.504679,76.29
TEST_038141,jio,5G,Mumbai,116.11,43.4,-74.51,53.31,2026-04-22,33.372389,70.615761,93.6
TEST_038142,airtel,5G,Mumbai,49.59,25.06,-98.82,51.7,2026-03-24,33.875157,77.906389,65.15
TEST_038166,jio,5G,Mumbai,95.81,33.11,-91.21,112.61,2026-03-27,25.454585,88.246553,60.56
TEST_038192,airtel,5G,Mumbai,37.98,25.93,-84.59,77.49,2026-05-27,26.678871,86.793205,55.15
TEST_038195,airtel,4G,Mumbai,22.58,7.34,-97.88,61.42,2026-05-24,10.147659,81.742138,47.11
TEST_038197,jio,5G,Mumbai,100.82,23.85,-60.0,38.48,2026-03-06,25.443836,72.431054,101.77
TEST_038208,vi,4G,Mumbai,21.65,5.04,-96.17,40.38,2026-04-03,30.379695,85.944502,62.93
TEST_038211,vi,4G,Mumbai,22.5,7.56,-80.18,116.78,2026-04-07,14.47507,90.243498,38.01
TEST_038237,jio,4G,Mumbai,35.86,2.8,-98.46,38.72,2026-04-11,34.540311,75.780498,66.54
TEST_038248,jio,5G,Mumbai,73.56,15.5,-66.65,78.33,2026-05-07,14.026365,79.398783,65.01
TEST_038258,vi,4G,Mumbai,25.79,4.46,-65.98,70.78,2026-03-29,27.848253,89.476133,53.23
TEST_038283,vi,5G,Mumbai,49.28,17.99,-71.87,43.33,2026-04-19,12.687142,73.555363,78.67
TEST_038297,jio,5G,Mumbai,54.29,39.78,-91.55,80.59,2026-03-25,18.509496,85.967944,60.52
TEST_038328,vi,4G,Mumbai,7.53,1.16,-88.36,69.69,2026-03-28,31.244097,72.059971,40.94
TEST_038340,airtel,5G,Mumbai,96.55,19.05,-91.1,45.51,2026-05-18,26.198623,79.033986,81.06
TEST_038354,airtel,4G,Mumbai,18.22,9.47,-81.75,40.41,2026-04-03,17.174333,76.099756,68.54
TEST_038370,vi,4G,Mumbai,12.21,6.63,-89.46,60.19,2026-05-20,32.647416,71.867403,47.99
TEST_038396,vi,5G,Mumbai,88.37,27.34,-83.77,75.97,2026-04-03,13.605069,89.24671,67.67
TEST_038415,jio,5G,Mumbai,82.65,1.0,-77.64,41.84,2026-03-04,26.757454,71.916257,79.58
TEST_038428,vi,4G,Mumbai,21.93,6.34,-66.72,49.49,2026-04-01,14.316896,94.673405,64.56
TEST_038436,vi,4G,Mumbai,27.36,8.59,-69.89,45.29,2026-04-09,10.654914,72.85458,69.12
TEST_038437,airtel,5G,Mumbai,90.88,24.27,-69.61,54.61,2026-03-09,30.473677,81.804466,81.81
TEST_038458,airtel,4G,Mumbai,15.96,8.48,-75.43,47.72,2026-03-08,31.701419,73.997262,62.54
TEST_038485,vi,5G,Mumbai,65.81,14.56,-91.06,54.49,2026-05-13,27.382527,71.615576,65.63
TEST_038498,jio,4G,Mumbai,25.81,8.33,-107.31,35.49,2026-03-12,30.966432,91.625807,67.81
TEST_038512,airtel,4G,Mumbai,5.39,6.56,-79.03,36.37,2026-04-24,27.361824,88.759223,70.76
TEST_038519,vi,5G,Mumbai,50.81,20.24,-79.48,39.02,2026-03-13,23.41195,91.830395,82.15
TEST_038550,jio,4G,Mumbai,28.3,7.22,-86.2,41.6,2026-03-23,18.029079,95.663867,67.14
TEST_038562,airtel,5G,Mumbai,91.32,19.94,-86.95,51.2,2026-05-23,10.07868,73.644509,76.91
TEST_038566,airtel,5G,Mumbai,119.54,15.47,-98.43,47.36,2026-05-14,32.901896,91.464983,80.79
TEST_038568,airtel,4G,Mumbai,28.19,6.9,-82.84,46.94,2026-04-25,31.860975,74.377344,62.89
TEST_038579,jio,5G,Mumbai,111.64,25.31,-78.73,53.49,2026-05-07,14.353094,71.624909,84.52
TEST_038584,jio,4G,Mumbai,25.33,11.4,-72.52,47.31,2026-04-28,22.829353,89.004932,67.01
TEST_038592,airtel,4G,Mumbai,24.31,4.38,-91.86,40.38,2026-05-09,30.128513,83.786498,64.72
TEST_038598,airtel,5G,Mumbai,84.27,25.56,-86.52,46.12,2026-03-03,22.019613,87.822906,81.65
TEST_038611,vi,5G,Mumbai,73.69,16.06,-87.6,37.08,2026-04-05,14.954131,90.814587,85.56
TEST_038622,airtel,5G,Mumbai,85.71,22.57,-69.56,37.43,2026-04-10,13.703801,81.352939,96.14
TEST_038626,vi,5G,Mumbai,59.44,25.97,-87.67,37.17,2026-03-30,12.308863,91.552441,85.84
TEST_038629,jio,4G,Mumbai,23.25,8.09,-97.6,57.64,2026-05-01,17.463997,86.548498,49.69
TEST_038633,airtel,5G,Mumbai,53.07,22.32,-84.69,77.14,2026-04-26,25.7,81.558364,57.29
TEST_038637,jio,5G,Mumbai,64.6,12.62,-89.3,37.41,2026-05-09,28.09271,93.284957,81.27
TEST_038648,airtel,5G,Mumbai,80.96,24.4,-81.42,37.72,2026-03-31,33.62017,82.98321,91.4
TEST_038650,vi,4G,Mumbai,12.78,7.91,-78.56,55.27,2026-05-24,29.34584,69.065034,55.07
TEST_038658,airtel,5G,Mumbai,119.54,28.86,-90.8,38.74,2026-04-30,34.414197,75.717752,97.16
TEST_038667,jio,4G,Mumbai,27.1,3.62,-65.52,37.27,2026-04-09,25.216493,84.322247,77.77
TEST_038671,jio,5G,Mumbai,70.23,20.18,-74.97,66.7,2026-03-19,27.107126,68.493237,67.52
TEST_038676,airtel,5G,Mumbai,69.82,18.56,-91.98,45.59,2026-03-12,19.533052,86.060978,74.56
TEST_038680,jio,5G,Mumbai,68.47,19.11,-74.35,36.52,2026-04-20,30.681467,84.894502,90.71
TEST_038689,airtel,5G,Mumbai,82.47,26.42,-78.82,45.12,2026-03-23,23.187319,78.482671,85.05
TEST_038691,jio,5G,Mumbai,77.28,16.58,-79.58,43.37,2026-05-12,27.823748,77.032968,81.78
TEST_038700,jio,4G,Mumbai,17.71,10.44,-98.24,35.57,2026-04-16,29.089328,85.956683,69.68
TEST_038703,jio,5G,Mumbai,85.12,20.77,-96.32,41.33,2026-05-15,9.938022,79.242648,81.64
TEST_038705,jio,5G,Mumbai,69.39,18.3,-96.17,42.38,2026-04-10,15.807891,72.15784,76.15
TEST_038708,airtel,5G,Mumbai,79.41,27.85,-97.24,45.95,2026-05-12,22.947914,72.211524,77.98
TEST_038710,vi,4G,Mumbai,28.36,6.34,-89.69,35.78,2026-03-27,31.789967,75.575241,73.1
TEST_038720,vi,5G,Mumbai,50.28,28.04,-74.62,48.09,2026-05-10,30.929202,78.410733,77.24
TEST_038729,airtel,4G,Mumbai,21.18,9.02,-79.3,37.57,2026-03-03,26.832198,85.266132,73.41
TEST_038752,airtel,5G,Mumbai,117.04,20.49,-88.32,38.04,2026-03-09,17.727854,78.818831,95.3
TEST_038753,vi,4G,Mumbai,23.84,5.43,-87.07,46.16,2026-03-23,13.787457,95.095887,60.67
TEST_038756,vi,5G,Mumbai,98.75,15.72,-87.68,42.64,2026-04-14,24.548855,80.643466,84.31
TEST_038768,jio,4G,Mumbai,23.19,9.51,-88.23,54.28,2026-05-18,33.641359,77.426615,55.39
TEST_038772,jio,4G,Mumbai,33.05,3.71,-98.27,42.91,2026-04-27,25.604024,75.982682,61.5
TEST_038785,vi,5G,Mumbai,70.44,13.93,-108.41,42.02,2026-05-28,20.715341,92.810503,71.1
TEST_038808,airtel,5G,Mumbai,72.44,20.26,-67.37,35.53,2026-04-02,27.736411,70.285529,95.78
TEST_038817,airtel,4G,Mumbai,14.46,5.42,-89.18,44.52,2026-04-22,35.350066,85.323111,59.4
TEST_038822,vi,4G,Mumbai,20.99,9.37,-79.03,35.16,2026-05-12,8.50884,95.792064,77.04
TEST_038825,jio,5G,Mumbai,115.39,19.28,-88.67,71.47,2026-05-03,28.613178,77.472209,70.74
TEST_038832,airtel,4G,Mumbai,26.56,8.68,-83.94,39.27,2026-05-06,19.736023,75.402431,70.75
TEST_038839,jio,4G,Mumbai,30.86,7.97,-92.57,59.84,2026-03-31,8.256897,75.126968,51.78
TEST_038847,jio,4G,Mumbai,29.21,8.49,-75.75,36.88,2026-05-07,17.363038,80.221727,77.14
TEST_038852,vi,5G,Mumbai,87.46,28.05,-92.78,73.51,2026-05-08,21.270632,79.953115,65.58
TEST_038853,vi,4G,Mumbai,16.31,6.85,-69.55,46.18,2026-05-23,34.304956,71.592364,65.33
TEST_038866,jio,4G,Mumbai,23.81,8.29,-90.63,37.6,2026-05-01,35.421117,72.260713,69.92
TEST_038870,jio,4G,Mumbai,23.26,5.0,-87.39,39.15,2026-03-04,11.253307,85.203429,67.68
TEST_038873,vi,4G,Mumbai,15.14,6.75,-103.98,57.09,2026-03-12,17.411099,75.238467,45.59
TEST_038876,airtel,4G,Mumbai,21.45,7.18,-66.24,40.36,2026-03-15,15.937144,81.122398,73.66
TEST_038881,jio,4G,Mumbai,27.03,8.5,-84.02,46.46,2026-04-07,29.615769,79.690253,63.24
TEST_038885,airtel,5G,Mumbai,62.13,25.22,-92.35,39.55,2026-05-14,35.202707,79.065953,81.53
TEST_038889,vi,4G,Mumbai,16.99,5.17,-92.2,37.78,2026-03-24,26.842229,81.95091,66.5
TEST_038904,airtel,4G,Mumbai,19.53,6.58,-83.89,35.54,2026-05-29,19.40015,72.281183,73.51
TEST_038916,jio,5G,Mumbai,119.9,10.09,-86.37,52.82,2026-04-12,21.326202,93.21952,78.74
TEST_038921,airtel,5G,Mumbai,70.13,37.48,-84.25,63.14,2026-04-19,30.482384,78.799641,72.32
TEST_038927,airtel,5G,Mumbai,64.81,20.51,-82.3,57.96,2026-03-29,8.042822,73.5036,68.37
TEST_038928,airtel,4G,Mumbai,21.7,8.05,-70.95,45.55,2026-05-09,26.343208,70.049601,67.07
TEST_038938,vi,5G,Mumbai,73.8,29.74,-88.75,37.77,2026-03-05,20.527659,72.12055,89.24
TEST_038948,vi,4G,Mumbai,20.57,7.61,-99.49,53.15,2026-03-02,28.406496,91.091112,51.11
TEST_038959,airtel,5G,Mumbai,75.34,16.14,-89.49,37.3,2026-03-25,10.483929,82.763294,85.03
TEST_038976,airtel,4G,Mumbai,20.06,11.19,-78.13,64.72,2026-03-19,21.89034,94.770296,52.92
TEST_038978,vi,5G,Mumbai,66.33,20.06,-64.55,43.1,2026-03-30,22.255994,73.782262,85.89
TEST_038984,jio,5G,Mumbai,81.5,22.71,-77.77,39.86,2026-03-26,13.891681,86.664943,89.42
TEST_038987,jio,5G,Mumbai,57.72,20.54,-76.14,35.88,2026-05-29,35.810987,68.59677,89.16
TEST_038991,airtel,4G,Mumbai,30.31,3.91,-60.0,89.08,2026-04-21,28.186648,95.495007,50.37
TEST_038996,jio,4G,Mumbai,25.7,3.99,-96.89,40.91,2026-04-01,24.068253,73.616083,62.6
TEST_039005,jio,5G,Mumbai,49.3,7.13,-101.08,72.03,2026-03-14,17.231112,71.792466,47.26
TEST_039020,airtel,5G,Mumbai,59.04,30.87,-70.19,58.33,2026-03-30,17.305748,95.751218,74.67
TEST_039043,jio,4G,Mumbai,21.24,7.03,-73.73,47.71,2026-04-07,32.826447,90.254201,63.77
TEST_039049,jio,4G,Mumbai,25.54,10.27,-93.49,46.37,2026-03-23,21.848903,90.257398,60.47
TEST_039051,vi,4G,Mumbai,22.04,7.73,-65.7,39.62,2026-03-28,25.261934,80.786204,75.05
TEST_039065,airtel,4G,Mumbai,13.59,5.53,-90.11,44.7,2026-04-15,17.918147,89.894387,58.76
TEST_039077,airtel,4G,Mumbai,17.42,7.07,-86.21,91.96,2026-04-02,18.871005,93.533721,39.22
TEST_039085,vi,4G,Mumbai,21.66,6.58,-96.5,64.38,2026-05-15,30.962638,72.486615,45.64
TEST_039089,vi,5G,Mumbai,88.48,16.95,-83.62,65.69,2026-05-09,33.05249,89.289549,67.98
TEST_039090,vi,5G,Mumbai,61.23,15.21,-103.96,41.58,2026-05-20,26.639993,73.560317,71.48
TEST_039109,jio,4G,Mumbai,28.04,12.65,-95.99,58.16,2026-04-05,19.327883,85.881977,52.65
TEST_039113,airtel,5G,Mumbai,84.48,18.23,-92.54,51.95,2026-03-31,31.015787,69.546106,72.36
TEST_039117,vi,4G,Mumbai,13.22,5.48,-78.48,59.06,2026-05-20,11.554195,77.193252,52.07
TEST_039128,jio,4G,Mumbai,25.79,5.29,-98.34,36.09,2026-04-10,18.269481,81.732991,68.81
TEST_039157,vi,5G,Mumbai,50.15,29.72,-72.33,72.98,2026-04-21,28.88204,74.675442,64.88
TEST_039165,vi,4G,Mumbai,25.92,4.69,-68.06,52.9,2026-04-05,8.891695,87.066738,61.9
TEST_039166,vi,4G,Mumbai,19.15,9.56,-96.83,42.7,2026-05-01,32.951913,89.863377,61.22
TEST_039169,vi,5G,Mumbai,63.57,6.54,-72.57,56.14,2026-03-08,13.778149,88.812007,67.35
TEST_039181,vi,4G,Mumbai,25.06,6.07,-92.11,39.53,2026-05-18,30.746886,69.229117,66.43
TEST_039183,jio,5G,Mumbai,59.82,10.72,-104.67,57.37,2026-04-29,21.096485,95.728504,56.59
TEST_039190,vi,4G,Mumbai,16.81,7.69,-76.11,72.0,2026-03-23,18.245605,74.705332,48.56
TEST_039194,vi,5G,Mumbai,42.97,13.83,-99.24,42.95,2026-05-21,32.287627,75.067177,67.02
TEST_039199,jio,4G,Mumbai,25.97,4.95,-63.45,46.56,2026-05-26,19.788798,70.267257,68.48
TEST_039202,vi,5G,Mumbai,59.45,22.48,-71.99,52.72,2026-05-03,32.710825,76.605585,74.63
TEST_039212,airtel,5G,Mumbai,86.42,13.05,-82.86,50.56,2026-03-23,25.766667,91.548852,75.16
TEST_039218,airtel,5G,Mumbai,85.93,19.06,-110.53,73.36,2026-03-05,15.911445,95.865427,56.11
TEST_039227,airtel,5G,Mumbai,80.16,15.92,-87.81,63.47,2026-05-30,34.559608,79.399009,65.39
TEST_039239,vi,4G,Mumbai,17.23,4.36,-91.26,60.12,2026-04-04,13.096988,91.433529,47.72
TEST_039247,airtel,5G,Mumbai,76.31,34.51,-75.47,50.93,2026-03-09,24.916639,92.508965,82.88
TEST_039284,jio,5G,Mumbai,61.29,10.26,-86.58,98.46,2026-04-24,11.563776,93.199911,48.63
TEST_039309,airtel,5G,Mumbai,70.27,18.76,-89.13,36.89,2026-03-17,34.374208,81.260452,85.54
TEST_039354,airtel,4G,Mumbai,23.33,4.73,-76.03,50.92,2026-04-27,11.134985,94.197759,60.09
TEST_039377,jio,4G,Mumbai,20.28,5.07,-72.04,41.72,2026-03-27,22.194284,89.860635,69.16
TEST_039381,airtel,4G,Mumbai,19.79,5.45,-74.0,111.91,2026-03-13,19.844292,95.426835,39.43
TEST_039396,jio,5G,Mumbai,54.18,27.93,-94.2,58.35,2026-04-03,13.104465,77.857589,64.5
TEST_039399,jio,5G,Mumbai,61.6,31.39,-96.86,38.11,2026-03-12,23.343347,85.508958,83.96
TEST_039417,vi,5G,Mumbai,52.1,23.61,-75.28,60.56,2026-04-07,19.064767,86.765865,67.57
TEST_039419,jio,5G,Mumbai,97.29,28.42,-117.05,39.09,2026-05-02,12.293222,81.653527,82.86
TEST_039426,airtel,4G,Mumbai,25.62,9.68,-110.96,73.44,2026-05-03,33.258512,74.48343,39.1
TEST_039434,vi,5G,Mumbai,46.33,15.34,-116.14,59.62,2026-04-02,34.174236,70.605096,50.17
TEST_039443,vi,4G,Mumbai,16.77,2.65,-80.18,84.62,2026-04-21,35.330347,89.573487,41.33
TEST_039455,airtel,4G,Mumbai,17.15,5.34,-103.0,44.11,2026-04-03,23.579547,69.846357,55.76
TEST_039459,vi,5G,Mumbai,47.47,19.11,-82.06,49.82,2026-04-19,15.430136,76.715939,69.51
TEST_039483,airtel,4G,Mumbai,33.23,8.21,-82.22,40.5,2026-05-30,22.991825,81.181233,71.17
TEST_039484,jio,5G,Mumbai,44.62,31.54,-62.65,37.53,2026-03-12,35.631142,94.238914,92.41
TEST_039486,jio,5G,Mumbai,63.39,26.62,-91.04,41.35,2026-05-24,13.913284,73.357523,80.66
TEST_039491,jio,5G,Mumbai,106.58,28.67,-82.16,36.47,2026-05-06,16.743566,69.467522,100.14
TEST_039525,jio,4G,Mumbai,21.22,6.73,-111.38,37.3,2026-03-28,30.535742,68.800436,62.26
TEST_039533,airtel,5G,Mumbai,99.26,32.02,-78.05,40.42,2026-03-09,16.788964,84.40322,96.0
TEST_039549,vi,5G,Mumbai,58.29,15.09,-80.91,62.03,2026-05-09,9.405861,77.834211,63.22
TEST_039564,jio,4G,Mumbai,22.72,13.67,-102.51,55.9,2026-05-28,35.523256,85.134964,51.0
TEST_039584,airtel,5G,Mumbai,58.46,20.65,-87.99,36.86,2026-03-14,11.881727,70.61704,84.01
TEST_039596,airtel,5G,Mumbai,73.9,14.48,-86.86,63.71,2026-03-24,8.539855,79.065916,63.67
TEST_039597,jio,5G,Mumbai,48.46,30.36,-91.65,46.47,2026-03-16,19.3393,81.479747,73.39
TEST_039617,jio,5G,Mumbai,76.07,26.27,-94.09,35.65,2026-05-04,26.70403,85.462934,89.69
TEST_039619,jio,4G,Mumbai,11.61,5.66,-88.37,40.3,2026-05-10,20.777247,73.827081,63.61
TEST_039626,airtel,5G,Mumbai,71.9,15.57,-93.26,35.89,2026-04-08,34.585808,70.439004,84.8
TEST_039630,jio,5G,Mumbai,116.13,21.58,-73.66,60.81,2026-04-03,34.9993,70.883331,81.51
TEST_039631,vi,5G,Mumbai,38.88,11.4,-83.27,37.1,2026-05-09,10.177919,89.784248,77.53
TEST_039632,airtel,5G,Mumbai,53.37,21.58,-71.39,51.4,2026-04-05,9.992668,80.695902,74.09
TEST_039643,airtel,4G,Mumbai,24.57,5.09,-89.29,68.93,2026-04-21,18.145919,77.227204,46.16
TEST_039670,jio,5G,Mumbai,75.07,36.13,-78.86,55.31,2026-05-07,26.446542,91.554039,79.06
TEST_039671,vi,5G,Mumbai,74.01,17.32,-97.08,112.53,2026-05-30,18.841743,90.249656,48.03
TEST_039693,airtel,4G,Mumbai,20.96,4.98,-74.64,96.56,2026-04-17,32.615105,75.148565,42.1
TEST_039723,jio,4G,Mumbai,18.68,4.0,-85.57,53.95,2026-04-11,33.63995,74.354253,53.49
TEST_039741,airtel,4G,Mumbai,22.16,6.73,-64.62,44.4,2026-03-21,14.780216,84.893512,69.89
TEST_039767,vi,4G,Mumbai,16.37,6.63,-90.17,84.73,2026-03-31,21.443823,73.938808,39.32
TEST_039773,jio,4G,Mumbai,29.31,7.96,-77.65,48.14,2026-03-13,27.699788,70.459721,64.23
TEST_039782,vi,5G,Mumbai,64.11,19.99,-86.93,66.67,2026-04-11,9.80986,71.198746,62.11
TEST_039784,jio,5G,Mumbai,101.47,27.9,-103.03,37.39,2026-05-13,8.383273,87.01192,90.48
TEST_039791,vi,4G,Mumbai,21.86,5.83,-79.08,46.19,2026-04-26,19.331819,76.289001,63.01
TEST_039808,vi,5G,Mumbai,71.79,16.13,-89.73,121.7,2026-04-09,23.141422,93.28454,48.24
TEST_039817,vi,4G,Mumbai,12.73,3.99,-96.29,37.16,2026-03-07,19.287311,84.879048,64.6
TEST_039824,airtel,4G,Mumbai,15.66,5.43,-62.59,49.49,2026-04-26,31.836574,72.204896,64.21
TEST_039831,vi,4G,Mumbai,12.12,4.93,-76.52,38.55,2026-04-02,14.594336,68.781364,69.55
TEST_039832,airtel,4G,Mumbai,22.43,7.69,-102.78,61.89,2026-04-15,19.919319,85.712292,45.33
TEST_039838,jio,5G,Mumbai,98.51,40.65,-64.69,69.21,2026-03-15,20.397299,95.518907,83.62
TEST_039871,airtel,4G,Mumbai,16.24,8.35,-96.28,52.4,2026-04-25,22.370555,75.676096,52.01
TEST_039888,jio,5G,Mumbai,83.68,22.1,-85.09,38.73,2026-03-14,16.883567,72.929493,88.64
TEST_039889,airtel,4G,Mumbai,16.84,6.31,-85.37,43.89,2026-03-01,10.10425,92.323838,62.14
TEST_039893,jio,5G,Mumbai,48.07,27.91,-98.09,40.77,2026-04-24,18.467742,81.695474,76.02
TEST_039904,airtel,5G,Mumbai,63.58,15.89,-81.3,45.74,2026-05-12,14.606717,86.282044,75.62
TEST_039905,airtel,5G,Mumbai,69.33,22.75,-95.19,42.16,2026-05-25,26.801508,72.4074,78.31
TEST_039913,vi,4G,Mumbai,18.94,6.49,-101.77,43.28,2026-04-07,35.995023,86.552996,57.82
TEST_039933,airtel,5G,Mumbai,89.62,19.8,-81.78,35.85,2026-03-08,11.666916,87.437885,94.16
TEST_039936,jio,5G,Mumbai,30.78,11.66,-87.02,42.93,2026-03-16,8.799787,76.089077,67.61
TEST_039986,jio,5G,Mumbai,83.99,22.56,-70.9,49.94,2026-04-29,22.792297,88.240883,82.53
TEST_039996,vi,5G,Mumbai,67.53,12.62,-103.88,43.06,2026-04-29,18.226646,95.142464,70.39
TEST_040005,jio,5G,Mumbai,56.0,29.97,-79.13,39.41,2026-04-09,20.907912,75.992053,86.47
TEST_040013,vi,4G,Mumbai,17.05,10.97,-61.61,42.93,2026-03-05,23.008454,78.363991,72.77
TEST_040033,vi,5G,Mumbai,58.67,12.92,-87.42,36.03,2026-05-01,9.528062,95.269629,82.63
TEST_040036,airtel,5G,Mumbai,54.2,28.5,-79.16,36.09,2026-03-21,20.099889,79.81596,89.95
TEST_040045,vi,4G,Mumbai,21.95,8.2,-103.1,50.3,2026-03-09,16.04512,82.898153,52.49
TEST_040071,jio,4G,Mumbai,20.38,9.92,-92.75,45.28,2026-04-12,21.166055,77.397379,60.44
TEST_040077,jio,4G,Mumbai,30.01,9.56,-75.94,39.23,2026-04-09,15.712375,85.147245,74.56
TEST_040082,jio,5G,Mumbai,73.26,26.38,-98.79,37.63,2026-04-18,16.735567,68.110969,84.74
TEST_040094,vi,4G,Mumbai,24.63,5.75,-73.95,49.35,2026-03-06,14.907404,91.265725,62.65
TEST_040105,vi,4G,Mumbai,17.7,8.08,-92.87,76.37,2026-03-20,21.416438,81.790415,41.77
TEST_040108,airtel,4G,Mumbai,25.5,9.44,-83.43,41.07,2026-03-28,35.278992,94.09276,68.84
TEST_040132,vi,4G,Mumbai,17.03,5.27,-100.89,49.37,2026-05-21,16.571873,86.106611,51.78
TEST_040141,vi,5G,Mumbai,73.68,27.92,-82.07,45.03,2026-03-03,26.628778,75.013377,82.64
TEST_040143,vi,5G,Mumbai,62.97,24.07,-76.05,49.77,2026-05-25,18.378228,68.950011,76.81
TEST_040149,jio,4G,Mumbai,27.0,4.57,-113.11,35.77,2026-05-10,34.218965,82.525875,64.36
TEST_040159,airtel,4G,Mumbai,8.47,5.08,-91.64,36.23,2026-04-07,10.934966,69.121593,66.9
TEST_040160,vi,4G,Mumbai,15.54,6.57,-77.66,58.97,2026-04-06,27.755954,68.185851,53.31
TEST_040180,vi,4G,Mumbai,28.11,7.48,-73.44,53.36,2026-04-05,31.058863,72.316038,61.29
TEST_040189,airtel,5G,Mumbai,58.41,31.49,-90.7,43.12,2026-04-04,28.434715,86.306835,79.54
TEST_040194,vi,4G,Mumbai,23.71,3.54,-92.56,40.75,2026-03-19,19.194978,84.151191,63.62
TEST_040218,vi,4G,Mumbai,17.49,7.28,-75.45,35.35,2026-05-30,27.932433,88.761923,76.41
TEST_040225,jio,5G,Mumbai,81.11,27.42,-74.15,53.16,2026-04-29,35.351482,69.59847,80.23
TEST_040246,jio,4G,Mumbai,35.94,10.17,-87.68,50.36,2026-05-01,29.949022,84.832222,61.41
TEST_040253,jio,4G,Mumbai,12.43,5.49,-80.03,46.3,2026-04-01,12.883122,90.733537,60.37
TEST_040270,vi,4G,Mumbai,17.6,5.73,-75.94,44.91,2026-05-20,26.966044,78.931631,64.25
TEST_040284,jio,4G,Mumbai,28.62,3.06,-72.39,38.11,2026-05-13,34.625187,94.964177,74.49
TEST_040298,jio,4G,Mumbai,9.68,9.2,-80.68,59.62,2026-04-27,24.895736,77.295105,51.59
TEST_040310,vi,5G,Mumbai,92.61,31.0,-99.46,36.22,2026-03-31,15.844079,88.64901,92.46
TEST_040317,jio,4G,Mumbai,23.36,6.94,-95.47,66.51,2026-03-20,12.779164,83.988586,45.52
TEST_040324,jio,5G,Mumbai,99.93,11.59,-116.23,41.0,2026-03-26,20.818597,77.998322,75.34
TEST_040336,airtel,5G,Mumbai,29.88,21.04,-96.65,37.84,2026-04-15,11.944395,91.251372,73.57
TEST_040339,vi,5G,Mumbai,79.95,17.33,-101.46,35.79,2026-03-05,24.069052,70.046856,84.64
TEST_040345,airtel,5G,Mumbai,47.14,26.56,-75.04,65.4,2026-04-22,11.448612,90.997599,65.25
TEST_040346,jio,4G,Mumbai,28.8,8.67,-80.61,54.09,2026-05-18,33.360177,77.177062,59.0
TEST_040349,vi,4G,Mumbai,20.67,7.62,-74.04,36.65,2026-04-17,20.365018,77.54102,75.81
TEST_040372,airtel,5G,Mumbai,63.51,27.59,-60.0,36.79,2026-05-09,18.191138,88.284912,97.08
TEST_040380,jio,5G,Mumbai,47.1,14.06,-75.98,79.13,2026-05-17,23.857905,87.242161,55.23
TEST_040381,airtel,5G,Mumbai,92.69,24.63,-80.49,49.38,2026-03-25,16.731647,81.249249,82.45
TEST_040386,vi,5G,Mumbai,28.25,24.78,-97.44,39.61,2026-04-08,8.963109,82.013248,72.05
TEST_040406,airtel,4G,Mumbai,16.4,9.04,-70.67,41.72,2026-03-25,14.550268,68.615283,70.19
TEST_040416,airtel,4G,Mumbai,9.62,4.77,-98.74,43.33,2026-04-02,18.26091,89.899339,56.08
TEST_040427,jio,4G,Mumbai,18.59,9.93,-108.18,53.2,2026-05-07,19.544615,78.671264,48.58
TEST_040429,vi,5G,Mumbai,64.87,17.72,-94.54,50.51,2026-04-24,15.626627,68.8053,68.2
TEST_040446,jio,5G,Mumbai,51.74,13.29,-86.58,37.23,2026-04-01,33.356457,93.706526,79.8
TEST_040453,jio,4G,Mumbai,10.65,9.08,-73.06,36.32,2026-03-30,31.828541,71.402251,74.9
TEST_040458,vi,4G,Mumbai,15.05,6.06,-87.82,38.68,2026-03-04,21.010395,88.826316,66.68
TEST_040469,jio,4G,Mumbai,29.7,7.07,-63.39,35.8,2026-03-24,20.761254,72.062665,82.4
TEST_040477,vi,5G,Mumbai,82.68,23.13,-87.55,40.85,2026-03-12,9.590391,72.868295,85.42
TEST_040495,airtel,4G,Mumbai,26.68,7.72,-82.13,48.48,2026-03-23,23.752515,75.298647,61.79
TEST_040496,jio,4G,Mumbai,24.07,10.08,-96.66,54.7,2026-05-21,19.309988,69.684377,52.71
TEST_040503,airtel,5G,Mumbai,131.65,29.06,-102.94,58.35,2026-03-20,14.563766,79.317742,79.26
TEST_040506,jio,5G,Mumbai,127.7,16.26,-74.41,54.48,2026-03-02,12.988911,94.762097,85.59
TEST_040511,jio,4G,Mumbai,25.43,8.35,-98.44,43.37,2026-05-13,9.878684,75.837516,60.96
TEST_040515,vi,5G,Mumbai,38.94,17.7,-83.4,84.31,2026-05-15,34.114366,84.473408,50.74
TEST_040525,airtel,5G,Mumbai,54.9,16.02,-80.02,57.83,2026-04-04,15.969119,69.880858,65.37
TEST_040527,jio,4G,Mumbai,35.0,9.8,-97.31,68.39,2026-05-02,23.557513,80.311001,47.74
TEST_040533,airtel,5G,Mumbai,54.63,7.53,-104.27,43.2,2026-04-26,31.677187,69.903739,65.39
TEST_040537,airtel,4G,Mumbai,23.65,6.27,-81.64,49.05,2026-03-28,28.717053,78.763881,60.29
TEST_040541,jio,4G,Mumbai,36.24,7.95,-97.44,45.75,2026-04-28,32.951823,95.714885,61.26
TEST_040551,vi,5G,Mumbai,57.21,16.7,-83.73,38.07,2026-05-27,30.152835,70.398289,82.08
TEST_040568,jio,4G,Mumbai,36.97,9.59,-89.48,57.89,2026-05-20,29.199991,75.326618,55.85
TEST_040577,jio,5G,Mumbai,32.25,31.97,-110.72,38.24,2026-05-11,17.308685,84.360816,72.85
TEST_040588,vi,4G,Mumbai,14.54,7.8,-72.07,66.39,2026-03-18,28.362168,82.245963,51.72
TEST_040590,airtel,4G,Mumbai,23.06,4.53,-99.18,77.36,2026-05-09,31.921469,73.147694,39.24
TEST_040594,jio,5G,Mumbai,84.65,8.33,-68.7,44.89,2026-05-11,13.263088,73.34287,82.56
TEST_040605,airtel,4G,Mumbai,28.03,5.75,-120.0,40.16,2026-05-30,35.816637,77.739283,56.92
TEST_040607,jio,5G,Mumbai,77.04,20.26,-81.67,36.36,2026-04-22,29.159384,70.661657,90.82
TEST_040626,jio,5G,Mumbai,139.31,22.71,-81.91,68.59,2026-05-23,10.46216,72.354436,80.71
TEST_040636,jio,5G,Mumbai,66.41,26.24,-98.32,42.65,2026-04-13,29.124213,69.127544,77.36
TEST_040687,vi,4G,Mumbai,10.71,8.39,-85.66,36.17,2026-05-15,25.952833,73.025513,70.68
TEST_040689,airtel,5G,Mumbai,89.21,27.08,-80.2,35.57,2026-04-27,27.769785,79.731937,97.66
TEST_040697,airtel,5G,Mumbai,66.38,32.74,-60.0,73.95,2026-03-11,15.368824,69.968914,73.35
TEST_040704,vi,5G,Mumbai,60.32,17.43,-115.04,39.44,2026-04-26,15.018019,80.110296,70.87
TEST_040706,airtel,5G,Mumbai,73.09,24.43,-60.0,40.67,2026-04-03,27.122618,93.602463,93.14
TEST_040709,airtel,5G,Mumbai,20.04,21.22,-83.46,36.28,2026-03-05,29.717691,75.290535,77.99
TEST_040716,jio,5G,Mumbai,54.04,26.01,-61.71,36.94,2026-04-04,35.487557,77.894415,93.62
TEST_040728,airtel,5G,Mumbai,72.97,13.68,-90.43,60.8,2026-04-08,12.706054,86.623215,63.44
TEST_040774,vi,4G,Mumbai,22.43,9.04,-96.93,121.56,2026-03-05,22.340282,91.232095,32.29
TEST_040777,vi,5G,Mumbai,72.89,25.12,-87.28,46.98,2026-05-21,10.545232,93.761006,77.94
TEST_040784,jio,5G,Mumbai,79.1,28.3,-77.8,67.92,2026-05-08,27.768574,88.946116,70.98
TEST_040787,vi,5G,Mumbai,71.86,19.71,-93.3,52.66,2026-03-05,32.937577,81.390142,69.33
TEST_040792,vi,4G,Mumbai,17.92,6.05,-72.09,44.31,2026-04-17,9.20305,80.204409,66.3
TEST_040796,vi,5G,Mumbai,74.99,2.36,-88.74,38.67,2026-04-25,27.186241,78.901004,78.4
TEST_040828,airtel,5G,Mumbai,85.15,24.47,-88.03,46.32,2026-04-29,11.542522,93.460869,80.77
TEST_040833,airtel,4G,Mumbai,22.51,8.94,-77.55,46.27,2026-04-02,8.303541,75.168303,64.72
TEST_040834,vi,5G,Mumbai,72.86,11.11,-88.04,35.49,2026-03-25,20.435609,87.98942,85.73
TEST_040848,vi,4G,Mumbai,19.85,6.76,-80.8,122.19,2026-03-13,11.445781,70.879967,36.18
TEST_040852,jio,4G,Mumbai,22.64,8.75,-71.33,84.45,2026-05-26,35.65819,93.718471,47.85
TEST_040858,airtel,5G,Mumbai,62.97,24.63,-84.32,85.74,2026-05-13,17.052396,78.675526,57.92
TEST_040872,airtel,5G,Mumbai,75.15,20.68,-106.64,76.65,2026-03-23,30.047986,70.500835,54.46
TEST_040888,airtel,4G,Mumbai,34.5,3.95,-84.89,39.9,2026-04-01,22.272845,94.918634,69.72
TEST_040891,jio,4G,Mumbai,31.12,9.56,-91.0,47.25,2026-05-08,8.277205,68.932185,61.52
TEST_040905,jio,4G,Mumbai,29.7,8.48,-81.58,47.07,2026-03-03,30.084823,92.547001,64.11
TEST_040911,airtel,4G,Mumbai,37.14,6.34,-102.59,53.08,2026-05-05,14.217356,72.94833,53.36
TEST_040913,airtel,5G,Mumbai,108.86,16.48,-81.08,38.63,2026-03-21,24.650473,83.725496,93.67
TEST_040914,jio,4G,Mumbai,21.16,5.78,-93.7,59.22,2026-03-21,29.305422,84.881272,48.79
TEST_040919,vi,5G,Mumbai,91.4,29.02,-85.74,50.53,2026-05-08,16.01951,75.389133,81.12
TEST_040928,airtel,4G,Mumbai,32.67,2.89,-89.62,35.91,2026-03-31,13.92212,87.995472,72.64
TEST_040950,jio,4G,Mumbai,19.74,8.04,-84.32,38.96,2026-03-24,25.016282,90.32442,69.26
TEST_040958,vi,5G,Mumbai,89.52,24.45,-73.1,48.92,2026-03-27,15.975613,74.24784,84.51
TEST_040966,jio,4G,Mumbai,28.79,13.77,-68.87,37.24,2026-05-24,26.218378,74.416295,80.75
TEST_040971,jio,5G,Mumbai,74.39,26.62,-92.03,45.0,2026-04-12,21.223391,90.732605,79.03
TEST_040976,airtel,4G,Mumbai,21.74,2.28,-109.34,35.71,2026-04-23,26.300005,73.10736,63.7
TEST_040986,airtel,5G,Mumbai,92.61,30.16,-82.58,89.69,2026-03-18,17.700078,93.248308,66.1
TEST_040993,jio,4G,Mumbai,27.65,9.79,-92.44,46.17,2026-04-26,22.543783,77.856836,61.3
TEST_041000,vi,4G,Mumbai,20.18,7.08,-84.84,40.58,2026-03-29,34.056328,71.167232,66.88
TEST_041011,vi,5G,Mumbai,59.47,15.83,-87.78,47.95,2026-03-30,14.849998,88.125068,70.59
TEST_041020,jio,5G,Mumbai,109.77,26.46,-81.02,56.24,2026-04-22,25.330754,89.508328,81.99
TEST_041024,vi,5G,Mumbai,59.05,26.13,-79.53,63.58,2026-04-09,25.19861,75.27758,67.1
TEST_041027,jio,5G,Mumbai,64.66,22.65,-91.49,53.33,2026-03-09,23.451745,68.275062,68.94
TEST_041038,jio,4G,Mumbai,26.5,6.29,-73.4,37.09,2026-03-14,31.816265,70.406678,76.23
TEST_041047,vi,4G,Mumbai,26.14,4.18,-89.03,57.84,2026-03-22,32.423202,77.402438,51.65
TEST_041051,vi,4G,Mumbai,8.88,4.2,-105.14,37.25,2026-03-18,23.912559,91.567262,60.74
TEST_041056,jio,5G,Mumbai,51.69,38.3,-99.5,49.07,2026-04-06,28.751257,78.535029,72.19
TEST_041070,airtel,4G,Mumbai,23.89,3.44,-87.98,37.1,2026-05-08,25.54095,68.218658,69.74
TEST_041088,airtel,5G,Mumbai,63.17,29.71,-112.35,35.72,2026-04-03,27.188136,74.207498,81.87
TEST_041101,jio,5G,Mumbai,74.65,39.46,-81.89,41.03,2026-04-08,21.208129,69.209328,91.24
TEST_041109,jio,4G,Mumbai,29.29,8.89,-91.62,45.28,2026-04-29,8.399793,77.757354,62.43
TEST_041116,airtel,5G,Mumbai,51.57,15.56,-78.02,64.84,2026-04-14,23.732128,89.481422,61.5
TEST_041136,airtel,5G,Mumbai,50.09,30.74,-79.61,84.6,2026-03-10,24.963801,92.508231,59.14
TEST_041137,vi,4G,Mumbai,24.83,3.58,-74.99,39.11,2026-05-04,25.837045,83.690036,71.7
TEST_041154,vi,5G,Mumbai,47.3,15.79,-85.99,39.75,2026-03-16,32.245985,79.061729,76.68
TEST_041186,vi,5G,Mumbai,58.91,26.27,-96.77,48.73,2026-03-19,15.544611,88.989705,70.62
TEST_041193,airtel,4G,Mumbai,16.67,3.52,-88.3,40.42,2026-03-09,23.590821,70.384244,63.84
TEST_041194,airtel,4G,Mumbai,18.59,7.01,-61.39,54.42,2026-04-01,9.030216,85.791073,62.31
TEST_041219,jio,4G,Mumbai,26.21,5.82,-94.86,40.52,2026-03-29,25.178043,77.146403,64.5
TEST_041220,airtel,4G,Mumbai,25.54,5.84,-90.45,60.73,2026-05-30,9.05172,91.824275,50.06
TEST_041226,airtel,4G,Mumbai,17.65,7.81,-78.21,40.38,2026-04-11,15.870782,78.292447,69.03
TEST_041230,jio,5G,Mumbai,98.76,24.73,-112.33,38.77,2026-05-23,25.670345,73.335568,83.82
TEST_041231,jio,5G,Mumbai,64.61,17.54,-74.95,55.9,2026-05-01,25.440861,74.574603,70.92
TEST_041233,vi,4G,Mumbai,16.98,7.55,-80.38,71.2,2026-03-11,34.845702,68.018382,47.43
TEST_041237,vi,5G,Mumbai,89.23,6.96,-104.01,42.11,2026-03-05,19.586193,83.043826,74.13
TEST_041253,airtel,5G,Mumbai,48.83,12.7,-112.23,54.15,2026-03-29,31.645699,81.091847,54.34
TEST_041265,airtel,5G,Mumbai,48.36,10.33,-85.47,74.59,2026-03-17,13.227332,69.675318,52.49
TEST_041268,airtel,5G,Mumbai,81.81,25.65,-86.34,41.35,2026-05-29,8.065442,90.064207,85.98
TEST_041293,jio,5G,Mumbai,46.81,27.35,-97.18,67.41,2026-04-20,10.542053,90.432291,57.19
TEST_041296,vi,5G,Mumbai,64.81,22.52,-103.98,40.1,2026-03-27,30.321845,82.813665,76.61
TEST_041297,vi,4G,Mumbai,18.31,6.96,-97.58,37.23,2026-04-24,23.185433,71.620584,66.39
TEST_041328,jio,5G,Mumbai,47.28,28.57,-77.49,40.83,2026-04-25,11.402588,78.982634,82.88
TEST_041336,airtel,5G,Mumbai,58.17,32.29,-82.27,36.42,2026-03-07,35.841145,70.58622,90.7
TEST_041358,vi,4G,Mumbai,12.12,7.59,-84.65,35.36,2026-03-24,26.225447,88.457603,72.24
TEST_041387,vi,5G,Mumbai,56.15,20.05,-89.62,57.61,2026-05-21,28.99758,85.777733,64.03
TEST_041388,jio,4G,Mumbai,42.7,9.68,-68.4,41.63,2026-04-03,10.860733,72.222975,77.14
TEST_041393,jio,4G,Mumbai,22.08,6.38,-105.06,38.84,2026-05-01,11.150809,69.093704,62.41
TEST_041396,airtel,5G,Mumbai,103.55,13.88,-79.6,42.91,2026-04-27,19.117099,81.944833,87.12
TEST_041403,vi,5G,Mumbai,87.49,20.08,-68.57,38.96,2026-03-24,21.462675,73.703457,93.97
TEST_041410,vi,5G,Mumbai,40.07,12.49,-88.9,39.79,2026-05-23,34.436215,82.969701,72.86
TEST_041412,vi,4G,Mumbai,21.32,7.98,-74.07,57.52,2026-04-03,21.54714,90.357407,57.13
TEST_041418,vi,4G,Mumbai,20.91,4.51,-62.43,42.44,2026-05-29,18.06811,68.779606,71.53
TEST_041421,jio,5G,Mumbai,79.95,28.16,-63.55,44.39,2026-05-02,28.374585,89.544683,90.91
TEST_041427,jio,5G,Mumbai,82.01,19.68,-88.22,38.96,2026-03-21,27.163195,85.44141,86.05
TEST_041437,vi,5G,Mumbai,71.8,28.1,-74.04,46.41,2026-03-05,8.722867,86.616844,83.7
TEST_041453,airtel,5G,Mumbai,55.96,13.8,-82.14,40.61,2026-05-07,18.923663,80.943591,78.16
TEST_041456,jio,4G,Mumbai,14.5,7.99,-104.93,51.38,2026-05-04,32.196688,92.251339,49.34
TEST_041458,jio,5G,Mumbai,108.22,37.65,-112.99,68.05,2026-03-02,13.487738,92.288934,69.07
TEST_041459,vi,5G,Mumbai,75.26,22.11,-111.67,35.17,2026-04-20,12.192996,74.591325,82.86
TEST_041473,vi,4G,Mumbai,13.49,6.05,-88.41,37.44,2026-05-21,8.591061,93.49839,67.76
TEST_041474,jio,5G,Mumbai,70.88,26.88,-94.22,44.53,2026-03-12,32.577874,83.686409,78.06
TEST_041490,vi,4G,Mumbai,13.01,6.08,-91.31,61.41,2026-05-15,33.355065,85.98897,46.71
TEST_041493,vi,5G,Mumbai,69.48,23.74,-70.78,37.34,2026-04-15,16.949036,69.321475,92.66
TEST_041501,vi,4G,Mumbai,15.11,6.93,-79.48,55.5,2026-05-25,14.404924,76.486531,54.79
TEST_041503,jio,4G,Mumbai,28.79,8.11,-86.36,62.34,2026-05-22,26.543664,70.178457,52.15
TEST_041540,jio,4G,Mumbai,28.86,7.73,-89.77,35.46,2026-03-22,29.674266,89.931372,74.17
TEST_041547,airtel,4G,Mumbai,23.98,6.15,-83.95,56.57,2026-03-04,22.158359,91.052374,54.33
TEST_041559,vi,4G,Mumbai,17.62,5.34,-89.7,46.59,2026-05-29,18.674589,75.563424,57.99
TEST_041562,vi,4G,Mumbai,15.92,6.52,-78.05,46.44,2026-05-17,16.04464,84.674388,62.05
TEST_041566,jio,4G,Mumbai,19.56,9.54,-95.05,62.17,2026-03-24,33.73951,81.313287,47.8
TEST_041569,jio,4G,Mumbai,23.4,6.8,-79.72,80.26,2026-04-06,29.725102,70.134908,45.72
TEST_041588,airtel,4G,Mumbai,19.33,6.31,-101.79,44.43,2026-03-23,29.59101,94.421538,56.69
TEST_041589,jio,5G,Mumbai,91.48,33.57,-93.24,42.54,2026-03-11,26.933338,72.756957,87.42
TEST_041608,jio,4G,Mumbai,29.82,10.98,-91.71,36.89,2026-04-21,19.324598,71.107111,72.84
TEST_041618,airtel,4G,Mumbai,12.72,5.84,-79.12,70.01,2026-05-28,16.811384,77.198359,46.74
TEST_041628,vi,5G,Mumbai,59.46,21.32,-79.24,38.49,2026-04-19,35.502552,87.22079,85.21
TEST_041632,vi,5G,Mumbai,45.82,23.34,-72.79,37.15,2026-03-22,16.15014,69.407953,86.84
TEST_041659,vi,4G,Mumbai,18.03,7.67,-80.36,42.96,2026-05-21,19.919625,74.381765,65.51
TEST_041672,jio,5G,Mumbai,89.71,27.76,-103.59,40.52,2026-04-05,12.584139,89.660157,83.7
TEST_041677,airtel,5G,Mumbai,122.22,17.72,-96.13,39.86,2026-04-24,27.672885,88.383817,90.56
TEST_041684,jio,4G,Mumbai,25.3,7.39,-60.0,114.32,2026-05-15,25.362069,93.980798,45.66
TEST_041696,jio,5G,Mumbai,94.29,31.36,-81.25,48.42,2026-03-22,22.729586,68.157275,85.77
TEST_041710,vi,5G,Mumbai,82.15,27.29,-106.55,80.81,2026-04-30,16.2817,70.999793,57.13
TEST_041743,airtel,5G,Mumbai,62.02,22.16,-85.86,37.26,2026-03-04,10.5601,91.015926,85.51
TEST_041747,jio,4G,Mumbai,31.16,6.01,-109.12,38.77,2026-03-20,24.692047,92.794575,63.04
TEST_041764,vi,5G,Mumbai,65.92,8.13,-77.67,46.66,2026-05-19,29.133331,87.38367,73.71
TEST_041788,airtel,4G,Mumbai,26.18,8.4,-78.03,40.83,2026-05-26,30.940029,69.171272,70.68
TEST_041800,vi,4G,Mumbai,19.86,3.01,-79.89,36.43,2026-04-22,22.556885,95.66387,72.32
TEST_041834,vi,4G,Mumbai,24.92,6.22,-76.64,65.6,2026-04-28,29.343375,91.485827,52.29
TEST_041838,jio,4G,Mumbai,16.54,10.49,-79.21,59.02,2026-04-12,10.292463,82.867242,54.41
TEST_041851,jio,4G,Mumbai,28.99,9.0,-94.91,59.7,2026-05-06,25.451533,85.198789,51.04
TEST_041853,jio,5G,Mumbai,103.46,42.58,-84.73,39.72,2026-05-24,15.254543,69.79082,99.37
TEST_041856,jio,5G,Mumbai,67.23,16.46,-60.0,36.06,2026-03-02,34.715506,72.874686,94.92
TEST_041863,jio,4G,Mumbai,21.98,11.19,-84.13,59.83,2026-05-23,31.04246,94.481562,53.79
TEST_041870,vi,5G,Mumbai,65.2,16.63,-74.49,75.81,2026-05-22,28.591528,77.117264,61.77
TEST_041889,vi,4G,Mumbai,11.79,6.31,-66.67,39.05,2026-04-29,19.953442,77.711747,72.63
TEST_041890,vi,5G,Mumbai,62.58,21.85,-89.01,55.29,2026-05-19,13.055402,85.182879,67.73
TEST_041891,vi,4G,Mumbai,10.29,5.08,-87.82,55.81,2026-05-01,20.735725,83.644821,50.07
TEST_041896,jio,5G,Mumbai,98.87,19.49,-94.45,53.83,2026-04-28,33.433779,69.905918,74.09
TEST_041905,jio,5G,Mumbai,57.77,32.4,-97.79,39.77,2026-05-21,29.352736,68.758996,81.09
TEST_041956,airtel,5G,Mumbai,72.16,35.59,-96.44,42.92,2026-05-14,29.710981,94.579515,82.38
TEST_041967,airtel,4G,Mumbai,32.18,6.6,-67.59,35.08,2026-05-07,24.830356,85.300227,82.47
TEST_041971,jio,5G,Mumbai,70.68,26.07,-88.21,54.65,2026-05-25,24.838296,90.407909,71.74
TEST_041987,vi,5G,Mumbai,85.96,18.2,-65.52,47.79,2026-03-01,33.334698,85.404214,84.91
TEST_041991,jio,5G,Mumbai,75.61,21.32,-80.12,42.41,2026-04-03,18.237564,86.081987,83.95
TEST_041994,vi,5G,Mumbai,76.04,12.81,-112.66,55.97,2026-05-16,28.330137,81.613063,59.14
TEST_042002,jio,5G,Mumbai,105.53,33.91,-100.54,62.49,2026-04-08,27.048399,80.337506,73.8
TEST_042006,airtel,5G,Mumbai,72.67,20.06,-68.26,36.04,2026-05-27,19.129212,83.024767,94.71
TEST_042009,jio,4G,Mumbai,24.64,7.6,-87.05,56.62,2026-04-25,26.585368,74.847638,53.94
TEST_042017,jio,5G,Mumbai,83.07,17.89,-98.66,41.41,2026-05-29,15.147771,76.862327,79.27
TEST_042019,airtel,5G,Mumbai,76.64,34.31,-77.55,35.86,2026-03-26,14.79248,68.034021,97.93
TEST_042031,jio,5G,Mumbai,74.23,33.04,-86.72,73.67,2026-04-05,35.236833,74.559766,66.4
TEST_042040,vi,5G,Mumbai,56.96,18.0,-108.19,71.7,2026-03-21,21.064542,86.395851,50.67
TEST_042045,airtel,5G,Mumbai,87.79,22.27,-77.15,69.15,2026-03-07,27.12938,85.279738,70.43
TEST_042047,airtel,4G,Mumbai,12.79,4.94,-75.7,40.77,2026-03-05,19.361946,85.465359,67.29
TEST_042100,jio,5G,Mumbai,41.08,22.29,-81.59,45.66,2026-03-05,22.264521,90.077398,72.91
TEST_042106,vi,5G,Mumbai,47.09,26.36,-85.37,44.3,2026-04-12,9.904884,71.448084,75.75
TEST_042126,vi,4G,Mumbai,15.63,6.03,-70.83,45.08,2026-05-28,35.473084,76.162164,65.46
TEST_042137,jio,5G,Mumbai,60.85,31.77,-66.41,61.06,2026-05-26,14.839495,76.624215,75.17
TEST_042138,vi,4G,Mumbai,26.15,2.42,-73.68,37.7,2026-05-24,18.241526,69.800563,73.82
TEST_042146,airtel,4G,Mumbai,25.17,8.16,-76.24,37.93,2026-03-09,13.80883,72.733876,74.53
TEST_042151,jio,4G,Mumbai,18.64,6.01,-104.5,38.55,2026-03-25,20.498693,81.611708,62.07
TEST_042152,airtel,5G,Mumbai,52.96,23.25,-79.38,40.93,2026-03-16,28.701821,83.758206,81.47
TEST_042154,vi,4G,Mumbai,15.83,3.49,-89.41,49.6,2026-04-24,30.453547,81.44076,54.52
TEST_042163,airtel,4G,Mumbai,28.35,5.45,-79.03,47.89,2026-04-07,31.92847,77.64408,62.86
TEST_042181,airtel,5G,Mumbai,80.0,11.57,-87.35,64.49,2026-04-06,24.990751,71.163348,63.44
TEST_042182,jio,4G,Mumbai,24.15,7.5,-80.36,35.4,2026-05-15,17.178871,91.942141,76.26
TEST_042196,jio,5G,Mumbai,68.33,27.14,-94.35,46.56,2026-03-11,33.723515,73.832967,75.67
TEST_042198,airtel,4G,Mumbai,20.54,8.81,-81.69,39.42,2026-03-29,31.22819,89.266754,70.02
TEST_042203,jio,4G,Mumbai,23.69,7.28,-89.11,40.0,2026-04-06,11.407212,92.721267,67.0
TEST_042206,vi,5G,Mumbai,64.37,23.36,-102.64,43.34,2026-04-22,26.712609,83.417826,73.71
TEST_042235,vi,4G,Mumbai,23.48,4.71,-78.13,68.63,2026-03-01,8.971032,75.212378,49.62
TEST_042250,airtel,4G,Mumbai,28.53,7.07,-83.71,43.82,2026-03-06,31.654712,69.420135,65.64
TEST_042287,airtel,5G,Mumbai,69.39,22.82,-104.21,38.73,2026-05-05,22.531583,77.62759,79.34
TEST_042294,vi,4G,Mumbai,16.25,5.93,-61.24,41.61,2026-04-10,17.68243,95.812137,72.3
TEST_042299,airtel,4G,Mumbai,22.0,8.05,-81.5,74.69,2026-03-14,16.465565,87.018363,47.08
TEST_042303,airtel,4G,Mumbai,17.94,4.77,-80.96,56.01,2026-04-02,14.645353,68.150376,53.82
TEST_042304,airtel,4G,Mumbai,24.62,9.3,-72.52,40.4,2026-05-06,24.167578,72.1962,73.0
TEST_042310,vi,4G,Mumbai,5.2,7.91,-83.53,37.68,2026-04-17,16.803764,88.920771,67.89
TEST_042312,vi,5G,Mumbai,53.22,9.32,-85.48,53.28,2026-04-13,20.983255,86.672198,63.59
TEST_042313,airtel,5G,Mumbai,87.86,15.33,-95.43,58.88,2026-03-10,22.538491,72.053034,66.73
TEST_042318,jio,4G,Mumbai,26.69,7.97,-88.47,45.48,2026-04-19,33.251926,78.39206,62.38
TEST_042326,vi,4G,Mumbai,21.3,8.75,-77.61,39.63,2026-05-10,20.890315,87.761676,71.27
TEST_042339,jio,4G,Mumbai,34.74,8.52,-74.79,35.15,2026-05-07,22.467803,95.301978,81.23
TEST_042344,airtel,4G,Mumbai,19.68,5.18,-86.56,55.66,2026-03-22,9.283421,69.652711,52.71
TEST_042345,airtel,5G,Mumbai,70.4,21.52,-104.25,37.06,2026-04-05,19.271986,80.05963,81.29
TEST_042358,vi,5G,Mumbai,59.17,20.63,-83.6,85.73,2026-04-01,16.229962,84.067029,55.86
TEST_042365,jio,4G,Mumbai,23.6,8.65,-73.99,49.83,2026-04-28,21.947866,69.886375,63.08
TEST_042372,airtel,4G,Mumbai,23.45,4.2,-102.64,45.45,2026-03-06,34.995249,76.804724,55.59
TEST_042376,airtel,4G,Mumbai,26.4,4.98,-74.08,45.48,2026-05-24,12.630031,70.203636,66.02
TEST_042405,jio,5G,Mumbai,61.13,41.76,-86.38,41.18,2026-05-05,25.649356,92.172823,87.39
TEST_042411,vi,4G,Mumbai,11.44,6.72,-83.78,40.02,2026-04-20,26.227602,79.155474,65.82
TEST_042425,jio,4G,Mumbai,11.88,9.46,-71.4,64.84,2026-03-22,17.507621,91.339418,52.66
TEST_042438,airtel,5G,Mumbai,85.54,25.22,-87.77,58.46,2026-05-25,32.980613,78.74526,72.59
TEST_042459,vi,5G,Mumbai,41.8,16.89,-78.61,39.4,2026-05-01,21.423475,83.510691,78.74
TEST_042480,vi,5G,Mumbai,82.54,17.65,-89.84,49.38,2026-03-09,25.52846,82.328808,74.54
TEST_042482,jio,5G,Mumbai,105.74,18.76,-83.03,40.99,2026-03-29,35.49912,68.594251,90.32
TEST_042485,jio,5G,Mumbai,95.85,35.59,-82.54,88.77,2026-04-20,30.029674,90.364746,69.03
TEST_042488,airtel,4G,Mumbai,19.18,6.76,-94.4,42.18,2026-04-18,14.595229,72.384249,61.58
TEST_042491,vi,4G,Mumbai,22.72,6.95,-97.91,45.0,2026-04-12,16.920452,81.900353,58.42
TEST_042506,jio,4G,Mumbai,21.22,9.89,-83.22,65.35,2026-03-24,14.934095,78.347054,50.72
TEST_042516,vi,5G,Mumbai,70.13,16.64,-67.17,40.47,2026-05-30,17.137739,92.91123,87.5
TEST_042522,airtel,4G,Mumbai,18.18,9.04,-87.1,82.73,2026-04-12,29.458555,95.928733,42.18
TEST_042538,airtel,5G,Mumbai,62.36,35.12,-90.07,46.08,2026-05-07,10.628452,72.976968,79.09
TEST_042540,jio,4G,Mumbai,13.46,9.73,-69.5,43.34,2026-04-25,20.708993,69.472756,68.47
TEST_042548,vi,5G,Mumbai,39.55,28.6,-85.01,42.91,2026-05-25,34.59783,83.78419,76.4
TEST_042598,jio,4G,Mumbai,22.62,8.61,-100.5,63.98,2026-04-16,17.979988,95.513736,45.44
TEST_042606,jio,5G,Mumbai,72.16,23.28,-90.58,40.93,2026-05-30,19.36509,69.511396,82.03
TEST_042610,vi,4G,Mumbai,12.97,4.32,-83.74,50.99,2026-05-04,13.655325,69.424626,55.01
TEST_042615,airtel,5G,Mumbai,88.41,23.92,-87.56,46.7,2026-03-08,21.840721,75.091281,81.12
TEST_042616,jio,5G,Mumbai,78.72,13.61,-87.71,60.72,2026-05-07,11.480867,71.542548,65.64
TEST_042629,jio,5G,Mumbai,85.7,31.13,-79.56,36.63,2026-04-30,20.158757,72.658604,97.02
TEST_042635,vi,4G,Mumbai,13.9,3.83,-74.58,45.24,2026-03-13,31.002152,77.969975,62.88
TEST_042645,vi,4G,Mumbai,22.34,7.29,-94.29,38.37,2026-04-29,28.455389,93.243478,66.99
TEST_042646,vi,4G,Mumbai,13.67,7.59,-104.75,60.34,2026-05-04,13.99167,74.418992,43.49
TEST_042658,jio,4G,Mumbai,24.19,7.04,-84.97,91.6,2026-05-29,18.502647,87.259171,41.22
TEST_042669,airtel,5G,Mumbai,67.43,16.3,-101.8,38.43,2026-05-30,15.122232,73.162265,77.73
TEST_042672,airtel,4G,Mumbai,22.06,6.83,-90.42,50.08,2026-04-11,34.251581,88.181617,56.41
TEST_042694,airtel,5G,Mumbai,72.6,30.37,-75.22,53.14,2026-05-13,23.095337,75.159788,79.06
TEST_042697,vi,4G,Mumbai,17.76,6.08,-89.18,61.28,2026-05-09,11.788464,87.303537,48.55
TEST_042700,airtel,5G,Mumbai,46.08,20.27,-94.32,56.01,2026-03-02,19.084917,68.240341,61.26
TEST_042715,jio,4G,Mumbai,16.1,9.77,-104.1,38.68,2026-03-09,33.543551,70.584818,62.83
TEST_042752,airtel,5G,Mumbai,53.09,23.78,-120.0,95.05,2026-04-20,11.92976,84.103265,41.28
TEST_042757,vi,5G,Mumbai,60.82,22.78,-109.04,61.4,2026-04-19,34.433751,80.491241,57.52
TEST_042758,airtel,5G,Mumbai,59.76,27.54,-71.14,45.47,2026-03-04,24.236932,90.0519,82.63
TEST_042761,airtel,5G,Mumbai,67.11,7.67,-85.96,47.27,2026-03-25,35.053453,70.913068,70.51
TEST_042770,jio,4G,Mumbai,29.14,9.03,-84.2,35.97,2026-05-02,23.198445,73.494803,75.8
TEST_042780,airtel,4G,Mumbai,11.52,8.94,-77.88,48.11,2026-03-14,13.372193,94.332852,60.58
TEST_042792,jio,5G,Mumbai,108.07,27.0,-80.49,35.03,2026-03-03,19.22396,80.776818,102.55
TEST_042800,airtel,4G,Mumbai,29.32,7.14,-107.63,52.98,2026-05-15,18.88389,80.368604,50.3
TEST_042801,jio,5G,Mumbai,84.71,25.12,-87.47,42.22,2026-05-24,34.520975,81.88683,85.1
TEST_042812,vi,5G,Mumbai,48.09,18.56,-95.52,41.49,2026-03-30,22.905989,89.027515,72.68
TEST_042818,jio,5G,Mumbai,101.66,22.31,-60.91,46.6,2026-05-06,20.669844,91.718834,92.46
TEST_042819,jio,5G,Mumbai,74.6,37.6,-65.0,46.55,2026-03-28,35.168282,89.459483,90.66
TEST_042836,vi,4G,Mumbai,23.72,6.56,-90.54,36.62,2026-05-28,12.908448,75.241137,70.65
TEST_042848,jio,5G,Mumbai,71.99,39.73,-73.93,45.89,2026-05-01,28.915717,87.025182,88.46
TEST_042850,airtel,5G,Mumbai,77.66,25.62,-60.0,63.01,2026-03-01,27.448408,93.378064,77.84
TEST_042869,vi,5G,Mumbai,40.25,13.13,-82.43,45.46,2026-05-27,18.727282,76.277497,69.3
TEST_042899,vi,4G,Mumbai,17.37,3.71,-60.0,74.01,2026-03-22,29.047796,85.529562,51.88
TEST_042911,airtel,4G,Mumbai,14.95,5.57,-91.71,38.55,2026-03-16,28.94118,86.231488,65.35
TEST_042912,airtel,4G,Mumbai,27.67,4.16,-94.72,37.74,2026-03-06,18.58356,70.304112,67.73
TEST_042923,vi,5G,Mumbai,52.94,21.26,-95.01,37.77,2026-03-09,33.132522,82.658978,79.42
TEST_042924,jio,4G,Mumbai,11.38,13.58,-74.2,36.92,2026-05-03,15.360405,94.83571,75.47
TEST_042932,jio,5G,Mumbai,93.37,24.03,-98.26,40.76,2026-05-04,31.89218,93.554005,84.66
TEST_042937,vi,5G,Mumbai,65.48,25.2,-84.11,75.12,2026-04-27,33.494068,80.02724,61.97
TEST_042947,vi,4G,Mumbai,17.25,6.36,-70.44,46.29,2026-03-17,21.918738,73.978463,64.96
TEST_042948,jio,5G,Mumbai,110.46,27.36,-69.52,45.83,2026-03-16,27.918966,85.055227,94.07
TEST_042954,jio,5G,Mumbai,70.46,22.79,-97.12,38.43,2026-04-06,27.086614,72.305554,82.32
TEST_042964,jio,4G,Mumbai,39.24,11.39,-94.48,65.63,2026-05-09,32.102374,75.871707,51.4
TEST_042970,vi,4G,Mumbai,11.37,7.87,-82.38,56.26,2026-03-06,23.863245,69.011843,52.86
TEST_042971,airtel,4G,Mumbai,28.2,11.0,-83.03,37.84,2026-05-29,25.005955,82.206105,74.09
TEST_042981,vi,5G,Mumbai,46.85,28.24,-82.0,54.27,2026-04-29,31.766963,78.791908,69.54
TEST_042995,vi,5G,Mumbai,45.77,16.93,-75.78,50.62,2026-04-21,21.649755,70.721795,69.82
TEST_043011,airtel,4G,Mumbai,10.88,11.22,-100.49,46.71,2026-05-12,10.116826,90.81326,54.92
TEST_043012,jio,5G,Mumbai,120.28,19.2,-77.58,39.24,2026-05-15,19.340221,86.047679,97.6
TEST_043015,airtel,5G,Mumbai,65.21,19.98,-92.85,38.59,2026-03-23,32.024139,90.668018,81.34
TEST_043018,airtel,4G,Mumbai,32.27,6.58,-82.37,42.46,2026-04-22,30.737333,78.911322,68.14
TEST_043019,jio,5G,Mumbai,67.1,31.94,-88.45,50.43,2026-03-31,28.917447,72.915357,75.94
TEST_043023,vi,5G,Mumbai,61.72,13.13,-66.59,66.86,2026-04-24,26.09543,84.641214,65.79
TEST_043031,jio,5G,Mumbai,106.04,31.4,-84.98,70.29,2026-03-12,12.642573,78.981833,74.74
TEST_043042,vi,4G,Mumbai,13.81,6.53,-94.32,67.45,2026-03-03,16.051611,76.057211,43.22
TEST_043043,vi,5G,Mumbai,107.3,21.25,-103.73,40.67,2026-03-02,17.482629,88.326344,85.03
TEST_043050,airtel,5G,Mumbai,42.78,25.21,-108.17,50.05,2026-03-25,14.328239,71.685481,61.8
TEST_043054,vi,5G,Mumbai,59.97,19.7,-71.39,38.43,2026-03-21,19.518343,93.262415,87.43
TEST_043066,airtel,5G,Mumbai,63.12,31.61,-116.52,57.05,2026-04-07,32.62088,94.586515,61.14
TEST_043069,airtel,4G,Mumbai,20.63,9.96,-81.15,38.58,2026-05-04,30.500833,78.838819,71.69
TEST_043091,jio,4G,Mumbai,41.92,1.67,-76.1,60.93,2026-04-26,34.538356,73.957535,56.87
TEST_043094,jio,5G,Mumbai,65.68,31.41,-60.0,54.74,2026-03-16,28.51686,73.250102,81.91
TEST_043104,airtel,5G,Mumbai,69.81,12.39,-89.51,65.42,2026-04-21,22.068256,76.167747,60.32
TEST_043120,jio,5G,Mumbai,57.85,27.62,-82.59,55.18,2026-04-11,23.476028,91.940348,70.98
TEST_043134,jio,4G,Mumbai,22.24,7.66,-66.86,43.95,2026-05-19,18.724009,73.911899,69.94
TEST_043147,jio,5G,Mumbai,85.1,21.18,-79.22,47.77,2026-03-29,17.220188,77.983322,81.25
TEST_043151,airtel,4G,Mumbai,22.54,7.75,-88.3,35.75,2026-03-08,29.229752,76.834761,72.82
TEST_043153,airtel,5G,Mumbai,89.67,20.39,-99.82,63.63,2026-04-19,33.965913,79.037685,65.05
TEST_043158,jio,4G,Mumbai,41.85,11.59,-69.04,41.24,2026-04-14,10.619494,93.775295,77.86
TEST_043164,airtel,5G,Mumbai,35.3,26.51,-82.68,35.79,2026-03-24,14.230004,70.696665,84.29
TEST_043166,jio,5G,Mumbai,100.33,29.33,-96.69,36.16,2026-04-10,11.657314,80.81342,94.58
TEST_043177,jio,5G,Mumbai,63.61,26.74,-93.12,60.04,2026-05-23,10.412425,84.886991,65.6
TEST_043195,airtel,5G,Mumbai,30.91,15.61,-91.9,42.25,2026-03-03,21.402593,90.234326,68.16
TEST_043203,jio,4G,Mumbai,25.59,8.71,-80.38,48.07,2026-05-22,33.08756,92.285092,62.83
TEST_043218,jio,4G,Mumbai,22.29,7.06,-82.23,50.28,2026-03-01,17.552509,93.161841,59.12
TEST_043227,jio,4G,Mumbai,13.26,7.65,-89.41,56.23,2026-04-14,23.25395,89.577764,50.87
TEST_043228,jio,5G,Mumbai,52.83,15.77,-74.95,45.88,2026-05-01,16.17115,86.454908,75.17
TEST_043230,jio,5G,Mumbai,81.1,24.17,-89.24,46.86,2026-04-02,34.1202,87.61094,78.88
TEST_043238,vi,5G,Mumbai,20.43,20.33,-88.62,38.67,2026-04-29,33.629043,78.085816,72.8
TEST_043248,jio,5G,Mumbai,145.0,22.86,-86.18,57.73,2026-04-27,17.716237,87.625589,85.93
TEST_043259,vi,4G,Mumbai,21.91,9.17,-88.06,45.45,2026-04-09,26.850639,93.344117,61.91
TEST_043268,vi,4G,Mumbai,16.46,2.09,-94.9,41.99,2026-05-01,29.411708,77.722895,59.31
TEST_043270,vi,5G,Mumbai,70.54,9.16,-91.59,78.39,2026-03-28,13.420713,93.509505,53.7
TEST_043275,jio,4G,Mumbai,33.83,6.3,-106.37,46.04,2026-05-18,20.537624,82.816706,56.88
TEST_043292,jio,5G,Mumbai,105.7,32.98,-86.49,36.96,2026-04-23,9.369575,72.594813,99.37
TEST_043300,airtel,4G,Mumbai,32.96,9.13,-76.79,40.36,2026-03-07,24.459909,74.68394,73.41
TEST_043314,airtel,4G,Mumbai,2.52,6.6,-72.75,37.97,2026-04-03,29.59913,93.541745,70.03
TEST_043317,airtel,5G,Mumbai,100.7,9.73,-72.43,45.31,2026-03-25,26.096459,90.508605,85.01
TEST_043320,airtel,5G,Mumbai,76.37,18.03,-60.0,45.94,2026-05-09,13.838994,68.584057,86.16
TEST_043345,airtel,4G,Mumbai,30.39,4.78,-87.07,43.1,2026-05-27,31.970438,76.778221,64.83
TEST_043354,vi,4G,Mumbai,19.87,6.12,-87.51,39.33,2026-05-08,19.111961,91.878926,67.07
TEST_043363,jio,4G,Mumbai,21.57,11.18,-98.02,40.24,2026-05-16,14.397025,73.15108,64.69
TEST_043389,vi,5G,Mumbai,67.44,1.0,-89.71,46.87,2026-04-02,13.956166,78.574753,67.26
TEST_043399,jio,5G,Mumbai,111.36,20.41,-71.43,36.0,2026-03-21,26.074785,85.834351,102.46
TEST_043407,airtel,5G,Mumbai,47.08,19.41,-89.5,54.65,2026-03-24,20.969642,79.937117,63.64
TEST_043411,vi,5G,Mumbai,62.31,14.7,-83.24,70.8,2026-03-22,35.942268,74.103735,59.32
TEST_043413,airtel,4G,Mumbai,29.68,11.37,-60.22,40.74,2026-04-29,17.121509,92.549841,78.58
TEST_043429,vi,5G,Mumbai,97.01,12.09,-81.02,52.16,2026-05-19,8.408912,83.492667,76.61
TEST_043461,airtel,4G,Mumbai,24.23,9.15,-88.25,54.25,2026-04-19,32.564003,90.026488,55.5
TEST_043466,airtel,4G,Mumbai,27.52,3.77,-82.81,35.26,2026-03-27,10.287942,87.120309,75.05
TEST_043488,jio,4G,Mumbai,35.69,7.3,-112.24,65.32,2026-05-29,10.760337,78.40629,43.34
TEST_043515,jio,5G,Mumbai,95.43,21.66,-89.1,52.22,2026-05-07,11.032804,70.536037,77.0
TEST_043537,vi,4G,Mumbai,18.62,6.15,-82.54,53.24,2026-05-30,18.728503,94.600987,55.74
TEST_043546,airtel,5G,Mumbai,99.94,22.63,-89.97,37.8,2026-05-23,26.000124,81.699132,92.03
TEST_043550,jio,5G,Mumbai,92.49,26.88,-69.59,41.63,2026-05-01,9.881506,84.450036,94.08
TEST_043559,jio,4G,Mumbai,28.97,8.84,-97.04,43.94,2026-03-24,9.349917,94.431168,61.82
TEST_043595,jio,4G,Mumbai,31.84,10.49,-99.02,37.43,2026-05-03,29.400501,75.033163,69.94
TEST_043604,airtel,4G,Mumbai,24.65,3.12,-80.87,41.93,2026-05-30,18.317321,75.907642,66.25
TEST_043609,airtel,5G,Mumbai,85.81,17.72,-78.39,63.04,2026-03-10,31.185098,88.371575,70.65
TEST_043615,vi,4G,Mumbai,12.75,3.58,-90.54,45.4,2026-03-19,10.152866,92.74988,57.06
TEST_043620,jio,5G,Mumbai,60.94,16.93,-78.6,54.85,2026-04-29,13.817771,74.427205,69.33
TEST_043626,jio,5G,Mumbai,85.69,13.92,-78.97,37.42,2026-03-13,15.755134,92.841485,89.87
TEST_043640,jio,5G,Mumbai,94.11,17.36,-81.84,53.09,2026-03-31,19.853036,89.758029,76.96
TEST_043642,jio,4G,Mumbai,33.29,8.5,-60.0,48.25,2026-03-17,32.23315,89.863176,71.11
TEST_043648,airtel,5G,Mumbai,65.98,19.61,-64.21,51.16,2026-05-04,34.655155,80.782139,78.75
TEST_043662,vi,5G,Mumbai,58.4,19.9,-67.57,35.95,2026-03-14,13.308744,89.953824,91.83
TEST_043683,airtel,4G,Mumbai,14.77,5.54,-91.58,64.82,2026-04-12,10.068436,83.887369,45.16
TEST_043705,airtel,5G,Mumbai,76.19,19.53,-90.2,67.08,2026-05-23,18.273361,74.938342,63.37
TEST_043714,vi,5G,Mumbai,49.0,25.84,-101.53,54.86,2026-05-02,22.823295,87.048925,62.25
TEST_043733,airtel,5G,Mumbai,113.51,31.83,-93.6,74.3,2026-04-03,20.503664,69.484767,72.2
TEST_043739,airtel,5G,Mumbai,46.56,24.24,-112.65,57.51,2026-03-30,25.927518,71.087451,55.8
TEST_043746,jio,5G,Mumbai,94.07,22.58,-91.09,59.08,2026-05-15,29.15999,78.457761,72.08
TEST_043750,airtel,4G,Mumbai,19.84,6.53,-74.68,54.42,2026-04-03,22.127993,70.610315,57.98
TEST_043777,jio,4G,Mumbai,38.7,4.93,-84.96,36.56,2026-05-28,12.830748,79.484382,75.34
TEST_043817,jio,5G,Mumbai,49.63,21.16,-103.79,35.42,2026-03-13,12.129979,69.973085,79.05
TEST_043821,vi,5G,Mumbai,66.98,16.33,-88.89,71.61,2026-05-14,13.815724,84.150188,58.76
TEST_043829,vi,5G,Mumbai,59.86,14.79,-96.16,40.56,2026-03-16,9.290649,89.267667,74.77
TEST_043845,airtel,4G,Mumbai,21.71,7.37,-84.64,42.21,2026-03-12,18.147034,78.249791,65.58
TEST_043847,airtel,5G,Mumbai,86.89,23.9,-78.67,42.66,2026-05-06,10.931874,77.011213,87.61
TEST_043852,jio,4G,Mumbai,11.76,6.14,-84.89,40.28,2026-04-11,28.050643,68.000648,65.0
TEST_043857,airtel,5G,Mumbai,108.14,19.06,-84.46,48.55,2026-05-13,34.639244,90.91242,83.22
TEST_043866,airtel,5G,Mumbai,59.49,17.99,-97.28,45.91,2026-04-04,15.906027,88.032151,69.99
TEST_043871,jio,5G,Mumbai,101.36,32.77,-84.53,42.35,2026-04-24,16.536982,92.711564,92.43
TEST_043887,airtel,4G,Mumbai,26.75,9.4,-93.47,74.98,2026-03-09,11.751057,82.837834,44.54
TEST_043894,airtel,5G,Mumbai,88.1,22.98,-87.26,39.28,2026-05-24,26.757072,81.450827,88.53
TEST_043902,vi,4G,Mumbai,29.48,8.48,-79.82,44.16,2026-04-04,18.029113,93.79676,67.32
TEST_043907,vi,5G,Mumbai,67.46,24.18,-90.85,42.01,2026-03-13,25.526676,76.055695,80.02
TEST_043913,jio,4G,Mumbai,33.91,10.77,-76.37,41.85,2026-05-22,26.368235,85.24532,72.68
TEST_043953,jio,5G,Mumbai,69.29,17.59,-88.06,45.59,2026-05-10,9.392576,83.219884,75.39
TEST_043961,airtel,5G,Mumbai,36.84,28.65,-82.76,54.38,2026-05-08,18.524803,83.209813,67.13
TEST_043969,airtel,5G,Mumbai,90.69,23.9,-84.41,44.0,2026-04-09,17.392227,70.768707,85.18
TEST_043984,jio,5G,Mumbai,64.69,18.95,-92.5,73.24,2026-05-01,18.851774,71.382852,57.39
TEST_044023,jio,5G,Mumbai,57.23,30.03,-70.31,35.21,2026-05-07,11.073539,87.985564,95.44
TEST_044043,vi,4G,Mumbai,10.58,8.52,-90.48,56.82,2026-05-11,12.698299,73.637331,49.88
TEST_044065,airtel,4G,Mumbai,12.92,5.02,-82.18,55.7,2026-05-15,26.786697,89.32264,52.58
TEST_044068,vi,5G,Mumbai,54.0,34.3,-86.64,53.45,2026-05-28,31.794895,81.452691,72.33
TEST_044070,jio,4G,Mumbai,19.39,7.67,-93.58,35.16,2026-05-29,21.860794,84.74445,71.22
TEST_044073,vi,4G,Mumbai,23.76,9.45,-70.56,66.85,2026-05-06,16.310619,87.417594,54.68
TEST_044078,vi,4G,Mumbai,25.47,7.07,-92.56,35.26,2026-03-25,15.605947,71.806783,72.54
TEST_044090,jio,5G,Mumbai,127.14,23.01,-107.96,59.39,2026-03-13,25.129679,90.597847,73.8
TEST_044091,airtel,5G,Mumbai,100.6,14.34,-69.02,47.01,2026-03-17,32.424682,68.671438,86.27
TEST_044106,airtel,5G,Mumbai,98.89,27.47,-90.46,43.14,2026-03-15,29.948682,90.798336,87.16
TEST_044107,airtel,5G,Mumbai,85.51,17.97,-106.38,36.09,2026-03-06,20.185115,91.150745,84.03
TEST_044115,airtel,5G,Mumbai,52.39,18.1,-85.02,37.21,2026-04-24,11.726043,86.376763,82.24
TEST_044123,jio,5G,Mumbai,76.69,9.76,-71.22,37.61,2026-03-10,33.795428,89.439107,88.69
TEST_044124,jio,5G,Mumbai,66.34,19.68,-79.87,45.63,2026-03-30,15.210459,78.930983,78.19
TEST_044129,airtel,4G,Mumbai,34.11,9.42,-92.77,35.86,2026-05-17,30.286608,91.806821,74.35
TEST_044131,vi,5G,Mumbai,97.81,14.38,-77.32,45.55,2026-04-27,10.57777,93.574242,84.2
TEST_044146,vi,4G,Mumbai,23.85,8.54,-83.79,44.89,2026-04-30,24.116809,69.577791,64.06
TEST_044151,airtel,4G,Mumbai,28.5,10.16,-71.48,42.21,2026-03-06,33.995211,87.321928,72.49
TEST_044154,airtel,5G,Mumbai,80.08,15.69,-80.21,48.9,2026-05-18,13.702479,85.529678,76.88
TEST_044159,airtel,4G,Mumbai,17.04,3.27,-82.87,40.12,2026-03-03,34.775425,88.02447,66.0
TEST_044171,airtel,4G,Mumbai,16.78,7.63,-85.15,49.93,2026-03-30,26.089806,73.02167,57.39
TEST_044179,airtel,4G,Mumbai,23.85,3.92,-87.09,68.55,2026-03-13,22.348655,74.974372,46.46
TEST_044182,airtel,4G,Mumbai,23.72,5.41,-96.26,82.31,2026-03-17,15.571826,89.685438,39.17
TEST_044197,jio,5G,Mumbai,88.5,29.89,-86.97,43.49,2026-03-21,26.559219,91.011727,86.53
TEST_044207,jio,4G,Mumbai,22.96,8.75,-85.87,66.67,2026-03-30,19.758136,84.151249,49.22
TEST_044223,airtel,5G,Mumbai,77.89,20.9,-90.78,43.46,2026-05-13,10.111547,91.98925,79.66
TEST_044226,jio,4G,Mumbai,21.84,9.21,-83.83,42.86,2026-03-17,35.569752,82.246555,65.86
TEST_044228,jio,5G,Mumbai,64.51,25.27,-86.02,60.75,2026-05-18,18.48521,72.149631,67.26
TEST_044233,airtel,4G,Mumbai,25.27,8.75,-71.84,41.96,2026-04-08,9.469347,69.307247,71.41
TEST_044250,airtel,5G,Mumbai,98.58,14.46,-78.74,73.92,2026-04-14,28.036804,74.126377,67.66
TEST_044307,airtel,4G,Mumbai,20.2,6.9,-89.2,41.36,2026-04-16,8.370198,95.773617,64.48
TEST_044321,jio,4G,Mumbai,25.97,6.25,-84.36,49.25,2026-05-22,32.258985,85.031093,59.73
TEST_044325,jio,5G,Mumbai,73.6,36.71,-80.75,37.92,2026-03-01,13.227385,77.737278,94.19
TEST_044332,jio,5G,Mumbai,100.26,29.6,-93.94,59.37,2026-04-23,13.972155,77.105027,74.89
TEST_044334,airtel,4G,Mumbai,21.95,10.3,-66.25,46.8,2026-04-01,31.405311,91.953248,68.38
TEST_044346,airtel,5G,Mumbai,117.2,29.83,-88.39,57.2,2026-05-28,28.33131,84.968307,81.83
TEST_044359,vi,4G,Mumbai,24.17,5.0,-90.42,44.4,2026-04-26,33.252951,94.378471,61.11
TEST_044364,jio,5G,Mumbai,71.01,21.78,-98.85,53.03,2026-04-19,29.535604,70.43129,67.79
TEST_044378,jio,5G,Mumbai,71.63,18.61,-79.66,69.08,2026-04-30,17.41251,89.139792,64.7
TEST_044380,jio,5G,Mumbai,95.9,19.32,-60.0,58.88,2026-04-10,20.493979,87.043605,81.77
TEST_044387,jio,5G,Mumbai,56.53,20.72,-104.0,36.08,2026-03-25,32.52057,95.913816,79.38
TEST_044413,jio,5G,Mumbai,121.28,17.78,-106.26,43.2,2026-05-17,16.668751,90.815825,83.3
TEST_044418,airtel,5G,Mumbai,67.21,26.67,-91.39,105.35,2026-05-20,20.290196,94.622763,52.99
TEST_044422,airtel,4G,Mumbai,22.32,9.06,-88.02,40.87,2026-04-02,9.489453,92.925405,66.69
TEST_044423,airtel,5G,Mumbai,45.85,21.59,-86.27,44.39,2026-04-15,11.759683,79.460954,73.35
TEST_044424,jio,5G,Mumbai,77.43,11.75,-82.03,35.96,2026-04-09,23.038829,79.489907,88.28
TEST_044434,jio,5G,Mumbai,72.95,34.35,-66.85,37.83,2026-03-16,8.104763,82.048683,97.94
TEST_044437,jio,5G,Mumbai,137.74,18.07,-85.07,59.93,2026-04-18,34.112129,83.040387,81.71
TEST_044440,jio,4G,Mumbai,26.97,7.74,-84.78,57.42,2026-03-01,16.587623,90.271081,54.79
TEST_044441,airtel,5G,Mumbai,62.45,22.29,-84.65,69.01,2026-04-29,24.97494,79.073846,62.35
TEST_044447,jio,5G,Mumbai,84.88,16.49,-77.8,35.03,2026-03-07,8.007594,92.976046,94.47
TEST_044471,airtel,4G,Mumbai,14.12,9.08,-77.65,47.17,2026-03-22,11.056257,81.147603,62.08
TEST_044476,airtel,5G,Mumbai,124.99,22.42,-87.27,42.95,2026-04-11,16.566543,76.213452,92.4
TEST_044514,vi,5G,Mumbai,45.46,20.22,-95.62,41.67,2026-05-01,34.343409,71.936869,72.46
TEST_044517,vi,4G,Mumbai,14.78,5.48,-73.28,36.61,2026-03-19,10.336165,92.697052,74.03
TEST_044536,vi,4G,Mumbai,24.36,4.99,-71.38,53.02,2026-05-14,18.411477,89.956289,60.47
TEST_044573,vi,5G,Mumbai,63.34,11.32,-85.18,45.01,2026-04-03,24.514208,88.320476,73.29
TEST_044578,vi,5G,Mumbai,79.77,23.38,-64.7,53.16,2026-05-17,19.963064,93.083873,81.62
TEST_044588,airtel,4G,Mumbai,19.81,3.1,-95.11,61.32,2026-04-14,30.092914,93.220863,45.93
TEST_044596,airtel,5G,Mumbai,78.36,28.72,-60.25,35.03,2026-05-04,23.489864,76.554066,103.3
TEST_044610,airtel,5G,Mumbai,62.7,18.44,-83.01,44.74,2026-03-13,33.178164,79.55975,76.71
TEST_044616,airtel,4G,Mumbai,30.77,1.0,-103.43,35.5,2026-04-26,14.420123,68.789649,67.54
TEST_044631,airtel,5G,Mumbai,85.59,30.09,-91.64,41.27,2026-03-07,32.390716,83.960166,86.75
TEST_044636,airtel,5G,Mumbai,101.92,32.75,-93.33,38.4,2026-04-01,21.913005,77.397678,94.24
TEST_044638,jio,5G,Mumbai,75.23,22.75,-77.13,52.4,2026-03-08,14.374178,94.066148,76.76
TEST_044640,airtel,4G,Mumbai,19.73,12.31,-86.29,40.53,2026-05-02,17.912388,77.178198,68.26
TEST_044645,jio,4G,Mumbai,23.58,5.23,-86.1,40.9,2026-05-03,20.995286,75.544359,66.18
TEST_044648,vi,4G,Mumbai,14.99,4.43,-98.35,67.87,2026-05-09,29.380467,84.222661,41.2
TEST_044655,airtel,4G,Mumbai,25.76,6.34,-79.23,57.58,2026-05-12,28.706657,88.892237,55.77
TEST_044661,vi,4G,Mumbai,19.4,5.43,-82.96,58.05,2026-05-26,22.376779,89.879727,52.51
TEST_044676,jio,5G,Mumbai,77.25,15.81,-93.64,38.83,2026-03-28,21.847467,93.26411,81.95
TEST_044699,jio,5G,Mumbai,72.37,36.24,-83.79,42.69,2026-05-22,28.177192,72.313127,87.12
TEST_044711,jio,4G,Mumbai,28.37,5.68,-79.56,35.84,2026-03-25,32.730736,77.458715,76.15
TEST_044727,jio,4G,Mumbai,27.89,12.09,-85.49,37.1,2026-04-05,16.627453,93.34236,74.6
TEST_044758,vi,5G,Mumbai,64.84,28.35,-91.7,35.28,2026-05-24,15.504638,95.89018,89.29
TEST_044762,airtel,4G,Mumbai,25.85,6.81,-84.09,37.0,2026-04-07,24.829448,70.226769,72.83
TEST_044772,airtel,5G,Mumbai,109.2,17.19,-79.89,49.46,2026-04-03,18.259894,83.41602,83.57
TEST_044782,jio,4G,Mumbai,18.03,4.56,-76.29,79.31,2026-05-11,23.996109,83.349324,45.14
TEST_044808,vi,5G,Mumbai,48.58,9.19,-76.41,72.08,2026-03-29,27.353785,76.441547,56.05
TEST_044825,vi,5G,Mumbai,74.33,24.0,-79.38,47.37,2026-05-12,16.5349,79.434858,80.16
TEST_044830,jio,5G,Mumbai,92.45,12.2,-92.56,52.27,2026-05-12,21.65653,69.960246,71.71
TEST_044831,jio,4G,Mumbai,22.72,9.39,-70.01,57.38,2026-04-07,27.205591,91.412183,59.39
TEST_044870,vi,5G,Mumbai,70.73,7.16,-85.32,45.73,2026-03-12,34.829312,86.537685,72.71
TEST_044886,airtel,4G,Mumbai,28.17,10.98,-83.49,47.92,2026-05-18,25.446029,89.908984,63.31
TEST_044890,vi,4G,Mumbai,15.71,1.58,-79.16,60.74,2026-04-15,33.692228,69.857183,50.08
TEST_044894,jio,5G,Mumbai,67.2,13.76,-66.51,50.18,2026-04-08,18.969638,68.01729,76.87
TEST_044905,vi,5G,Mumbai,54.63,17.25,-80.83,47.23,2026-04-04,29.413886,73.234457,72.95
TEST_044906,vi,4G,Mumbai,15.39,2.45,-95.86,39.25,2026-04-06,27.019405,95.721624,62.05
TEST_044912,jio,5G,Mumbai,104.47,41.04,-77.77,44.79,2026-04-29,24.078314,76.447483,95.92
TEST_044916,airtel,5G,Mumbai,18.98,6.87,-74.95,94.96,2026-04-20,18.10902,90.96648,42.58
TEST_044919,jio,4G,Mumbai,11.97,8.12,-91.7,54.99,2026-04-26,30.067578,82.670224,50.77
TEST_044920,jio,5G,Mumbai,83.55,20.24,-101.57,36.57,2026-04-16,33.266677,93.989524,85.33
TEST_044921,jio,4G,Mumbai,25.45,7.48,-94.56,46.62,2026-03-29,15.243754,69.365498,58.86
TEST_044923,vi,4G,Mumbai,19.95,3.4,-75.37,44.27,2026-03-19,15.776643,77.354772,64.73
TEST_044924,airtel,4G,Mumbai,20.94,8.58,-92.57,50.91,2026-03-25,21.646775,77.752902,55.45
TEST_044935,airtel,5G,Mumbai,74.15,16.14,-72.01,35.8,2026-03-26,31.760319,72.247344,92.72
TEST_044939,airtel,5G,Mumbai,53.23,19.77,-77.3,63.94,2026-03-11,20.794412,90.961521,64.06
TEST_044948,vi,4G,Mumbai,22.67,8.99,-98.74,44.4,2026-04-26,23.17422,91.965797,59.45
TEST_044956,vi,4G,Mumbai,15.05,12.29,-76.65,40.73,2026-05-18,33.734867,83.868452,70.19
TEST_044958,airtel,4G,Mumbai,20.91,7.45,-76.8,35.66,2026-05-13,29.884858,86.971464,76.32
TEST_044961,airtel,4G,Mumbai,16.7,7.95,-93.13,65.21,2026-03-16,26.941692,79.009431,45.77
TEST_044963,airtel,5G,Mumbai,73.63,25.52,-65.01,37.02,2026-03-22,32.570705,78.155477,96.6
TEST_044978,airtel,4G,Mumbai,28.08,6.88,-90.11,68.95,2026-04-27,17.985501,69.828516,47.31
TEST_044989,vi,4G,Mumbai,13.79,3.94,-83.01,39.69,2026-04-08,15.992423,88.854118,65.98
TEST_045001,jio,5G,Mumbai,121.42,40.29,-81.8,46.0,2026-04-30,8.50989,81.289139,96.96
TEST_045008,airtel,5G,Mumbai,97.97,14.98,-80.47,36.3,2026-05-02,34.524381,85.010045,94.06
TEST_045028,jio,5G,Mumbai,135.16,25.38,-93.63,38.56,2026-04-10,32.268732,80.067375,98.67
TEST_045030,jio,5G,Mumbai,105.52,18.17,-82.78,67.95,2026-05-01,24.931444,76.020214,71.51
TEST_045033,jio,4G,Mumbai,37.3,9.01,-93.25,45.86,2026-05-08,30.467432,89.00451,63.18
TEST_045034,airtel,4G,Mumbai,13.09,9.29,-88.59,96.21,2026-04-28,24.748491,91.704037,37.33
TEST_045072,vi,4G,Mumbai,18.31,3.48,-78.92,39.89,2026-04-06,14.837757,92.432098,67.95
TEST_045073,vi,5G,Mumbai,38.64,22.2,-74.17,48.57,2026-03-28,18.281033,89.057532,72.29
TEST_045094,jio,5G,Mumbai,103.88,34.74,-67.43,43.69,2026-04-03,10.843178,95.547395,98.02
TEST_045104,jio,4G,Mumbai,23.6,7.43,-83.32,36.83,2026-03-02,14.301771,85.842696,73.05
TEST_045136,jio,4G,Mumbai,22.02,9.74,-94.81,37.32,2026-04-01,10.832078,72.369234,69.03
TEST_045169,jio,4G,Mumbai,32.97,7.92,-87.16,35.01,2026-04-05,24.056663,79.200527,76.71
TEST_045173,vi,5G,Mumbai,75.6,19.51,-111.06,43.77,2026-03-11,34.090954,79.743145,71.57
TEST_045195,airtel,4G,Mumbai,23.63,7.55,-91.41,37.36,2026-03-08,18.960241,76.473426,69.67
TEST_045213,vi,4G,Mumbai,21.08,9.54,-70.76,36.43,2026-03-11,27.476255,93.722805,78.0
TEST_045224,vi,5G,Mumbai,38.63,8.14,-75.15,44.63,2026-05-12,24.032825,88.362425,70.34
TEST_045229,vi,4G,Mumbai,15.89,5.6,-66.76,35.99,2026-05-07,35.206142,68.41919,77.39
TEST_045230,airtel,4G,Mumbai,10.18,6.71,-72.96,43.46,2026-03-26,29.991602,90.894386,65.37
TEST_045231,airtel,5G,Mumbai,75.6,27.08,-102.59,35.08,2026-05-17,27.523344,73.193932,87.9
TEST_045260,airtel,5G,Mumbai,74.03,14.95,-81.95,52.09,2026-04-06,34.988323,86.38589,72.27
TEST_045261,vi,4G,Mumbai,15.15,4.85,-63.94,54.82,2026-04-13,33.491106,82.216283,59.65
TEST_045275,airtel,4G,Mumbai,28.26,5.05,-96.87,75.11,2026-04-13,11.198271,92.580578,42.12
TEST_045281,jio,4G,Mumbai,24.29,10.7,-89.27,36.62,2026-03-10,21.702188,81.108845,72.7
TEST_045283,airtel,5G,Mumbai,26.51,16.9,-83.2,36.37,2026-03-04,27.689277,71.281118,77.82
TEST_045286,vi,4G,Mumbai,23.65,6.52,-81.69,69.13,2026-03-16,14.616635,93.199096,48.92
TEST_045297,airtel,5G,Mumbai,94.0,24.07,-87.64,42.58,2026-03-28,22.582052,81.416493,86.35
TEST_045299,jio,5G,Mumbai,109.67,29.3,-104.48,37.22,2026-05-09,8.952331,75.375039,92.57
TEST_045303,vi,4G,Mumbai,18.2,3.12,-77.9,54.19,2026-04-05,33.944185,84.517165,55.46
TEST_045322,airtel,4G,Mumbai,17.85,6.77,-60.0,35.82,2026-04-30,27.723072,80.983612,80.75
TEST_045324,vi,4G,Mumbai,9.84,4.91,-86.49,36.67,2026-05-01,34.44575,84.311747,68.24
TEST_045325,jio,4G,Mumbai,24.66,7.36,-91.96,52.07,2026-03-20,18.909693,87.504264,55.2
TEST_045335,airtel,5G,Mumbai,102.64,22.18,-77.55,37.91,2026-05-29,8.857802,92.153038,96.46
TEST_045354,vi,5G,Mumbai,50.72,15.55,-100.49,53.81,2026-05-05,22.655721,93.918152,59.93
TEST_045356,jio,4G,Mumbai,19.78,6.54,-68.2,49.29,2026-04-09,25.45594,83.612343,63.82
TEST_045361,airtel,5G,Mumbai,72.0,14.25,-90.59,51.93,2026-05-11,10.366657,81.386435,68.8
TEST_045363,vi,5G,Mumbai,112.04,20.52,-83.27,42.33,2026-03-31,19.497919,74.223185,90.81
TEST_045397,jio,5G,Mumbai,108.44,39.62,-79.48,73.02,2026-04-25,26.089831,88.694553,79.06
TEST_045402,vi,5G,Mumbai,60.05,14.06,-74.41,38.44,2026-05-13,20.847886,76.58232,84.39
TEST_045415,vi,5G,Mumbai,45.68,18.16,-85.94,54.53,2026-05-18,23.978455,90.640128,64.14
TEST_045443,airtel,4G,Mumbai,19.35,2.81,-68.29,45.26,2026-03-14,19.003731,69.600697,65.8
TEST_045450,jio,5G,Mumbai,92.4,33.15,-60.0,57.78,2026-03-12,26.275211,78.613616,86.64
TEST_045462,jio,5G,Mumbai,52.92,21.11,-94.9,36.88,2026-04-13,20.543355,72.806211,80.61
TEST_045482,airtel,4G,Mumbai,12.0,8.83,-72.61,39.12,2026-05-07,32.476585,90.897912,71.52
TEST_045488,jio,5G,Mumbai,101.61,18.38,-65.2,39.33,2026-04-29,18.280043,82.707683,97.16
TEST_045490,jio,5G,Mumbai,103.13,24.18,-78.83,46.45,2026-05-22,21.978939,76.834427,87.62
TEST_045505,vi,5G,Mumbai,31.82,19.11,-96.5,51.01,2026-05-19,34.719592,92.87652,60.31
TEST_045513,jio,5G,Mumbai,154.9,21.89,-80.37,39.98,2026-05-26,20.554852,87.053655,104.47
TEST_045523,airtel,4G,Mumbai,29.38,4.31,-86.98,41.58,2026-04-09,19.202542,94.121077,66.09
TEST_045531,vi,4G,Mumbai,9.95,5.54,-106.17,38.12,2026-05-25,8.213985,73.499973,59.96
TEST_045556,airtel,4G,Mumbai,16.72,10.24,-112.29,50.26,2026-03-25,18.37271,82.267788,49.03
TEST_045558,airtel,5G,Mumbai,81.48,26.22,-81.72,42.68,2026-04-15,28.924609,83.618296,86.21
TEST_045567,vi,5G,Mumbai,37.22,13.75,-70.81,36.83,2026-04-12,8.944668,73.747993,82.55
TEST_045581,vi,4G,Mumbai,25.7,6.12,-79.57,53.04,2026-04-11,33.327736,83.686997,58.43
TEST_045592,airtel,4G,Mumbai,16.52,7.41,-98.81,59.85,2026-05-25,30.143135,80.317597,46.3
TEST_045601,airtel,4G,Mumbai,15.45,8.6,-69.2,53.91,2026-03-14,23.477371,77.736748,59.92
TEST_045608,airtel,5G,Mumbai,67.87,17.41,-75.31,35.4,2026-05-26,28.864108,83.701057,91.28
TEST_045620,airtel,4G,Mumbai,20.43,8.52,-88.9,44.19,2026-04-25,25.603011,74.950688,62.27
TEST_045644,jio,5G,Mumbai,91.94,19.26,-60.17,46.65,2026-04-28,16.958205,93.435705,89.39
TEST_045652,vi,4G,Mumbai,24.36,5.36,-100.96,60.49,2026-05-25,26.419021,74.81094,46.24
TEST_045658,vi,4G,Mumbai,12.3,4.96,-72.13,48.15,2026-03-09,11.113219,77.108007,61.19
TEST_045684,jio,5G,Mumbai,62.15,23.75,-90.31,39.11,2026-05-02,24.32904,86.188667,82.22
TEST_045685,vi,5G,Mumbai,50.97,14.91,-68.56,37.27,2026-03-16,35.662066,89.436769,86.17
TEST_045732,vi,5G,Mumbai,52.85,14.65,-86.37,67.38,2026-03-19,12.320839,83.689183,57.55
TEST_045735,vi,4G,Mumbai,26.85,7.56,-62.95,45.86,2026-05-17,24.09274,71.372018,70.42
TEST_045750,jio,4G,Mumbai,20.9,8.51,-72.93,84.81,2026-04-22,9.45356,84.765919,46.74
TEST_045761,vi,4G,Mumbai,16.29,5.66,-84.48,41.71,2026-03-23,18.728161,83.561372,64.35
TEST_045769,vi,4G,Mumbai,20.58,2.03,-75.37,41.47,2026-05-07,30.515557,71.334254,67.29
TEST_045771,vi,5G,Mumbai,67.11,16.38,-94.68,43.45,2026-05-10,24.084936,71.340066,74.33
TEST_045774,vi,4G,Mumbai,19.32,8.74,-86.81,44.53,2026-04-11,24.143574,87.906349,62.47
TEST_045798,jio,4G,Mumbai,18.44,3.74,-89.88,42.16,2026-03-29,33.375089,71.683418,61.84
TEST_045803,jio,4G,Mumbai,33.6,7.91,-83.66,39.0,2026-05-23,10.340626,89.265665,72.47
TEST_045812,vi,4G,Mumbai,18.71,5.39,-60.0,40.29,2026-04-26,32.117699,88.889207,74.56
TEST_045814,vi,4G,Mumbai,18.74,6.12,-85.95,79.39,2026-05-15,14.972266,77.399039,42.62
TEST_045817,vi,4G,Mumbai,15.96,9.64,-84.01,44.22,2026-05-24,31.16871,84.297061,63.28
TEST_045818,vi,4G,Mumbai,11.56,3.84,-62.84,46.43,2026-04-08,24.822687,78.077756,65.19
TEST_045823,airtel,4G,Mumbai,23.27,5.4,-71.18,50.87,2026-05-04,27.562907,86.170409,61.97
TEST_045841,airtel,5G,Mumbai,85.9,23.17,-89.44,44.91,2026-05-10,16.645534,93.603282,81.29
TEST_045846,jio,4G,Mumbai,17.09,8.76,-85.76,70.73,2026-03-03,19.309079,68.227563,46.28
TEST_045874,airtel,5G,Mumbai,75.16,20.12,-71.52,43.09,2026-05-04,9.833793,82.803002,85.57
TEST_045880,airtel,4G,Mumbai,14.27,4.81,-99.5,44.81,2026-04-04,24.689512,90.478865,55.42
TEST_045905,vi,4G,Mumbai,17.1,5.95,-96.55,40.71,2026-05-16,19.941152,95.600638,61.74
TEST_045907,jio,5G,Mumbai,54.95,33.32,-65.51,77.91,2026-03-02,22.528543,85.706994,67.84
TEST_045908,jio,5G,Mumbai,57.37,25.12,-90.07,72.38,2026-05-29,27.277577,94.914915,59.13
TEST_045909,airtel,4G,Mumbai,22.8,9.19,-91.31,53.44,2026-04-20,18.535572,95.371108,54.71
TEST_045911,airtel,5G,Mumbai,88.19,20.91,-82.69,47.48,2026-04-06,10.272576,74.913085,80.92
TEST_045928,vi,5G,Mumbai,77.43,13.24,-71.63,49.77,2026-03-23,34.327347,82.719611,77.57
TEST_045934,vi,5G,Mumbai,53.41,13.81,-92.36,39.92,2026-05-28,27.77831,86.608693,75.0
TEST_045936,airtel,4G,Mumbai,18.27,8.36,-78.6,41.8,2026-03-25,32.732967,81.091649,67.63
TEST_045962,vi,4G,Mumbai,5.61,6.72,-98.54,37.07,2026-04-06,21.555937,87.65536,63.38
TEST_045963,airtel,5G,Mumbai,111.46,13.42,-70.76,47.12,2026-03-04,16.372583,80.627558,87.68
TEST_045972,vi,4G,Mumbai,26.19,4.99,-99.65,100.84,2026-03-19,22.1251,71.960209,34.07
TEST_045987,jio,4G,Mumbai,33.27,7.58,-90.67,94.12,2026-03-17,17.392463,83.416947,40.96
TEST_045988,vi,4G,Mumbai,17.74,6.92,-79.75,43.94,2026-05-28,19.768506,72.506719,64.38
TEST_045990,airtel,5G,Mumbai,81.64,21.72,-77.93,70.48,2026-03-26,30.029107,92.116072,68.07
TEST_046013,vi,5G,Mumbai,60.19,23.69,-88.09,46.27,2026-05-17,12.37256,81.796399,74.95
TEST_046035,vi,4G,Mumbai,13.81,4.19,-85.71,43.43,2026-03-24,22.274959,70.230487,61.04
TEST_046052,vi,4G,Mumbai,6.51,8.48,-98.47,35.47,2026-04-18,13.283871,85.406295,66.54
TEST_046055,vi,4G,Mumbai,18.42,5.7,-85.7,63.16,2026-04-19,19.439096,95.866175,48.78
TEST_046057,jio,4G,Mumbai,28.28,9.87,-65.66,40.43,2026-03-09,26.506236,78.522039,76.27
TEST_046066,jio,4G,Mumbai,31.15,11.66,-100.47,37.35,2026-05-29,35.43147,94.067726,69.83
TEST_046067,vi,4G,Mumbai,14.24,6.3,-84.22,46.76,2026-04-05,23.229104,88.554531,59.26
TEST_046068,jio,5G,Mumbai,99.2,24.27,-96.6,54.98,2026-03-03,12.137144,77.626547,74.43
TEST_046082,vi,4G,Mumbai,20.54,5.66,-90.3,47.71,2026-05-27,28.330116,68.992115,57.59
TEST_046090,vi,5G,Mumbai,78.5,25.24,-71.76,57.72,2026-03-24,33.778896,77.173831,76.79
TEST_046091,airtel,4G,Mumbai,21.0,5.89,-92.85,39.44,2026-05-15,33.63117,81.739976,65.32
TEST_046099,jio,5G,Mumbai,98.79,23.4,-75.17,47.95,2026-03-16,33.995028,84.639771,86.3
TEST_046105,airtel,5G,Mumbai,43.85,20.41,-66.01,53.2,2026-04-12,16.25815,73.456988,72.07
TEST_046135,airtel,4G,Mumbai,21.73,9.06,-71.36,50.46,2026-05-02,16.494281,88.69171,63.21
TEST_046136,airtel,4G,Mumbai,18.11,7.99,-79.18,85.1,2026-03-18,34.205869,82.191557,43.77
TEST_046139,airtel,5G,Mumbai,89.55,12.57,-86.76,66.13,2026-03-14,19.794831,87.228056,65.38
TEST_046141,jio,5G,Mumbai,48.58,30.81,-70.63,53.5,2026-04-10,22.370027,89.590879,75.16
TEST_046154,vi,5G,Mumbai,65.35,11.27,-86.05,38.61,2026-05-21,13.317889,83.11201,80.46
TEST_046170,jio,4G,Mumbai,21.64,8.93,-79.3,54.67,2026-03-12,32.730554,87.835295,57.55
TEST_046193,airtel,4G,Mumbai,20.43,6.47,-105.56,61.82,2026-04-05,9.584321,81.355908,43.55
TEST_046195,airtel,5G,Mumbai,91.39,13.51,-60.0,56.78,2026-05-29,31.017742,93.087447,79.88
TEST_046199,jio,5G,Mumbai,72.32,28.72,-91.87,36.25,2026-04-09,9.030922,78.242702,89.6
TEST_046220,jio,5G,Mumbai,119.96,19.99,-80.31,42.05,2026-04-17,17.788038,74.795353,93.67
TEST_046237,jio,4G,Mumbai,29.53,9.77,-60.0,37.84,2026-04-29,29.881574,91.478268,81.62
TEST_046240,vi,4G,Mumbai,27.36,5.07,-85.36,35.87,2026-05-20,32.704017,93.582988,73.73
TEST_046268,jio,5G,Mumbai,78.57,24.21,-90.36,35.83,2026-05-19,8.089147,80.660325,90.47
TEST_046275,vi,5G,Mumbai,87.14,10.03,-79.51,49.5,2026-04-15,15.436636,85.10856,76.15
TEST_046277,vi,4G,Mumbai,10.99,4.1,-96.35,40.82,2026-03-11,13.499648,70.843181,59.64
TEST_046286,airtel,4G,Mumbai,28.99,8.61,-103.15,37.44,2026-03-18,28.251511,85.163531,67.23
TEST_046290,vi,4G,Mumbai,17.02,7.37,-73.24,100.52,2026-05-29,20.648055,93.299779,41.75
TEST_046312,airtel,5G,Mumbai,74.26,8.9,-110.25,40.57,2026-04-04,33.762171,89.542942,71.13
TEST_046324,airtel,4G,Mumbai,14.95,9.36,-72.52,40.47,2026-05-23,20.375966,80.543653,70.78
TEST_046325,vi,4G,Mumbai,17.63,4.52,-88.84,43.88,2026-05-19,35.654957,77.625995,60.52
TEST_046330,vi,5G,Mumbai,46.79,12.29,-87.72,35.69,2026-04-30,35.59259,82.506125,80.15
TEST_046333,vi,4G,Mumbai,8.72,6.75,-73.86,36.48,2026-05-03,13.554653,74.182466,73.13
TEST_046343,airtel,5G,Mumbai,62.0,15.87,-84.35,50.73,2026-05-06,24.012676,76.946501,70.12
TEST_046345,vi,4G,Mumbai,16.12,3.91,-71.79,35.12,2026-04-04,27.503043,78.06094,76.45
TEST_046364,vi,5G,Mumbai,44.43,25.44,-80.4,55.02,2026-03-10,15.34703,78.336668,68.03
TEST_046369,airtel,5G,Mumbai,117.2,29.64,-66.27,39.82,2026-03-17,27.849251,73.164395,103.77
TEST_046389,vi,4G,Mumbai,21.88,2.83,-67.2,86.17,2026-03-09,23.700568,80.153484,46.44
TEST_046399,vi,4G,Mumbai,26.2,9.05,-88.07,35.54,2026-04-03,21.278289,90.745447,74.5
TEST_046417,jio,5G,Mumbai,56.08,20.68,-92.19,45.36,2026-04-21,35.596435,76.749912,72.41
TEST_046429,jio,4G,Mumbai,27.5,9.51,-86.65,41.9,2026-04-18,17.331867,85.181594,67.31
TEST_046433,airtel,4G,Mumbai,26.91,7.29,-72.09,57.0,2026-04-11,22.47057,95.869973,59.09
TEST_046441,jio,4G,Mumbai,24.86,5.32,-94.59,38.63,2026-04-30,13.893818,79.621556,66.41
TEST_046447,jio,4G,Mumbai,20.9,10.3,-96.4,55.94,2026-04-01,30.289496,75.2247,51.38
TEST_046453,vi,4G,Mumbai,11.6,4.1,-105.37,74.48,2026-04-28,23.880964,71.621647,35.45
TEST_046461,vi,5G,Mumbai,56.96,10.89,-100.69,58.98,2026-04-12,9.9507,68.958218,56.42
TEST_046468,airtel,4G,Mumbai,26.66,4.56,-86.68,40.05,2026-03-12,35.11197,70.482574,67.42
TEST_046471,vi,4G,Mumbai,26.5,7.91,-92.08,52.67,2026-03-08,24.938962,74.968776,55.35
TEST_046472,airtel,4G,Mumbai,14.95,5.72,-84.98,39.82,2026-03-26,28.949043,95.18264,66.07
TEST_046477,jio,4G,Mumbai,36.78,12.63,-94.43,39.25,2026-03-08,17.34791,76.788887,70.99
TEST_046478,airtel,5G,Mumbai,57.97,23.79,-85.49,44.04,2026-05-18,12.274859,78.392141,77.45
TEST_046496,jio,5G,Mumbai,90.32,18.5,-112.15,40.03,2026-03-25,33.165155,71.380699,78.2
TEST_046513,airtel,5G,Mumbai,79.08,21.81,-89.17,37.61,2026-05-25,26.694786,93.102642,87.61
TEST_046518,vi,5G,Mumbai,87.41,19.92,-90.41,40.09,2026-05-14,35.476364,70.904708,85.24
TEST_046525,vi,5G,Mumbai,87.02,15.39,-79.45,59.1,2026-04-12,31.495435,82.874019,71.76
TEST_046542,jio,5G,Mumbai,81.16,23.19,-98.52,40.67,2026-05-21,16.385378,78.028401,81.65
TEST_046567,jio,5G,Mumbai,154.42,23.41,-79.58,42.27,2026-05-04,13.622876,69.538811,102.59
TEST_046572,jio,4G,Mumbai,22.59,7.8,-82.35,54.37,2026-05-25,25.236844,95.712454,56.53
TEST_046578,vi,5G,Mumbai,62.01,25.6,-69.62,48.25,2026-04-23,24.475725,79.984614,80.51
TEST_046586,vi,4G,Mumbai,11.72,5.81,-101.83,56.52,2026-05-23,27.074687,76.295095,45.55
TEST_046587,vi,4G,Mumbai,17.01,5.87,-97.56,49.12,2026-03-15,9.465529,90.869694,53.3
TEST_046590,jio,4G,Mumbai,40.37,8.2,-72.62,71.9,2026-03-26,30.171862,68.993689,55.2
TEST_046602,airtel,4G,Mumbai,26.65,7.79,-74.1,54.74,2026-05-12,34.528412,91.664967,59.94
TEST_046606,jio,4G,Mumbai,23.23,10.95,-79.91,45.77,2026-05-08,14.111823,89.732286,65.27
TEST_046622,airtel,5G,Mumbai,68.82,22.01,-60.0,47.69,2026-05-13,25.850049,85.378585,84.39
TEST_046631,vi,4G,Mumbai,22.06,5.85,-90.13,50.85,2026-03-05,26.870278,91.557579,55.57
TEST_046643,jio,5G,Mumbai,82.85,18.62,-62.41,47.33,2026-03-25,20.562269,73.321492,85.79
TEST_046645,jio,5G,Mumbai,60.26,16.59,-82.89,35.99,2026-03-15,17.197097,92.822233,85.88
TEST_046685,airtel,4G,Mumbai,26.54,4.09,-80.35,35.83,2026-03-08,18.225367,92.00656,74.92
TEST_046690,vi,4G,Mumbai,24.5,8.49,-73.36,36.4,2026-05-09,33.5016,89.499141,77.56
TEST_046691,jio,5G,Mumbai,98.98,39.15,-65.8,60.56,2026-03-11,35.303999,81.841167,86.81
TEST_046698,airtel,5G,Mumbai,110.04,14.61,-94.51,38.8,2026-03-10,17.665208,69.468556,88.56
TEST_046723,jio,4G,Mumbai,29.1,8.55,-104.91,88.69,2026-04-14,8.081793,87.309451,36.91
TEST_046730,vi,5G,Mumbai,62.95,9.61,-83.23,66.07,2026-05-22,32.904475,84.350896,59.59
TEST_046764,vi,5G,Mumbai,80.66,10.94,-78.34,36.52,2026-04-19,8.569837,87.934124,89.13
TEST_046770,jio,4G,Mumbai,26.87,3.82,-67.28,75.22,2026-03-14,12.90664,85.480484,51.19
TEST_046783,vi,4G,Mumbai,16.27,7.22,-88.9,67.06,2026-03-10,25.562746,95.186196,46.0
TEST_046791,airtel,5G,Mumbai,77.63,17.75,-86.15,43.38,2026-05-01,16.969719,82.729379,80.08
TEST_046803,jio,5G,Mumbai,82.21,13.83,-96.47,39.3,2026-04-16,13.202855,91.202953,80.8
TEST_046804,vi,4G,Mumbai,17.03,4.93,-86.71,40.38,2026-03-29,26.685767,70.209639,65.01
TEST_046807,jio,4G,Mumbai,31.91,8.63,-85.15,47.26,2026-03-06,33.731293,78.201667,63.3
TEST_046810,vi,4G,Mumbai,24.56,7.26,-71.84,49.31,2026-05-29,27.180226,86.601269,63.91
TEST_046812,airtel,5G,Mumbai,61.6,14.4,-83.37,53.66,2026-04-25,8.611291,79.968443,67.75
TEST_046823,jio,4G,Mumbai,31.85,9.95,-112.01,38.05,2026-03-14,8.780641,68.673398,64.59
TEST_046841,airtel,4G,Mumbai,27.85,6.91,-95.9,57.54,2026-03-01,8.951511,95.230246,50.91
TEST_046850,vi,5G,Mumbai,65.98,20.79,-97.11,47.82,2026-05-18,11.035442,92.100537,70.84
TEST_046855,vi,4G,Mumbai,22.37,5.51,-103.28,55.42,2026-05-24,13.423055,90.338971,48.0
TEST_046863,airtel,4G,Mumbai,26.05,3.05,-78.95,36.04,2026-04-26,31.258868,70.426654,74.59
TEST_046864,vi,5G,Mumbai,19.42,15.54,-97.55,69.76,2026-04-03,10.329372,81.922464,45.71
TEST_046865,vi,4G,Mumbai,14.46,6.1,-82.17,68.21,2026-03-19,8.030547,89.680602,46.94
TEST_046867,airtel,5G,Mumbai,74.48,24.68,-88.17,44.59,2026-04-27,34.961208,82.028215,80.03
TEST_046872,airtel,5G,Mumbai,57.27,22.49,-69.38,38.55,2026-04-27,31.830769,73.507949,88.36
TEST_046878,vi,4G,Mumbai,16.28,6.31,-84.11,36.2,2026-04-26,29.190646,84.435731,71.64
TEST_046885,jio,5G,Mumbai,54.42,37.23,-62.86,39.95,2026-03-21,15.947009,79.639562,93.52
TEST_046888,vi,5G,Mumbai,80.59,13.39,-79.31,40.23,2026-05-24,16.423514,75.68158,84.88
TEST_046889,airtel,4G,Mumbai,18.63,4.03,-88.17,75.08,2026-04-03,9.141098,70.867582,42.51
TEST_046894,jio,5G,Mumbai,55.6,22.65,-62.83,37.61,2026-03-30,11.900198,86.701296,91.46
TEST_046895,vi,5G,Mumbai,44.67,19.89,-90.33,47.43,2026-05-24,15.32054,80.902612,68.36
TEST_046896,vi,5G,Mumbai,53.3,26.61,-79.82,75.0,2026-05-25,15.965351,80.582265,61.24
TEST_046897,vi,5G,Mumbai,61.61,16.5,-85.78,38.4,2026-03-14,15.861348,89.745586,81.88
TEST_046918,vi,5G,Mumbai,54.48,29.05,-82.1,46.09,2026-04-01,32.840492,73.453942,77.78
TEST_046922,jio,5G,Mumbai,131.72,21.74,-83.97,60.92,2026-05-23,19.206186,68.045355,81.54
TEST_046924,vi,5G,Mumbai,72.89,22.35,-103.3,39.36,2026-04-11,14.318075,92.280389,79.47
TEST_046925,vi,5G,Mumbai,48.46,18.67,-102.94,62.09,2026-05-14,22.209398,92.085118,54.96
TEST_046932,vi,4G,Mumbai,15.77,10.3,-83.89,51.51,2026-03-13,13.604152,82.887279,57.38
TEST_046955,vi,5G,Mumbai,54.97,19.01,-68.69,47.85,2026-05-13,34.492289,83.063727,77.19
TEST_046956,vi,4G,Mumbai,10.68,6.63,-83.91,42.32,2026-03-26,14.446003,74.096597,62.98
TEST_047007,airtel,5G,Mumbai,68.82,17.07,-73.58,60.67,2026-05-29,9.634981,76.840476,69.43
TEST_047008,vi,4G,Mumbai,10.33,8.16,-84.29,40.48,2026-03-13,9.955703,89.092252,65.38
TEST_047010,airtel,4G,Mumbai,19.02,3.74,-100.04,41.08,2026-05-25,27.092341,70.733255,59.78
TEST_047030,airtel,4G,Mumbai,16.4,6.41,-76.94,43.57,2026-03-11,9.922815,68.758755,65.21
TEST_047032,vi,5G,Mumbai,75.99,14.46,-79.37,125.68,2026-04-24,35.370964,69.78855,51.51
TEST_047053,vi,4G,Mumbai,24.45,5.61,-100.59,45.43,2026-05-17,33.519347,87.487674,57.03
TEST_047058,airtel,4G,Mumbai,22.94,8.77,-83.81,45.1,2026-05-01,18.317767,76.50786,63.74
TEST_047075,airtel,5G,Mumbai,100.38,32.21,-92.25,81.68,2026-03-28,27.98509,87.179953,67.49
TEST_047100,airtel,5G,Mumbai,77.23,22.32,-74.92,109.82,2026-03-04,13.927122,78.815437,58.38
TEST_047111,jio,4G,Mumbai,24.11,10.43,-94.27,36.89,2026-03-07,24.864881,76.048937,70.52
TEST_047113,jio,4G,Mumbai,31.71,6.61,-81.44,37.73,2026-04-18,11.106748,72.741186,73.96
TEST_047116,airtel,5G,Mumbai,116.67,21.12,-101.74,35.89,2026-04-23,32.52815,90.054935,93.96
TEST_047118,airtel,5G,Mumbai,70.08,21.8,-76.6,52.99,2026-04-30,12.185527,91.733739,75.03
TEST_047127,airtel,4G,Mumbai,18.71,6.67,-84.01,40.57,2026-05-29,32.070513,71.375209,66.7
TEST_047133,airtel,4G,Mumbai,23.58,4.71,-88.33,42.06,2026-05-09,10.349595,85.780705,63.97
TEST_047134,jio,4G,Mumbai,19.27,5.01,-82.57,47.52,2026-04-26,21.623377,73.098791,59.81
TEST_047154,jio,4G,Mumbai,42.4,5.91,-85.65,43.23,2026-04-08,15.888541,75.962289,68.26
TEST_047166,jio,5G,Mumbai,70.18,18.56,-71.64,56.19,2026-03-28,31.772993,74.72272,73.46
TEST_047170,vi,4G,Mumbai,23.25,3.34,-78.45,50.38,2026-03-19,30.728331,73.10123,59.17
TEST_047180,vi,5G,Mumbai,65.57,9.34,-78.52,38.65,2026-04-15,22.135192,87.694979,82.26
TEST_047183,vi,4G,Mumbai,21.24,6.94,-88.05,46.42,2026-04-30,35.017496,69.455161,60.08
TEST_047191,airtel,5G,Mumbai,92.42,19.12,-90.92,38.18,2026-04-16,21.025654,69.470212,88.27
TEST_047192,vi,4G,Mumbai,33.26,7.72,-89.83,35.34,2026-03-01,13.371564,92.780675,75.3
TEST_047195,vi,4G,Mumbai,1.0,6.07,-81.92,35.14,2026-05-13,9.768926,73.851964,70.46
TEST_047213,vi,4G,Mumbai,21.27,6.49,-111.42,43.22,2026-05-08,33.958242,87.585151,55.18
TEST_047218,vi,4G,Mumbai,21.87,5.66,-79.63,47.0,2026-05-01,28.35214,81.504337,62.05
TEST_047239,vi,4G,Mumbai,23.78,7.94,-76.95,65.47,2026-04-10,11.162239,72.378544,52.62
TEST_047242,airtel,4G,Mumbai,28.04,6.37,-85.01,60.73,2026-03-01,8.619096,92.443262,52.62
TEST_047247,airtel,5G,Mumbai,94.99,25.41,-60.0,40.02,2026-05-14,20.7333,83.099797,99.14
TEST_047267,airtel,5G,Mumbai,104.03,23.38,-86.25,37.01,2026-03-30,13.865737,86.723439,95.53
TEST_047269,jio,4G,Mumbai,15.23,6.89,-66.95,86.77,2026-04-22,16.607541,76.77931,46.36
TEST_047287,vi,5G,Mumbai,70.6,18.42,-95.49,41.2,2026-05-27,23.777309,89.330286,77.98
TEST_047293,airtel,5G,Mumbai,88.0,10.63,-83.46,36.94,2026-04-23,15.269888,82.793125,88.36
TEST_047297,airtel,4G,Mumbai,9.64,7.62,-78.13,37.69,2026-03-04,13.372278,91.823743,70.56
TEST_047308,airtel,4G,Mumbai,16.98,8.04,-80.41,40.17,2026-05-22,17.622215,89.16916,68.48
TEST_047326,vi,4G,Mumbai,22.08,3.64,-100.87,50.07,2026-05-14,22.155451,82.047906,51.78
TEST_047337,airtel,5G,Mumbai,89.08,12.7,-66.98,40.78,2026-03-22,18.704792,77.469384,90.0
TEST_047338,jio,4G,Mumbai,20.32,7.45,-98.09,47.19,2026-03-08,19.918273,74.955244,56.04
TEST_047351,airtel,4G,Mumbai,32.09,8.48,-89.61,37.29,2026-03-10,8.478279,74.677326,72.59
TEST_047355,airtel,5G,Mumbai,109.66,21.7,-69.1,37.27,2026-05-28,14.231222,92.039364,101.53
TEST_047360,vi,4G,Mumbai,11.03,2.63,-100.89,41.9,2026-03-10,18.382465,70.931923,56.4
TEST_047368,airtel,4G,Mumbai,31.31,5.39,-60.0,69.8,2026-05-21,29.825322,81.72379,57.18
TEST_047369,airtel,5G,Mumbai,47.26,17.24,-80.16,44.79,2026-03-13,11.347307,82.327846,73.74
TEST_047372,airtel,4G,Mumbai,30.4,7.84,-95.09,51.5,2026-04-22,13.995902,71.293066,56.02
TEST_047379,vi,5G,Mumbai,32.1,17.19,-72.98,35.38,2026-05-16,16.788678,85.974986,84.04
TEST_047380,jio,4G,Mumbai,18.42,8.3,-82.29,57.63,2026-04-12,25.357145,78.699004,53.8
TEST_047381,airtel,4G,Mumbai,30.05,7.91,-84.57,129.71,2026-04-22,8.92948,88.836425,36.68
TEST_047385,jio,4G,Mumbai,40.36,1.9,-81.37,49.41,2026-05-20,34.285466,88.127499,62.23
TEST_047427,vi,5G,Mumbai,88.62,14.87,-96.84,39.33,2026-05-13,19.869254,89.547265,82.45
TEST_047428,vi,5G,Mumbai,89.72,8.64,-69.71,36.22,2026-03-21,9.421133,94.404275,93.62
TEST_047452,vi,5G,Mumbai,99.15,18.45,-68.27,68.63,2026-03-17,10.868607,71.13924,74.75
TEST_047460,jio,5G,Mumbai,44.68,27.8,-76.81,46.43,2026-04-18,28.237805,94.410395,76.6
TEST_047470,jio,4G,Mumbai,21.11,7.1,-83.02,35.84,2026-04-12,16.407807,85.154073,73.89
TEST_047479,vi,4G,Mumbai,21.9,6.46,-71.86,52.89,2026-04-15,24.359127,91.298994,60.38
TEST_047485,airtel,4G,Mumbai,25.47,10.27,-94.05,46.96,2026-03-05,23.498144,71.642642,59.75
TEST_047490,vi,4G,Mumbai,24.41,5.62,-72.59,51.07,2026-05-02,30.605162,69.525706,61.69
TEST_047508,vi,4G,Mumbai,20.29,4.64,-101.17,65.11,2026-04-18,19.526589,90.937081,42.73
TEST_047516,airtel,5G,Mumbai,75.75,19.57,-92.5,61.37,2026-03-14,28.335895,87.237182,65.21
TEST_047550,jio,5G,Mumbai,94.59,32.57,-84.9,42.42,2026-05-05,34.859272,91.707508,90.65
TEST_047554,vi,5G,Mumbai,69.24,6.61,-87.89,51.77,2026-04-16,15.563148,93.722948,66.43
TEST_047560,airtel,5G,Mumbai,94.95,25.05,-99.47,52.95,2026-03-16,31.21825,83.036545,74.16
TEST_047573,vi,4G,Mumbai,18.3,3.22,-94.43,35.49,2026-04-01,15.51111,85.088201,68.58
TEST_047578,vi,5G,Mumbai,67.15,18.32,-95.13,41.35,2026-03-11,19.216191,86.59592,77.12
TEST_047586,vi,5G,Mumbai,59.74,10.11,-80.81,67.14,2026-04-20,8.157167,74.445531,59.39
TEST_047588,airtel,4G,Mumbai,9.17,3.94,-79.56,43.24,2026-04-19,28.809787,74.227308,62.16
TEST_047590,jio,5G,Mumbai,113.17,16.46,-69.93,71.44,2026-03-12,18.681787,82.77779,75.48
TEST_047612,vi,5G,Mumbai,42.62,25.47,-82.07,66.09,2026-04-06,8.765791,82.007892,61.19
TEST_047622,vi,5G,Mumbai,81.59,17.38,-75.95,40.65,2026-05-30,9.719154,80.598225,87.19
TEST_047662,jio,5G,Mumbai,121.01,34.52,-63.31,58.36,2026-03-01,30.557772,68.774034,92.07
TEST_047664,airtel,5G,Mumbai,87.32,19.26,-83.62,72.46,2026-05-12,30.7458,70.423639,65.79
TEST_047666,airtel,4G,Mumbai,22.84,9.79,-85.23,42.98,2026-04-03,11.156657,93.982582,65.71
TEST_047675,vi,5G,Mumbai,62.44,19.33,-98.0,45.28,2026-05-24,26.02132,91.872878,71.47
TEST_047685,airtel,5G,Mumbai,74.51,27.73,-97.16,35.05,2026-05-24,14.58396,69.179242,89.75
TEST_047694,airtel,5G,Mumbai,71.98,29.07,-62.33,35.39,2026-04-03,21.213539,94.600729,100.77
TEST_047704,airtel,5G,Mumbai,61.53,18.79,-65.89,48.31,2026-04-21,10.475301,71.159414,79.12
TEST_047709,airtel,4G,Mumbai,29.92,5.43,-67.21,59.22,2026-05-28,31.281125,77.762348,59.44
TEST_047754,vi,5G,Mumbai,62.46,22.92,-74.56,57.35,2026-05-08,34.61265,85.014018,71.65
TEST_047769,airtel,4G,Mumbai,18.63,10.55,-118.34,75.0,2026-04-15,23.534448,74.596232,34.85
TEST_047772,vi,5G,Mumbai,56.24,19.18,-89.24,61.93,2026-05-17,14.513753,90.555162,61.52
TEST_047777,jio,5G,Mumbai,70.04,30.12,-71.22,51.07,2026-05-05,16.14256,75.402523,81.2
TEST_047779,airtel,5G,Mumbai,56.61,24.89,-75.64,37.24,2026-04-26,14.78887,69.957434,88.73
TEST_047782,airtel,4G,Mumbai,17.43,7.68,-98.04,48.56,2026-04-14,21.452113,91.691935,54.34
TEST_047783,airtel,5G,Mumbai,103.82,34.51,-85.69,57.59,2026-03-18,14.712878,75.963127,81.22
TEST_047807,vi,4G,Mumbai,17.17,5.44,-87.08,49.13,2026-05-11,23.424284,82.165423,56.67
TEST_047816,airtel,4G,Mumbai,10.21,3.46,-81.59,108.31,2026-05-23,11.144415,83.352902,34.63
TEST_047819,airtel,5G,Mumbai,51.51,24.58,-93.79,43.46,2026-04-28,13.435958,82.709018,74.12
TEST_047854,vi,5G,Mumbai,37.72,20.28,-73.05,35.99,2026-04-18,14.858256,92.714022,85.48
TEST_047856,vi,4G,Mumbai,19.56,4.39,-64.96,36.75,2026-04-03,8.522049,68.763982,77.28
TEST_047865,vi,5G,Mumbai,64.02,19.5,-72.96,47.25,2026-03-10,17.93455,70.648591,78.47
TEST_047884,vi,4G,Mumbai,20.59,5.75,-91.01,54.93,2026-05-07,16.854456,88.806796,52.1
TEST_047895,jio,5G,Mumbai,95.98,38.93,-86.14,39.93,2026-05-21,21.151781,80.29039,95.66
TEST_047897,vi,5G,Mumbai,22.99,13.72,-77.47,41.19,2026-04-20,28.488921,74.494119,71.68
TEST_047899,vi,5G,Mumbai,66.94,16.8,-87.1,46.5,2026-04-23,31.996019,92.505768,74.08
TEST_047922,airtel,4G,Mumbai,23.21,5.43,-85.71,42.46,2026-05-22,15.202178,85.735358,64.59
TEST_047929,jio,5G,Mumbai,65.31,26.83,-90.76,52.18,2026-05-27,32.659033,79.911677,71.64
TEST_047971,airtel,4G,Mumbai,17.92,12.62,-85.09,35.45,2026-04-24,23.16961,82.501691,75.08
TEST_047994,airtel,4G,Mumbai,20.47,7.7,-75.57,45.2,2026-04-11,23.546116,71.888269,65.45
TEST_048023,airtel,4G,Mumbai,23.34,8.2,-91.33,63.89,2026-05-16,24.702006,70.824667,48.55
TEST_048032,airtel,5G,Mumbai,114.68,16.75,-107.12,43.22,2026-04-02,35.790684,87.040412,81.15
TEST_048038,vi,4G,Mumbai,14.66,3.08,-87.83,62.66,2026-05-29,13.446603,70.805544,46.52
TEST_048049,airtel,4G,Mumbai,28.39,10.98,-113.74,60.56,2026-04-03,27.732759,72.618853,44.88
TEST_048096,jio,5G,Mumbai,123.05,8.04,-98.42,42.74,2026-04-29,8.807754,71.347352,83.25
TEST_048110,jio,5G,Mumbai,102.32,36.11,-94.49,69.38,2026-05-14,19.457765,72.64433,72.82
TEST_048123,jio,5G,Mumbai,136.84,28.8,-84.41,66.12,2026-04-01,19.409802,92.45612,82.6
TEST_048128,jio,4G,Mumbai,24.78,7.39,-92.73,70.34,2026-04-07,26.582695,72.521406,45.33
TEST_048132,jio,5G,Mumbai,75.51,22.13,-72.19,38.08,2026-05-16,31.718217,76.929517,91.97
TEST_048135,vi,4G,Mumbai,7.59,7.12,-79.26,90.69,2026-05-21,8.010291,89.408555,39.67
TEST_048136,airtel,4G,Mumbai,16.71,5.25,-106.6,36.14,2026-05-02,23.337541,93.776053,63.94
TEST_048148,airtel,4G,Mumbai,23.28,5.04,-100.02,40.24,2026-04-14,26.727356,84.854041,62.17
TEST_048160,vi,5G,Mumbai,63.3,10.28,-101.32,39.88,2026-04-26,28.921022,93.056771,72.98
TEST_048167,jio,5G,Mumbai,34.59,30.79,-90.9,35.52,2026-04-20,34.904902,71.897939,83.34
TEST_048172,vi,4G,Mumbai,17.03,7.84,-80.98,54.3,2026-04-24,30.634519,73.961889,55.81
TEST_048189,jio,4G,Mumbai,16.85,12.26,-97.94,49.97,2026-05-07,32.915384,94.202872,54.79
TEST_048195,vi,5G,Mumbai,20.84,19.47,-92.21,42.16,2026-03-05,30.583914,79.346263,67.31
TEST_048204,airtel,4G,Mumbai,18.68,6.29,-82.46,56.63,2026-04-06,27.382468,83.766683,53.66
TEST_048225,jio,5G,Mumbai,80.47,22.93,-67.0,43.98,2026-04-11,33.342744,80.579336,88.38
TEST_048228,airtel,4G,Mumbai,29.68,10.13,-94.85,39.55,2026-04-23,23.569996,93.798048,67.99
TEST_048248,jio,5G,Mumbai,62.04,17.27,-68.1,36.45,2026-03-01,10.317821,95.90393,90.79
TEST_048268,jio,4G,Mumbai,26.57,5.87,-78.14,39.15,2026-04-20,10.836353,84.261733,71.82
TEST_048272,airtel,4G,Mumbai,17.62,6.06,-94.09,46.35,2026-03-08,21.358599,90.937313,57.0
TEST_048277,vi,5G,Mumbai,63.29,10.13,-90.89,70.1,2026-05-05,16.075935,91.099741,55.61
TEST_048281,jio,4G,Mumbai,19.64,6.89,-83.03,54.56,2026-05-26,23.544517,77.154841,55.2
TEST_048311,vi,4G,Mumbai,15.07,7.84,-88.23,67.4,2026-04-14,10.718851,95.553099,46.03
TEST_048317,jio,5G,Mumbai,63.64,21.13,-96.68,64.85,2026-03-10,29.247407,79.481854,59.99
TEST_048328,vi,5G,Mumbai,52.83,19.53,-107.42,46.41,2026-03-11,12.514834,75.229658,65.23
TEST_048342,airtel,4G,Mumbai,19.75,8.29,-96.81,59.15,2026-05-19,33.701631,82.863839,48.39
TEST_048347,airtel,4G,Mumbai,12.45,5.06,-100.8,36.08,2026-04-06,31.574257,92.62724,64.95
TEST_048360,jio,4G,Mumbai,26.96,4.36,-99.96,36.11,2026-05-09,12.262319,78.086948,68.16
TEST_048369,jio,5G,Mumbai,53.06,23.44,-89.42,67.44,2026-04-01,25.566726,84.231678,59.74
TEST_048370,jio,5G,Mumbai,108.92,31.87,-98.4,52.04,2026-03-24,11.843509,73.435079,80.74
TEST_048391,vi,5G,Mumbai,67.2,14.7,-96.87,35.88,2026-03-11,8.865342,68.444306,82.24
TEST_048393,airtel,5G,Mumbai,59.68,19.28,-112.84,35.32,2026-04-18,32.526656,95.303565,77.74
TEST_048408,airtel,4G,Mumbai,27.06,7.93,-69.85,42.92,2026-05-20,9.700148,70.073825,71.16
TEST_048415,jio,4G,Mumbai,21.78,9.02,-85.7,49.48,2026-03-17,11.177484,86.132682,59.18
TEST_048421,vi,4G,Mumbai,20.56,2.03,-79.2,36.46,2026-03-08,25.730925,72.728288,72.31
TEST_048426,airtel,4G,Mumbai,29.15,4.91,-90.63,44.86,2026-05-07,26.338791,89.727629,61.68
TEST_048466,airtel,4G,Mumbai,19.65,8.9,-85.29,35.61,2026-05-10,13.182526,68.417849,73.81
TEST_048473,vi,4G,Mumbai,13.85,6.64,-93.74,71.63,2026-04-07,28.20048,73.728251,41.78
TEST_048503,jio,5G,Mumbai,47.8,30.28,-71.03,35.06,2026-04-24,25.672209,89.581006,93.42
TEST_048514,airtel,4G,Mumbai,23.68,6.42,-97.92,40.57,2026-03-11,19.499707,89.966485,63.08
TEST_048522,jio,5G,Mumbai,99.65,20.59,-102.18,35.89,2026-03-30,29.073462,75.188151,89.83
TEST_048529,jio,4G,Mumbai,30.14,7.47,-92.41,44.37,2026-05-26,8.22639,73.264807,62.7
TEST_048535,vi,4G,Mumbai,22.85,6.66,-88.99,46.34,2026-05-26,10.248778,77.181191,60.09
TEST_048558,vi,4G,Mumbai,18.62,6.13,-71.74,37.67,2026-03-30,19.818865,80.890031,74.18
TEST_048582,vi,5G,Mumbai,86.03,23.59,-87.91,52.02,2026-03-15,23.615327,73.213737,76.14
TEST_048597,vi,4G,Mumbai,15.01,6.31,-73.02,53.84,2026-04-03,22.31687,69.598006,57.76
TEST_048603,jio,4G,Mumbai,28.11,9.43,-89.9,64.76,2026-04-18,24.342795,80.408231,50.13
TEST_048605,vi,5G,Mumbai,59.4,14.32,-102.53,47.06,2026-05-06,16.977138,85.083487,65.87
TEST_048611,airtel,4G,Mumbai,19.93,8.87,-77.44,49.4,2026-05-11,31.505086,94.385978,61.53
TEST_048624,jio,5G,Mumbai,56.9,32.91,-60.0,44.39,2026-05-14,26.245757,86.231533,88.68
TEST_048630,airtel,5G,Mumbai,41.56,23.25,-81.03,47.0,2026-05-28,25.519546,72.195762,72.35
TEST_048631,vi,5G,Mumbai,40.56,11.56,-89.58,48.73,2026-05-12,25.610083,69.784587,63.59
TEST_048634,airtel,5G,Mumbai,83.1,21.46,-93.83,93.03,2026-05-28,25.268656,91.452263,56.29
TEST_048644,airtel,5G,Mumbai,74.18,27.77,-83.84,36.8,2026-04-05,26.174026,69.347202,91.57
TEST_048657,vi,5G,Mumbai,29.55,23.91,-85.4,48.07,2026-04-19,13.351855,84.708416,67.55
TEST_048668,vi,4G,Mumbai,20.17,6.89,-94.27,40.06,2026-03-11,11.852006,75.90841,64.28
TEST_048683,airtel,4G,Mumbai,25.98,3.5,-70.58,36.21,2026-03-20,9.563261,68.575324,77.28
TEST_048684,jio,5G,Mumbai,55.62,26.77,-98.17,56.12,2026-05-07,29.726378,76.40761,64.4
TEST_048692,airtel,5G,Mumbai,75.11,20.44,-95.09,40.23,2026-04-02,17.845396,72.65928,80.96
TEST_048705,jio,4G,Mumbai,19.31,7.11,-105.79,99.63,2026-04-13,21.312665,70.50553,31.49
TEST_048728,airtel,5G,Mumbai,67.39,6.78,-86.71,35.71,2026-05-28,27.544027,78.151115,83.05
TEST_048739,vi,5G,Mumbai,53.69,16.7,-83.39,52.7,2026-04-07,13.651474,94.988772,67.47
TEST_048748,vi,4G,Mumbai,16.84,8.34,-73.54,50.87,2026-05-21,13.978818,70.226215,60.82
TEST_048752,jio,4G,Mumbai,37.92,6.19,-91.49,41.16,2026-05-24,16.515115,86.124212,67.64
TEST_048799,airtel,5G,Mumbai,97.74,21.34,-83.77,74.07,2026-04-20,13.182626,69.069257,68.24
TEST_048838,airtel,4G,Mumbai,25.65,10.66,-99.05,39.59,2026-05-30,28.288891,91.981325,65.84
TEST_048852,jio,4G,Mumbai,21.82,7.15,-68.94,59.62,2026-04-15,19.249545,74.673572,57.47
TEST_048859,jio,4G,Mumbai,26.99,6.42,-89.28,36.29,2026-05-13,15.552037,78.00804,72.22
TEST_048868,jio,4G,Mumbai,13.27,10.66,-77.14,87.6,2026-05-22,30.420519,68.085605,43.68
TEST_048883,vi,5G,Mumbai,51.26,25.84,-81.43,45.12,2026-04-16,18.959156,78.465021,77.02
TEST_048908,airtel,4G,Mumbai,16.96,9.77,-81.26,45.63,2026-05-28,9.28215,90.274827,63.13
TEST_048909,jio,4G,Mumbai,9.65,7.37,-74.92,46.78,2026-05-04,22.705011,70.872311,61.71
TEST_048915,vi,5G,Mumbai,28.69,23.59,-72.21,95.53,2026-05-21,30.713185,72.051556,51.6
TEST_048918,jio,4G,Mumbai,22.37,6.43,-102.18,73.33,2026-03-30,22.117061,93.636745,40.16
TEST_048923,jio,4G,Mumbai,36.51,7.38,-85.08,58.89,2026-03-23,16.204804,76.039003,55.85
TEST_048930,airtel,5G,Mumbai,89.82,16.72,-88.9,56.82,2026-05-21,33.440595,68.811125,71.03
TEST_048945,vi,4G,Mumbai,15.92,7.77,-82.91,48.74,2026-05-21,33.76803,69.763452,58.94
TEST_048951,jio,5G,Mumbai,83.55,39.64,-87.56,42.44,2026-05-16,32.746914,91.963284,89.85
TEST_048955,jio,4G,Mumbai,34.58,9.55,-97.29,39.06,2026-04-07,8.835082,81.545675,68.66
TEST_048964,vi,5G,Mumbai,53.7,20.99,-80.02,41.78,2026-05-06,21.564273,86.748969,79.66
TEST_048965,airtel,5G,Mumbai,73.49,18.88,-78.29,47.74,2026-03-10,28.989057,89.750578,78.16
TEST_048979,airtel,5G,Mumbai,74.14,34.83,-79.58,36.82,2026-04-20,33.659264,75.883838,95.51
TEST_048998,jio,4G,Mumbai,9.39,6.95,-89.31,52.1,2026-05-26,29.856356,93.955482,52.51
TEST_049030,vi,5G,Mumbai,71.88,19.14,-82.19,50.81,2026-03-16,24.081876,86.015689,74.16
TEST_049043,jio,4G,Mumbai,28.63,2.99,-106.81,97.67,2026-05-02,14.347787,81.539207,32.13
TEST_049050,vi,5G,Mumbai,58.44,24.38,-83.66,76.23,2026-05-23,24.598672,73.497581,59.88
TEST_049065,vi,5G,Mumbai,63.07,17.41,-116.38,39.07,2026-04-23,35.071066,92.885277,71.49
TEST_049072,airtel,4G,Mumbai,26.84,4.5,-97.49,36.58,2026-04-21,29.087902,70.949822,68.34
TEST_049075,airtel,4G,Mumbai,22.28,8.44,-82.77,47.71,2026-05-07,27.755775,78.493356,61.5
TEST_049080,vi,4G,Mumbai,16.26,6.93,-68.37,45.8,2026-04-15,28.281833,88.633589,66.08
TEST_049086,jio,4G,Mumbai,30.68,7.35,-83.18,59.41,2026-03-07,23.232564,94.046942,54.88
TEST_049088,vi,5G,Mumbai,65.05,21.53,-107.95,40.12,2026-03-04,12.986925,77.516021,74.96
TEST_049102,vi,4G,Mumbai,17.39,5.05,-73.35,52.78,2026-03-21,22.361185,89.311306,58.45
TEST_049105,jio,4G,Mumbai,18.72,9.74,-80.8,46.52,2026-05-13,32.394951,91.815905,62.86
TEST_049125,airtel,4G,Mumbai,17.58,7.48,-95.07,37.18,2026-05-08,17.935968,73.49928,67.32
TEST_049126,airtel,4G,Mumbai,17.27,9.94,-74.5,52.85,2026-04-21,18.009689,70.755752,59.76
TEST_049129,vi,5G,Mumbai,60.25,16.7,-91.55,50.34,2026-03-11,24.888546,84.331487,67.92
TEST_049132,airtel,4G,Mumbai,21.75,7.7,-82.97,69.61,2026-05-14,20.298655,82.316639,48.31
TEST_049133,vi,4G,Mumbai,14.08,10.94,-72.43,51.1,2026-04-26,22.509424,77.80463,61.35
TEST_049149,airtel,4G,Mumbai,19.14,1.62,-88.88,47.22,2026-05-08,26.935627,93.730344,56.7
TEST_049151,airtel,4G,Mumbai,31.09,2.97,-91.81,37.07,2026-04-28,8.212706,89.34166,69.94
TEST_049165,airtel,4G,Mumbai,17.92,7.2,-82.05,43.83,2026-04-24,14.391875,79.820931,63.87
TEST_049170,vi,5G,Mumbai,62.9,14.46,-78.28,38.19,2026-05-30,10.184042,70.537397,84.2
TEST_049181,airtel,4G,Mumbai,10.99,1.0,-78.22,44.35,2026-05-26,14.615221,75.645486,60.84
TEST_049182,jio,4G,Mumbai,30.34,11.78,-112.88,36.92,2026-04-17,14.10145,72.843087,66.15
TEST_049189,airtel,4G,Mumbai,15.27,8.5,-86.24,46.55,2026-05-02,23.961132,86.731374,59.8
TEST_049191,vi,5G,Mumbai,57.23,13.74,-68.23,79.53,2026-04-26,32.441028,88.749376,59.83
TEST_049196,airtel,5G,Mumbai,54.06,32.53,-91.94,37.37,2026-03-29,23.366415,80.371537,85.32
TEST_049210,vi,4G,Mumbai,6.29,6.04,-85.63,42.17,2026-05-26,14.753198,73.165561,61.38
TEST_049249,vi,5G,Mumbai,85.32,5.58,-105.85,80.05,2026-04-13,30.262217,91.478828,50.42
TEST_049252,vi,5G,Mumbai,12.28,25.34,-79.65,36.97,2026-05-22,24.973138,91.887996,78.05
TEST_049262,airtel,4G,Mumbai,31.4,9.44,-87.8,38.69,2026-04-08,14.367244,68.959601,71.54
TEST_049264,jio,5G,Mumbai,51.46,45.49,-84.75,38.64,2026-03-10,29.89983,72.287626,90.17
TEST_049268,jio,5G,Mumbai,44.34,15.21,-91.06,36.41,2026-05-04,24.337526,87.869454,78.51
TEST_049271,airtel,4G,Mumbai,28.67,7.55,-99.04,87.28,2026-05-03,16.448875,80.791625,38.77
TEST_049290,jio,5G,Mumbai,84.3,17.36,-92.46,38.5,2026-03-10,14.676914,68.734006,84.89
TEST_049312,jio,4G,Mumbai,16.01,4.64,-108.11,35.61,2026-04-17,15.063742,91.935968,63.84
TEST_049354,airtel,5G,Mumbai,99.87,16.54,-95.52,63.9,2026-03-19,33.83263,68.184438,67.23
TEST_049361,jio,4G,Mumbai,25.14,12.82,-99.02,38.28,2026-04-01,11.501797,73.220138,68.16
TEST_049367,airtel,5G,Mumbai,93.2,17.05,-98.45,44.89,2026-04-19,28.28213,74.653248,77.72
TEST_049374,vi,5G,Mumbai,52.49,27.85,-75.38,37.84,2026-03-17,27.297202,77.928104,88.17
TEST_049380,vi,4G,Mumbai,19.68,6.09,-98.55,102.75,2026-04-16,12.457058,78.7466,33.02
TEST_049396,airtel,5G,Mumbai,24.21,29.24,-76.92,58.71,2026-05-08,23.745252,81.866127,63.86
TEST_049410,vi,4G,Mumbai,23.26,2.02,-81.71,59.75,2026-05-30,26.524192,92.76284,51.6
TEST_049422,airtel,5G,Mumbai,76.73,29.8,-91.2,46.06,2026-05-10,19.075556,83.362217,80.01
TEST_049440,vi,5G,Mumbai,41.14,18.95,-105.06,39.73,2026-05-21,15.997672,81.727572,70.12
TEST_049456,vi,5G,Mumbai,54.88,23.44,-106.32,37.09,2026-04-20,18.253416,68.073776,77.8
TEST_049473,jio,4G,Mumbai,17.37,9.48,-73.42,45.25,2026-03-17,14.810785,84.916274,66.08
TEST_049484,airtel,5G,Mumbai,93.91,21.09,-72.71,43.09,2026-04-19,28.970602,74.303249,89.7
TEST_049487,vi,4G,Mumbai,17.81,9.24,-90.31,41.31,2026-04-08,26.003284,70.636733,64.49
TEST_049516,airtel,4G,Mumbai,16.98,9.24,-78.42,35.99,2026-05-13,33.836215,73.676112,75.06
TEST_049518,airtel,5G,Mumbai,92.1,24.06,-77.79,63.97,2026-03-18,32.364067,90.193712,74.1
TEST_049526,airtel,4G,Mumbai,18.99,7.97,-76.31,61.62,2026-05-21,20.601068,76.171408,53.62
TEST_049536,vi,5G,Mumbai,72.5,23.87,-89.93,48.72,2026-04-03,20.357462,68.128913,75.06
TEST_049549,vi,4G,Mumbai,25.92,9.14,-64.41,35.57,2026-03-15,26.362018,83.31002,82.31
TEST_049552,vi,4G,Mumbai,26.94,5.1,-74.09,72.55,2026-04-23,35.900248,76.463508,50.35
TEST_049559,jio,5G,Mumbai,61.57,24.87,-64.03,101.44,2026-05-03,27.11797,79.307997,60.92
TEST_049567,airtel,5G,Mumbai,83.54,34.14,-94.45,36.3,2026-04-18,17.004295,71.651505,93.13
TEST_049581,vi,5G,Mumbai,79.79,7.76,-108.03,37.44,2026-03-05,33.110881,95.872596,76.61
TEST_049602,jio,5G,Mumbai,111.05,26.02,-94.3,100.51,2026-04-03,14.779469,76.661169,62.45
TEST_049656,jio,5G,Mumbai,41.78,28.41,-60.0,57.26,2026-05-14,10.558892,88.345146,73.95
TEST_049659,jio,5G,Mumbai,95.37,36.31,-113.82,55.99,2026-04-28,33.533997,81.472165,71.58
TEST_049675,vi,5G,Mumbai,59.42,16.22,-72.04,41.65,2026-03-23,25.847599,81.527675,82.0
TEST_049680,jio,4G,Mumbai,22.38,7.14,-84.99,38.43,2026-04-22,19.132416,80.752729,69.97
TEST_049688,airtel,4G,Mumbai,24.38,7.82,-86.67,39.36,2026-05-25,14.946684,75.807809,68.93
TEST_049705,jio,4G,Mumbai,23.29,8.76,-82.08,52.7,2026-04-26,31.030772,79.645545,58.25
TEST_049707,airtel,5G,Mumbai,32.37,27.2,-101.04,42.22,2026-03-02,17.909933,76.046913,69.68
TEST_049722,vi,4G,Mumbai,15.5,5.95,-90.39,49.94,2026-03-22,8.562554,77.604962,54.74
TEST_049724,jio,5G,Mumbai,76.54,23.8,-92.27,49.98,2026-05-20,9.527961,73.340939,74.16
TEST_049743,airtel,4G,Mumbai,10.59,8.98,-84.48,39.38,2026-03-22,30.366548,95.910147,66.99
TEST_049769,jio,5G,Mumbai,58.74,24.4,-79.06,36.26,2026-05-27,8.085921,92.563556,89.26
TEST_049788,vi,4G,Mumbai,24.25,4.51,-71.48,57.44,2026-05-08,16.650894,76.957877,57.44
TEST_049789,vi,4G,Mumbai,22.96,6.4,-74.37,106.18,2026-05-23,13.389204,95.076134,41.31
TEST_049790,airtel,5G,Mumbai,81.8,19.29,-83.41,35.4,2026-05-01,22.62751,71.386458,92.36
TEST_049802,airtel,4G,Mumbai,28.92,6.18,-73.6,44.71,2026-03-23,28.858407,73.007509,67.91
TEST_049803,airtel,4G,Mumbai,36.95,8.17,-89.83,36.32,2026-04-21,31.276134,83.113339,74.84
TEST_049804,vi,5G,Mumbai,50.19,14.4,-76.61,47.1,2026-05-30,34.469798,75.590863,72.45
TEST_049826,airtel,5G,Mumbai,99.98,13.95,-104.42,37.09,2026-03-29,30.914518,82.680836,85.04
TEST_049831,airtel,4G,Mumbai,17.19,3.35,-91.03,35.89,2026-04-07,28.904348,82.164419,68.92
TEST_049837,airtel,4G,Mumbai,27.25,6.06,-78.52,44.65,2026-03-16,31.08409,72.069925,65.91
TEST_049840,jio,5G,Mumbai,99.36,22.45,-81.4,61.77,2026-03-13,11.236217,69.062716,75.01
TEST_049844,airtel,5G,Mumbai,56.04,19.8,-109.91,66.62,2026-03-01,25.24841,79.84949,52.61
TEST_049845,vi,4G,Mumbai,10.85,8.92,-86.69,42.57,2026-05-25,34.802979,81.021853,62.66
TEST_049872,airtel,5G,Mumbai,92.36,22.94,-105.14,40.0,2026-05-03,25.501289,87.254772,82.63
TEST_049893,vi,4G,Mumbai,20.72,7.86,-75.86,49.76,2026-03-30,12.31939,84.447195,61.58
TEST_049918,airtel,5G,Mumbai,66.04,26.37,-75.8,36.85,2026-05-27,23.358954,92.761338,91.85
TEST_049927,jio,4G,Mumbai,19.99,6.41,-88.56,39.66,2026-05-28,11.742606,85.613213,66.45
TEST_049928,jio,5G,Mumbai,169.09,16.99,-102.48,36.45,2026-05-28,16.770576,90.911187,103.08
TEST_049934,airtel,4G,Mumbai,23.88,6.18,-101.44,53.36,2026-04-18,9.343535,69.662564,50.54
TEST_049943,airtel,4G,Mumbai,19.9,7.86,-75.57,50.73,2026-04-25,17.356921,77.400074,60.76
TEST_049951,jio,5G,Mumbai,109.64,18.51,-84.56,46.83,2026-03-10,29.219249,88.52995,84.77
TEST_049963,jio,5G,Mumbai,115.18,20.24,-101.35,40.51,2026-05-19,28.607181,81.178263,87.4
TEST_049967,jio,4G,Mumbai,21.89,9.77,-80.53,36.89,2026-05-26,15.342689,68.727899,74.36
TEST_049980,vi,5G,Mumbai,59.17,21.01,-82.94,92.49,2026-04-24,32.747064,78.0016,54.55
TEST_049982,airtel,5G,Mumbai,38.43,23.72,-81.14,36.51,2026-04-29,32.088808,87.862256,83.44
TEST_049996,airtel,5G,Mumbai,78.19,20.66,-69.25,103.94,2026-04-09,20.073833,80.252939,60.89
